# 3ds Max Wavefront OBJ Exporter v0.99 - (c)2007 guruware
# File Created: 06.02.2026 18:33:19

mtllib bollard.mtl

#
# object bollard
#

v  6.6954 99.2523 -0.0000
v  6.3678 99.2523 -2.0690
v  6.4701 104.7283 -2.1022
v  6.8032 104.7283 -0.0000
v  7.1574 105.4841 -0.0000
v  6.9069 105.0798 -0.0000
v  6.5689 105.0798 -2.1343
v  6.8070 105.4841 -2.2117
v  6.6301 106.1828 -2.1543
v  6.9713 106.1828 -0.0000
v  7.1681 105.8133 -0.0000
v  6.8173 105.8133 -2.2150
v  -8.4421 112.8428 -0.0000
v  -8.0289 112.8428 -2.6087
v  -8.7109 111.9936 -2.8303
v  -9.1592 111.9936 -0.0000
v  -6.8995 113.2409 -2.4685
v  -5.8303 113.2404 -4.4415
v  -6.8298 112.8428 -4.9621
v  -9.3365 110.9930 -0.0000
v  -8.8795 110.9930 -2.8851
v  -7.4099 111.9936 -5.3836
v  -7.5534 110.9930 -5.4878
v  -8.4244 109.6343 -2.7372
v  -8.8579 109.6343 -0.0000
v  -9.2936 110.6318 -0.0000
v  -8.8387 110.6318 -2.8719
v  -4.2576 113.2402 -5.9714
v  -4.9621 112.8428 -6.8298
v  -7.6608 108.8236 -2.4891
v  -8.0550 108.8236 -0.0000
v  -7.1662 109.6343 -5.2065
v  -7.5187 110.6318 -5.4626
v  -5.3836 111.9936 -7.4099
v  -5.4878 110.9930 -7.5534
v  -6.6226 106.5222 -2.1518
v  -6.9634 106.5222 -0.0000
v  -2.1205 113.2408 -7.0169
v  -2.6087 112.8428 -8.0289
v  -2.8303 111.9936 -8.7109
v  -6.5166 108.8236 -4.7346
v  -5.2065 109.6343 -7.1662
v  -5.4626 110.6318 -7.5187
v  -5.6336 106.5222 -4.0930
v  0.3173 113.2416 -7.3182
v  0.0000 112.8428 -8.4421
v  -4.7346 108.8236 -6.5166
v  -4.0931 106.5222 -5.6336
v  -2.7372 109.6343 -8.4244
v  -2.4891 108.8236 -7.6608
v  -2.8719 110.6318 -8.8387
v  -2.8851 110.9930 -8.8795
v  -2.1519 106.5222 -6.6226
v  0.0000 109.6343 -8.8579
v  0.0000 108.8236 -8.0550
v  0.0000 110.6318 -9.2935
v  0.0000 106.5222 -6.9634
v  0.0000 111.9936 -9.1592
v  0.0000 110.9930 -9.3364
v  2.7372 109.6343 -8.4244
v  2.4891 108.8236 -7.6608
v  2.1519 106.5222 -6.6226
v  2.8719 110.6318 -8.8387
v  2.8303 111.9936 -8.7109
v  2.8851 110.9930 -8.8795
v  2.6087 112.8428 -8.0289
v  2.6804 113.2421 -6.8148
v  5.2066 109.6343 -7.1662
v  4.7346 108.8236 -6.5167
v  5.4626 110.6318 -7.5187
v  4.0931 106.5222 -5.6336
v  5.3836 111.9936 -7.4099
v  5.4878 110.9930 -7.5534
v  4.9621 112.8428 -6.8298
v  4.6522 113.2417 -5.6552
v  7.1662 109.6343 -5.2065
v  6.5167 108.8236 -4.7346
v  5.6336 106.5222 -4.0930
v  7.5187 110.6318 -5.4626
v  6.0523 113.2402 -4.1302
v  6.8298 112.8428 -4.9621
v  7.4099 111.9936 -5.3836
v  7.5534 110.9930 -5.4878
v  6.9671 113.2399 -2.3080
v  8.0289 112.8428 -2.6087
v  8.7109 111.9936 -2.8303
v  7.6608 108.8236 -2.4891
v  6.6226 106.5222 -2.1518
v  8.4244 109.6343 -2.7372
v  8.8387 110.6318 -2.8719
v  8.8795 110.9930 -2.8851
v  8.8579 109.6343 -0.0000
v  8.0550 108.8236 -0.0000
v  9.2936 110.6318 -0.0000
v  6.9634 106.5222 -0.0000
v  7.3258 113.2404 -0.0000
v  8.4421 112.8428 -0.0000
v  9.1592 111.9936 -0.0000
v  9.3365 110.9930 -0.0000
v  -9.3240 4.9031 -3.0296
v  -9.8039 4.9031 -0.0000
v  -9.8356 5.5507 -0.0000
v  -9.3543 5.5507 -3.0394
v  -11.0761 2.4531 -0.0000
v  -10.5340 2.4531 -3.4227
v  -10.5340 0.3100 -3.4227
v  -11.0761 0.3100 -0.0000
v  -9.9176 4.4375 -0.0000
v  -9.4323 4.4375 -3.0647
v  -7.9315 4.9031 -5.7626
v  -7.9572 5.5507 -5.7812
v  -8.9607 2.4531 -6.5104
v  -8.9607 0.3100 -6.5104
v  -8.0236 4.4375 -5.8295
v  -5.7812 5.5507 -7.9572
v  -5.7626 4.9031 -7.9315
v  -5.8295 4.4375 -8.0236
v  -6.5104 2.4531 -8.9607
v  -6.5104 0.3100 -8.9607
v  -3.0394 5.5507 -9.3543
v  -3.0296 4.9031 -9.3240
v  -3.0647 4.4375 -9.4323
v  -3.4227 2.4531 -10.5340
v  -3.4227 0.3100 -10.5340
v  0.0000 5.5507 -9.8356
v  0.0000 4.9031 -9.8039
v  0.0000 4.4375 -9.9176
v  0.0000 2.4531 -11.0761
v  0.0000 0.3100 -11.0761
v  3.0296 4.9031 -9.3240
v  3.0394 5.5507 -9.3543
v  3.4227 2.4531 -10.5340
v  3.4227 0.3100 -10.5340
v  3.0647 4.4375 -9.4323
v  5.7626 4.9031 -7.9315
v  5.7812 5.5507 -7.9572
v  6.5104 2.4531 -8.9607
v  6.5104 0.3100 -8.9607
v  5.8295 4.4375 -8.0236
v  7.9315 4.9031 -5.7626
v  7.9572 5.5507 -5.7812
v  8.0236 4.4375 -5.8295
v  8.9607 2.4531 -6.5104
v  8.9607 0.3100 -6.5104
v  9.3240 4.9031 -3.0296
v  9.3543 5.5507 -3.0394
v  9.4323 4.4375 -3.0647
v  10.5340 2.4531 -3.4227
v  10.5340 0.3100 -3.4227
v  9.8039 4.9031 -0.0000
v  9.8356 5.5507 -0.0000
v  11.0761 2.4531 -0.0000
v  11.0761 0.3100 -0.0000
v  9.9176 4.4375 -0.0000
v  10.5510 9.3106 -3.4282
v  9.7284 10.4118 -3.1609
v  10.2290 10.4118 -0.0000
v  11.0940 9.3106 -0.0000
v  11.3322 7.9641 -0.0000
v  10.7775 7.9641 -3.5018
v  10.3562 6.7214 -3.3649
v  10.8891 6.7214 -0.0000
v  10.0354 5.9663 -0.0000
v  9.5442 5.9663 -3.1011
v  8.8095 6.7214 -6.4005
v  9.1679 7.9641 -6.6609
v  8.9752 9.3106 -6.5209
v  8.2755 10.4118 -6.0125
v  8.1188 5.9663 -5.8986
v  6.4005 6.7214 -8.8095
v  6.6609 7.9641 -9.1679
v  6.5209 9.3106 -8.9752
v  6.0125 10.4118 -8.2755
v  5.8986 5.9663 -8.1188
v  3.3649 6.7214 -10.3562
v  3.5018 7.9641 -10.7775
v  3.4282 9.3106 -10.5510
v  3.1609 10.4118 -9.7284
v  3.1011 5.9663 -9.5442
v  -0.0000 10.4118 -10.2290
v  0.0000 9.3106 -11.0940
v  0.0000 7.9641 -11.3322
v  0.0000 6.7214 -10.8891
v  0.0000 5.9663 -10.0354
v  -3.4282 9.3106 -10.5510
v  -3.1609 10.4118 -9.7284
v  -3.5018 7.9641 -10.7775
v  -3.3649 6.7214 -10.3562
v  -3.1011 5.9663 -9.5442
v  -6.0125 10.4118 -8.2755
v  -6.5209 9.3106 -8.9752
v  -6.6609 7.9641 -9.1679
v  -6.4005 6.7214 -8.8095
v  -5.8986 5.9663 -8.1188
v  -8.8095 6.7214 -6.4005
v  -9.1679 7.9641 -6.6609
v  -8.9752 9.3106 -6.5209
v  -8.2755 10.4118 -6.0125
v  -8.1188 5.9663 -5.8986
v  -10.3562 6.7214 -3.3649
v  -10.7775 7.9641 -3.5018
v  -9.5442 5.9663 -3.1011
v  -10.5510 9.3106 -3.4282
v  -9.7283 10.4118 -3.1609
v  -10.8891 6.7214 -0.0000
v  -11.3322 7.9641 -0.0000
v  -10.0354 5.9663 -0.0000
v  -11.0940 9.3106 -0.0000
v  -10.2290 10.4118 -0.0000
v  -6.8785 98.8371 -0.0000
v  -6.5419 98.8371 -2.1256
v  -7.0389 98.3775 -2.2871
v  -7.4012 98.3775 -0.0000
v  -7.6436 97.8651 -0.0000
v  -7.2695 97.8651 -2.3620
v  -7.3140 97.0985 -2.3764
v  -7.6904 97.0985 -0.0000
v  -7.7229 97.3906 -0.0000
v  -7.3449 97.3906 -2.3865
v  -6.4108 94.6326 -2.0830
v  -6.7407 94.6326 -0.0000
v  -7.5668 96.6192 -0.0000
v  -7.1964 96.6192 -2.3382
v  -6.2217 97.0985 -4.5203
v  -6.2479 97.3906 -4.5394
v  -5.9877 98.3775 -4.3503
v  -6.1838 97.8651 -4.4928
v  -5.5648 98.8371 -4.0431
v  -6.1216 96.6192 -4.4477
v  -5.4534 94.6326 -3.9621
v  -4.0431 98.8371 -5.5648
v  -4.3503 98.3775 -5.9877
v  -4.4928 97.8651 -6.1838
v  -4.5394 97.3906 -6.2479
v  -4.5203 97.0985 -6.2216
v  -4.4477 96.6192 -6.1216
v  -3.9621 94.6326 -5.4533
v  -2.2871 98.3775 -7.0389
v  -2.3620 97.8651 -7.2695
v  -2.1256 98.8371 -6.5419
v  -2.3382 96.6192 -7.1964
v  -2.0830 94.6326 -6.4108
v  -2.3865 97.3906 -7.3449
v  -2.3764 97.0985 -7.3140
v  0.0000 98.8371 -6.8785
v  0.0000 98.3775 -7.4012
v  0.0000 97.8651 -7.6436
v  0.0000 96.6192 -7.5668
v  0.0000 94.6326 -6.7407
v  0.0000 97.3906 -7.7229
v  0.0000 97.0985 -7.6904
v  2.0830 94.6326 -6.4108
v  2.3382 96.6192 -7.1964
v  2.3865 97.3906 -7.3449
v  2.3764 97.0985 -7.3140
v  2.2871 98.3775 -7.0389
v  2.3620 97.8651 -7.2695
v  2.1256 98.8371 -6.5419
v  4.5203 97.0985 -6.2216
v  4.5394 97.3906 -6.2479
v  4.3503 98.3775 -5.9877
v  4.4928 97.8651 -6.1838
v  4.4477 96.6192 -6.1216
v  3.9621 94.6326 -5.4533
v  4.0431 98.8371 -5.5648
v  6.1216 96.6192 -4.4477
v  5.4534 94.6326 -3.9621
v  6.2479 97.3906 -4.5394
v  6.2217 97.0985 -4.5203
v  5.9877 98.3775 -4.3503
v  6.1838 97.8651 -4.4928
v  5.5648 98.8371 -4.0431
v  7.1964 96.6192 -2.3382
v  6.4108 94.6326 -2.0830
v  7.3449 97.3906 -2.3865
v  7.3140 97.0985 -2.3764
v  6.5419 98.8371 -2.1256
v  7.0390 98.3775 -2.2871
v  7.2695 97.8651 -2.3620
v  7.6904 97.0985 -0.0000
v  7.7229 97.3906 -0.0000
v  7.4012 98.3775 -0.0000
v  7.6436 97.8651 -0.0000
v  6.7407 94.6326 -0.0000
v  7.5668 96.6192 -0.0000
v  6.8785 98.8371 -0.0000
v  -10.0283 11.8623 -0.0000
v  -9.5375 11.8623 -3.0989
v  -9.5726 10.8583 -3.1104
v  -10.0653 10.8583 -0.0000
v  -8.1131 11.8623 -5.8945
v  -8.1430 10.8583 -5.9163
v  -5.8945 11.8623 -8.1131
v  -5.9163 10.8583 -8.1430
v  -3.0989 11.8623 -9.5375
v  -3.1104 10.8583 -9.5727
v  0.0000 11.8623 -10.0283
v  0.0000 10.8583 -10.0653
v  3.0989 11.8623 -9.5375
v  3.1104 10.8583 -9.5727
v  5.8945 11.8623 -8.1131
v  5.9163 10.8583 -8.1430
v  8.1131 11.8623 -5.8945
v  8.1430 10.8583 -5.9163
v  9.5375 11.8623 -3.0989
v  9.5727 10.8583 -3.1104
v  10.0283 11.8623 -0.0000
v  10.0653 10.8583 -0.0000
v  7.9787 16.2562 -2.5924
v  6.3248 94.1519 -2.0550
v  6.6503 94.1519 -0.0000
v  8.3892 16.2562 -0.0000
v  8.4135 14.3457 -2.7337
v  8.0464 15.7651 -2.6144
v  8.4604 15.7651 -0.0000
v  8.8465 14.3457 -0.0000
v  9.4182 12.3335 -3.0602
v  9.9029 12.3335 -0.0000
v  6.7871 16.2562 -4.9311
v  5.3802 94.1519 -3.9090
v  7.1570 14.3457 -5.1998
v  6.8447 15.7651 -4.9730
v  8.0116 12.3335 -5.8208
v  4.9311 16.2562 -6.7871
v  3.9090 94.1519 -5.3802
v  5.1998 14.3457 -7.1569
v  5.8208 12.3335 -8.0116
v  4.9730 15.7651 -6.8447
v  2.5924 16.2562 -7.9787
v  2.0550 94.1519 -6.3248
v  2.7337 14.3457 -8.4135
v  3.0602 12.3335 -9.4182
v  2.6144 15.7651 -8.0464
v  0.0000 16.2562 -8.3892
v  0.0000 94.1519 -6.6503
v  0.0000 14.3457 -8.8465
v  0.0000 12.3335 -9.9029
v  0.0000 15.7651 -8.4604
v  -2.5924 16.2562 -7.9787
v  -2.0550 94.1519 -6.3248
v  -2.7337 14.3457 -8.4135
v  -2.6144 15.7651 -8.0464
v  -3.0602 12.3335 -9.4182
v  -4.9311 16.2562 -6.7871
v  -3.9090 94.1519 -5.3802
v  -5.1998 14.3457 -7.1569
v  -5.8208 12.3335 -8.0116
v  -4.9730 15.7651 -6.8447
v  -6.7871 16.2562 -4.9311
v  -5.3802 94.1519 -3.9090
v  -7.1569 14.3457 -5.1998
v  -8.0116 12.3335 -5.8208
v  -6.8447 15.7651 -4.9730
v  -7.9786 16.2562 -2.5924
v  -6.3248 94.1519 -2.0550
v  -8.4135 14.3457 -2.7337
v  -9.4182 12.3335 -3.0602
v  -8.0463 15.7651 -2.6144
v  -8.3892 16.2562 -0.0000
v  -6.6503 94.1519 -0.0000
v  -8.8465 14.3457 -0.0000
v  -8.4604 15.7651 -0.0000
v  -9.9029 12.3335 -0.0000
v  -6.4701 104.7283 -2.1022
v  -6.3678 99.2523 -2.0690
v  -6.6954 99.2523 -0.0000
v  -6.8032 104.7283 -0.0000
v  -6.9713 106.1828 -0.0000
v  -6.6301 106.1828 -2.1543
v  -6.8173 105.8133 -2.2150
v  -7.1681 105.8133 -0.0000
v  -6.5689 105.0798 -2.1343
v  -6.9069 105.0798 -0.0000
v  -7.1574 105.4841 -0.0000
v  -6.8070 105.4841 -2.2117
v  -5.4167 99.2523 -3.9355
v  -5.5039 104.7283 -3.9988
v  -5.7904 105.4841 -4.2070
v  -5.5878 105.0798 -4.0598
v  -5.6399 106.1828 -4.0977
v  -5.7991 105.8133 -4.2133
v  -3.9988 104.7283 -5.5039
v  -3.9355 99.2523 -5.4167
v  -4.0977 106.1828 -5.6399
v  -4.2133 105.8133 -5.7991
v  -4.0598 105.0798 -5.5878
v  -4.2070 105.4841 -5.7904
v  -2.1022 104.7283 -6.4701
v  -2.0690 99.2523 -6.3678
v  -2.1543 106.1828 -6.6301
v  -2.2150 105.8133 -6.8172
v  -2.1343 105.0798 -6.5688
v  -2.2117 105.4841 -6.8070
v  0.0000 104.7283 -6.8031
v  0.0000 99.2523 -6.6954
v  0.0000 106.1828 -6.9713
v  0.0000 105.8133 -7.1681
v  0.0000 105.4841 -7.1573
v  0.0000 105.0798 -6.9069
v  2.0690 99.2523 -6.3678
v  2.1022 104.7283 -6.4701
v  2.2118 105.4841 -6.8070
v  2.1343 105.0798 -6.5688
v  2.1543 106.1828 -6.6301
v  2.2151 105.8133 -6.8173
v  3.9355 99.2523 -5.4167
v  3.9988 104.7283 -5.5039
v  4.2070 105.4841 -5.7904
v  4.0598 105.0798 -5.5878
v  4.0977 106.1828 -5.6399
v  4.2133 105.8133 -5.7991
v  5.6399 106.1828 -4.0977
v  5.7991 105.8133 -4.2133
v  5.5878 105.0798 -4.0598
v  5.7904 105.4841 -4.2070
v  5.4167 99.2523 -3.9355
v  5.5039 104.7283 -3.9988
v  -6.3259 0.0000 8.7068
v  -8.7068 0.0000 6.3259
v  -10.2355 0.0000 -3.3257
v  -8.7068 0.0000 -6.3259
v  0.2840 115.8890 -0.0000
v  2.0207 115.7138 -0.0000
v  2.1418 115.3924 -2.5824
v  0.3509 115.5372 -2.7747
v  3.7892 114.9444 -2.2381
v  4.0252 114.2902 -3.8475
v  2.4293 114.5519 -4.5266
v  3.7252 115.1981 -0.0000
v  0.5035 114.6825 -4.9137
v  -1.5210 114.5980 -4.7934
v  -1.5059 115.5037 -2.7197
v  -3.3554 114.4056 -4.2888
v  -3.2942 115.0530 -2.4131
v  -4.6395 114.0582 -3.6776
v  -5.0325 114.4231 -2.1972
v  2.6122 113.4024 -6.4821
v  0.3386 113.4045 -6.9781
v  4.4898 113.4017 -5.3584
v  -2.0160 113.4041 -6.6909
v  -4.0710 113.4067 -5.6874
v  -5.5489 113.4067 -4.2497
v  5.2973 114.2362 -2.0109
v  5.1161 113.9781 -3.2234
v  5.7883 113.4047 -3.9152
v  6.6369 113.4047 -2.2208
v  -6.5691 113.4086 -2.3966
v  -6.9891 113.4041 -0.0000
v  -5.1285 114.5209 -0.0000
v  -7.3326 113.2407 -0.0000
v  -1.4759 115.7896 -0.0000
v  -3.2760 115.3860 -0.0000
v  5.3970 114.3757 -0.0000
v  6.9831 113.4041 -0.0000
v  6.4701 104.7283 2.1022
v  6.3678 99.2523 2.0690
v  6.5689 105.0798 2.1343
v  6.8070 105.4841 2.2117
v  6.6301 106.1828 2.1543
v  6.8173 105.8133 2.2150
v  -8.7109 111.9936 2.8303
v  -8.0289 112.8428 2.6087
v  -6.8995 113.2409 2.4685
v  -6.8298 112.8428 4.9621
v  -5.8303 113.2404 4.4415
v  -8.8795 110.9930 2.8851
v  -7.5534 110.9930 5.4878
v  -7.4099 111.9936 5.3836
v  -8.4244 109.6343 2.7372
v  -8.8387 110.6318 2.8719
v  -4.9621 112.8428 6.8298
v  -4.2576 113.2402 5.9714
v  -7.6608 108.8236 2.4891
v  -7.1662 109.6343 5.2065
v  -7.5187 110.6318 5.4626
v  -5.4878 110.9930 7.5534
v  -5.3836 111.9936 7.4099
v  -6.6226 106.5222 2.1518
v  -2.6087 112.8428 8.0289
v  -2.1205 113.2408 7.0169
v  -2.8303 111.9936 8.7109
v  -6.5166 108.8236 4.7346
v  -5.2065 109.6343 7.1662
v  -5.4626 110.6318 7.5187
v  -5.6336 106.5222 4.0930
v  0.0000 112.8428 8.4421
v  0.3173 113.2416 7.3182
v  -4.7346 108.8236 6.5166
v  -4.0931 106.5222 5.6336
v  -2.7372 109.6343 8.4244
v  -2.4891 108.8236 7.6608
v  -2.8719 110.6318 8.8387
v  -2.8851 110.9930 8.8795
v  -2.1519 106.5222 6.6226
v  0.0000 108.8236 8.0550
v  0.0000 109.6343 8.8579
v  0.0000 110.6318 9.2935
v  0.0000 106.5222 6.9634
v  0.0000 110.9930 9.3364
v  0.0000 111.9936 9.1592
v  2.7372 109.6343 8.4244
v  2.4891 108.8236 7.6608
v  2.1519 106.5222 6.6226
v  2.8719 110.6318 8.8387
v  2.8851 110.9930 8.8795
v  2.8303 111.9936 8.7109
v  2.6087 112.8428 8.0289
v  2.6804 113.2421 6.8148
v  4.7346 108.8236 6.5167
v  5.2066 109.6343 7.1662
v  5.4626 110.6318 7.5187
v  4.0931 106.5222 5.6336
v  5.4878 110.9930 7.5534
v  5.3836 111.9936 7.4099
v  4.9621 112.8428 6.8298
v  4.6522 113.2417 5.6552
v  6.5167 108.8236 4.7346
v  7.1662 109.6343 5.2065
v  5.6336 106.5222 4.0930
v  7.5187 110.6318 5.4626
v  6.8298 112.8428 4.9621
v  6.0523 113.2402 4.1302
v  7.4099 111.9936 5.3836
v  7.5534 110.9930 5.4878
v  8.0289 112.8428 2.6087
v  6.9671 113.2399 2.3080
v  8.7109 111.9936 2.8303
v  6.6226 106.5222 2.1518
v  7.6608 108.8236 2.4891
v  8.4244 109.6343 2.7372
v  8.8387 110.6318 2.8719
v  8.8795 110.9930 2.8851
v  -9.3240 4.9031 3.0296
v  -9.3543 5.5507 3.0394
v  -10.5340 0.3100 3.4227
v  -10.5340 2.4531 3.4227
v  -9.4323 4.4375 3.0647
v  -7.9315 4.9031 5.7626
v  -7.9572 5.5507 5.7812
v  -8.9607 0.3100 6.5104
v  -8.9607 2.4531 6.5104
v  -8.0236 4.4375 5.8295
v  -5.7626 4.9031 7.9315
v  -5.7812 5.5507 7.9572
v  -6.5104 2.4531 8.9607
v  -5.8295 4.4375 8.0236
v  -6.5104 0.3100 8.9607
v  -3.0296 4.9031 9.3240
v  -3.0394 5.5507 9.3543
v  -3.4227 2.4531 10.5340
v  -3.0647 4.4375 9.4323
v  -3.4227 0.3100 10.5340
v  0.0000 4.9031 9.8039
v  0.0000 5.5507 9.8356
v  0.0000 2.4531 11.0761
v  0.0000 4.4375 9.9176
v  0.0000 0.3100 11.0761
v  3.0296 4.9031 9.3240
v  3.0394 5.5507 9.3543
v  3.4227 0.3100 10.5340
v  3.4227 2.4531 10.5340
v  3.0647 4.4375 9.4323
v  5.7626 4.9031 7.9315
v  5.7812 5.5507 7.9572
v  6.5104 0.3100 8.9607
v  6.5104 2.4531 8.9607
v  5.8295 4.4375 8.0236
v  7.9315 4.9031 5.7626
v  7.9572 5.5507 5.7812
v  8.9607 2.4531 6.5104
v  8.0236 4.4375 5.8295
v  8.9607 0.3100 6.5104
v  9.3240 4.9031 3.0296
v  9.3543 5.5507 3.0394
v  10.5340 2.4531 3.4227
v  9.4323 4.4375 3.0647
v  10.5340 0.3100 3.4227
v  9.7284 10.4118 3.1609
v  10.5510 9.3106 3.4282
v  10.7775 7.9641 3.5018
v  10.3562 6.7214 3.3649
v  9.5442 5.9663 3.1011
v  9.1679 7.9641 6.6609
v  8.8095 6.7214 6.4005
v  8.9752 9.3106 6.5209
v  8.2755 10.4118 6.0125
v  8.1188 5.9663 5.8986
v  6.6609 7.9641 9.1679
v  6.4005 6.7214 8.8095
v  6.5209 9.3106 8.9752
v  6.0125 10.4118 8.2755
v  5.8986 5.9663 8.1188
v  3.5018 7.9641 10.7775
v  3.3649 6.7214 10.3562
v  3.4282 9.3106 10.5510
v  3.1609 10.4118 9.7284
v  3.1011 5.9663 9.5442
v  0.0000 10.4118 10.2290
v  0.0000 9.3106 11.0940
v  0.0000 7.9641 11.3322
v  0.0000 6.7214 10.8891
v  -0.0000 5.9663 10.0354
v  -3.1609 10.4118 9.7284
v  -3.4282 9.3106 10.5510
v  -3.5018 7.9641 10.7775
v  -3.3649 6.7214 10.3562
v  -3.1011 5.9663 9.5442
v  -6.0125 10.4118 8.2755
v  -6.5209 9.3106 8.9752
v  -6.6609 7.9641 9.1679
v  -6.4005 6.7214 8.8095
v  -5.8986 5.9663 8.1188
v  -9.1679 7.9641 6.6609
v  -8.8095 6.7214 6.4005
v  -8.9752 9.3106 6.5209
v  -8.2755 10.4118 6.0125
v  -8.1188 5.9663 5.8986
v  -10.7775 7.9641 3.5018
v  -10.3562 6.7214 3.3649
v  -9.5442 5.9663 3.1011
v  -10.5510 9.3106 3.4282
v  -9.7283 10.4118 3.1609
v  -7.0389 98.3775 2.2871
v  -6.5419 98.8371 2.1256
v  -7.2695 97.8651 2.3620
v  -7.3140 97.0985 2.3764
v  -7.3449 97.3906 2.3865
v  -6.4108 94.6326 2.0829
v  -7.1964 96.6192 2.3382
v  -6.2217 97.0985 4.5203
v  -6.2479 97.3906 4.5394
v  -6.1838 97.8651 4.4928
v  -5.9877 98.3775 4.3503
v  -5.5648 98.8371 4.0431
v  -5.4534 94.6326 3.9621
v  -6.1216 96.6192 4.4477
v  -4.3503 98.3775 5.9877
v  -4.0431 98.8371 5.5648
v  -4.4928 97.8651 6.1838
v  -4.5203 97.0985 6.2216
v  -4.5394 97.3906 6.2479
v  -3.9621 94.6326 5.4533
v  -4.4477 96.6192 6.1216
v  -2.3620 97.8651 7.2695
v  -2.2871 98.3775 7.0389
v  -2.1256 98.8371 6.5419
v  -2.0830 94.6326 6.4108
v  -2.3382 96.6192 7.1964
v  -2.3764 97.0985 7.3140
v  -2.3865 97.3906 7.3449
v  0.0000 98.3775 7.4012
v  -0.0000 98.8371 6.8785
v  0.0000 97.8651 7.6436
v  0.0000 94.6326 6.7407
v  0.0000 96.6192 7.5668
v  0.0000 97.0985 7.6904
v  0.0000 97.3906 7.7229
v  2.0830 94.6326 6.4108
v  2.3382 96.6192 7.1964
v  2.3764 97.0985 7.3140
v  2.3865 97.3906 7.3449
v  2.3620 97.8651 7.2695
v  2.2871 98.3775 7.0389
v  2.1256 98.8371 6.5419
v  4.5203 97.0985 6.2216
v  4.5394 97.3906 6.2479
v  4.4928 97.8651 6.1838
v  4.3503 98.3775 5.9877
v  3.9621 94.6326 5.4533
v  4.4477 96.6192 6.1216
v  4.0431 98.8371 5.5648
v  5.4534 94.6326 3.9621
v  6.1216 96.6192 4.4477
v  6.2217 97.0985 4.5203
v  6.2479 97.3906 4.5394
v  6.1838 97.8651 4.4928
v  5.9877 98.3775 4.3503
v  5.5648 98.8371 4.0431
v  6.4108 94.6326 2.0829
v  7.1964 96.6192 2.3382
v  7.3140 97.0985 2.3764
v  7.3449 97.3906 2.3865
v  7.0390 98.3775 2.2871
v  6.5419 98.8371 2.1256
v  7.2695 97.8651 2.3620
v  -9.5726 10.8583 3.1104
v  -9.5375 11.8623 3.0989
v  -8.1430 10.8583 5.9163
v  -8.1131 11.8623 5.8945
v  -5.9163 10.8583 8.1430
v  -5.8945 11.8623 8.1131
v  -3.1104 10.8583 9.5727
v  -3.0989 11.8623 9.5375
v  0.0000 10.8583 10.0653
v  0.0000 11.8623 10.0283
v  3.1104 10.8583 9.5727
v  3.0989 11.8623 9.5375
v  5.9163 10.8583 8.1430
v  5.8945 11.8623 8.1131
v  8.1430 10.8583 5.9163
v  8.1131 11.8623 5.8945
v  9.5727 10.8583 3.1104
v  9.5375 11.8623 3.0989
v  6.3248 94.1519 2.0550
v  7.9787 16.2562 2.5924
v  8.0464 15.7651 2.6144
v  8.4135 14.3457 2.7337
v  9.4182 12.3335 3.0602
v  5.3802 94.1519 3.9090
v  6.7871 16.2562 4.9311
v  6.8447 15.7651 4.9730
v  7.1570 14.3457 5.1998
v  8.0116 12.3335 5.8208
v  3.9090 94.1519 5.3802
v  4.9311 16.2562 6.7871
v  5.1998 14.3457 7.1569
v  5.8208 12.3335 8.0116
v  4.9730 15.7651 6.8447
v  2.0550 94.1519 6.3248
v  2.5924 16.2562 7.9787
v  2.7337 14.3457 8.4135
v  3.0602 12.3335 9.4182
v  2.6144 15.7651 8.0464
v  0.0000 94.1519 6.6503
v  0.0000 16.2562 8.3892
v  0.0000 14.3457 8.8465
v  0.0000 12.3335 9.9029
v  0.0000 15.7651 8.4604
v  -2.0550 94.1519 6.3248
v  -2.5924 16.2562 7.9787
v  -2.6144 15.7651 8.0464
v  -2.7337 14.3457 8.4135
v  -3.0602 12.3335 9.4182
v  -3.9090 94.1519 5.3802
v  -4.9311 16.2562 6.7871
v  -5.1998 14.3457 7.1569
v  -5.8208 12.3335 8.0116
v  -4.9730 15.7651 6.8447
v  -5.3802 94.1519 3.9090
v  -6.7871 16.2562 4.9311
v  -7.1569 14.3457 5.1998
v  -8.0116 12.3335 5.8208
v  -6.8447 15.7651 4.9730
v  -6.3248 94.1519 2.0550
v  -7.9786 16.2562 2.5924
v  -8.4135 14.3457 2.7337
v  -9.4182 12.3335 3.0602
v  -8.0463 15.7651 2.6144
v  -6.3678 99.2523 2.0690
v  -6.4701 104.7283 2.1022
v  -6.8173 105.8133 2.2150
v  -6.6301 106.1828 2.1543
v  -6.5689 105.0798 2.1343
v  -6.8070 105.4841 2.2117
v  -5.4167 99.2523 3.9355
v  -5.5039 104.7283 3.9988
v  -5.5878 105.0798 4.0598
v  -5.7904 105.4841 4.2070
v  -5.7991 105.8133 4.2133
v  -5.6399 106.1828 4.0977
v  -3.9355 99.2523 5.4167
v  -3.9988 104.7283 5.5039
v  -4.2133 105.8133 5.7990
v  -4.0977 106.1828 5.6399
v  -4.0598 105.0798 5.5878
v  -4.2070 105.4841 5.7904
v  -2.0690 99.2523 6.3678
v  -2.1022 104.7283 6.4701
v  -2.2150 105.8133 6.8172
v  -2.1543 106.1828 6.6301
v  -2.1343 105.0798 6.5688
v  -2.2117 105.4841 6.8070
v  0.0000 99.2523 6.6954
v  0.0000 104.7283 6.8031
v  0.0000 105.8133 7.1681
v  0.0000 106.1828 6.9713
v  0.0000 105.0798 6.9069
v  0.0000 105.4841 7.1573
v  2.0690 99.2523 6.3678
v  2.1022 104.7283 6.4701
v  2.1343 105.0798 6.5688
v  2.2118 105.4841 6.8070
v  2.2151 105.8133 6.8172
v  2.1543 106.1828 6.6301
v  3.9355 99.2523 5.4167
v  3.9988 104.7283 5.5039
v  4.0598 105.0798 5.5878
v  4.2070 105.4841 5.7904
v  4.2133 105.8133 5.7990
v  4.0977 106.1828 5.6399
v  5.7991 105.8133 4.2133
v  5.6399 106.1828 4.0977
v  5.5878 105.0798 4.0598
v  5.7904 105.4841 4.2070
v  5.4167 99.2523 3.9355
v  5.5039 104.7283 3.9988
v  2.1418 115.3924 2.5824
v  0.3509 115.5372 2.7747
v  2.4293 114.5519 4.5266
v  4.0252 114.2902 3.8475
v  3.7892 114.9444 2.2381
v  0.5035 114.6825 4.9137
v  -1.5059 115.5037 2.7197
v  -1.5210 114.5980 4.7934
v  -3.2942 115.0530 2.4131
v  -3.3554 114.4056 4.2888
v  -5.0325 114.4231 2.1972
v  -4.6395 114.0582 3.6776
v  0.3386 113.4045 6.9781
v  2.6122 113.4024 6.4821
v  4.4898 113.4017 5.3584
v  -2.0160 113.4041 6.6909
v  -4.0710 113.4067 5.6874
v  -5.5489 113.4067 4.2497
v  5.1161 113.9781 3.2234
v  5.2973 114.2362 2.0109
v  5.7883 113.4047 3.9152
v  6.6369 113.4047 2.2208
v  -6.5691 113.4086 2.3966
v  -10.4594 0.0775 -3.3985
v  -10.9976 0.0775 -0.0000
v  -8.8972 0.0775 -6.4643
v  -6.4643 0.0775 -8.8972
v  -3.3985 0.0775 -10.4594
v  0.0000 0.0775 -10.9976
v  3.3985 0.0775 -10.4594
v  6.4643 0.0775 -8.8972
v  8.8972 0.0775 -6.4643
v  10.4594 0.0775 -3.3985
v  10.9976 0.0775 -0.0000
v  -6.3259 0.0000 -8.7068
v  -3.3257 0.0000 -10.2355
v  0.0000 0.0000 -10.7622
v  3.3257 0.0000 -10.2355
v  6.3259 0.0000 -8.7068
v  8.7068 0.0000 -6.3259
v  10.2355 0.0000 -3.3257
v  10.7622 0.0000 -0.0000
v  10.2355 0.0000 3.3257
v  10.4594 0.0775 3.3985
v  8.7068 0.0000 6.3259
v  8.8972 0.0775 6.4643
v  6.3259 0.0000 8.7068
v  6.4643 0.0775 8.8972
v  3.3257 0.0000 10.2355
v  3.3985 0.0775 10.4594
v  -0.0000 0.0000 10.7622
v  -0.0000 0.0775 10.9976
v  -3.3257 0.0000 10.2355
v  -3.3985 0.0775 10.4594
v  -6.4643 0.0775 8.8972
v  -8.8972 0.0775 6.4643
v  -10.2355 0.0000 3.3257
v  -10.4594 0.0775 3.3985
v  -10.7622 0.0000 -0.0000
v  -9.3453 4.6618 -3.0365
v  -9.8262 4.6618 -0.0000
v  -9.8917 5.7794 -0.0000
v  -9.4076 5.7794 -3.0567
v  -7.9496 4.6618 -5.7757
v  -8.0026 5.7794 -5.8142
v  -5.8142 5.7794 -8.0026
v  -5.7757 4.6618 -7.9496
v  -3.0567 5.7794 -9.4076
v  -3.0365 4.6618 -9.3453
v  0.0000 5.7794 -9.8917
v  0.0000 4.6618 -9.8262
v  3.0365 4.6618 -9.3453
v  3.0567 5.7794 -9.4076
v  5.7757 4.6618 -7.9496
v  5.8142 5.7794 -8.0026
v  7.9496 4.6618 -5.7757
v  8.0026 5.7794 -5.8142
v  9.3453 4.6618 -3.0365
v  9.4076 5.7794 -3.0567
v  9.8262 4.6618 -0.0000
v  9.8917 5.7794 -0.0000
v  9.6160 10.6218 -3.1244
v  10.1108 10.6218 -0.0000
v  8.1799 10.6218 -5.9430
v  5.9430 10.6218 -8.1799
v  3.1244 10.6218 -9.6160
v  -0.0000 10.6218 -10.1108
v  -3.1244 10.6218 -9.6160
v  -5.9430 10.6218 -8.1799
v  -8.1799 10.6218 -5.9430
v  -9.6159 10.6218 -3.1244
v  -10.1108 10.6218 -0.0000
v  -9.9923 12.1050 -0.0000
v  -9.5033 12.1050 -3.0878
v  -8.0840 12.1050 -5.8734
v  -5.8734 12.1050 -8.0840
v  -3.0878 12.1050 -9.5033
v  0.0000 12.1050 -9.9923
v  3.0878 12.1050 -9.5033
v  5.8734 12.1050 -8.0840
v  8.0840 12.1050 -5.8734
v  9.5033 12.1050 -3.0878
v  9.9923 12.1050 -0.0000
v  -9.4076 5.7794 3.0567
v  -9.3453 4.6618 3.0365
v  -8.0026 5.7794 5.8142
v  -7.9496 4.6618 5.7757
v  -5.7757 4.6618 7.9496
v  -5.8142 5.7794 8.0026
v  -3.0365 4.6618 9.3453
v  -3.0567 5.7794 9.4076
v  0.0000 4.6618 9.8262
v  -0.0000 5.7794 9.8917
v  3.0567 5.7794 9.4076
v  3.0365 4.6618 9.3453
v  5.8142 5.7794 8.0026
v  5.7757 4.6618 7.9496
v  8.0026 5.7794 5.8142
v  7.9496 4.6618 5.7757
v  9.4076 5.7794 3.0567
v  9.3453 4.6618 3.0365
v  9.6160 10.6218 3.1244
v  8.1799 10.6218 5.9430
v  5.9430 10.6218 8.1799
v  3.1244 10.6218 9.6160
v  0.0000 10.6218 10.1108
v  -3.1244 10.6218 9.6160
v  -5.9430 10.6218 8.1799
v  -8.1799 10.6218 5.9430
v  -9.6159 10.6218 3.1244
v  -9.5033 12.1050 3.0878
v  -8.0840 12.1050 5.8734
v  -5.8734 12.1050 8.0840
v  -3.0878 12.1050 9.5033
v  0.0000 12.1050 9.9923
v  3.0878 12.1050 9.5033
v  5.8734 12.1050 8.0840
v  8.0840 12.1050 5.8734
v  9.5033 12.1050 3.0878
v  8.4098 16.0085 -0.0000
v  7.9983 16.0085 -2.5987
v  6.8037 16.0085 -4.9432
v  4.9432 16.0085 -6.8037
v  2.5987 16.0085 -7.9983
v  0.0000 16.0085 -8.4098
v  -2.5987 16.0085 -7.9983
v  -4.9432 16.0085 -6.8037
v  -6.8037 16.0085 -4.9432
v  -7.9982 16.0085 -2.5987
v  -8.4098 16.0085 -0.0000
v  7.9983 16.0085 2.5987
v  6.8037 16.0085 4.9432
v  4.9432 16.0085 6.8037
v  2.5987 16.0085 7.9983
v  0.0000 16.0085 8.4098
v  -2.5987 16.0085 7.9983
v  -4.9432 16.0085 6.8037
v  -6.8037 16.0085 4.9432
v  -7.9982 16.0085 2.5987
v  6.7387 99.0236 -0.0000
v  6.4090 99.0236 -2.0824
v  -6.7387 99.0236 -0.0000
v  -6.4090 99.0236 -2.0824
v  -7.3392 97.6335 -2.3846
v  -7.7169 97.6335 -0.0000
v  -7.2715 96.8544 -2.3626
v  -7.6457 96.8544 -0.0000
v  -6.3436 94.3970 -2.0611
v  -6.6701 94.3970 -0.0000
v  -6.1855 96.8544 -4.4940
v  -6.2431 97.6335 -4.5358
v  -5.4517 99.0236 -3.9609
v  -5.3962 94.3970 -3.9206
v  -3.9609 99.0236 -5.4517
v  -4.5358 97.6335 -6.2431
v  -4.4940 96.8544 -6.1855
v  -3.9206 94.3970 -5.3962
v  -2.3846 97.6335 -7.3392
v  -2.0824 99.0236 -6.4090
v  -2.3626 96.8544 -7.2714
v  -2.0611 94.3970 -6.3436
v  0.0000 99.0236 -6.7387
v  0.0000 97.6335 -7.7169
v  0.0000 96.8544 -7.6457
v  0.0000 94.3970 -6.6701
v  2.0611 94.3970 -6.3436
v  2.3626 96.8544 -7.2714
v  2.3846 97.6335 -7.3392
v  2.0824 99.0236 -6.4090
v  4.4940 96.8544 -6.1855
v  4.5358 97.6335 -6.2431
v  3.9206 94.3970 -5.3962
v  3.9609 99.0236 -5.4517
v  6.1855 96.8544 -4.4940
v  5.3962 94.3970 -3.9206
v  6.2431 97.6335 -4.5358
v  5.4517 99.0236 -3.9609
v  7.2715 96.8544 -2.3626
v  6.3436 94.3970 -2.0611
v  7.3392 97.6335 -2.3846
v  7.6457 96.8544 -0.0000
v  7.7169 97.6335 -0.0000
v  6.6701 94.3970 -0.0000
v  6.4090 99.0236 2.0824
v  -6.4090 99.0236 2.0824
v  -7.3392 97.6335 2.3846
v  -7.2715 96.8544 2.3626
v  -6.3436 94.3970 2.0611
v  -6.2431 97.6335 4.5358
v  -6.1855 96.8544 4.4940
v  -5.4517 99.0236 3.9609
v  -5.3962 94.3970 3.9206
v  -3.9609 99.0236 5.4517
v  -4.5358 97.6335 6.2431
v  -4.4940 96.8544 6.1855
v  -3.9206 94.3970 5.3962
v  -2.3846 97.6335 7.3392
v  -2.0824 99.0236 6.4090
v  -2.0611 94.3970 6.3436
v  -2.3626 96.8544 7.2714
v  -0.0000 99.0236 6.7387
v  0.0000 97.6335 7.7169
v  0.0000 94.3970 6.6701
v  0.0000 96.8544 7.6457
v  2.3626 96.8544 7.2714
v  2.0611 94.3970 6.3436
v  2.3846 97.6335 7.3392
v  2.0824 99.0236 6.4090
v  4.5358 97.6335 6.2431
v  4.4940 96.8544 6.1855
v  3.9206 94.3970 5.3962
v  3.9609 99.0236 5.4517
v  5.3962 94.3970 3.9206
v  6.1855 96.8544 4.4940
v  6.2431 97.6335 4.5358
v  5.4517 99.0236 3.9609
v  6.3436 94.3970 2.0611
v  7.2715 96.8544 2.3626
v  7.3392 97.6335 2.3846
v  6.4966 104.9112 -2.1108
v  6.8310 104.9112 -0.0000
v  6.8572 105.6471 -2.2280
v  7.2101 105.6471 -0.0000
v  6.5858 106.3515 -2.1399
v  6.9247 106.3515 -0.0000
v  -6.5858 106.3515 -2.1399
v  -6.9247 106.3515 -0.0000
v  -5.6022 106.3515 -4.0703
v  -4.0703 106.3515 -5.6022
v  -2.1399 106.3515 -6.5858
v  0.0000 106.3515 -6.9247
v  2.1399 106.3515 -6.5858
v  4.0703 106.3515 -5.6022
v  5.6022 106.3515 -4.0703
v  -6.8310 104.9112 -0.0000
v  -6.4966 104.9112 -2.1108
v  -6.8572 105.6471 -2.2280
v  -7.2101 105.6471 -0.0000
v  -5.5264 104.9112 -4.0151
v  -5.8330 105.6471 -4.2380
v  -4.0152 104.9112 -5.5264
v  -4.2380 105.6471 -5.8330
v  -2.1108 104.9112 -6.4966
v  -2.2280 105.6471 -6.8572
v  0.0000 104.9112 -6.8310
v  0.0000 105.6471 -7.2100
v  2.1108 104.9112 -6.4966
v  2.2281 105.6471 -6.8572
v  4.0152 104.9112 -5.5264
v  4.2380 105.6471 -5.8330
v  5.8330 105.6471 -4.2380
v  5.5264 104.9112 -4.0151
v  6.4966 104.9112 2.1108
v  6.8572 105.6471 2.2280
v  6.5858 106.3515 2.1399
v  -6.5858 106.3515 2.1399
v  -5.6022 106.3515 4.0703
v  -4.0703 106.3515 5.6022
v  -2.1399 106.3515 6.5858
v  0.0000 106.3515 6.9247
v  2.1399 106.3515 6.5858
v  4.0703 106.3515 5.6022
v  5.6022 106.3515 4.0703
v  -6.4966 104.9112 2.1108
v  -6.8572 105.6471 2.2280
v  -5.5264 104.9112 4.0151
v  -5.8330 105.6471 4.2380
v  -4.0152 104.9112 5.5264
v  -4.2380 105.6471 5.8330
v  -2.1108 104.9112 6.4966
v  -2.2280 105.6471 6.8572
v  0.0000 104.9112 6.8310
v  0.0000 105.6471 7.2100
v  2.1108 104.9112 6.4966
v  2.2281 105.6471 6.8572
v  4.0152 104.9112 5.5264
v  4.2380 105.6471 5.8330
v  5.8330 105.6471 4.2380
v  5.5264 104.9112 4.0151
v  -6.7301 113.3147 -2.4277
v  -5.6853 113.3141 -4.3438
v  -8.8850 110.8091 -2.8869
v  -9.3423 110.8091 -0.0000
v  -7.5581 110.8091 -5.4912
v  -4.1572 113.3141 -5.8283
v  -5.4913 110.8091 -7.5581
v  -2.0636 113.3136 -6.8508
v  0.3294 113.3139 -7.1440
v  -2.8870 110.8091 -8.8850
v  0.0000 110.8091 -9.3423
v  2.8870 110.8091 -8.8850
v  2.6447 113.3135 -6.6449
v  5.4913 110.8091 -7.5581
v  4.5669 113.3132 -5.5045
v  7.5581 110.8091 -5.4912
v  5.9167 113.3136 -4.0203
v  6.7985 113.3135 -2.2599
v  8.8850 110.8091 -2.8869
v  9.3423 110.8091 -0.0000
v  7.1501 113.3135 -0.0000
v  -7.1565 113.3135 -0.0000
v  -5.6853 113.3141 4.3438
v  -6.7301 113.3147 2.4277
v  -8.8850 110.8091 2.8869
v  -7.5581 110.8091 5.4912
v  -4.1572 113.3141 5.8282
v  -5.4913 110.8091 7.5581
v  -2.0636 113.3136 6.8508
v  0.3294 113.3139 7.1440
v  -2.8870 110.8091 8.8850
v  0.0000 110.8091 9.3423
v  2.8870 110.8091 8.8850
v  2.6447 113.3135 6.6449
v  5.4913 110.8091 7.5581
v  4.5669 113.3132 5.5045
v  7.5581 110.8091 5.4912
v  5.9167 113.3136 4.0203
v  6.7985 113.3135 2.2599
v  8.8850 110.8091 2.8869
# 1135 vertices

vn 0.9999 -0.0111 0.0000
vn 0.9510 -0.0111 -0.3090
vn 0.9508 -0.0240 -0.3089
vn 0.9997 -0.0240 -0.0000
vn 0.8843 -0.4669 -0.0000
vn 0.8675 -0.4975 -0.0000
vn 0.8249 -0.4978 -0.2680
vn 0.8410 -0.4669 -0.2733
vn 0.8650 0.4158 -0.2810
vn 0.9095 0.4158 -0.0000
vn 0.9153 0.4029 -0.0000
vn 0.8705 0.4028 -0.2828
vn -0.5872 0.8095 0.0000
vn -0.5614 0.8080 -0.1789
vn -0.8635 0.4192 -0.2805
vn -0.9079 0.4192 -0.0000
vn -0.3233 0.9389 -0.1177
vn -0.2708 0.9392 -0.2111
vn -0.4821 0.8041 -0.3478
vn -0.9883 0.1522 -0.0000
vn -0.9400 0.1522 -0.3054
vn -0.7345 0.4192 -0.5337
vn -0.7996 0.1522 -0.5809
vn -0.7937 -0.5509 -0.2579
vn -0.8346 -0.5509 -0.0000
vn -0.9252 -0.3796 -0.0000
vn -0.8799 -0.3796 -0.2859
vn -0.1946 0.9391 -0.2832
vn -0.3490 0.8048 -0.4801
vn -0.8036 -0.5348 -0.2611
vn -0.8450 -0.5348 -0.0000
vn -0.6752 -0.5509 -0.4906
vn -0.7485 -0.3796 -0.5438
vn -0.5337 0.4192 -0.7345
vn -0.5809 0.1522 -0.7996
vn -0.8643 -0.4174 -0.2808
vn -0.9087 -0.4173 -0.0000
vn -0.0923 0.9391 -0.3310
vn -0.1835 0.8079 -0.5600
vn -0.2805 0.4192 -0.8635
vn -0.6836 -0.5348 -0.4967
vn -0.4906 -0.5509 -0.6752
vn -0.5438 -0.3796 -0.7485
vn -0.7352 -0.4173 -0.5342
vn 0.0254 0.9380 -0.3458
vn -0.0037 0.8098 -0.5867
vn -0.4967 -0.5348 -0.6836
vn -0.5342 -0.4173 -0.7352
vn -0.2579 -0.5509 -0.7937
vn -0.2611 -0.5348 -0.8036
vn -0.2859 -0.3796 -0.8799
vn -0.3054 0.1522 -0.9400
vn -0.2808 -0.4174 -0.8643
vn 0.0000 -0.5509 -0.8346
vn 0.0000 -0.5348 -0.8450
vn -0.0000 -0.3796 -0.9252
vn 0.0000 -0.4173 -0.9087
vn 0.0000 0.4192 -0.9079
vn 0.0000 0.1522 -0.9883
vn 0.2579 -0.5509 -0.7937
vn 0.2611 -0.5348 -0.8036
vn 0.2808 -0.4174 -0.8643
vn 0.2859 -0.3796 -0.8799
vn 0.2805 0.4192 -0.8635
vn 0.3054 0.1522 -0.9400
vn 0.1765 0.8095 -0.5600
vn 0.1393 0.9366 -0.3216
vn 0.4906 -0.5509 -0.6752
vn 0.4967 -0.5348 -0.6836
vn 0.5438 -0.3796 -0.7485
vn 0.5341 -0.4173 -0.7352
vn 0.5337 0.4192 -0.7345
vn 0.5809 0.1522 -0.7996
vn 0.3435 0.8061 -0.4819
vn 0.2282 0.9372 -0.2637
vn 0.6752 -0.5509 -0.4906
vn 0.6836 -0.5348 -0.4967
vn 0.7352 -0.4173 -0.5341
vn 0.7485 -0.3796 -0.5438
vn 0.2858 0.9393 -0.1900
vn 0.4827 0.8011 -0.3539
vn 0.7345 0.4192 -0.5337
vn 0.7996 0.1522 -0.5809
vn 0.3281 0.9390 -0.1035
vn 0.5679 0.8025 -0.1830
vn 0.8635 0.4192 -0.2805
vn 0.8036 -0.5348 -0.2611
vn 0.8643 -0.4174 -0.2808
vn 0.7937 -0.5509 -0.2579
vn 0.8799 -0.3796 -0.2859
vn 0.9400 0.1522 -0.3054
vn 0.8346 -0.5509 -0.0000
vn 0.8450 -0.5348 -0.0000
vn 0.9252 -0.3796 -0.0000
vn 0.9087 -0.4173 -0.0000
vn 0.3410 0.9401 -0.0000
vn 0.5914 0.8064 -0.0000
vn 0.9079 0.4192 -0.0000
vn 0.9883 0.1522 -0.0000
vn -0.9510 -0.0107 -0.3090
vn -0.9999 -0.0107 -0.0000
vn -0.9949 -0.1011 -0.0000
vn -0.9462 -0.1011 -0.3074
vn -0.9666 0.2564 -0.0000
vn -0.9193 0.2564 -0.2987
vn -0.9506 -0.0320 -0.3089
vn -0.9995 -0.0320 -0.0000
vn -0.8695 0.4940 -0.0000
vn -0.8269 0.4940 -0.2687
vn -0.8090 -0.0103 -0.5878
vn -0.8049 -0.1011 -0.5848
vn -0.7820 0.2564 -0.5681
vn -0.8086 -0.0320 -0.5875
vn -0.7034 0.4940 -0.5111
vn -0.5848 -0.1011 -0.8049
vn -0.5878 -0.0103 -0.8090
vn -0.5111 0.4940 -0.7034
vn -0.5681 0.2564 -0.7820
vn -0.5875 -0.0320 -0.8086
vn -0.3074 -0.1011 -0.9462
vn -0.3090 -0.0107 -0.9510
vn -0.2687 0.4940 -0.8269
vn -0.2987 0.2564 -0.9193
vn -0.3089 -0.0320 -0.9506
vn 0.0000 -0.1011 -0.9949
vn 0.0000 -0.0107 -0.9999
vn 0.0000 0.4940 -0.8695
vn 0.0000 0.2564 -0.9666
vn 0.0000 -0.0320 -0.9995
vn 0.3090 -0.0107 -0.9510
vn 0.3074 -0.1011 -0.9462
vn 0.2987 0.2564 -0.9193
vn 0.3089 -0.0320 -0.9506
vn 0.2687 0.4940 -0.8269
vn 0.5878 -0.0103 -0.8090
vn 0.5848 -0.1011 -0.8049
vn 0.5681 0.2564 -0.7820
vn 0.5875 -0.0320 -0.8086
vn 0.5111 0.4940 -0.7034
vn 0.8090 -0.0103 -0.5878
vn 0.8049 -0.1011 -0.5848
vn 0.7034 0.4940 -0.5111
vn 0.7820 0.2564 -0.5681
vn 0.8086 -0.0320 -0.5875
vn 0.9510 -0.0107 -0.3090
vn 0.9462 -0.1011 -0.3074
vn 0.8269 0.4940 -0.2687
vn 0.9193 0.2564 -0.2987
vn 0.9506 -0.0320 -0.3089
vn 0.9999 -0.0107 0.0000
vn 0.9949 -0.1011 -0.0000
vn 0.9666 0.2564 0.0000
vn 0.9995 -0.0320 -0.0000
vn 0.8695 0.4940 0.0000
vn 0.8733 0.3959 -0.2838
vn 0.7592 0.6023 -0.2467
vn 0.7983 0.6023 -0.0000
vn 0.9183 0.3960 -0.0000
vn 0.9971 -0.0755 -0.0000
vn 0.9483 -0.0755 -0.3081
vn 0.8088 -0.5261 -0.2628
vn 0.8504 -0.5261 -0.0000
vn 0.6833 -0.7302 -0.0000
vn 0.6498 -0.7302 -0.2111
vn 0.6880 -0.5261 -0.4999
vn 0.8067 -0.0755 -0.5861
vn 0.7429 0.3960 -0.5398
vn 0.6458 0.6023 -0.4692
vn 0.5527 -0.7302 -0.4016
vn 0.4999 -0.5261 -0.6880
vn 0.5861 -0.0755 -0.8067
vn 0.5398 0.3960 -0.7429
vn 0.4692 0.6023 -0.6458
vn 0.4016 -0.7302 -0.5527
vn 0.2628 -0.5261 -0.8088
vn 0.3081 -0.0755 -0.9483
vn 0.2838 0.3959 -0.8733
vn 0.2467 0.6023 -0.7592
vn 0.2111 -0.7302 -0.6498
vn 0.0000 0.6023 -0.7983
vn -0.0000 0.3960 -0.9183
vn -0.0000 -0.0755 -0.9971
vn 0.0000 -0.5261 -0.8504
vn 0.0000 -0.7302 -0.6833
vn -0.2838 0.3959 -0.8733
vn -0.2467 0.6023 -0.7592
vn -0.3081 -0.0755 -0.9483
vn -0.2628 -0.5261 -0.8088
vn -0.2111 -0.7302 -0.6498
vn -0.4692 0.6023 -0.6458
vn -0.5398 0.3960 -0.7429
vn -0.5861 -0.0755 -0.8067
vn -0.4999 -0.5261 -0.6880
vn -0.4016 -0.7302 -0.5527
vn -0.6880 -0.5261 -0.4999
vn -0.8067 -0.0755 -0.5861
vn -0.7429 0.3960 -0.5398
vn -0.6458 0.6023 -0.4692
vn -0.5527 -0.7302 -0.4016
vn -0.8088 -0.5261 -0.2628
vn -0.9483 -0.0755 -0.3081
vn -0.6498 -0.7302 -0.2111
vn -0.8733 0.3959 -0.2838
vn -0.7592 0.6023 -0.2467
vn -0.8504 -0.5261 -0.0000
vn -0.9971 -0.0755 -0.0000
vn -0.6833 -0.7302 0.0000
vn -0.9183 0.3960 -0.0000
vn -0.7983 0.6023 -0.0000
vn -0.6934 0.7206 0.0000
vn -0.6594 0.7206 -0.2143
vn -0.7575 0.6046 -0.2462
vn -0.7965 0.6046 -0.0000
vn -0.9217 0.3880 -0.0000
vn -0.8766 0.3880 -0.2848
vn -0.9414 -0.1419 -0.3059
vn -0.9899 -0.1419 -0.0000
vn -0.9988 -0.0492 -0.0000
vn -0.9499 -0.0492 -0.3086
vn -0.8815 -0.3754 -0.2864
vn -0.9269 -0.3754 -0.0000
vn -0.9264 -0.3765 -0.0000
vn -0.8811 -0.3765 -0.2863
vn -0.8008 -0.1419 -0.5818
vn -0.8080 -0.0492 -0.5871
vn -0.6444 0.6046 -0.4682
vn -0.7456 0.3880 -0.5417
vn -0.5609 0.7206 -0.4075
vn -0.7495 -0.3765 -0.5445
vn -0.7499 -0.3754 -0.5448
vn -0.4075 0.7206 -0.5609
vn -0.4682 0.6046 -0.6444
vn -0.5417 0.3880 -0.7456
vn -0.5871 -0.0492 -0.8080
vn -0.5818 -0.1419 -0.8008
vn -0.5445 -0.3765 -0.7495
vn -0.5448 -0.3754 -0.7499
vn -0.2462 0.6046 -0.7575
vn -0.2848 0.3880 -0.8766
vn -0.2143 0.7206 -0.6594
vn -0.2863 -0.3765 -0.8811
vn -0.2864 -0.3754 -0.8815
vn -0.3086 -0.0492 -0.9499
vn -0.3059 -0.1419 -0.9414
vn 0.0000 0.7206 -0.6934
vn 0.0000 0.6046 -0.7965
vn 0.0000 0.3880 -0.9217
vn 0.0000 -0.3765 -0.9264
vn 0.0000 -0.3754 -0.9269
vn -0.0000 -0.0492 -0.9988
vn -0.0000 -0.1419 -0.9899
vn 0.2864 -0.3754 -0.8815
vn 0.2863 -0.3765 -0.8811
vn 0.3086 -0.0492 -0.9499
vn 0.3059 -0.1419 -0.9414
vn 0.2462 0.6046 -0.7575
vn 0.2848 0.3880 -0.8766
vn 0.2143 0.7206 -0.6594
vn 0.5818 -0.1419 -0.8008
vn 0.5871 -0.0492 -0.8080
vn 0.4682 0.6046 -0.6444
vn 0.5417 0.3880 -0.7456
vn 0.5445 -0.3765 -0.7495
vn 0.5448 -0.3754 -0.7499
vn 0.4075 0.7206 -0.5609
vn 0.7495 -0.3765 -0.5445
vn 0.7499 -0.3754 -0.5448
vn 0.8080 -0.0492 -0.5871
vn 0.8008 -0.1419 -0.5818
vn 0.6444 0.6046 -0.4682
vn 0.7456 0.3880 -0.5417
vn 0.5609 0.7206 -0.4075
vn 0.8811 -0.3765 -0.2863
vn 0.8815 -0.3754 -0.2864
vn 0.9499 -0.0492 -0.3086
vn 0.9414 -0.1419 -0.3059
vn 0.6594 0.7206 -0.2143
vn 0.7575 0.6046 -0.2462
vn 0.8766 0.3880 -0.2848
vn 0.9899 -0.1419 -0.0000
vn 0.9988 -0.0492 -0.0000
vn 0.7965 0.6046 0.0000
vn 0.9217 0.3880 0.0000
vn 0.9269 -0.3754 0.0000
vn 0.9264 -0.3765 -0.0000
vn 0.6934 0.7206 -0.0000
vn -0.9983 0.0580 -0.0000
vn -0.9495 0.0580 -0.3085
vn -0.9489 0.0671 -0.3083
vn -0.9977 0.0671 -0.0000
vn -0.8077 0.0580 -0.5868
vn -0.8072 0.0671 -0.5865
vn -0.5868 0.0580 -0.8077
vn -0.5865 0.0671 -0.8072
vn -0.3085 0.0580 -0.9495
vn -0.3083 0.0671 -0.9489
vn 0.0000 0.0580 -0.9983
vn 0.0000 0.0671 -0.9977
vn 0.3085 0.0580 -0.9495
vn 0.3083 0.0671 -0.9489
vn 0.5868 0.0580 -0.8077
vn 0.5865 0.0671 -0.8072
vn 0.8077 0.0580 -0.5868
vn 0.8072 0.0671 -0.5865
vn 0.9495 0.0580 -0.3085
vn 0.9489 0.0671 -0.3083
vn 0.9983 0.0580 -0.0000
vn 0.9977 0.0671 -0.0000
vn 0.9508 0.0225 -0.3089
vn 0.9508 0.0221 -0.3089
vn 0.9998 0.0221 -0.0000
vn 0.9997 0.0225 0.0000
vn 0.8738 0.3948 -0.2839
vn 0.9198 0.2544 -0.2988
vn 0.9671 0.2545 -0.0000
vn 0.9188 0.3948 -0.0000
vn 0.8474 0.4539 -0.2753
vn 0.8910 0.4540 -0.0000
vn 0.8088 0.0225 -0.5876
vn 0.8088 0.0221 -0.5876
vn 0.7433 0.3948 -0.5400
vn 0.7824 0.2544 -0.5684
vn 0.7209 0.4539 -0.5237
vn 0.5876 0.0225 -0.8088
vn 0.5876 0.0221 -0.8088
vn 0.5400 0.3948 -0.7433
vn 0.5237 0.4540 -0.7208
vn 0.5684 0.2544 -0.7824
vn 0.3089 0.0225 -0.9508
vn 0.3089 0.0221 -0.9508
vn 0.2839 0.3948 -0.8738
vn 0.2753 0.4539 -0.8474
vn 0.2988 0.2544 -0.9198
vn 0.0000 0.0225 -0.9997
vn 0.0000 0.0221 -0.9998
vn 0.0000 0.3948 -0.9188
vn -0.0000 0.4540 -0.8910
vn 0.0000 0.2545 -0.9671
vn -0.3089 0.0225 -0.9508
vn -0.3089 0.0221 -0.9508
vn -0.2839 0.3948 -0.8738
vn -0.2988 0.2544 -0.9198
vn -0.2753 0.4539 -0.8474
vn -0.5876 0.0225 -0.8088
vn -0.5876 0.0221 -0.8088
vn -0.5400 0.3948 -0.7433
vn -0.5237 0.4540 -0.7208
vn -0.5684 0.2544 -0.7824
vn -0.8088 0.0225 -0.5876
vn -0.8088 0.0221 -0.5876
vn -0.7433 0.3948 -0.5400
vn -0.7208 0.4540 -0.5237
vn -0.7824 0.2544 -0.5684
vn -0.9508 0.0225 -0.3089
vn -0.9508 0.0221 -0.3089
vn -0.8738 0.3948 -0.2839
vn -0.8474 0.4539 -0.2753
vn -0.9198 0.2544 -0.2988
vn -0.9997 0.0225 -0.0000
vn -0.9998 0.0221 -0.0000
vn -0.9188 0.3948 -0.0000
vn -0.9671 0.2545 -0.0000
vn -0.8910 0.4540 -0.0000
vn -0.9508 -0.0240 -0.3089
vn -0.9510 -0.0111 -0.3090
vn -0.9999 -0.0111 0.0000
vn -0.9997 -0.0240 -0.0000
vn -0.9095 0.4158 -0.0000
vn -0.8650 0.4158 -0.2810
vn -0.8705 0.4028 -0.2828
vn -0.9153 0.4029 -0.0000
vn -0.8249 -0.4978 -0.2680
vn -0.8675 -0.4975 0.0000
vn -0.8843 -0.4669 0.0000
vn -0.8410 -0.4669 -0.2733
vn -0.8090 -0.0111 -0.5878
vn -0.8088 -0.0240 -0.5876
vn -0.7156 -0.4666 -0.5199
vn -0.7018 -0.4975 -0.5099
vn -0.7358 0.4158 -0.5346
vn -0.7405 0.4028 -0.5380
vn -0.5876 -0.0240 -0.8088
vn -0.5878 -0.0111 -0.8090
vn -0.5346 0.4158 -0.7358
vn -0.5380 0.4028 -0.7405
vn -0.5099 -0.4975 -0.7018
vn -0.5199 -0.4666 -0.7156
vn -0.3089 -0.0240 -0.9508
vn -0.3090 -0.0111 -0.9510
vn -0.2810 0.4158 -0.8650
vn -0.2828 0.4028 -0.8705
vn -0.2680 -0.4978 -0.8249
vn -0.2733 -0.4669 -0.8410
vn 0.0000 -0.0240 -0.9997
vn 0.0000 -0.0111 -0.9999
vn 0.0000 0.4158 -0.9095
vn -0.0000 0.4029 -0.9153
vn -0.0000 -0.4669 -0.8843
vn 0.0000 -0.4975 -0.8675
vn 0.3090 -0.0111 -0.9510
vn 0.3089 -0.0240 -0.9508
vn 0.2733 -0.4669 -0.8410
vn 0.2680 -0.4978 -0.8249
vn 0.2810 0.4158 -0.8650
vn 0.2829 0.4029 -0.8705
vn 0.5878 -0.0111 -0.8090
vn 0.5876 -0.0240 -0.8088
vn 0.5199 -0.4666 -0.7156
vn 0.5099 -0.4975 -0.7018
vn 0.5346 0.4158 -0.7358
vn 0.5380 0.4028 -0.7405
vn 0.7358 0.4158 -0.5346
vn 0.7405 0.4028 -0.5380
vn 0.7018 -0.4975 -0.5099
vn 0.7156 -0.4666 -0.5199
vn 0.8090 -0.0111 -0.5878
vn 0.8088 -0.0240 -0.5876
vn -0.0005 -1.0000 0.0007
vn -0.0007 -1.0000 0.0005
vn -0.0009 -1.0000 -0.0003
vn -0.0007 -1.0000 -0.0005
vn 0.0190 0.9998 -0.0000
vn 0.1861 0.9825 -0.0000
vn 0.1894 0.9543 -0.2311
vn 0.0369 0.9688 -0.2449
vn 0.3548 0.9175 -0.1798
vn 0.3463 0.8691 -0.3532
vn 0.2238 0.8763 -0.4267
vn 0.3589 0.9334 -0.0000
vn 0.0463 0.8859 -0.4616
vn -0.1281 0.8804 -0.4565
vn -0.1446 0.9591 -0.2432
vn -0.2688 0.8820 -0.3871
vn -0.3091 0.9299 -0.1996
vn -0.3962 0.8582 -0.3263
vn -0.4459 0.8824 -0.1501
vn 0.1718 0.8586 -0.4830
vn 0.0188 0.8522 -0.5229
vn 0.2991 0.8622 -0.4088
vn -0.1380 0.8567 -0.4970
vn -0.2863 0.8466 -0.4487
vn -0.4123 0.8571 -0.3088
vn 0.4719 0.8708 -0.1374
vn 0.4267 0.8643 -0.2665
vn 0.4172 0.8593 -0.2958
vn 0.5013 0.8549 -0.1332
vn -0.5238 0.8377 -0.1546
vn -0.5105 0.8599 0.0000
vn -0.4706 0.8823 0.0000
vn -0.3425 0.9395 -0.0000
vn -0.1349 0.9909 -0.0000
vn -0.3165 0.9486 0.0000
vn 0.4820 0.8762 -0.0000
vn 0.5169 0.8560 -0.0000
vn 0.9508 -0.0240 0.3089
vn 0.9510 -0.0111 0.3090
vn 0.8249 -0.4978 0.2680
vn 0.8410 -0.4669 0.2733
vn 0.8650 0.4158 0.2810
vn 0.8705 0.4028 0.2828
vn -0.8635 0.4192 0.2805
vn -0.5614 0.8080 0.1789
vn -0.3233 0.9389 0.1177
vn -0.4821 0.8041 0.3478
vn -0.2708 0.9392 0.2111
vn -0.9400 0.1522 0.3054
vn -0.7996 0.1522 0.5809
vn -0.7345 0.4192 0.5337
vn -0.7937 -0.5509 0.2579
vn -0.8799 -0.3796 0.2859
vn -0.3490 0.8048 0.4801
vn -0.1946 0.9391 0.2832
vn -0.8036 -0.5348 0.2611
vn -0.6752 -0.5509 0.4906
vn -0.7485 -0.3796 0.5438
vn -0.5809 0.1522 0.7996
vn -0.5337 0.4192 0.7345
vn -0.8643 -0.4174 0.2808
vn -0.1835 0.8079 0.5600
vn -0.0923 0.9391 0.3310
vn -0.2805 0.4192 0.8635
vn -0.6836 -0.5348 0.4967
vn -0.4906 -0.5509 0.6752
vn -0.5438 -0.3796 0.7485
vn -0.7352 -0.4173 0.5342
vn -0.0037 0.8098 0.5867
vn 0.0254 0.9380 0.3458
vn -0.4967 -0.5348 0.6836
vn -0.5342 -0.4173 0.7352
vn -0.2579 -0.5509 0.7937
vn -0.2611 -0.5348 0.8036
vn -0.2859 -0.3796 0.8799
vn -0.3054 0.1522 0.9400
vn -0.2808 -0.4174 0.8643
vn -0.0000 -0.5348 0.8450
vn -0.0000 -0.5509 0.8346
vn 0.0000 -0.3796 0.9252
vn 0.0000 -0.4173 0.9087
vn 0.0000 0.1522 0.9883
vn 0.0000 0.4192 0.9079
vn 0.2579 -0.5509 0.7937
vn 0.2611 -0.5348 0.8036
vn 0.2808 -0.4174 0.8643
vn 0.2859 -0.3796 0.8799
vn 0.3054 0.1522 0.9400
vn 0.2805 0.4192 0.8635
vn 0.1765 0.8095 0.5600
vn 0.1393 0.9366 0.3216
vn 0.4967 -0.5348 0.6836
vn 0.4906 -0.5509 0.6752
vn 0.5438 -0.3796 0.7485
vn 0.5341 -0.4173 0.7352
vn 0.5809 0.1522 0.7996
vn 0.5337 0.4192 0.7345
vn 0.3435 0.8061 0.4819
vn 0.2282 0.9372 0.2637
vn 0.6836 -0.5348 0.4967
vn 0.6752 -0.5509 0.4906
vn 0.7352 -0.4173 0.5341
vn 0.7485 -0.3796 0.5438
vn 0.4827 0.8011 0.3539
vn 0.2858 0.9393 0.1900
vn 0.7345 0.4192 0.5337
vn 0.7996 0.1522 0.5809
vn 0.5679 0.8025 0.1830
vn 0.3281 0.9390 0.1035
vn 0.8635 0.4192 0.2805
vn 0.8643 -0.4174 0.2808
vn 0.8036 -0.5348 0.2611
vn 0.7937 -0.5509 0.2579
vn 0.8799 -0.3796 0.2859
vn 0.9400 0.1522 0.3054
vn -0.9510 -0.0107 0.3090
vn -0.9462 -0.1011 0.3074
vn -0.9506 -0.0320 0.3089
vn -0.9193 0.2564 0.2987
vn -0.8269 0.4940 0.2687
vn -0.8090 -0.0103 0.5878
vn -0.8049 -0.1011 0.5848
vn -0.8086 -0.0320 0.5875
vn -0.7820 0.2564 0.5681
vn -0.7034 0.4940 0.5111
vn -0.5878 -0.0103 0.8090
vn -0.5848 -0.1011 0.8049
vn -0.5681 0.2564 0.7820
vn -0.5111 0.4940 0.7034
vn -0.5875 -0.0320 0.8086
vn -0.3090 -0.0107 0.9510
vn -0.3074 -0.1011 0.9462
vn -0.2987 0.2564 0.9193
vn -0.2687 0.4940 0.8269
vn -0.3089 -0.0320 0.9506
vn 0.0000 -0.0107 0.9999
vn 0.0000 -0.1011 0.9949
vn -0.0000 0.2564 0.9666
vn 0.0000 0.4940 0.8695
vn 0.0000 -0.0320 0.9995
vn 0.3090 -0.0107 0.9510
vn 0.3074 -0.1011 0.9462
vn 0.3089 -0.0320 0.9506
vn 0.2987 0.2564 0.9193
vn 0.2687 0.4940 0.8269
vn 0.5878 -0.0103 0.8090
vn 0.5848 -0.1011 0.8049
vn 0.5875 -0.0320 0.8086
vn 0.5681 0.2564 0.7820
vn 0.5111 0.4940 0.7034
vn 0.8090 -0.0103 0.5878
vn 0.8049 -0.1011 0.5848
vn 0.7820 0.2564 0.5681
vn 0.7034 0.4940 0.5111
vn 0.8086 -0.0320 0.5875
vn 0.9510 -0.0107 0.3090
vn 0.9462 -0.1011 0.3074
vn 0.9193 0.2564 0.2987
vn 0.8269 0.4940 0.2687
vn 0.9506 -0.0320 0.3089
vn 0.7592 0.6023 0.2467
vn 0.8733 0.3959 0.2838
vn 0.9483 -0.0755 0.3081
vn 0.8088 -0.5261 0.2628
vn 0.6498 -0.7302 0.2111
vn 0.8067 -0.0755 0.5861
vn 0.6880 -0.5261 0.4999
vn 0.7429 0.3960 0.5398
vn 0.6458 0.6023 0.4692
vn 0.5527 -0.7302 0.4016
vn 0.5861 -0.0755 0.8067
vn 0.4999 -0.5261 0.6880
vn 0.5398 0.3960 0.7429
vn 0.4692 0.6023 0.6458
vn 0.4016 -0.7302 0.5527
vn 0.3081 -0.0755 0.9483
vn 0.2628 -0.5261 0.8088
vn 0.2838 0.3959 0.8733
vn 0.2467 0.6023 0.7592
vn 0.2111 -0.7302 0.6498
vn 0.0000 0.6023 0.7983
vn 0.0000 0.3960 0.9183
vn 0.0000 -0.0755 0.9971
vn 0.0000 -0.5261 0.8504
vn -0.0000 -0.7302 0.6833
vn -0.2467 0.6023 0.7592
vn -0.2838 0.3959 0.8733
vn -0.3081 -0.0755 0.9483
vn -0.2628 -0.5261 0.8088
vn -0.2111 -0.7302 0.6498
vn -0.4692 0.6023 0.6458
vn -0.5398 0.3960 0.7429
vn -0.5861 -0.0755 0.8067
vn -0.4999 -0.5261 0.6880
vn -0.4016 -0.7302 0.5527
vn -0.8067 -0.0755 0.5861
vn -0.6880 -0.5261 0.4999
vn -0.7429 0.3960 0.5398
vn -0.6458 0.6023 0.4692
vn -0.5527 -0.7302 0.4016
vn -0.9483 -0.0755 0.3081
vn -0.8088 -0.5261 0.2628
vn -0.6498 -0.7302 0.2111
vn -0.8733 0.3959 0.2838
vn -0.7592 0.6023 0.2467
vn -0.7575 0.6046 0.2462
vn -0.6594 0.7206 0.2143
vn -0.8766 0.3880 0.2848
vn -0.9414 -0.1419 0.3059
vn -0.9499 -0.0492 0.3086
vn -0.8815 -0.3754 0.2864
vn -0.8811 -0.3765 0.2863
vn -0.8008 -0.1419 0.5818
vn -0.8080 -0.0492 0.5871
vn -0.7456 0.3880 0.5417
vn -0.6444 0.6046 0.4682
vn -0.5609 0.7206 0.4075
vn -0.7499 -0.3754 0.5448
vn -0.7495 -0.3765 0.5445
vn -0.4682 0.6046 0.6444
vn -0.4075 0.7206 0.5609
vn -0.5417 0.3880 0.7456
vn -0.5818 -0.1419 0.8008
vn -0.5871 -0.0492 0.8080
vn -0.5448 -0.3754 0.7499
vn -0.5445 -0.3765 0.7495
vn -0.2848 0.3880 0.8766
vn -0.2462 0.6046 0.7575
vn -0.2143 0.7206 0.6594
vn -0.2864 -0.3754 0.8815
vn -0.2863 -0.3765 0.8811
vn -0.3059 -0.1419 0.9414
vn -0.3086 -0.0492 0.9499
vn -0.0000 0.6046 0.7965
vn -0.0000 0.7206 0.6934
vn -0.0000 0.3880 0.9217
vn 0.0000 -0.3754 0.9269
vn 0.0000 -0.3765 0.9264
vn 0.0000 -0.1419 0.9899
vn -0.0000 -0.0492 0.9988
vn 0.2864 -0.3754 0.8815
vn 0.2863 -0.3765 0.8811
vn 0.3059 -0.1419 0.9414
vn 0.3086 -0.0492 0.9499
vn 0.2848 0.3880 0.8766
vn 0.2462 0.6046 0.7575
vn 0.2143 0.7206 0.6594
vn 0.5818 -0.1419 0.8008
vn 0.5871 -0.0492 0.8080
vn 0.5417 0.3880 0.7456
vn 0.4682 0.6046 0.6444
vn 0.5448 -0.3754 0.7499
vn 0.5445 -0.3765 0.7495
vn 0.4075 0.7206 0.5609
vn 0.7499 -0.3754 0.5448
vn 0.7495 -0.3765 0.5445
vn 0.8008 -0.1419 0.5818
vn 0.8080 -0.0492 0.5871
vn 0.7456 0.3880 0.5417
vn 0.6444 0.6046 0.4682
vn 0.5609 0.7206 0.4075
vn 0.8815 -0.3754 0.2864
vn 0.8811 -0.3765 0.2863
vn 0.9414 -0.1419 0.3059
vn 0.9499 -0.0492 0.3086
vn 0.7575 0.6046 0.2462
vn 0.6594 0.7206 0.2143
vn 0.8766 0.3880 0.2848
vn -0.9489 0.0671 0.3083
vn -0.9495 0.0580 0.3085
vn -0.8072 0.0671 0.5865
vn -0.8077 0.0580 0.5868
vn -0.5865 0.0671 0.8072
vn -0.5868 0.0580 0.8077
vn -0.3083 0.0671 0.9489
vn -0.3085 0.0580 0.9495
vn 0.0000 0.0671 0.9977
vn 0.0000 0.0580 0.9983
vn 0.3083 0.0671 0.9489
vn 0.3085 0.0580 0.9495
vn 0.5865 0.0671 0.8072
vn 0.5868 0.0580 0.8077
vn 0.8072 0.0671 0.5865
vn 0.8077 0.0580 0.5868
vn 0.9489 0.0671 0.3083
vn 0.9495 0.0580 0.3085
vn 0.9508 0.0221 0.3089
vn 0.9508 0.0225 0.3089
vn 0.9198 0.2544 0.2988
vn 0.8738 0.3948 0.2839
vn 0.8474 0.4539 0.2753
vn 0.8088 0.0221 0.5876
vn 0.8088 0.0225 0.5876
vn 0.7824 0.2544 0.5684
vn 0.7433 0.3948 0.5400
vn 0.7209 0.4539 0.5237
vn 0.5876 0.0221 0.8088
vn 0.5876 0.0225 0.8088
vn 0.5400 0.3948 0.7433
vn 0.5237 0.4540 0.7208
vn 0.5684 0.2544 0.7824
vn 0.3089 0.0221 0.9508
vn 0.3089 0.0225 0.9508
vn 0.2839 0.3948 0.8738
vn 0.2753 0.4539 0.8474
vn 0.2988 0.2544 0.9198
vn 0.0000 0.0221 0.9998
vn 0.0000 0.0225 0.9997
vn 0.0000 0.3948 0.9188
vn 0.0000 0.4540 0.8910
vn -0.0000 0.2545 0.9671
vn -0.3089 0.0221 0.9508
vn -0.3089 0.0225 0.9508
vn -0.2988 0.2544 0.9198
vn -0.2839 0.3948 0.8738
vn -0.2753 0.4539 0.8474
vn -0.5876 0.0221 0.8088
vn -0.5876 0.0225 0.8088
vn -0.5400 0.3948 0.7433
vn -0.5237 0.4540 0.7208
vn -0.5684 0.2544 0.7824
vn -0.8088 0.0221 0.5876
vn -0.8088 0.0225 0.5876
vn -0.7433 0.3948 0.5400
vn -0.7208 0.4540 0.5237
vn -0.7824 0.2544 0.5684
vn -0.9508 0.0221 0.3089
vn -0.9508 0.0225 0.3089
vn -0.8738 0.3948 0.2839
vn -0.8474 0.4539 0.2753
vn -0.9198 0.2544 0.2988
vn -0.9510 -0.0111 0.3090
vn -0.9508 -0.0240 0.3089
vn -0.8705 0.4028 0.2828
vn -0.8650 0.4158 0.2810
vn -0.8249 -0.4978 0.2680
vn -0.8410 -0.4669 0.2733
vn -0.8090 -0.0111 0.5878
vn -0.8088 -0.0240 0.5876
vn -0.7018 -0.4975 0.5099
vn -0.7156 -0.4666 0.5199
vn -0.7405 0.4028 0.5380
vn -0.7358 0.4158 0.5346
vn -0.5878 -0.0111 0.8090
vn -0.5876 -0.0240 0.8088
vn -0.5380 0.4028 0.7405
vn -0.5346 0.4158 0.7358
vn -0.5099 -0.4975 0.7018
vn -0.5199 -0.4666 0.7156
vn -0.3090 -0.0111 0.9510
vn -0.3089 -0.0240 0.9508
vn -0.2828 0.4028 0.8705
vn -0.2810 0.4158 0.8650
vn -0.2680 -0.4978 0.8249
vn -0.2733 -0.4669 0.8410
vn 0.0000 -0.0111 0.9999
vn 0.0000 -0.0240 0.9997
vn -0.0000 0.4029 0.9153
vn 0.0000 0.4158 0.9095
vn 0.0000 -0.4975 0.8675
vn -0.0000 -0.4669 0.8843
vn 0.3090 -0.0111 0.9510
vn 0.3089 -0.0240 0.9508
vn 0.2680 -0.4978 0.8249
vn 0.2733 -0.4669 0.8410
vn 0.2829 0.4029 0.8705
vn 0.2810 0.4158 0.8650
vn 0.5878 -0.0111 0.8090
vn 0.5876 -0.0240 0.8088
vn 0.5099 -0.4975 0.7018
vn 0.5199 -0.4666 0.7156
vn 0.5380 0.4028 0.7405
vn 0.5346 0.4158 0.7358
vn 0.7405 0.4028 0.5380
vn 0.7358 0.4158 0.5346
vn 0.7018 -0.4975 0.5099
vn 0.7156 -0.4666 0.5199
vn 0.8090 -0.0111 0.5878
vn 0.8088 -0.0240 0.5876
vn 0.1894 0.9543 0.2311
vn 0.0369 0.9688 0.2449
vn 0.2238 0.8763 0.4267
vn 0.3463 0.8691 0.3532
vn 0.3548 0.9175 0.1798
vn 0.0463 0.8859 0.4616
vn -0.1446 0.9591 0.2432
vn -0.1281 0.8804 0.4565
vn -0.3091 0.9299 0.1996
vn -0.2688 0.8820 0.3871
vn -0.4459 0.8824 0.1501
vn -0.3962 0.8582 0.3263
vn 0.0188 0.8522 0.5229
vn 0.1718 0.8586 0.4830
vn 0.2991 0.8622 0.4088
vn -0.1380 0.8567 0.4970
vn -0.2863 0.8466 0.4487
vn -0.4123 0.8571 0.3088
vn 0.4267 0.8643 0.2665
vn 0.4719 0.8708 0.1374
vn 0.4172 0.8593 0.2958
vn 0.5013 0.8549 0.1332
vn -0.5238 0.8377 0.1546
vn -0.6924 -0.6855 -0.2250
vn -0.7281 -0.6855 -0.0000
vn -0.5890 -0.6855 -0.4280
vn -0.4280 -0.6855 -0.5890
vn -0.2250 -0.6855 -0.6924
vn -0.0000 -0.6855 -0.7281
vn 0.2250 -0.6855 -0.6924
vn 0.4280 -0.6855 -0.5890
vn 0.5890 -0.6855 -0.4280
vn 0.6924 -0.6855 -0.2250
vn 0.7281 -0.6855 -0.0000
vn -0.0005 -1.0000 -0.0007
vn -0.0003 -1.0000 -0.0009
vn 0.0000 -1.0000 -0.0009
vn 0.0003 -1.0000 -0.0009
vn 0.0005 -1.0000 -0.0007
vn 0.0007 -1.0000 -0.0005
vn 0.0009 -1.0000 -0.0003
vn 0.0009 -1.0000 -0.0000
vn 0.0009 -1.0000 0.0003
vn 0.6924 -0.6855 0.2250
vn 0.0007 -1.0000 0.0005
vn 0.5890 -0.6855 0.4280
vn 0.0005 -1.0000 0.0007
vn 0.4280 -0.6855 0.5890
vn 0.0003 -1.0000 0.0009
vn 0.2250 -0.6855 0.6924
vn -0.0000 -1.0000 0.0009
vn 0.0000 -0.6855 0.7281
vn -0.0003 -1.0000 0.0009
vn -0.2250 -0.6855 0.6924
vn -0.4280 -0.6855 0.5890
vn -0.5890 -0.6855 0.4280
vn -0.0009 -1.0000 0.0003
vn -0.6924 -0.6855 0.2250
vn -0.0009 -1.0000 -0.0000
vn -0.9230 0.2411 -0.2999
vn -0.9705 0.2411 -0.0000
vn -0.8969 -0.4421 0.0000
vn -0.8531 -0.4421 -0.2772
vn -0.7852 0.2411 -0.5704
vn -0.7256 -0.4421 -0.5272
vn -0.5272 -0.4421 -0.7256
vn -0.5704 0.2411 -0.7852
vn -0.2772 -0.4421 -0.8531
vn -0.2999 0.2411 -0.9230
vn 0.0000 -0.4421 -0.8969
vn 0.0000 0.2411 -0.9705
vn 0.2999 0.2411 -0.9230
vn 0.2772 -0.4421 -0.8531
vn 0.5704 0.2411 -0.7852
vn 0.5272 -0.4421 -0.7256
vn 0.7852 0.2411 -0.5704
vn 0.7256 -0.4421 -0.5272
vn 0.9230 0.2411 -0.2999
vn 0.8531 -0.4421 -0.2772
vn 0.9705 0.2411 0.0000
vn 0.8969 -0.4421 -0.0000
vn 0.8910 0.3498 -0.2895
vn 0.9368 0.3498 -0.0000
vn 0.7579 0.3498 -0.5507
vn 0.5507 0.3498 -0.7579
vn 0.2895 0.3498 -0.8910
vn -0.0000 0.3498 -0.9368
vn -0.2895 0.3498 -0.8910
vn -0.5507 0.3498 -0.7579
vn -0.7579 0.3498 -0.5506
vn -0.8910 0.3498 -0.2895
vn -0.9368 0.3498 -0.0000
vn -0.9672 0.2541 -0.0000
vn -0.9198 0.2541 -0.2989
vn -0.7825 0.2541 -0.5685
vn -0.5685 0.2541 -0.7825
vn -0.2989 0.2541 -0.9198
vn 0.0000 0.2541 -0.9672
vn 0.2989 0.2541 -0.9198
vn 0.5685 0.2541 -0.7825
vn 0.7825 0.2541 -0.5685
vn 0.9198 0.2541 -0.2989
vn 0.9672 0.2541 -0.0000
vn -0.8531 -0.4421 0.2772
vn -0.9230 0.2411 0.2999
vn -0.7256 -0.4421 0.5272
vn -0.7852 0.2411 0.5704
vn -0.5704 0.2411 0.7852
vn -0.5272 -0.4421 0.7256
vn -0.2999 0.2411 0.9230
vn -0.2772 -0.4421 0.8531
vn 0.0000 0.2411 0.9705
vn -0.0000 -0.4421 0.8969
vn 0.2772 -0.4421 0.8531
vn 0.2999 0.2411 0.9230
vn 0.5272 -0.4421 0.7256
vn 0.5704 0.2411 0.7852
vn 0.7256 -0.4421 0.5272
vn 0.7852 0.2411 0.5704
vn 0.8531 -0.4421 0.2772
vn 0.9230 0.2411 0.2999
vn 0.8910 0.3498 0.2895
vn 0.7579 0.3498 0.5507
vn 0.5507 0.3498 0.7579
vn 0.2895 0.3498 0.8910
vn 0.0000 0.3498 0.9368
vn -0.2895 0.3498 0.8910
vn -0.5507 0.3498 0.7579
vn -0.7579 0.3498 0.5506
vn -0.8910 0.3498 0.2895
vn -0.9198 0.2541 0.2989
vn -0.7825 0.2541 0.5685
vn -0.5685 0.2541 0.7825
vn -0.2989 0.2541 0.9198
vn 0.0000 0.2541 0.9672
vn 0.2989 0.2541 0.9198
vn 0.5685 0.2541 0.7825
vn 0.7825 0.2541 0.5685
vn 0.9198 0.2541 0.2989
vn 0.9895 0.1446 -0.0000
vn 0.9411 0.1446 -0.3058
vn 0.8005 0.1446 -0.5816
vn 0.5816 0.1446 -0.8005
vn 0.3058 0.1446 -0.9411
vn 0.0000 0.1446 -0.9895
vn -0.3058 0.1446 -0.9411
vn -0.5816 0.1446 -0.8005
vn -0.8005 0.1446 -0.5816
vn -0.9411 0.1446 -0.3058
vn -0.9895 0.1446 -0.0000
vn 0.9411 0.1446 0.3058
vn 0.8005 0.1446 0.5816
vn 0.5816 0.1446 0.8005
vn 0.3058 0.1446 0.9411
vn 0.0000 0.1446 0.9895
vn -0.3058 0.1446 0.9411
vn -0.5816 0.1446 0.8005
vn -0.8005 0.1446 0.5816
vn -0.9411 0.1446 0.3058
vn 0.9107 0.4131 0.0000
vn 0.8661 0.4131 -0.2814
vn -0.9107 0.4131 -0.0000
vn -0.8661 0.4131 -0.2814
vn -0.9385 0.1621 -0.3049
vn -0.9868 0.1621 -0.0000
vn -0.9214 -0.2476 -0.2994
vn -0.9689 -0.2476 0.0000
vn -0.9343 -0.1869 -0.3036
vn -0.9824 -0.1869 -0.0000
vn -0.7839 -0.2476 -0.5695
vn -0.7983 0.1621 -0.5800
vn -0.7368 0.4131 -0.5353
vn -0.7948 -0.1869 -0.5774
vn -0.5353 0.4131 -0.7368
vn -0.5800 0.1621 -0.7983
vn -0.5695 -0.2476 -0.7839
vn -0.5774 -0.1869 -0.7948
vn -0.3049 0.1621 -0.9385
vn -0.2814 0.4131 -0.8661
vn -0.2994 -0.2476 -0.9214
vn -0.3036 -0.1869 -0.9343
vn 0.0000 0.4131 -0.9107
vn 0.0000 0.1621 -0.9868
vn -0.0000 -0.2476 -0.9689
vn 0.0000 -0.1869 -0.9824
vn 0.3036 -0.1869 -0.9343
vn 0.2994 -0.2476 -0.9214
vn 0.3049 0.1621 -0.9385
vn 0.2814 0.4131 -0.8661
vn 0.5695 -0.2476 -0.7839
vn 0.5800 0.1621 -0.7983
vn 0.5774 -0.1869 -0.7948
vn 0.5353 0.4131 -0.7368
vn 0.7839 -0.2476 -0.5695
vn 0.7948 -0.1869 -0.5774
vn 0.7983 0.1621 -0.5800
vn 0.7368 0.4131 -0.5353
vn 0.9214 -0.2476 -0.2994
vn 0.9343 -0.1869 -0.3036
vn 0.9385 0.1621 -0.3049
vn 0.9689 -0.2476 -0.0000
vn 0.9868 0.1621 -0.0000
vn 0.9824 -0.1869 0.0000
vn 0.8661 0.4131 0.2814
vn -0.8661 0.4131 0.2814
vn -0.9385 0.1621 0.3049
vn -0.9214 -0.2476 0.2994
vn -0.9343 -0.1869 0.3036
vn -0.7983 0.1621 0.5800
vn -0.7839 -0.2476 0.5695
vn -0.7368 0.4131 0.5353
vn -0.7948 -0.1869 0.5774
vn -0.5353 0.4131 0.7368
vn -0.5800 0.1621 0.7983
vn -0.5695 -0.2476 0.7839
vn -0.5774 -0.1869 0.7948
vn -0.3049 0.1621 0.9385
vn -0.2814 0.4131 0.8661
vn -0.3036 -0.1869 0.9343
vn -0.2994 -0.2476 0.9214
vn -0.0000 0.4131 0.9107
vn -0.0000 0.1621 0.9868
vn 0.0000 -0.1869 0.9824
vn 0.0000 -0.2476 0.9689
vn 0.2994 -0.2476 0.9214
vn 0.3036 -0.1869 0.9343
vn 0.3049 0.1621 0.9385
vn 0.2814 0.4131 0.8661
vn 0.5800 0.1621 0.7983
vn 0.5695 -0.2476 0.7839
vn 0.5774 -0.1869 0.7948
vn 0.5353 0.4131 0.7368
vn 0.7948 -0.1869 0.5774
vn 0.7839 -0.2476 0.5695
vn 0.7983 0.1621 0.5800
vn 0.7368 0.4131 0.5353
vn 0.9343 -0.1869 0.3036
vn 0.9214 -0.2476 0.2994
vn 0.9385 0.1621 0.3049
vn 0.9110 -0.2873 -0.2960
vn 0.9579 -0.2873 -0.0000
vn 0.9506 -0.0317 -0.3089
vn 0.9995 -0.0317 -0.0000
vn 0.9508 0.0237 -0.3089
vn 0.9997 0.0240 -0.0000
vn -0.9508 0.0237 -0.3089
vn -0.9997 0.0240 0.0000
vn -0.8088 0.0237 -0.5876
vn -0.5876 0.0237 -0.8088
vn -0.3089 0.0237 -0.9508
vn 0.0000 0.0240 -0.9997
vn 0.3089 0.0240 -0.9508
vn 0.5876 0.0237 -0.8088
vn 0.8088 0.0237 -0.5876
vn -0.9579 -0.2873 0.0000
vn -0.9110 -0.2873 -0.2960
vn -0.9506 -0.0317 -0.3089
vn -0.9995 -0.0317 0.0000
vn -0.7749 -0.2873 -0.5630
vn -0.8086 -0.0317 -0.5875
vn -0.5630 -0.2873 -0.7749
vn -0.5875 -0.0317 -0.8086
vn -0.2960 -0.2873 -0.9110
vn -0.3089 -0.0317 -0.9506
vn 0.0000 -0.2873 -0.9579
vn -0.0000 -0.0317 -0.9995
vn 0.2960 -0.2873 -0.9110
vn 0.3089 -0.0317 -0.9506
vn 0.5630 -0.2873 -0.7749
vn 0.5875 -0.0317 -0.8086
vn 0.8086 -0.0317 -0.5875
vn 0.7749 -0.2873 -0.5630
vn 0.9110 -0.2873 0.2960
vn 0.9506 -0.0317 0.3089
vn 0.9508 0.0237 0.3089
vn -0.9508 0.0237 0.3089
vn -0.8088 0.0237 0.5876
vn -0.5876 0.0237 0.8088
vn -0.3089 0.0237 0.9508
vn 0.0000 0.0240 0.9997
vn 0.3089 0.0240 0.9508
vn 0.5876 0.0237 0.8088
vn 0.8088 0.0237 0.5876
vn -0.9110 -0.2873 0.2960
vn -0.9506 -0.0317 0.3089
vn -0.7749 -0.2873 0.5630
vn -0.8086 -0.0317 0.5875
vn -0.5630 -0.2873 0.7749
vn -0.5875 -0.0317 0.8086
vn -0.2960 -0.2873 0.9110
vn -0.3089 -0.0317 0.9506
vn 0.0000 -0.2873 0.9579
vn -0.0000 -0.0317 0.9995
vn 0.2960 -0.2873 0.9110
vn 0.3089 -0.0317 0.9506
vn 0.5630 -0.2873 0.7749
vn 0.5875 -0.0317 0.8086
vn 0.8086 -0.0317 0.5875
vn 0.7749 -0.2873 0.5630
vn -0.4179 0.8975 -0.1407
vn -0.3459 0.9008 -0.2627
vn -0.9446 -0.1160 -0.3069
vn -0.9933 -0.1160 -0.0000
vn -0.8036 -0.1160 -0.5838
vn -0.2462 0.9006 -0.3583
vn -0.5838 -0.1160 -0.8036
vn -0.1189 0.9048 -0.4089
vn 0.0193 0.9036 -0.4279
vn -0.3069 -0.1160 -0.9446
vn 0.0000 -0.1160 -0.9933
vn 0.3069 -0.1160 -0.9446
vn 0.1546 0.9042 -0.3981
vn 0.5838 -0.1160 -0.8036
vn 0.2686 0.9035 -0.3341
vn 0.8036 -0.1160 -0.5838
vn 0.3558 0.9021 -0.2441
vn 0.4116 0.9027 -0.1252
vn 0.9446 -0.1160 -0.3069
vn 0.9933 -0.1160 0.0000
vn 0.4265 0.9045 -0.0000
vn -0.4246 0.9054 0.0000
vn -0.3459 0.9008 0.2627
vn -0.4179 0.8975 0.1407
vn -0.9446 -0.1160 0.3069
vn -0.8036 -0.1160 0.5838
vn -0.2462 0.9006 0.3583
vn -0.5838 -0.1160 0.8036
vn -0.1189 0.9048 0.4089
vn 0.0193 0.9036 0.4279
vn -0.3069 -0.1160 0.9446
vn 0.0000 -0.1160 0.9933
vn 0.3069 -0.1160 0.9446
vn 0.1546 0.9042 0.3981
vn 0.5838 -0.1160 0.8036
vn 0.2686 0.9035 0.3341
vn 0.8036 -0.1160 0.5838
vn 0.3558 0.9021 0.2441
vn 0.4116 0.9027 0.1252
vn 0.9446 -0.1160 0.3069
# 1135 vertex normals

vt 0.3184 0.8753 0.0000
vt 0.3391 0.8753 0.0000
vt 0.3391 0.8987 0.0000
vt 0.3184 0.8987 0.0000
vt 0.3184 0.9058 0.0000
vt 0.3184 0.9031 0.0000
vt 0.3391 0.9031 0.0000
vt 0.3391 0.9058 0.0000
vt 0.3391 0.9124 0.0000
vt 0.3184 0.9124 0.0000
vt 0.3184 0.9098 0.0000
vt 0.3391 0.9098 0.0000
vt 0.5477 0.9861 0.0000
vt 0.5197 0.9861 0.0000
vt 0.5197 0.9758 0.0000
vt 0.5477 0.9758 0.0000
vt 0.5197 0.9921 0.0000
vt 0.4955 0.9921 0.0000
vt 0.4955 0.9861 0.0000
vt 0.5477 0.9657 0.0000
vt 0.5197 0.9657 0.0000
vt 0.4955 0.9758 0.0000
vt 0.4955 0.9657 0.0000
vt 0.5197 0.9527 0.0000
vt 0.5477 0.9527 0.0000
vt 0.5477 0.9585 0.0000
vt 0.5197 0.9585 0.0000
vt 0.4726 0.9921 0.0000
vt 0.4726 0.9861 0.0000
vt 0.5197 0.9424 0.0000
vt 0.5477 0.9424 0.0000
vt 0.4955 0.9527 0.0000
vt 0.4955 0.9585 0.0000
vt 0.4726 0.9758 0.0000
vt 0.4726 0.9657 0.0000
vt 0.5197 0.9259 0.0000
vt 0.5477 0.9259 0.0000
vt 0.4502 0.9921 0.0000
vt 0.4502 0.9861 0.0000
vt 0.4502 0.9758 0.0000
vt 0.4955 0.9424 0.0000
vt 0.4726 0.9527 0.0000
vt 0.4726 0.9585 0.0000
vt 0.4955 0.9259 0.0000
vt 0.4273 0.9921 0.0000
vt 0.4273 0.9861 0.0000
vt 0.4726 0.9424 0.0000
vt 0.4726 0.9259 0.0000
vt 0.4502 0.9527 0.0000
vt 0.4502 0.9424 0.0000
vt 0.4502 0.9585 0.0000
vt 0.4502 0.9657 0.0000
vt 0.4502 0.9259 0.0000
vt 0.4273 0.9527 0.0000
vt 0.4273 0.9424 0.0000
vt 0.4273 0.9585 0.0000
vt 0.4273 0.9259 0.0000
vt 0.4273 0.9758 0.0000
vt 0.4273 0.9657 0.0000
vt 0.4044 0.9527 0.0000
vt 0.4044 0.9424 0.0000
vt 0.4044 0.9259 0.0000
vt 0.4044 0.9585 0.0000
vt 0.4044 0.9758 0.0000
vt 0.4044 0.9657 0.0000
vt 0.4044 0.9861 0.0000
vt 0.4044 0.9921 0.0000
vt 0.3819 0.9527 0.0000
vt 0.3819 0.9424 0.0000
vt 0.3819 0.9585 0.0000
vt 0.3819 0.9259 0.0000
vt 0.3819 0.9758 0.0000
vt 0.3819 0.9657 0.0000
vt 0.3819 0.9861 0.0000
vt 0.3819 0.9921 0.0000
vt 0.3600 0.9527 0.0000
vt 0.3600 0.9424 0.0000
vt 0.3600 0.9259 0.0000
vt 0.3600 0.9585 0.0000
vt 0.3600 0.9921 0.0000
vt 0.3600 0.9861 0.0000
vt 0.3600 0.9758 0.0000
vt 0.3600 0.9657 0.0000
vt 0.3391 0.9921 0.0000
vt 0.3391 0.9861 0.0000
vt 0.3391 0.9758 0.0000
vt 0.3391 0.9424 0.0000
vt 0.3391 0.9259 0.0000
vt 0.3391 0.9527 0.0000
vt 0.3391 0.9585 0.0000
vt 0.3391 0.9657 0.0000
vt 0.3184 0.9527 0.0000
vt 0.3184 0.9424 0.0000
vt 0.3184 0.9585 0.0000
vt 0.3184 0.9259 0.0000
vt 0.3184 0.9921 0.0000
vt 0.3184 0.9861 0.0000
vt 0.3184 0.9758 0.0000
vt 0.3184 0.9657 0.0000
vt 0.5197 0.0533 0.0000
vt 0.5477 0.0533 0.0000
vt 0.5477 0.0570 0.0000
vt 0.5197 0.0570 0.0000
vt 0.5477 0.0369 0.0000
vt 0.5197 0.0369 0.0000
vt 0.5197 0.0181 0.0000
vt 0.5477 0.0181 0.0000
vt 0.5477 0.0476 0.0000
vt 0.5197 0.0476 0.0000
vt 0.4955 0.0533 0.0000
vt 0.4955 0.0570 0.0000
vt 0.4955 0.0369 0.0000
vt 0.4955 0.0181 0.0000
vt 0.4955 0.0476 0.0000
vt 0.4726 0.0570 0.0000
vt 0.4726 0.0533 0.0000
vt 0.4726 0.0476 0.0000
vt 0.4726 0.0369 0.0000
vt 0.4726 0.0181 0.0000
vt 0.4502 0.0570 0.0000
vt 0.4502 0.0533 0.0000
vt 0.4502 0.0476 0.0000
vt 0.4502 0.0369 0.0000
vt 0.4502 0.0181 0.0000
vt 0.4273 0.0570 0.0000
vt 0.4273 0.0533 0.0000
vt 0.4273 0.0476 0.0000
vt 0.4273 0.0369 0.0000
vt 0.4273 0.0181 0.0000
vt 0.4044 0.0533 0.0000
vt 0.4044 0.0570 0.0000
vt 0.4044 0.0369 0.0000
vt 0.4044 0.0181 0.0000
vt 0.4044 0.0476 0.0000
vt 0.3819 0.0533 0.0000
vt 0.3819 0.0570 0.0000
vt 0.3819 0.0369 0.0000
vt 0.3819 0.0181 0.0000
vt 0.3819 0.0476 0.0000
vt 0.3600 0.0533 0.0000
vt 0.3600 0.0570 0.0000
vt 0.3600 0.0476 0.0000
vt 0.3600 0.0369 0.0000
vt 0.3600 0.0181 0.0000
vt 0.3391 0.0533 0.0000
vt 0.3391 0.0570 0.0000
vt 0.3391 0.0476 0.0000
vt 0.3391 0.0369 0.0000
vt 0.3391 0.0181 0.0000
vt 0.3184 0.0533 0.0000
vt 0.3184 0.0570 0.0000
vt 0.3184 0.0369 0.0000
vt 0.3184 0.0181 0.0000
vt 0.3184 0.0476 0.0000
vt 0.3391 0.0994 0.0000
vt 0.3391 0.1066 0.0000
vt 0.3184 0.1066 0.0000
vt 0.3184 0.0994 0.0000
vt 0.3184 0.0872 0.0000
vt 0.3391 0.0872 0.0000
vt 0.3391 0.0754 0.0000
vt 0.3184 0.0754 0.0000
vt 0.3184 0.0648 0.0000
vt 0.3391 0.0648 0.0000
vt 0.3600 0.0754 0.0000
vt 0.3600 0.0872 0.0000
vt 0.3600 0.0994 0.0000
vt 0.3600 0.1066 0.0000
vt 0.3600 0.0648 0.0000
vt 0.3819 0.0754 0.0000
vt 0.3819 0.0872 0.0000
vt 0.3819 0.0994 0.0000
vt 0.3819 0.1066 0.0000
vt 0.3819 0.0648 0.0000
vt 0.4044 0.0754 0.0000
vt 0.4044 0.0872 0.0000
vt 0.4044 0.0994 0.0000
vt 0.4044 0.1066 0.0000
vt 0.4044 0.0648 0.0000
vt 0.4273 0.1066 0.0000
vt 0.4273 0.0994 0.0000
vt 0.4273 0.0872 0.0000
vt 0.4273 0.0754 0.0000
vt 0.4273 0.0648 0.0000
vt 0.4502 0.0994 0.0000
vt 0.4502 0.1066 0.0000
vt 0.4502 0.0872 0.0000
vt 0.4502 0.0754 0.0000
vt 0.4502 0.0648 0.0000
vt 0.4726 0.1066 0.0000
vt 0.4726 0.0994 0.0000
vt 0.4726 0.0872 0.0000
vt 0.4726 0.0754 0.0000
vt 0.4726 0.0648 0.0000
vt 0.4955 0.0754 0.0000
vt 0.4955 0.0872 0.0000
vt 0.4955 0.0994 0.0000
vt 0.4955 0.1066 0.0000
vt 0.4955 0.0648 0.0000
vt 0.5197 0.0754 0.0000
vt 0.5197 0.0872 0.0000
vt 0.5197 0.0648 0.0000
vt 0.5197 0.0994 0.0000
vt 0.5197 0.1066 0.0000
vt 0.5477 0.0754 0.0000
vt 0.5477 0.0872 0.0000
vt 0.5477 0.0648 0.0000
vt 0.5477 0.0994 0.0000
vt 0.5477 0.1066 0.0000
vt 0.5477 0.8500 0.0000
vt 0.5197 0.8500 0.0000
vt 0.5197 0.8461 0.0000
vt 0.5477 0.8461 0.0000
vt 0.5477 0.8409 0.0000
vt 0.5197 0.8409 0.0000
vt 0.5197 0.8331 0.0000
vt 0.5477 0.8331 0.0000
vt 0.5477 0.8354 0.0000
vt 0.5197 0.8354 0.0000
vt 0.5197 0.8183 0.0000
vt 0.5477 0.8183 0.0000
vt 0.5477 0.8286 0.0000
vt 0.5197 0.8286 0.0000
vt 0.4955 0.8331 0.0000
vt 0.4955 0.8354 0.0000
vt 0.4955 0.8461 0.0000
vt 0.4955 0.8409 0.0000
vt 0.4955 0.8500 0.0000
vt 0.4955 0.8286 0.0000
vt 0.4955 0.8183 0.0000
vt 0.4726 0.8500 0.0000
vt 0.4726 0.8461 0.0000
vt 0.4726 0.8409 0.0000
vt 0.4726 0.8354 0.0000
vt 0.4726 0.8331 0.0000
vt 0.4726 0.8286 0.0000
vt 0.4726 0.8183 0.0000
vt 0.4502 0.8461 0.0000
vt 0.4502 0.8409 0.0000
vt 0.4502 0.8500 0.0000
vt 0.4502 0.8286 0.0000
vt 0.4502 0.8183 0.0000
vt 0.4502 0.8354 0.0000
vt 0.4502 0.8331 0.0000
vt 0.4273 0.8500 0.0000
vt 0.4273 0.8461 0.0000
vt 0.4273 0.8409 0.0000
vt 0.4273 0.8286 0.0000
vt 0.4273 0.8183 0.0000
vt 0.4273 0.8354 0.0000
vt 0.4273 0.8331 0.0000
vt 0.4044 0.8183 0.0000
vt 0.4044 0.8286 0.0000
vt 0.4044 0.8354 0.0000
vt 0.4044 0.8331 0.0000
vt 0.4044 0.8461 0.0000
vt 0.4044 0.8409 0.0000
vt 0.4044 0.8500 0.0000
vt 0.3819 0.8331 0.0000
vt 0.3819 0.8354 0.0000
vt 0.3819 0.8461 0.0000
vt 0.3819 0.8409 0.0000
vt 0.3819 0.8286 0.0000
vt 0.3819 0.8183 0.0000
vt 0.3819 0.8500 0.0000
vt 0.3600 0.8286 0.0000
vt 0.3600 0.8183 0.0000
vt 0.3600 0.8354 0.0000
vt 0.3600 0.8331 0.0000
vt 0.3600 0.8461 0.0000
vt 0.3600 0.8409 0.0000
vt 0.3600 0.8500 0.0000
vt 0.3391 0.8286 0.0000
vt 0.3391 0.8183 0.0000
vt 0.3391 0.8354 0.0000
vt 0.3391 0.8331 0.0000
vt 0.3391 0.8500 0.0000
vt 0.3391 0.8461 0.0000
vt 0.3391 0.8409 0.0000
vt 0.3184 0.8331 0.0000
vt 0.3184 0.8354 0.0000
vt 0.3184 0.8461 0.0000
vt 0.3184 0.8409 0.0000
vt 0.3184 0.8183 0.0000
vt 0.3184 0.8286 0.0000
vt 0.3184 0.8500 0.0000
vt 0.5477 0.1194 0.0000
vt 0.5197 0.1194 0.0000
vt 0.5197 0.1140 0.0000
vt 0.5477 0.1140 0.0000
vt 0.4955 0.1194 0.0000
vt 0.4955 0.1140 0.0000
vt 0.4726 0.1194 0.0000
vt 0.4726 0.1140 0.0000
vt 0.4502 0.1194 0.0000
vt 0.4502 0.1140 0.0000
vt 0.4273 0.1194 0.0000
vt 0.4273 0.1140 0.0000
vt 0.4044 0.1194 0.0000
vt 0.4044 0.1140 0.0000
vt 0.3819 0.1194 0.0000
vt 0.3819 0.1140 0.0000
vt 0.3600 0.1194 0.0000
vt 0.3600 0.1140 0.0000
vt 0.3391 0.1194 0.0000
vt 0.3391 0.1140 0.0000
vt 0.3184 0.1194 0.0000
vt 0.3184 0.1140 0.0000
vt 0.3391 0.4813 0.0000
vt 0.3391 0.8060 0.0000
vt 0.3184 0.8060 0.0000
vt 0.3184 0.4813 0.0000
vt 0.3391 0.1477 0.0000
vt 0.3391 0.1546 0.0000
vt 0.3184 0.1546 0.0000
vt 0.3184 0.1477 0.0000
vt 0.3391 0.1321 0.0000
vt 0.3184 0.1321 0.0000
vt 0.3600 0.4813 0.0000
vt 0.3600 0.8060 0.0000
vt 0.3600 0.1477 0.0000
vt 0.3600 0.1546 0.0000
vt 0.3600 0.1321 0.0000
vt 0.3819 0.4813 0.0000
vt 0.3819 0.8060 0.0000
vt 0.3819 0.1477 0.0000
vt 0.3819 0.1321 0.0000
vt 0.3819 0.1546 0.0000
vt 0.4044 0.4813 0.0000
vt 0.4044 0.8060 0.0000
vt 0.4044 0.1477 0.0000
vt 0.4044 0.1321 0.0000
vt 0.4044 0.1546 0.0000
vt 0.4273 0.4813 0.0000
vt 0.4273 0.8060 0.0000
vt 0.4273 0.1477 0.0000
vt 0.4273 0.1321 0.0000
vt 0.4273 0.1546 0.0000
vt 0.4502 0.4813 0.0000
vt 0.4502 0.8060 0.0000
vt 0.4502 0.1477 0.0000
vt 0.4502 0.1546 0.0000
vt 0.4502 0.1321 0.0000
vt 0.4726 0.4813 0.0000
vt 0.4726 0.8060 0.0000
vt 0.4726 0.1477 0.0000
vt 0.4726 0.1321 0.0000
vt 0.4726 0.1546 0.0000
vt 0.4955 0.4813 0.0000
vt 0.4955 0.8060 0.0000
vt 0.4955 0.1477 0.0000
vt 0.4955 0.1321 0.0000
vt 0.4955 0.1546 0.0000
vt 0.5197 0.4813 0.0000
vt 0.5197 0.8060 0.0000
vt 0.5197 0.1477 0.0000
vt 0.5197 0.1321 0.0000
vt 0.5197 0.1546 0.0000
vt 0.5477 0.4813 0.0000
vt 0.5477 0.8060 0.0000
vt 0.5477 0.1477 0.0000
vt 0.5477 0.1546 0.0000
vt 0.5477 0.1321 0.0000
vt 0.5197 0.8987 0.0000
vt 0.5197 0.8753 0.0000
vt 0.5477 0.8753 0.0000
vt 0.5477 0.8987 0.0000
vt 0.5477 0.9124 0.0000
vt 0.5197 0.9124 0.0000
vt 0.5197 0.9098 0.0000
vt 0.5477 0.9098 0.0000
vt 0.5197 0.9031 0.0000
vt 0.5477 0.9031 0.0000
vt 0.5477 0.9058 0.0000
vt 0.5197 0.9058 0.0000
vt 0.4955 0.8753 0.0000
vt 0.4955 0.8987 0.0000
vt 0.4955 0.9058 0.0000
vt 0.4955 0.9031 0.0000
vt 0.4955 0.9124 0.0000
vt 0.4955 0.9098 0.0000
vt 0.4726 0.8987 0.0000
vt 0.4726 0.8753 0.0000
vt 0.4726 0.9124 0.0000
vt 0.4726 0.9098 0.0000
vt 0.4726 0.9031 0.0000
vt 0.4726 0.9058 0.0000
vt 0.4502 0.8987 0.0000
vt 0.4502 0.8753 0.0000
vt 0.4502 0.9124 0.0000
vt 0.4502 0.9098 0.0000
vt 0.4502 0.9031 0.0000
vt 0.4502 0.9058 0.0000
vt 0.4273 0.8987 0.0000
vt 0.4273 0.8753 0.0000
vt 0.4273 0.9124 0.0000
vt 0.4273 0.9098 0.0000
vt 0.4273 0.9058 0.0000
vt 0.4273 0.9031 0.0000
vt 0.4044 0.8753 0.0000
vt 0.4044 0.8987 0.0000
vt 0.4044 0.9058 0.0000
vt 0.4044 0.9031 0.0000
vt 0.4044 0.9124 0.0000
vt 0.4044 0.9098 0.0000
vt 0.3819 0.8753 0.0000
vt 0.3819 0.8987 0.0000
vt 0.3819 0.9058 0.0000
vt 0.3819 0.9031 0.0000
vt 0.3819 0.9124 0.0000
vt 0.3819 0.9098 0.0000
vt 0.3600 0.9124 0.0000
vt 0.3600 0.9098 0.0000
vt 0.3600 0.9031 0.0000
vt 0.3600 0.9058 0.0000
vt 0.3600 0.8753 0.0000
vt 0.3600 0.8987 0.0000
vt 0.9761 0.2934 0.0000
vt 0.9801 0.3579 0.0000
vt 0.8796 0.5162 0.0000
vt 0.8195 0.5400 0.0000
vt 0.7706 0.7721 0.0000
vt 0.8148 0.7721 0.0000
vt 0.8187 0.8388 0.0000
vt 0.7723 0.8434 0.0000
vt 0.8628 0.8308 0.0000
vt 0.8718 0.8757 0.0000
vt 0.8281 0.8928 0.0000
vt 0.8604 0.7720 0.0000
vt 0.7767 0.9025 0.0000
vt 0.7228 0.9000 0.0000
vt 0.7246 0.8419 0.0000
vt 0.6734 0.8870 0.0000
vt 0.6769 0.8353 0.0000
vt 0.6372 0.8721 0.0000
vt 0.6291 0.8307 0.0000
vt 0.8355 0.9520 0.0000
vt 0.7724 0.9657 0.0000
vt 0.8877 0.9208 0.0000
vt 0.7072 0.9576 0.0000
vt 0.6505 0.9296 0.0000
vt 0.6094 0.8897 0.0000
vt 0.9060 0.8261 0.0000
vt 0.9027 0.8598 0.0000
vt 0.9237 0.8806 0.0000
vt 0.9472 0.8334 0.0000
vt 0.5812 0.8383 0.0000
vt 0.5697 0.7721 0.0000
vt 0.6258 0.7721 0.0000
vt 0.5477 0.9921 0.0000
vt 0.7258 0.7721 0.0000
vt 0.6786 0.7721 0.0000
vt 0.9085 0.7720 0.0000
vt 0.9567 0.7720 0.0000
vt 0.2965 0.8987 0.0000
vt 0.2965 0.8753 0.0000
vt 0.2965 0.9031 0.0000
vt 0.2965 0.9058 0.0000
vt 0.2965 0.9124 0.0000
vt 0.2965 0.9098 0.0000
vt 0.1189 0.9758 0.0000
vt 0.1189 0.9861 0.0000
vt 0.0961 0.9861 0.0000
vt 0.0961 0.9758 0.0000
vt 0.1189 0.9921 0.0000
vt 0.1417 0.9861 0.0000
vt 0.1417 0.9921 0.0000
vt 0.0961 0.9657 0.0000
vt 0.1189 0.9657 0.0000
vt 0.1417 0.9657 0.0000
vt 0.1417 0.9758 0.0000
vt 0.0961 0.9585 0.0000
vt 0.0961 0.9527 0.0000
vt 0.1189 0.9527 0.0000
vt 0.1189 0.9585 0.0000
vt 0.1649 0.9861 0.0000
vt 0.1649 0.9921 0.0000
vt 0.0961 0.9424 0.0000
vt 0.1189 0.9424 0.0000
vt 0.1417 0.9527 0.0000
vt 0.1417 0.9585 0.0000
vt 0.1649 0.9657 0.0000
vt 0.1649 0.9758 0.0000
vt 0.0961 0.9259 0.0000
vt 0.1189 0.9259 0.0000
vt 0.1881 0.9861 0.0000
vt 0.1881 0.9921 0.0000
vt 0.1881 0.9758 0.0000
vt 0.1417 0.9424 0.0000
vt 0.1649 0.9527 0.0000
vt 0.1649 0.9585 0.0000
vt 0.1417 0.9259 0.0000
vt 0.2108 0.9861 0.0000
vt 0.2108 0.9921 0.0000
vt 0.1649 0.9424 0.0000
vt 0.1649 0.9259 0.0000
vt 0.1881 0.9527 0.0000
vt 0.1881 0.9424 0.0000
vt 0.1881 0.9585 0.0000
vt 0.1881 0.9657 0.0000
vt 0.1881 0.9259 0.0000
vt 0.2108 0.9424 0.0000
vt 0.2108 0.9527 0.0000
vt 0.2108 0.9585 0.0000
vt 0.2108 0.9259 0.0000
vt 0.2108 0.9657 0.0000
vt 0.2108 0.9758 0.0000
vt 0.2329 0.9527 0.0000
vt 0.2329 0.9424 0.0000
vt 0.2329 0.9259 0.0000
vt 0.2329 0.9585 0.0000
vt 0.2329 0.9657 0.0000
vt 0.2329 0.9758 0.0000
vt 0.2329 0.9861 0.0000
vt 0.2329 0.9921 0.0000
vt 0.2538 0.9424 0.0000
vt 0.2538 0.9527 0.0000
vt 0.2538 0.9585 0.0000
vt 0.2538 0.9259 0.0000
vt 0.2538 0.9657 0.0000
vt 0.2538 0.9758 0.0000
vt 0.2538 0.9861 0.0000
vt 0.2538 0.9921 0.0000
vt 0.2745 0.9424 0.0000
vt 0.2745 0.9527 0.0000
vt 0.2745 0.9259 0.0000
vt 0.2745 0.9585 0.0000
vt 0.2745 0.9861 0.0000
vt 0.2745 0.9921 0.0000
vt 0.2745 0.9758 0.0000
vt 0.2745 0.9657 0.0000
vt 0.2965 0.9861 0.0000
vt 0.2965 0.9921 0.0000
vt 0.2965 0.9758 0.0000
vt 0.2965 0.9259 0.0000
vt 0.2965 0.9424 0.0000
vt 0.2965 0.9527 0.0000
vt 0.2965 0.9585 0.0000
vt 0.2965 0.9657 0.0000
vt 0.0961 0.0570 0.0000
vt 0.0961 0.0533 0.0000
vt 0.1189 0.0533 0.0000
vt 0.1189 0.0570 0.0000
vt 0.1189 0.0181 0.0000
vt 0.1189 0.0369 0.0000
vt 0.0961 0.0369 0.0000
vt 0.0961 0.0181 0.0000
vt 0.1189 0.0476 0.0000
vt 0.0961 0.0476 0.0000
vt 0.1417 0.0533 0.0000
vt 0.1417 0.0570 0.0000
vt 0.1417 0.0181 0.0000
vt 0.1417 0.0369 0.0000
vt 0.1417 0.0476 0.0000
vt 0.1649 0.0533 0.0000
vt 0.1649 0.0570 0.0000
vt 0.1649 0.0369 0.0000
vt 0.1649 0.0476 0.0000
vt 0.1649 0.0181 0.0000
vt 0.1881 0.0533 0.0000
vt 0.1881 0.0570 0.0000
vt 0.1881 0.0369 0.0000
vt 0.1881 0.0476 0.0000
vt 0.1881 0.0181 0.0000
vt 0.2108 0.0533 0.0000
vt 0.2108 0.0570 0.0000
vt 0.2108 0.0369 0.0000
vt 0.2108 0.0476 0.0000
vt 0.2108 0.0181 0.0000
vt 0.2329 0.0533 0.0000
vt 0.2329 0.0570 0.0000
vt 0.2329 0.0181 0.0000
vt 0.2329 0.0369 0.0000
vt 0.2329 0.0476 0.0000
vt 0.2538 0.0533 0.0000
vt 0.2538 0.0570 0.0000
vt 0.2538 0.0181 0.0000
vt 0.2538 0.0369 0.0000
vt 0.2538 0.0476 0.0000
vt 0.2745 0.0533 0.0000
vt 0.2745 0.0570 0.0000
vt 0.2745 0.0369 0.0000
vt 0.2745 0.0476 0.0000
vt 0.2745 0.0181 0.0000
vt 0.2965 0.0533 0.0000
vt 0.2965 0.0570 0.0000
vt 0.2965 0.0369 0.0000
vt 0.2965 0.0476 0.0000
vt 0.2965 0.0181 0.0000
vt 0.2965 0.1066 0.0000
vt 0.2965 0.0994 0.0000
vt 0.2965 0.0872 0.0000
vt 0.2965 0.0754 0.0000
vt 0.2965 0.0648 0.0000
vt 0.2745 0.0872 0.0000
vt 0.2745 0.0754 0.0000
vt 0.2745 0.0994 0.0000
vt 0.2745 0.1066 0.0000
vt 0.2745 0.0648 0.0000
vt 0.2538 0.0872 0.0000
vt 0.2538 0.0754 0.0000
vt 0.2538 0.0994 0.0000
vt 0.2538 0.1066 0.0000
vt 0.2538 0.0648 0.0000
vt 0.2329 0.0872 0.0000
vt 0.2329 0.0754 0.0000
vt 0.2329 0.0994 0.0000
vt 0.2329 0.1066 0.0000
vt 0.2329 0.0648 0.0000
vt 0.2108 0.1066 0.0000
vt 0.2108 0.0994 0.0000
vt 0.2108 0.0872 0.0000
vt 0.2108 0.0754 0.0000
vt 0.2108 0.0648 0.0000
vt 0.1881 0.1066 0.0000
vt 0.1881 0.0994 0.0000
vt 0.1881 0.0872 0.0000
vt 0.1881 0.0754 0.0000
vt 0.1881 0.0648 0.0000
vt 0.1649 0.1066 0.0000
vt 0.1649 0.0994 0.0000
vt 0.1649 0.0872 0.0000
vt 0.1649 0.0754 0.0000
vt 0.1649 0.0648 0.0000
vt 0.1417 0.0872 0.0000
vt 0.1417 0.0754 0.0000
vt 0.1417 0.0994 0.0000
vt 0.1417 0.1066 0.0000
vt 0.1417 0.0648 0.0000
vt 0.1189 0.0872 0.0000
vt 0.1189 0.0754 0.0000
vt 0.1189 0.0648 0.0000
vt 0.1189 0.0994 0.0000
vt 0.1189 0.1066 0.0000
vt 0.0961 0.0872 0.0000
vt 0.0961 0.0754 0.0000
vt 0.0961 0.0648 0.0000
vt 0.0961 0.0994 0.0000
vt 0.0961 0.1066 0.0000
vt 0.1189 0.8461 0.0000
vt 0.1189 0.8500 0.0000
vt 0.0961 0.8500 0.0000
vt 0.0961 0.8461 0.0000
vt 0.0961 0.8409 0.0000
vt 0.1189 0.8409 0.0000
vt 0.0961 0.8354 0.0000
vt 0.0961 0.8331 0.0000
vt 0.1189 0.8331 0.0000
vt 0.1189 0.8354 0.0000
vt 0.0961 0.8286 0.0000
vt 0.0961 0.8183 0.0000
vt 0.1189 0.8183 0.0000
vt 0.1189 0.8286 0.0000
vt 0.1417 0.8331 0.0000
vt 0.1417 0.8354 0.0000
vt 0.1417 0.8409 0.0000
vt 0.1417 0.8461 0.0000
vt 0.1417 0.8500 0.0000
vt 0.1417 0.8183 0.0000
vt 0.1417 0.8286 0.0000
vt 0.1649 0.8461 0.0000
vt 0.1649 0.8500 0.0000
vt 0.1649 0.8409 0.0000
vt 0.1649 0.8331 0.0000
vt 0.1649 0.8354 0.0000
vt 0.1649 0.8183 0.0000
vt 0.1649 0.8286 0.0000
vt 0.1881 0.8409 0.0000
vt 0.1881 0.8461 0.0000
vt 0.1881 0.8500 0.0000
vt 0.1881 0.8183 0.0000
vt 0.1881 0.8286 0.0000
vt 0.1881 0.8331 0.0000
vt 0.1881 0.8354 0.0000
vt 0.2108 0.8461 0.0000
vt 0.2108 0.8500 0.0000
vt 0.2108 0.8409 0.0000
vt 0.2108 0.8183 0.0000
vt 0.2108 0.8286 0.0000
vt 0.2108 0.8331 0.0000
vt 0.2108 0.8354 0.0000
vt 0.2329 0.8183 0.0000
vt 0.2329 0.8286 0.0000
vt 0.2329 0.8331 0.0000
vt 0.2329 0.8354 0.0000
vt 0.2329 0.8409 0.0000
vt 0.2329 0.8461 0.0000
vt 0.2329 0.8500 0.0000
vt 0.2538 0.8331 0.0000
vt 0.2538 0.8354 0.0000
vt 0.2538 0.8409 0.0000
vt 0.2538 0.8461 0.0000
vt 0.2538 0.8183 0.0000
vt 0.2538 0.8286 0.0000
vt 0.2538 0.8500 0.0000
vt 0.2745 0.8183 0.0000
vt 0.2745 0.8286 0.0000
vt 0.2745 0.8331 0.0000
vt 0.2745 0.8354 0.0000
vt 0.2745 0.8409 0.0000
vt 0.2745 0.8461 0.0000
vt 0.2745 0.8500 0.0000
vt 0.2965 0.8183 0.0000
vt 0.2965 0.8286 0.0000
vt 0.2965 0.8331 0.0000
vt 0.2965 0.8354 0.0000
vt 0.2965 0.8461 0.0000
vt 0.2965 0.8500 0.0000
vt 0.2965 0.8409 0.0000
vt 0.1189 0.1140 0.0000
vt 0.1189 0.1194 0.0000
vt 0.0961 0.1194 0.0000
vt 0.0961 0.1140 0.0000
vt 0.1417 0.1140 0.0000
vt 0.1417 0.1194 0.0000
vt 0.1649 0.1140 0.0000
vt 0.1649 0.1194 0.0000
vt 0.1881 0.1140 0.0000
vt 0.1881 0.1194 0.0000
vt 0.2108 0.1140 0.0000
vt 0.2108 0.1194 0.0000
vt 0.2329 0.1140 0.0000
vt 0.2329 0.1194 0.0000
vt 0.2538 0.1140 0.0000
vt 0.2538 0.1194 0.0000
vt 0.2745 0.1140 0.0000
vt 0.2745 0.1194 0.0000
vt 0.2965 0.1140 0.0000
vt 0.2965 0.1194 0.0000
vt 0.2965 0.8060 0.0000
vt 0.2965 0.4813 0.0000
vt 0.2965 0.1546 0.0000
vt 0.2965 0.1477 0.0000
vt 0.2965 0.1321 0.0000
vt 0.2745 0.8060 0.0000
vt 0.2745 0.4813 0.0000
vt 0.2745 0.1546 0.0000
vt 0.2745 0.1477 0.0000
vt 0.2745 0.1321 0.0000
vt 0.2538 0.8060 0.0000
vt 0.2538 0.4813 0.0000
vt 0.2538 0.1477 0.0000
vt 0.2538 0.1321 0.0000
vt 0.2538 0.1546 0.0000
vt 0.2329 0.8060 0.0000
vt 0.2329 0.4813 0.0000
vt 0.2329 0.1477 0.0000
vt 0.2329 0.1321 0.0000
vt 0.2329 0.1546 0.0000
vt 0.2108 0.8060 0.0000
vt 0.2108 0.4813 0.0000
vt 0.2108 0.1477 0.0000
vt 0.2108 0.1321 0.0000
vt 0.2108 0.1546 0.0000
vt 0.1881 0.8060 0.0000
vt 0.1881 0.4813 0.0000
vt 0.1881 0.1546 0.0000
vt 0.1881 0.1477 0.0000
vt 0.1881 0.1321 0.0000
vt 0.1649 0.8060 0.0000
vt 0.1649 0.4813 0.0000
vt 0.1649 0.1477 0.0000
vt 0.1649 0.1321 0.0000
vt 0.1649 0.1546 0.0000
vt 0.1417 0.8060 0.0000
vt 0.1417 0.4813 0.0000
vt 0.1417 0.1477 0.0000
vt 0.1417 0.1321 0.0000
vt 0.1417 0.1546 0.0000
vt 0.1189 0.8060 0.0000
vt 0.1189 0.4813 0.0000
vt 0.1189 0.1477 0.0000
vt 0.1189 0.1321 0.0000
vt 0.1189 0.1546 0.0000
vt 0.0961 0.8060 0.0000
vt 0.0961 0.4813 0.0000
vt 0.0961 0.1546 0.0000
vt 0.0961 0.1477 0.0000
vt 0.0961 0.1321 0.0000
vt 0.0961 0.8753 0.0000
vt 0.1189 0.8753 0.0000
vt 0.1189 0.8987 0.0000
vt 0.0961 0.8987 0.0000
vt 0.1189 0.9098 0.0000
vt 0.1189 0.9124 0.0000
vt 0.0961 0.9124 0.0000
vt 0.0961 0.9098 0.0000
vt 0.0961 0.9058 0.0000
vt 0.0961 0.9031 0.0000
vt 0.1189 0.9031 0.0000
vt 0.1189 0.9058 0.0000
vt 0.1417 0.8753 0.0000
vt 0.1417 0.8987 0.0000
vt 0.1417 0.9031 0.0000
vt 0.1417 0.9058 0.0000
vt 0.1417 0.9098 0.0000
vt 0.1417 0.9124 0.0000
vt 0.1649 0.8753 0.0000
vt 0.1649 0.8987 0.0000
vt 0.1649 0.9098 0.0000
vt 0.1649 0.9124 0.0000
vt 0.1649 0.9031 0.0000
vt 0.1649 0.9058 0.0000
vt 0.1881 0.8753 0.0000
vt 0.1881 0.8987 0.0000
vt 0.1881 0.9098 0.0000
vt 0.1881 0.9124 0.0000
vt 0.1881 0.9031 0.0000
vt 0.1881 0.9058 0.0000
vt 0.2108 0.8753 0.0000
vt 0.2108 0.8987 0.0000
vt 0.2108 0.9098 0.0000
vt 0.2108 0.9124 0.0000
vt 0.2108 0.9031 0.0000
vt 0.2108 0.9058 0.0000
vt 0.2329 0.8753 0.0000
vt 0.2329 0.8987 0.0000
vt 0.2329 0.9031 0.0000
vt 0.2329 0.9058 0.0000
vt 0.2329 0.9098 0.0000
vt 0.2329 0.9124 0.0000
vt 0.2538 0.8753 0.0000
vt 0.2538 0.8987 0.0000
vt 0.2538 0.9031 0.0000
vt 0.2538 0.9058 0.0000
vt 0.2538 0.9098 0.0000
vt 0.2538 0.9124 0.0000
vt 0.2745 0.9098 0.0000
vt 0.2745 0.9124 0.0000
vt 0.2745 0.9031 0.0000
vt 0.2745 0.9058 0.0000
vt 0.2745 0.8753 0.0000
vt 0.2745 0.8987 0.0000
vt 0.8186 0.7053 0.0000
vt 0.7723 0.7007 0.0000
vt 0.8280 0.6513 0.0000
vt 0.8716 0.6683 0.0000
vt 0.8627 0.7133 0.0000
vt 0.7766 0.6417 0.0000
vt 0.7245 0.7023 0.0000
vt 0.7227 0.6442 0.0000
vt 0.6769 0.7090 0.0000
vt 0.6733 0.6572 0.0000
vt 0.6290 0.7136 0.0000
vt 0.6372 0.6722 0.0000
vt 0.7723 0.5784 0.0000
vt 0.8354 0.5921 0.0000
vt 0.8875 0.6233 0.0000
vt 0.7071 0.5866 0.0000
vt 0.6504 0.6146 0.0000
vt 0.6093 0.6545 0.0000
vt 0.9026 0.6842 0.0000
vt 0.9059 0.7179 0.0000
vt 0.9236 0.6634 0.0000
vt 0.9471 0.7105 0.0000
vt 0.5812 0.7060 0.0000
vt 0.0961 0.9921 0.0000
vt 0.5197 0.0107 0.0000
vt 0.5477 0.0107 0.0000
vt 0.4955 0.0107 0.0000
vt 0.4726 0.0107 0.0000
vt 0.4502 0.0107 0.0000
vt 0.4273 0.0107 0.0000
vt 0.4044 0.0107 0.0000
vt 0.3819 0.0107 0.0000
vt 0.3600 0.0107 0.0000
vt 0.3391 0.0107 0.0000
vt 0.3184 0.0107 0.0000
vt 0.7550 0.5440 0.0000
vt 0.8205 0.5446 0.0000
vt 0.7546 0.5487 0.0000
vt 0.6924 0.5279 0.0000
vt 0.6905 0.5323 0.0000
vt 0.6379 0.4933 0.0000
vt 0.6347 0.4969 0.0000
vt 0.5967 0.4435 0.0000
vt 0.5926 0.4459 0.0000
vt 0.5729 0.3834 0.0000
vt 0.5683 0.3844 0.0000
vt 0.5689 0.3189 0.0000
vt 0.5641 0.3185 0.0000
vt 0.5849 0.2563 0.0000
vt 0.5806 0.2544 0.0000
vt 0.6196 0.2018 0.0000
vt 0.6160 0.1986 0.0000
vt 0.6694 0.1606 0.0000
vt 0.6670 0.1565 0.0000
vt 0.7295 0.1368 0.0000
vt 0.7284 0.1322 0.0000
vt 0.7940 0.1328 0.0000
vt 0.7944 0.1280 0.0000
vt 0.8566 0.1488 0.0000
vt 0.8584 0.1445 0.0000
vt 0.9111 0.1835 0.0000
vt 0.9143 0.1799 0.0000
vt 0.9523 0.2333 0.0000
vt 0.9564 0.2309 0.0000
vt 0.9807 0.2923 0.0000
vt 0.9848 0.3583 0.0000
vt 0.9640 0.4205 0.0000
vt 0.9684 0.4223 0.0000
vt 0.9294 0.4750 0.0000
vt 0.9330 0.4782 0.0000
vt 0.8820 0.5203 0.0000
vt 0.0961 0.0107 0.0000
vt 0.1189 0.0107 0.0000
vt 0.1417 0.0107 0.0000
vt 0.1649 0.0107 0.0000
vt 0.1881 0.0107 0.0000
vt 0.2108 0.0107 0.0000
vt 0.2329 0.0107 0.0000
vt 0.2538 0.0107 0.0000
vt 0.2745 0.0107 0.0000
vt 0.2965 0.0107 0.0000
vt 0.5197 0.0496 0.0000
vt 0.5477 0.0496 0.0000
vt 0.5477 0.0590 0.0000
vt 0.5197 0.0590 0.0000
vt 0.4955 0.0496 0.0000
vt 0.4955 0.0590 0.0000
vt 0.4726 0.0590 0.0000
vt 0.4726 0.0496 0.0000
vt 0.4502 0.0590 0.0000
vt 0.4502 0.0496 0.0000
vt 0.4273 0.0590 0.0000
vt 0.4273 0.0496 0.0000
vt 0.4044 0.0496 0.0000
vt 0.4044 0.0590 0.0000
vt 0.3819 0.0496 0.0000
vt 0.3819 0.0590 0.0000
vt 0.3600 0.0496 0.0000
vt 0.3600 0.0590 0.0000
vt 0.3391 0.0496 0.0000
vt 0.3391 0.0590 0.0000
vt 0.3184 0.0496 0.0000
vt 0.3184 0.0590 0.0000
vt 0.3391 0.1086 0.0000
vt 0.3184 0.1086 0.0000
vt 0.3600 0.1086 0.0000
vt 0.3819 0.1086 0.0000
vt 0.4044 0.1086 0.0000
vt 0.4273 0.1086 0.0000
vt 0.4502 0.1086 0.0000
vt 0.4726 0.1086 0.0000
vt 0.4955 0.1086 0.0000
vt 0.5197 0.1086 0.0000
vt 0.5477 0.1086 0.0000
vt 0.5477 0.1215 0.0000
vt 0.5197 0.1215 0.0000
vt 0.4955 0.1215 0.0000
vt 0.4726 0.1215 0.0000
vt 0.4502 0.1215 0.0000
vt 0.4273 0.1215 0.0000
vt 0.4044 0.1215 0.0000
vt 0.3819 0.1215 0.0000
vt 0.3600 0.1215 0.0000
vt 0.3391 0.1215 0.0000
vt 0.3184 0.1215 0.0000
vt 0.1189 0.0590 0.0000
vt 0.0961 0.0590 0.0000
vt 0.0961 0.0496 0.0000
vt 0.1189 0.0496 0.0000
vt 0.1417 0.0590 0.0000
vt 0.1417 0.0496 0.0000
vt 0.1649 0.0496 0.0000
vt 0.1649 0.0590 0.0000
vt 0.1881 0.0496 0.0000
vt 0.1881 0.0590 0.0000
vt 0.2108 0.0496 0.0000
vt 0.2108 0.0590 0.0000
vt 0.2329 0.0590 0.0000
vt 0.2329 0.0496 0.0000
vt 0.2538 0.0590 0.0000
vt 0.2538 0.0496 0.0000
vt 0.2745 0.0590 0.0000
vt 0.2745 0.0496 0.0000
vt 0.2965 0.0590 0.0000
vt 0.2965 0.0496 0.0000
vt 0.2965 0.1086 0.0000
vt 0.2745 0.1086 0.0000
vt 0.2538 0.1086 0.0000
vt 0.2329 0.1086 0.0000
vt 0.2108 0.1086 0.0000
vt 0.1881 0.1086 0.0000
vt 0.1649 0.1086 0.0000
vt 0.1417 0.1086 0.0000
vt 0.1189 0.1086 0.0000
vt 0.0961 0.1086 0.0000
vt 0.1189 0.1215 0.0000
vt 0.0961 0.1215 0.0000
vt 0.1417 0.1215 0.0000
vt 0.1649 0.1215 0.0000
vt 0.1881 0.1215 0.0000
vt 0.2108 0.1215 0.0000
vt 0.2329 0.1215 0.0000
vt 0.2538 0.1215 0.0000
vt 0.2745 0.1215 0.0000
vt 0.2965 0.1215 0.0000
vt 0.3184 0.1566 0.0000
vt 0.3391 0.1566 0.0000
vt 0.3600 0.1566 0.0000
vt 0.3819 0.1566 0.0000
vt 0.4044 0.1566 0.0000
vt 0.4273 0.1566 0.0000
vt 0.4502 0.1566 0.0000
vt 0.4726 0.1566 0.0000
vt 0.4955 0.1566 0.0000
vt 0.5197 0.1566 0.0000
vt 0.5477 0.1566 0.0000
vt 0.2965 0.1566 0.0000
vt 0.2745 0.1566 0.0000
vt 0.2538 0.1566 0.0000
vt 0.2329 0.1566 0.0000
vt 0.2108 0.1566 0.0000
vt 0.1881 0.1566 0.0000
vt 0.1649 0.1566 0.0000
vt 0.1417 0.1566 0.0000
vt 0.1189 0.1566 0.0000
vt 0.0961 0.1566 0.0000
vt 0.3184 0.8519 0.0000
vt 0.3391 0.8519 0.0000
vt 0.5477 0.8519 0.0000
vt 0.5197 0.8519 0.0000
vt 0.5197 0.8374 0.0000
vt 0.5477 0.8374 0.0000
vt 0.5197 0.8307 0.0000
vt 0.5477 0.8307 0.0000
vt 0.5197 0.8081 0.0000
vt 0.5477 0.8081 0.0000
vt 0.4955 0.8307 0.0000
vt 0.4955 0.8374 0.0000
vt 0.4955 0.8519 0.0000
vt 0.4955 0.8081 0.0000
vt 0.4726 0.8519 0.0000
vt 0.4726 0.8374 0.0000
vt 0.4726 0.8307 0.0000
vt 0.4726 0.8081 0.0000
vt 0.4502 0.8374 0.0000
vt 0.4502 0.8519 0.0000
vt 0.4502 0.8307 0.0000
vt 0.4502 0.8081 0.0000
vt 0.4273 0.8519 0.0000
vt 0.4273 0.8374 0.0000
vt 0.4273 0.8307 0.0000
vt 0.4273 0.8081 0.0000
vt 0.4044 0.8081 0.0000
vt 0.4044 0.8307 0.0000
vt 0.4044 0.8374 0.0000
vt 0.4044 0.8519 0.0000
vt 0.3819 0.8307 0.0000
vt 0.3819 0.8374 0.0000
vt 0.3819 0.8081 0.0000
vt 0.3819 0.8519 0.0000
vt 0.3600 0.8307 0.0000
vt 0.3600 0.8081 0.0000
vt 0.3600 0.8374 0.0000
vt 0.3600 0.8519 0.0000
vt 0.3391 0.8307 0.0000
vt 0.3391 0.8081 0.0000
vt 0.3391 0.8374 0.0000
vt 0.3184 0.8307 0.0000
vt 0.3184 0.8374 0.0000
vt 0.3184 0.8081 0.0000
vt 0.2965 0.8519 0.0000
vt 0.1189 0.8519 0.0000
vt 0.0961 0.8519 0.0000
vt 0.0961 0.8374 0.0000
vt 0.1189 0.8374 0.0000
vt 0.0961 0.8307 0.0000
vt 0.1189 0.8307 0.0000
vt 0.0961 0.8081 0.0000
vt 0.1189 0.8081 0.0000
vt 0.1417 0.8374 0.0000
vt 0.1417 0.8307 0.0000
vt 0.1417 0.8519 0.0000
vt 0.1417 0.8081 0.0000
vt 0.1649 0.8519 0.0000
vt 0.1649 0.8374 0.0000
vt 0.1649 0.8307 0.0000
vt 0.1649 0.8081 0.0000
vt 0.1881 0.8374 0.0000
vt 0.1881 0.8519 0.0000
vt 0.1881 0.8081 0.0000
vt 0.1881 0.8307 0.0000
vt 0.2108 0.8519 0.0000
vt 0.2108 0.8374 0.0000
vt 0.2108 0.8081 0.0000
vt 0.2108 0.8307 0.0000
vt 0.2329 0.8307 0.0000
vt 0.2329 0.8081 0.0000
vt 0.2329 0.8374 0.0000
vt 0.2329 0.8519 0.0000
vt 0.2538 0.8374 0.0000
vt 0.2538 0.8307 0.0000
vt 0.2538 0.8081 0.0000
vt 0.2538 0.8519 0.0000
vt 0.2745 0.8081 0.0000
vt 0.2745 0.8307 0.0000
vt 0.2745 0.8374 0.0000
vt 0.2745 0.8519 0.0000
vt 0.2965 0.8081 0.0000
vt 0.2965 0.8307 0.0000
vt 0.2965 0.8374 0.0000
vt 0.3391 0.9002 0.0000
vt 0.3184 0.9002 0.0000
vt 0.3391 0.9073 0.0000
vt 0.3184 0.9073 0.0000
vt 0.3391 0.9139 0.0000
vt 0.3184 0.9139 0.0000
vt 0.5197 0.9139 0.0000
vt 0.5477 0.9139 0.0000
vt 0.4955 0.9139 0.0000
vt 0.4726 0.9139 0.0000
vt 0.4502 0.9139 0.0000
vt 0.4273 0.9139 0.0000
vt 0.4044 0.9139 0.0000
vt 0.3819 0.9139 0.0000
vt 0.3600 0.9139 0.0000
vt 0.5477 0.9002 0.0000
vt 0.5197 0.9002 0.0000
vt 0.5197 0.9073 0.0000
vt 0.5477 0.9073 0.0000
vt 0.4955 0.9002 0.0000
vt 0.4955 0.9073 0.0000
vt 0.4726 0.9002 0.0000
vt 0.4726 0.9073 0.0000
vt 0.4502 0.9002 0.0000
vt 0.4502 0.9073 0.0000
vt 0.4273 0.9002 0.0000
vt 0.4273 0.9073 0.0000
vt 0.4044 0.9002 0.0000
vt 0.4044 0.9073 0.0000
vt 0.3819 0.9002 0.0000
vt 0.3819 0.9073 0.0000
vt 0.3600 0.9073 0.0000
vt 0.3600 0.9002 0.0000
vt 0.2965 0.9002 0.0000
vt 0.2965 0.9073 0.0000
vt 0.2965 0.9139 0.0000
vt 0.0961 0.9139 0.0000
vt 0.1189 0.9139 0.0000
vt 0.1417 0.9139 0.0000
vt 0.1649 0.9139 0.0000
vt 0.1881 0.9139 0.0000
vt 0.2108 0.9139 0.0000
vt 0.2329 0.9139 0.0000
vt 0.2538 0.9139 0.0000
vt 0.2745 0.9139 0.0000
vt 0.1189 0.9002 0.0000
vt 0.0961 0.9002 0.0000
vt 0.0961 0.9073 0.0000
vt 0.1189 0.9073 0.0000
vt 0.1417 0.9002 0.0000
vt 0.1417 0.9073 0.0000
vt 0.1649 0.9002 0.0000
vt 0.1649 0.9073 0.0000
vt 0.1881 0.9002 0.0000
vt 0.1881 0.9073 0.0000
vt 0.2108 0.9002 0.0000
vt 0.2108 0.9073 0.0000
vt 0.2329 0.9002 0.0000
vt 0.2329 0.9073 0.0000
vt 0.2538 0.9002 0.0000
vt 0.2538 0.9073 0.0000
vt 0.2745 0.9073 0.0000
vt 0.2745 0.9002 0.0000
vt 0.5197 0.9937 0.0000
vt 0.4955 0.9937 0.0000
vt 0.5197 0.9602 0.0000
vt 0.5477 0.9602 0.0000
vt 0.4955 0.9602 0.0000
vt 0.4726 0.9937 0.0000
vt 0.4726 0.9602 0.0000
vt 0.4502 0.9937 0.0000
vt 0.4273 0.9937 0.0000
vt 0.4502 0.9602 0.0000
vt 0.4273 0.9602 0.0000
vt 0.4044 0.9602 0.0000
vt 0.4044 0.9937 0.0000
vt 0.3819 0.9602 0.0000
vt 0.3819 0.9937 0.0000
vt 0.3600 0.9602 0.0000
vt 0.3600 0.9937 0.0000
vt 0.3391 0.9937 0.0000
vt 0.3391 0.9602 0.0000
vt 0.3184 0.9602 0.0000
vt 0.3184 0.9937 0.0000
vt 0.8366 0.9569 0.0000
vt 0.7722 0.9707 0.0000
vt 0.8901 0.9251 0.0000
vt 0.7058 0.9624 0.0000
vt 0.6478 0.9338 0.0000
vt 0.6053 0.8926 0.0000
vt 0.9276 0.8837 0.0000
vt 0.9520 0.8346 0.0000
vt 0.5763 0.8393 0.0000
vt 0.5647 0.7721 0.0000
vt 0.5477 0.9937 0.0000
vt 0.9617 0.7720 0.0000
vt 0.1417 0.9937 0.0000
vt 0.1189 0.9937 0.0000
vt 0.0961 0.9602 0.0000
vt 0.1189 0.9602 0.0000
vt 0.1417 0.9602 0.0000
vt 0.1649 0.9937 0.0000
vt 0.1649 0.9602 0.0000
vt 0.1881 0.9937 0.0000
vt 0.2108 0.9937 0.0000
vt 0.1881 0.9602 0.0000
vt 0.2108 0.9602 0.0000
vt 0.2329 0.9602 0.0000
vt 0.2329 0.9937 0.0000
vt 0.2538 0.9602 0.0000
vt 0.2538 0.9937 0.0000
vt 0.2745 0.9602 0.0000
vt 0.2745 0.9937 0.0000
vt 0.2965 0.9937 0.0000
vt 0.2965 0.9602 0.0000
vt 0.7720 0.5734 0.0000
vt 0.8364 0.5872 0.0000
vt 0.8899 0.6189 0.0000
vt 0.7056 0.5818 0.0000
vt 0.6477 0.6104 0.0000
vt 0.6052 0.6517 0.0000
vt 0.9274 0.6603 0.0000
vt 0.9520 0.7093 0.0000
vt 0.5763 0.7050 0.0000
vt 0.0961 0.9937 0.0000
# 1228 texture coords

o bollard
g bollard
usemtl bollard
s 1
f 1/1/1 2/2/2 3/3/3 4/4/4 
f 5/5/5 6/6/6 7/7/7 8/8/8 
f 9/9/9 10/10/10 11/11/11 12/12/12 
f 13/13/13 14/14/14 15/15/15 16/16/16 
f 17/17/17 18/18/18 19/19/19 14/14/14 
f 20/20/20 16/16/16 15/15/15 21/21/21 
f 22/22/22 23/23/23 21/21/21 15/15/15 
f 14/14/14 19/19/19 22/22/22 15/15/15 
f 24/24/24 25/25/25 26/26/26 27/27/27 
f 18/18/18 28/28/28 29/29/29 19/19/19 
f 24/24/24 30/30/30 31/31/31 25/25/25 
f 32/32/32 24/24/24 27/27/27 33/33/33 
f 34/34/34 35/35/35 23/23/23 22/22/22 
f 19/19/19 29/29/29 34/34/34 22/22/22 
f 36/36/36 37/37/37 31/31/31 30/30/30 
f 28/28/28 38/38/38 39/39/39 29/29/29 
f 39/39/39 40/40/40 34/34/34 29/29/29 
f 24/24/24 32/32/32 41/41/41 30/30/30 
f 42/42/42 32/32/32 33/33/33 43/43/43 
f 41/41/41 44/44/44 36/36/36 30/30/30 
f 38/38/38 45/45/45 46/46/46 39/39/39 
f 32/32/32 42/42/42 47/47/47 41/41/41 
f 47/47/47 48/48/48 44/44/44 41/41/41 
f 49/49/49 50/50/50 47/47/47 42/42/42 
f 51/51/51 49/49/49 42/42/42 43/43/43 
f 34/34/34 40/40/40 52/52/52 35/35/35 
f 50/50/50 53/53/53 48/48/48 47/47/47 
f 49/49/49 54/54/54 55/55/55 50/50/50 
f 56/56/56 54/54/54 49/49/49 51/51/51 
f 55/55/55 57/57/57 53/53/53 50/50/50 
f 58/58/58 59/59/59 52/52/52 40/40/40 
f 40/40/40 39/39/39 46/46/46 58/58/58 
f 60/60/60 61/61/61 55/55/55 54/54/54 
f 62/62/62 57/57/57 55/55/55 61/61/61 
f 60/60/60 54/54/54 56/56/56 63/63/63 
f 58/58/58 64/64/64 65/65/65 59/59/59 
f 46/46/46 66/66/66 64/64/64 58/58/58 
f 45/45/45 67/67/67 66/66/66 46/46/46 
f 60/60/60 68/68/68 69/69/69 61/61/61 
f 70/70/70 68/68/68 60/60/60 63/63/63 
f 69/69/69 71/71/71 62/62/62 61/61/61 
f 72/72/72 73/73/73 65/65/65 64/64/64 
f 64/64/64 66/66/66 74/74/74 72/72/72 
f 67/67/67 75/75/75 74/74/74 66/66/66 
f 68/68/68 76/76/76 77/77/77 69/69/69 
f 78/78/78 71/71/71 69/69/69 77/77/77 
f 79/79/79 76/76/76 68/68/68 70/70/70 
f 75/75/75 80/80/80 81/81/81 74/74/74 
f 81/81/81 82/82/82 72/72/72 74/74/74 
f 82/82/82 83/83/83 73/73/73 72/72/72 
f 80/80/80 84/84/84 85/85/85 81/81/81 
f 85/85/85 86/86/86 82/82/82 81/81/81 
f 87/87/87 88/88/88 78/78/78 77/77/77 
f 76/76/76 89/89/89 87/87/87 77/77/77 
f 90/90/90 89/89/89 76/76/76 79/79/79 
f 86/86/86 91/91/91 83/83/83 82/82/82 
f 92/92/92 93/93/93 87/87/87 89/89/89 
f 94/94/94 92/92/92 89/89/89 90/90/90 
f 95/95/95 88/88/88 87/87/87 93/93/93 
f 85/85/85 84/84/84 96/96/96 97/97/97 
f 85/85/85 97/97/97 98/98/98 86/86/86 
f 91/91/91 86/86/86 98/98/98 99/99/99 
f 100/100/100 101/101/101 102/102/102 103/103/103 
f 104/104/104 105/105/105 106/106/106 107/107/107 
f 108/108/108 109/109/109 105/105/105 104/104/104 
f 110/110/110 100/100/100 103/103/103 111/111/111 
f 105/105/105 112/112/112 113/113/113 106/106/106 
f 114/114/114 112/112/112 105/105/105 109/109/109 
f 115/115/115 116/116/116 110/110/110 111/111/111 
f 117/117/117 118/118/118 112/112/112 114/114/114 
f 112/112/112 118/118/118 119/119/119 113/113/113 
f 120/120/120 121/121/121 116/116/116 115/115/115 
f 122/122/122 123/123/123 118/118/118 117/117/117 
f 118/118/118 123/123/123 124/124/124 119/119/119 
f 125/125/125 126/126/126 121/121/121 120/120/120 
f 127/127/127 128/128/128 123/123/123 122/122/122 
f 123/123/123 128/128/128 129/129/129 124/124/124 
f 130/130/130 126/126/126 125/125/125 131/131/131 
f 128/128/128 132/132/132 133/133/133 129/129/129 
f 127/127/127 134/134/134 132/132/132 128/128/128 
f 135/135/135 130/130/130 131/131/131 136/136/136 
f 132/132/132 137/137/137 138/138/138 133/133/133 
f 139/139/139 137/137/137 132/132/132 134/134/134 
f 140/140/140 135/135/135 136/136/136 141/141/141 
f 142/142/142 143/143/143 137/137/137 139/139/139 
f 137/137/137 143/143/143 144/144/144 138/138/138 
f 145/145/145 140/140/140 141/141/141 146/146/146 
f 147/147/147 148/148/148 143/143/143 142/142/142 
f 143/143/143 148/148/148 149/149/149 144/144/144 
f 150/150/150 145/145/145 146/146/146 151/151/151 
f 148/148/148 152/152/152 153/153/153 149/149/149 
f 147/147/147 154/154/154 152/152/152 148/148/148 
f 155/155/155 156/156/156 157/157/157 158/158/158 
f 159/159/159 160/160/160 155/155/155 158/158/158 
f 161/161/161 160/160/160 159/159/159 162/162/162 
f 163/163/163 164/164/164 161/161/161 162/162/162 
f 161/161/161 165/165/165 166/166/166 160/160/160 
f 166/166/166 167/167/167 155/155/155 160/160/160 
f 168/168/168 156/156/156 155/155/155 167/167/167 
f 164/164/164 169/169/169 165/165/165 161/161/161 
f 165/165/165 170/170/170 171/171/171 166/166/166 
f 171/171/171 172/172/172 167/167/167 166/166/166 
f 173/173/173 168/168/168 167/167/167 172/172/172 
f 169/169/169 174/174/174 170/170/170 165/165/165 
f 170/170/170 175/175/175 176/176/176 171/171/171 
f 176/176/176 177/177/177 172/172/172 171/171/171 
f 178/178/178 173/173/173 172/172/172 177/177/177 
f 174/174/174 179/179/179 175/175/175 170/170/170 
f 180/180/180 178/178/178 177/177/177 181/181/181 
f 176/176/176 182/182/182 181/181/181 177/177/177 
f 183/183/183 182/182/182 176/176/176 175/175/175 
f 179/179/179 184/184/184 183/183/183 175/175/175 
f 185/185/185 186/186/186 180/180/180 181/181/181 
f 182/182/182 187/187/187 185/185/185 181/181/181 
f 183/183/183 188/188/188 187/187/187 182/182/182 
f 189/189/189 188/188/188 183/183/183 184/184/184 
f 190/190/190 186/186/186 185/185/185 191/191/191 
f 187/187/187 192/192/192 191/191/191 185/185/185 
f 188/188/188 193/193/193 192/192/192 187/187/187 
f 189/189/189 194/194/194 193/193/193 188/188/188 
f 193/193/193 195/195/195 196/196/196 192/192/192 
f 196/196/196 197/197/197 191/191/191 192/192/192 
f 198/198/198 190/190/190 191/191/191 197/197/197 
f 194/194/194 199/199/199 195/195/195 193/193/193 
f 200/200/200 201/201/201 196/196/196 195/195/195 
f 199/199/199 202/202/202 200/200/200 195/195/195 
f 201/201/201 203/203/203 197/197/197 196/196/196 
f 203/203/203 204/204/204 198/198/198 197/197/197 
f 205/205/205 206/206/206 201/201/201 200/200/200 
f 202/202/202 207/207/207 205/205/205 200/200/200 
f 206/206/206 208/208/208 203/203/203 201/201/201 
f 208/208/208 209/209/209 204/204/204 203/203/203 
f 210/210/210 211/211/211 212/212/212 213/213/213 
f 214/214/214 213/213/213 212/212/212 215/215/215 
f 216/216/216 217/217/217 218/218/218 219/219/219 
f 220/220/220 221/221/221 222/222/222 223/223/223 
f 224/224/224 216/216/216 219/219/219 225/225/225 
f 212/212/212 226/226/226 227/227/227 215/215/215 
f 228/228/228 226/226/226 212/212/212 211/211/211 
f 229/229/229 230/230/230 220/220/220 223/223/223 
f 231/231/231 232/232/232 226/226/226 228/228/228 
f 232/232/232 233/233/233 227/227/227 226/226/226 
f 234/234/234 235/235/235 224/224/224 225/225/225 
f 236/236/236 237/237/237 230/230/230 229/229/229 
f 238/238/238 239/239/239 233/233/233 232/232/232 
f 231/231/231 240/240/240 238/238/238 232/232/232 
f 241/241/241 242/242/242 237/237/237 236/236/236 
f 243/243/243 244/244/244 235/235/235 234/234/234 
f 245/245/245 246/246/246 238/238/238 240/240/240 
f 246/246/246 247/247/247 239/239/239 238/238/238 
f 248/248/248 249/249/249 242/242/242 241/241/241 
f 250/250/250 251/251/251 244/244/244 243/243/243 
f 252/252/252 249/249/249 248/248/248 253/253/253 
f 254/254/254 255/255/255 251/251/251 250/250/250 
f 246/246/246 256/256/256 257/257/257 247/247/247 
f 245/245/245 258/258/258 256/256/256 246/246/246 
f 259/259/259 255/255/255 254/254/254 260/260/260 
f 256/256/256 261/261/261 262/262/262 257/257/257 
f 263/263/263 264/264/264 252/252/252 253/253/253 
f 265/265/265 261/261/261 256/256/256 258/258/258 
f 266/266/266 267/267/267 264/264/264 263/263/263 
f 268/268/268 269/269/269 259/259/259 260/260/260 
f 261/261/261 270/270/270 271/271/271 262/262/262 
f 265/265/265 272/272/272 270/270/270 261/261/261 
f 273/273/273 274/274/274 267/267/267 266/266/266 
f 275/275/275 276/276/276 269/269/269 268/268/268 
f 277/277/277 278/278/278 270/270/270 272/272/272 
f 278/278/278 279/279/279 271/271/271 270/270/270 
f 280/280/280 276/276/276 275/275/275 281/281/281 
f 278/278/278 282/282/282 283/283/283 279/279/279 
f 284/284/284 274/274/274 273/273/273 285/285/285 
f 277/277/277 286/286/286 282/282/282 278/278/278 
f 287/287/287 288/288/288 289/289/289 290/290/290 
f 288/288/288 291/291/291 292/292/292 289/289/289 
f 293/293/293 294/294/294 292/292/292 291/291/291 
f 293/293/293 295/295/295 296/296/296 294/294/294 
f 297/297/297 298/298/298 296/296/296 295/295/295 
f 297/297/297 299/299/299 300/300/300 298/298/298 
f 299/299/299 301/301/301 302/302/302 300/300/300 
f 301/301/301 303/303/303 304/304/304 302/302/302 
f 305/305/305 306/306/306 304/304/304 303/303/303 
f 307/307/307 308/308/308 306/306/306 305/305/305 
f 309/309/309 310/310/310 311/311/311 312/312/312 
f 313/313/313 314/314/314 315/315/315 316/316/316 
f 317/317/317 313/313/313 316/316/316 318/318/318 
f 319/319/319 320/320/320 310/310/310 309/309/309 
f 321/321/321 322/322/322 314/314/314 313/313/313 
f 323/323/323 321/321/321 313/313/313 317/317/317 
f 324/324/324 325/325/325 320/320/320 319/319/319 
f 326/326/326 321/321/321 323/323/323 327/327/327 
f 328/328/328 322/322/322 321/321/321 326/326/326 
f 329/329/329 330/330/330 325/325/325 324/324/324 
f 331/331/331 326/326/326 327/327/327 332/332/332 
f 333/333/333 328/328/328 326/326/326 331/331/331 
f 334/334/334 335/335/335 330/330/330 329/329/329 
f 336/336/336 331/331/331 332/332/332 337/337/337 
f 338/338/338 333/333/333 331/331/331 336/336/336 
f 339/339/339 340/340/340 335/335/335 334/334/334 
f 341/341/341 342/342/342 338/338/338 336/336/336 
f 343/343/343 341/341/341 336/336/336 337/337/337 
f 344/344/344 345/345/345 340/340/340 339/339/339 
f 346/346/346 341/341/341 343/343/343 347/347/347 
f 348/348/348 342/342/342 341/341/341 346/346/346 
f 349/349/349 350/350/350 345/345/345 344/344/344 
f 351/351/351 346/346/346 347/347/347 352/352/352 
f 351/351/351 353/353/353 348/348/348 346/346/346 
f 354/354/354 355/355/355 350/350/350 349/349/349 
f 356/356/356 351/351/351 352/352/352 357/357/357 
f 358/358/358 353/353/353 351/351/351 356/356/356 
f 359/359/359 360/360/360 355/355/355 354/354/354 
f 361/361/361 362/362/362 358/358/358 356/356/356 
f 363/363/363 361/361/361 356/356/356 357/357/357 
f 364/364/364 365/365/365 366/366/366 367/367/367 
f 368/368/368 369/369/369 370/370/370 371/371/371 
f 372/372/372 373/373/373 374/374/374 375/375/375 
f 376/376/376 365/365/365 364/364/364 377/377/377 
f 378/378/378 379/379/379 372/372/372 375/375/375 
f 380/380/380 381/381/381 370/370/370 369/369/369 
f 382/382/382 383/383/383 376/376/376 377/377/377 
f 384/384/384 385/385/385 381/381/381 380/380/380 
f 386/386/386 379/379/379 378/378/378 387/387/387 
f 388/388/388 389/389/389 383/383/383 382/382/382 
f 390/390/390 391/391/391 385/385/385 384/384/384 
f 392/392/392 386/386/386 387/387/387 393/393/393 
f 394/394/394 395/395/395 389/389/389 388/388/388 
f 396/396/396 397/397/397 391/391/391 390/390/390 
f 398/398/398 399/399/399 392/392/392 393/393/393 
f 400/400/400 395/395/395 394/394/394 401/401/401 
f 402/402/402 403/403/403 399/399/399 398/398/398 
f 396/396/396 404/404/404 405/405/405 397/397/397 
f 406/406/406 400/400/400 401/401/401 407/407/407 
f 408/408/408 409/409/409 403/403/403 402/402/402 
f 404/404/404 410/410/410 411/411/411 405/405/405 
f 410/410/410 412/412/412 413/413/413 411/411/411 
f 414/414/414 409/409/409 408/408/408 415/415/415 
f 416/416/416 406/406/406 407/407/407 417/417/417 
f 3/3/3 2/2/2 416/416/416 417/417/417 
f 9/9/9 12/12/12 413/413/413 412/412/412 
f 7/7/7 414/414/414 415/415/415 8/8/8 
f 418/418/418 419/419/419 420/420/420 421/421/421 
f 422/422/422 423/423/423 424/424/424 425/425/425 
f 424/424/424 426/426/426 427/427/427 428/428/428 
f 424/424/424 423/423/423 429/429/429 426/426/426 
f 424/424/424 428/428/428 430/430/430 425/425/425 
f 425/425/425 430/430/430 431/431/431 432/432/432 
f 432/432/432 431/431/431 433/433/433 434/434/434 
f 434/434/434 433/433/433 435/435/435 436/436/436 
f 437/437/437 438/438/438 430/430/430 428/428/428 
f 428/428/428 427/427/427 439/439/439 437/437/437 
f 438/438/438 440/440/440 431/431/431 430/430/430 
f 440/440/440 441/441/441 433/433/433 431/431/431 
f 441/441/441 442/442/442 435/435/435 433/433/433 
f 426/426/426 443/443/443 444/444/444 427/427/427 
f 427/427/427 444/444/444 445/445/445 439/439/439 
f 446/446/446 445/445/445 444/444/444 443/443/443 
f 447/447/447 448/448/448 449/449/449 436/436/436 
f 436/436/436 435/435/435 442/442/442 447/447/447 
f 450/450/450 17/17/17 14/14/14 13/13/13 
f 422/422/422 425/425/425 432/432/432 451/451/451 
f 432/432/432 434/434/434 452/452/452 451/451/451 
f 434/434/434 436/436/436 449/449/449 452/452/452 
f 453/453/453 443/443/443 426/426/426 429/429/429 
f 446/446/446 443/443/443 453/453/453 454/454/454 
f 455/455/455 456/456/456 1/1/1 4/4/4 
f 457/457/457 6/6/6 5/5/5 458/458/458 
f 11/11/11 10/10/10 459/459/459 460/460/460 
f 461/461/461 462/462/462 13/463/13 16/464/16 
f 463/465/463 462/462/462 464/466/464 465/467/465 
f 461/461/461 16/464/16 20/468/20 466/469/466 
f 466/469/466 467/470/467 468/471/468 461/461/461 
f 468/471/468 464/466/464 462/462/462 461/461/461 
f 26/472/26 25/473/25 469/474/469 470/475/470 
f 465/467/465 464/466/464 471/476/471 472/477/472 
f 469/474/469 25/473/25 31/478/31 473/479/473 
f 470/475/470 469/474/469 474/480/474 475/481/475 
f 467/470/467 476/482/476 477/483/477 468/471/468 
f 477/483/477 471/476/471 464/466/464 468/471/468 
f 31/478/31 37/484/37 478/485/478 473/479/473 
f 479/486/479 480/487/480 472/477/472 471/476/471 
f 477/483/477 481/488/481 479/486/479 471/476/471 
f 469/474/469 473/479/473 482/489/482 474/480/474 
f 475/481/475 474/480/474 483/490/483 484/491/484 
f 478/485/478 485/492/485 482/489/482 473/479/473 
f 480/487/480 479/486/479 486/493/486 487/494/487 
f 474/480/474 482/489/482 488/495/488 483/490/483 
f 485/492/485 489/496/489 488/495/488 482/489/482 
f 490/497/490 483/490/483 488/495/488 491/498/491 
f 483/490/483 490/497/490 492/499/492 484/491/484 
f 493/500/493 481/488/481 477/483/477 476/482/476 
f 489/496/489 494/501/494 491/498/491 488/495/488 
f 490/497/490 491/498/491 495/502/495 496/503/496 
f 490/497/490 496/503/496 497/504/497 492/499/492 
f 494/501/494 498/505/498 495/502/495 491/498/491 
f 493/500/493 499/506/499 500/507/500 481/488/481 
f 481/488/481 500/507/500 486/493/486 479/486/479 
f 501/508/501 496/503/496 495/502/495 502/509/502 
f 495/502/495 498/505/498 503/510/503 502/509/502 
f 497/504/497 496/503/496 501/508/501 504/511/504 
f 505/512/505 506/513/506 500/507/500 499/506/499 
f 506/513/506 507/514/507 486/493/486 500/507/500 
f 507/514/507 508/515/508 487/494/487 486/493/486 
f 501/508/501 502/509/502 509/516/509 510/517/510 
f 501/508/501 510/517/510 511/518/511 504/511/504 
f 503/510/503 512/519/512 509/516/509 502/509/502 
f 505/512/505 513/520/513 514/521/514 506/513/506 
f 506/513/506 514/521/514 515/522/515 507/514/507 
f 515/522/515 516/523/516 508/515/508 507/514/507 
f 510/517/510 509/516/509 517/524/517 518/525/518 
f 509/516/509 512/519/512 519/526/519 517/524/517 
f 510/517/510 518/525/518 520/527/520 511/518/511 
f 521/528/521 522/529/522 516/523/516 515/522/515 
f 514/521/514 523/530/523 521/528/521 515/522/515 
f 513/520/513 524/531/524 523/530/523 514/521/514 
f 525/532/525 526/533/526 522/529/522 521/528/521 
f 523/530/523 527/534/527 525/532/525 521/528/521 
f 519/526/519 528/535/528 529/536/529 517/524/517 
f 518/525/518 517/524/517 529/536/529 530/537/530 
f 518/525/518 530/537/530 531/538/531 520/527/520 
f 524/531/524 532/539/532 527/534/527 523/530/523 
f 92/92/92 530/537/530 529/536/529 93/93/93 
f 530/537/530 92/92/92 94/94/94 531/538/531 
f 529/536/529 528/535/528 95/95/95 93/93/93 
f 525/532/525 97/97/97 96/96/96 526/533/526 
f 98/98/98 97/97/97 525/532/525 527/534/527 
f 98/98/98 527/534/527 532/539/532 99/99/99 
f 102/540/102 101/541/101 533/542/533 534/543/534 
f 535/544/535 536/545/536 104/546/104 107/547/107 
f 536/545/536 537/548/537 108/549/108 104/546/104 
f 534/543/534 533/542/533 538/550/538 539/551/539 
f 540/552/540 541/553/541 536/545/536 535/544/535 
f 536/545/536 541/553/541 542/554/542 537/548/537 
f 538/550/538 543/555/543 544/556/544 539/551/539 
f 541/553/541 545/557/545 546/558/546 542/554/542 
f 547/559/547 545/557/545 541/553/541 540/552/540 
f 543/555/543 548/560/548 549/561/549 544/556/544 
f 545/557/545 550/562/550 551/563/551 546/558/546 
f 552/564/552 550/562/550 545/557/545 547/559/547 
f 548/560/548 553/565/553 554/566/554 549/561/549 
f 550/562/550 555/567/555 556/568/556 551/563/551 
f 557/569/557 555/567/555 550/562/550 552/564/552 
f 554/566/554 553/565/553 558/570/558 559/571/559 
f 560/572/560 561/573/561 555/567/555 557/569/557 
f 561/573/561 562/574/562 556/568/556 555/567/555 
f 559/571/559 558/570/558 563/575/563 564/576/564 
f 565/577/565 566/578/566 561/573/561 560/572/560 
f 561/573/561 566/578/566 567/579/567 562/574/562 
f 564/576/564 563/575/563 568/580/568 569/581/569 
f 566/578/566 570/582/570 571/583/571 567/579/567 
f 572/584/572 570/582/570 566/578/566 565/577/565 
f 569/581/569 568/580/568 573/585/573 574/586/574 
f 570/582/570 575/587/575 576/588/576 571/583/571 
f 577/589/577 575/587/575 570/582/570 572/584/572 
f 574/586/574 573/585/573 150/150/150 151/151/151 
f 153/153/153 152/152/152 575/587/575 577/589/577 
f 152/152/152 154/154/154 576/588/576 575/587/575 
f 157/157/157 578/590/578 579/591/579 158/158/158 
f 159/159/159 158/158/158 579/591/579 580/592/580 
f 159/159/159 580/592/580 581/593/581 162/162/162 
f 581/593/581 582/594/582 163/163/163 162/162/162 
f 583/595/583 584/596/584 581/593/581 580/592/580 
f 583/595/583 580/592/580 579/591/579 585/597/585 
f 579/591/579 578/590/578 586/598/586 585/597/585 
f 584/596/584 587/599/587 582/594/582 581/593/581 
f 588/600/588 589/601/589 584/596/584 583/595/583 
f 588/600/588 583/595/583 585/597/585 590/602/590 
f 585/597/585 586/598/586 591/603/591 590/602/590 
f 589/601/589 592/604/592 587/599/587 584/596/584 
f 593/605/593 594/606/594 589/601/589 588/600/588 
f 593/605/593 588/600/588 590/602/590 595/607/595 
f 590/602/590 591/603/591 596/608/596 595/607/595 
f 594/606/594 597/609/597 592/604/592 589/601/589 
f 595/607/595 596/608/596 598/610/598 599/611/599 
f 593/605/593 595/607/595 599/611/599 600/612/600 
f 593/605/593 600/612/600 601/613/601 594/606/594 
f 601/613/601 602/614/602 597/609/597 594/606/594 
f 598/610/598 603/615/603 604/616/604 599/611/599 
f 600/612/600 599/611/599 604/616/604 605/617/605 
f 605/617/605 606/618/606 601/613/601 600/612/600 
f 601/613/601 606/618/606 607/619/607 602/614/602 
f 604/616/604 603/615/603 608/620/608 609/621/609 
f 605/617/605 604/616/604 609/621/609 610/622/610 
f 610/622/610 611/623/611 606/618/606 605/617/605 
f 611/623/611 612/624/612 607/619/607 606/618/606 
f 613/625/613 614/626/614 611/623/611 610/622/610 
f 613/625/613 610/622/610 609/621/609 615/627/615 
f 609/621/609 608/620/608 616/628/616 615/627/615 
f 614/626/614 617/629/617 612/624/612 611/623/611 
f 613/625/613 618/630/618 619/631/619 614/626/614 
f 619/631/619 620/632/620 617/629/617 614/626/614 
f 618/630/618 613/625/613 615/627/615 621/633/621 
f 616/628/616 622/634/622 621/633/621 615/627/615 
f 618/630/618 206/635/206 205/636/205 619/631/619 
f 205/636/205 207/637/207 620/632/620 619/631/619 
f 206/635/206 618/630/618 621/633/621 208/638/208 
f 622/634/622 209/639/209 208/638/208 621/633/621 
f 623/640/623 624/641/624 210/642/210 213/643/213 
f 623/640/623 213/643/213 214/644/214 625/645/625 
f 218/646/218 217/647/217 626/648/626 627/649/627 
f 222/650/222 221/651/221 628/652/628 629/653/629 
f 627/649/627 626/648/626 630/654/630 631/655/631 
f 632/656/632 633/657/633 623/640/623 625/645/625 
f 623/640/623 633/657/633 634/658/634 624/641/624 
f 628/652/628 635/659/635 636/660/636 629/653/629 
f 633/657/633 637/661/637 638/662/638 634/658/634 
f 632/656/632 639/663/639 637/661/637 633/657/633 
f 630/654/630 640/664/640 641/665/641 631/655/631 
f 635/659/635 642/666/642 643/667/643 636/660/636 
f 639/663/639 644/668/644 645/669/645 637/661/637 
f 645/669/645 646/670/646 638/662/638 637/661/637 
f 642/666/642 647/671/647 648/672/648 643/667/643 
f 640/664/640 649/673/649 650/674/650 641/665/641 
f 645/669/645 651/675/651 652/676/652 646/670/646 
f 644/668/644 653/677/653 651/675/651 645/669/645 
f 647/671/647 654/678/654 655/679/655 648/672/648 
f 649/673/649 656/680/656 657/681/657 650/674/650 
f 655/679/655 654/678/654 658/682/658 659/683/659 
f 656/680/656 660/684/660 661/685/661 657/681/657 
f 662/686/662 663/687/663 651/675/651 653/677/653 
f 663/687/663 664/688/664 652/676/652 651/675/651 
f 661/685/661 660/684/660 665/689/665 666/690/666 
f 667/691/667 668/692/668 663/687/663 662/686/662 
f 658/682/658 669/693/669 670/694/670 659/683/659 
f 663/687/663 668/692/668 671/695/671 664/688/664 
f 669/693/669 672/696/672 673/697/673 670/694/670 
f 665/689/665 674/698/674 675/699/675 666/690/666 
f 676/700/676 677/701/677 668/692/668 667/691/667 
f 677/701/677 678/702/678 671/695/671 668/692/668 
f 672/696/672 679/703/679 680/704/680 673/697/673 
f 674/698/674 681/705/681 682/706/682 675/699/675 
f 677/701/677 683/707/683 684/708/684 678/702/678 
f 676/700/676 685/709/685 683/707/683 677/701/677 
f 682/706/682 681/705/681 280/280/280 281/281/281 
f 283/283/283 282/282/282 683/707/683 685/709/685 
f 680/704/680 679/703/679 284/284/284 285/285/285 
f 282/282/282 286/286/286 684/708/684 683/707/683 
f 686/710/686 687/711/687 287/712/287 290/713/290 
f 688/714/688 689/715/689 687/711/687 686/710/686 
f 688/714/688 690/716/690 691/717/691 689/715/689 
f 692/718/692 693/719/693 691/717/691 690/716/690 
f 692/718/692 694/720/694 695/721/695 693/719/693 
f 696/722/696 697/723/697 695/721/695 694/720/694 
f 698/724/698 699/725/699 697/723/697 696/722/696 
f 700/726/700 701/727/701 699/725/699 698/724/698 
f 700/726/700 702/728/702 703/729/703 701/727/701 
f 702/728/702 308/308/308 307/307/307 703/729/703 
f 311/311/311 704/730/704 705/731/705 312/312/312 
f 315/315/315 706/732/706 707/733/707 316/316/316 
f 316/316/316 707/733/707 708/734/708 318/318/318 
f 704/730/704 709/735/709 710/736/710 705/731/705 
f 706/732/706 711/737/711 712/738/712 707/733/707 
f 707/733/707 712/738/712 713/739/713 708/734/708 
f 709/735/709 714/740/714 715/741/715 710/736/710 
f 713/739/713 712/738/712 716/742/716 717/743/717 
f 712/738/712 711/737/711 718/744/718 716/742/716 
f 714/740/714 719/745/719 720/746/720 715/741/715 
f 717/743/717 716/742/716 721/747/721 722/748/722 
f 716/742/716 718/744/718 723/749/723 721/747/721 
f 719/745/719 724/750/724 725/751/725 720/746/720 
f 722/748/722 721/747/721 726/752/726 727/753/727 
f 721/747/721 723/749/723 728/754/728 726/752/726 
f 724/750/724 729/755/729 730/756/730 725/751/725 
f 728/754/728 731/757/731 732/758/732 726/752/726 
f 726/752/726 732/758/732 733/759/733 727/753/727 
f 729/755/729 734/760/734 735/761/735 730/756/730 
f 733/759/733 732/758/732 736/762/736 737/763/737 
f 732/758/732 731/757/731 738/764/738 736/762/736 
f 734/760/734 739/765/739 740/766/740 735/761/735 
f 737/763/737 736/762/736 741/767/741 742/768/742 
f 738/764/738 743/769/743 741/767/741 736/762/736 
f 739/765/739 744/770/744 745/771/745 740/766/740 
f 742/768/742 741/767/741 746/772/746 747/773/747 
f 741/767/741 743/769/743 748/774/748 746/772/746 
f 744/770/744 360/775/360 359/776/359 745/771/745 
f 748/774/748 362/777/362 361/778/361 746/772/746 
f 746/772/746 361/778/361 363/779/363 747/773/747 
f 366/780/366 749/781/749 750/782/750 367/783/367 
f 751/784/751 752/785/752 368/786/368 371/787/371 
f 374/788/374 373/789/373 753/790/753 754/791/754 
f 750/782/750 749/781/749 755/792/755 756/793/756 
f 753/790/753 757/794/757 758/795/758 754/791/754 
f 751/784/751 759/796/759 760/797/760 752/785/752 
f 755/792/755 761/798/761 762/799/762 756/793/756 
f 759/796/759 763/800/763 764/801/764 760/797/760 
f 758/795/758 757/794/757 765/802/765 766/803/766 
f 761/798/761 767/804/767 768/805/768 762/799/762 
f 763/800/763 769/806/769 770/807/770 764/801/764 
f 766/803/766 765/802/765 771/808/771 772/809/772 
f 767/804/767 773/810/773 774/811/774 768/805/768 
f 769/806/769 775/812/775 776/813/776 770/807/770 
f 771/808/771 777/814/777 778/815/778 772/809/772 
f 774/811/774 773/810/773 779/816/779 780/817/780 
f 777/814/777 781/818/781 782/819/782 778/815/778 
f 783/820/783 784/821/784 776/813/776 775/812/775 
f 780/817/780 779/816/779 785/822/785 786/823/786 
f 781/818/781 787/824/787 788/825/788 782/819/782 
f 789/826/789 790/827/790 784/821/784 783/820/783 
f 791/828/791 792/829/792 790/827/790 789/826/789 
f 788/825/788 787/824/787 793/830/793 794/831/794 
f 786/823/786 785/822/785 795/832/795 796/833/796 
f 795/832/795 456/456/456 455/455/455 796/833/796 
f 791/828/791 460/460/460 459/459/459 792/829/792 
f 794/831/794 793/830/793 457/457/457 458/458/458 
f 797/834/797 423/423/423 422/422/422 798/835/798 
f 797/834/797 799/836/799 800/837/800 801/838/801 
f 797/834/797 801/838/801 429/429/429 423/423/423 
f 797/834/797 798/835/798 802/839/802 799/836/799 
f 798/835/798 803/840/803 804/841/804 802/839/802 
f 803/840/803 805/842/805 806/843/806 804/841/804 
f 805/842/805 807/844/807 808/845/808 806/843/806 
f 802/839/802 809/846/809 810/847/810 799/836/799 
f 799/836/799 810/847/810 811/848/811 800/837/800 
f 804/841/804 812/849/812 809/846/809 802/839/802 
f 806/843/806 813/850/813 812/849/812 804/841/804 
f 808/845/808 814/851/814 813/850/813 806/843/806 
f 801/838/801 800/837/800 815/852/815 816/853/816 
f 800/837/800 811/848/811 817/854/817 815/852/815 
f 815/852/815 817/854/817 818/855/818 816/853/816 
f 449/449/449 448/448/448 819/856/819 807/844/807 
f 807/844/807 819/856/819 814/851/814 808/845/808 
f 450/857/450 13/463/13 462/462/462 463/465/463 
f 422/422/422 451/451/451 803/840/803 798/835/798 
f 452/452/452 805/842/805 803/840/803 451/451/451 
f 449/449/449 807/844/807 805/842/805 452/452/452 
f 453/453/453 429/429/429 801/838/801 816/853/816 
f 453/453/453 816/853/816 818/855/818 454/454/454 
f 107/107/107 106/106/106 820/858/820 821/859/821 
f 106/106/106 113/113/113 822/860/822 820/858/820 
f 113/113/113 119/119/119 823/861/823 822/860/822 
f 119/119/119 124/124/124 824/862/824 823/861/823 
f 124/124/124 129/129/129 825/863/825 824/862/824 
f 129/129/129 133/133/133 826/864/826 825/863/825 
f 133/133/133 138/138/138 827/865/827 826/864/826 
f 138/138/138 144/144/144 828/866/828 827/865/827 
f 144/144/144 149/149/149 829/867/829 828/866/828 
f 149/149/149 153/153/153 830/868/830 829/867/829 
f 831/869/831 421/421/421 822/870/822 823/871/823 
f 832/872/832 831/869/831 823/871/823 824/873/824 
f 833/874/833 832/872/832 824/873/824 825/875/825 
f 834/876/834 833/874/833 825/875/825 826/877/826 
f 835/878/835 834/876/834 826/877/826 827/879/827 
f 836/880/836 835/878/835 827/879/827 828/881/828 
f 837/882/837 836/880/836 828/881/828 829/883/829 
f 838/884/838 837/882/837 829/883/829 830/885/830 
f 839/886/839 838/884/838 830/885/830 840/887/840 
f 841/888/841 839/886/839 840/887/840 842/889/842 
f 843/890/843 841/888/841 842/889/842 844/891/844 
f 845/892/845 843/890/843 844/891/844 846/893/846 
f 847/894/847 845/892/845 846/893/846 848/895/848 
f 849/896/849 847/894/847 848/895/848 850/897/850 
f 418/418/418 849/896/849 850/897/850 851/898/851 
f 419/419/419 418/418/418 851/898/851 852/899/852 
f 853/900/853 419/419/419 852/899/852 854/901/854 
f 855/902/855 853/900/853 854/901/854 821/903/821 
f 420/420/420 855/902/855 821/903/821 820/904/820 
f 421/421/421 420/420/420 820/904/820 822/870/822 
f 535/544/535 107/547/107 821/905/821 854/906/854 
f 540/552/540 535/544/535 854/906/854 852/907/852 
f 547/559/547 540/552/540 852/907/852 851/908/851 
f 552/564/552 547/559/547 851/908/851 850/909/850 
f 557/569/557 552/564/552 850/909/850 848/910/848 
f 560/572/560 557/569/557 848/910/848 846/911/846 
f 565/577/565 560/572/560 846/911/846 844/912/844 
f 572/584/572 565/577/565 844/912/844 842/913/842 
f 577/589/577 572/584/572 842/913/842 840/914/840 
f 153/153/153 577/589/577 840/914/840 830/868/830 
f 101/101/101 100/100/100 856/915/856 857/916/857 
f 103/103/103 102/102/102 858/917/858 859/918/859 
f 109/109/109 108/108/108 857/916/857 856/915/856 
f 100/100/100 110/110/110 860/919/860 856/915/856 
f 111/111/111 103/103/103 859/918/859 861/920/861 
f 114/114/114 109/109/109 856/915/856 860/919/860 
f 115/115/115 111/111/111 861/920/861 862/921/862 
f 110/110/110 116/116/116 863/922/863 860/919/860 
f 117/117/117 114/114/114 860/919/860 863/922/863 
f 120/120/120 115/115/115 862/921/862 864/923/864 
f 116/116/116 121/121/121 865/924/865 863/922/863 
f 122/122/122 117/117/117 863/922/863 865/924/865 
f 125/125/125 120/120/120 864/923/864 866/925/866 
f 121/121/121 126/126/126 867/926/867 865/924/865 
f 127/127/127 122/122/122 865/924/865 867/926/867 
f 126/126/126 130/130/130 868/927/868 867/926/867 
f 131/131/131 125/125/125 866/925/866 869/928/869 
f 134/134/134 127/127/127 867/926/867 868/927/868 
f 130/130/130 135/135/135 870/929/870 868/927/868 
f 136/136/136 131/131/131 869/928/869 871/930/871 
f 139/139/139 134/134/134 868/927/868 870/929/870 
f 135/135/135 140/140/140 872/931/872 870/929/870 
f 141/141/141 136/136/136 871/930/871 873/932/873 
f 142/142/142 139/139/139 870/929/870 872/931/872 
f 140/140/140 145/145/145 874/933/874 872/931/872 
f 146/146/146 141/141/141 873/932/873 875/934/875 
f 147/147/147 142/142/142 872/931/872 874/933/874 
f 145/145/145 150/150/150 876/935/876 874/933/874 
f 151/151/151 146/146/146 875/934/875 877/936/877 
f 154/154/154 147/147/147 874/933/874 876/935/876 
f 157/157/157 156/156/156 878/937/878 879/938/879 
f 164/164/164 163/163/163 877/936/877 875/934/875 
f 156/156/156 168/168/168 880/939/880 878/937/878 
f 169/169/169 164/164/164 875/934/875 873/932/873 
f 168/168/168 173/173/173 881/940/881 880/939/880 
f 174/174/174 169/169/169 873/932/873 871/930/871 
f 173/173/173 178/178/178 882/941/882 881/940/881 
f 179/179/179 174/174/174 871/930/871 869/928/869 
f 178/178/178 180/180/180 883/942/883 882/941/882 
f 184/184/184 179/179/179 869/928/869 866/925/866 
f 180/180/180 186/186/186 884/943/884 883/942/883 
f 189/189/189 184/184/184 866/925/866 864/923/864 
f 186/186/186 190/190/190 885/944/885 884/943/884 
f 194/194/194 189/189/189 864/923/864 862/921/862 
f 190/190/190 198/198/198 886/945/886 885/944/885 
f 199/199/199 194/194/194 862/921/862 861/920/861 
f 202/202/202 199/199/199 861/920/861 859/918/859 
f 198/198/198 204/204/204 887/946/887 886/945/886 
f 207/207/207 202/202/202 859/918/859 858/917/858 
f 204/204/204 209/209/209 888/947/888 887/946/887 
f 288/288/288 287/287/287 889/948/889 890/949/890 
f 290/290/290 289/289/289 887/946/887 888/947/888 
f 291/291/291 288/288/288 890/949/890 891/950/891 
f 289/289/289 292/292/292 886/945/886 887/946/887 
f 293/293/293 291/291/291 891/950/891 892/951/892 
f 292/292/292 294/294/294 885/944/885 886/945/886 
f 295/295/295 293/293/293 892/951/892 893/952/893 
f 294/294/294 296/296/296 884/943/884 885/944/885 
f 297/297/297 295/295/295 893/952/893 894/953/894 
f 296/296/296 298/298/298 883/942/883 884/943/884 
f 299/299/299 297/297/297 894/953/894 895/954/895 
f 298/298/298 300/300/300 882/941/882 883/942/883 
f 301/301/301 299/299/299 895/954/895 896/955/896 
f 300/300/300 302/302/302 881/940/881 882/941/882 
f 303/303/303 301/301/301 896/955/896 897/956/897 
f 302/302/302 304/304/304 880/939/880 881/940/881 
f 305/305/305 303/303/303 897/956/897 898/957/898 
f 304/304/304 306/306/306 878/937/878 880/939/880 
f 307/307/307 305/305/305 898/957/898 899/958/899 
f 306/306/306 308/308/308 879/938/879 878/937/878 
f 317/317/317 318/318/318 899/958/899 898/957/898 
f 323/323/323 317/317/317 898/957/898 897/956/897 
f 327/327/327 323/323/323 897/956/897 896/955/896 
f 332/332/332 327/327/327 896/955/896 895/954/895 
f 337/337/337 332/332/332 895/954/895 894/953/894 
f 343/343/343 337/337/337 894/953/894 893/952/893 
f 347/347/347 343/343/343 893/952/893 892/951/892 
f 352/352/352 347/347/347 892/951/892 891/950/891 
f 357/357/357 352/352/352 891/950/891 890/949/890 
f 363/363/363 357/357/357 890/949/890 889/948/889 
f 102/540/102 534/543/534 900/959/900 858/960/858 
f 533/542/533 101/541/101 857/961/857 901/962/901 
f 108/549/108 537/548/537 901/962/901 857/961/857 
f 534/543/534 539/551/539 902/963/902 900/959/900 
f 538/550/538 533/542/533 901/962/901 903/964/903 
f 537/548/537 542/554/542 903/964/903 901/962/901 
f 543/555/543 538/550/538 903/964/903 904/965/904 
f 539/551/539 544/556/544 905/966/905 902/963/902 
f 542/554/542 546/558/546 904/965/904 903/964/903 
f 548/560/548 543/555/543 904/965/904 906/967/906 
f 544/556/544 549/561/549 907/968/907 905/966/905 
f 546/558/546 551/563/551 906/967/906 904/965/904 
f 553/565/553 548/560/548 906/967/906 908/969/908 
f 549/561/549 554/566/554 909/970/909 907/968/907 
f 551/563/551 556/568/556 908/969/908 906/967/906 
f 554/566/554 559/571/559 910/971/910 909/970/909 
f 558/570/558 553/565/553 908/969/908 911/972/911 
f 556/568/556 562/574/562 911/972/911 908/969/908 
f 559/571/559 564/576/564 912/973/912 910/971/910 
f 563/575/563 558/570/558 911/972/911 913/974/913 
f 562/574/562 567/579/567 913/974/913 911/972/911 
f 564/576/564 569/581/569 914/975/914 912/973/912 
f 568/580/568 563/575/563 913/974/913 915/976/915 
f 567/579/567 571/583/571 915/976/915 913/974/913 
f 569/581/569 574/586/574 916/977/916 914/975/914 
f 573/585/573 568/580/568 915/976/915 917/978/917 
f 571/583/571 576/588/576 917/978/917 915/976/915 
f 574/586/574 151/151/151 877/936/877 916/977/916 
f 150/150/150 573/585/573 917/978/917 876/935/876 
f 576/588/576 154/154/154 876/935/876 917/978/917 
f 578/590/578 157/157/157 879/938/879 918/979/918 
f 163/163/163 582/594/582 916/977/916 877/936/877 
f 586/598/586 578/590/578 918/979/918 919/980/919 
f 582/594/582 587/599/587 914/975/914 916/977/916 
f 591/603/591 586/598/586 919/980/919 920/981/920 
f 587/599/587 592/604/592 912/973/912 914/975/914 
f 596/608/596 591/603/591 920/981/920 921/982/921 
f 592/604/592 597/609/597 910/971/910 912/973/912 
f 598/610/598 596/608/596 921/982/921 922/983/922 
f 597/609/597 602/614/602 909/970/909 910/971/910 
f 603/615/603 598/610/598 922/983/922 923/984/923 
f 602/614/602 607/619/607 907/968/907 909/970/909 
f 608/620/608 603/615/603 923/984/923 924/985/924 
f 607/619/607 612/624/612 905/966/905 907/968/907 
f 616/628/616 608/620/608 924/985/924 925/986/925 
f 612/624/612 617/629/617 902/963/902 905/966/905 
f 617/629/617 620/632/620 900/959/900 902/963/902 
f 622/634/622 616/628/616 925/986/925 926/987/926 
f 620/632/620 207/637/207 858/960/858 900/959/900 
f 209/639/209 622/634/622 926/987/926 888/988/888 
f 686/710/686 290/713/290 888/988/888 926/987/926 
f 287/712/287 687/711/687 927/989/927 889/990/889 
f 688/714/688 686/710/686 926/987/926 925/986/925 
f 687/711/687 689/715/689 928/991/928 927/989/927 
f 690/716/690 688/714/688 925/986/925 924/985/924 
f 689/715/689 691/717/691 929/992/929 928/991/928 
f 692/718/692 690/716/690 924/985/924 923/984/923 
f 691/717/691 693/719/693 930/993/930 929/992/929 
f 694/720/694 692/718/692 923/984/923 922/983/922 
f 693/719/693 695/721/695 931/994/931 930/993/930 
f 696/722/696 694/720/694 922/983/922 921/982/921 
f 695/721/695 697/723/697 932/995/932 931/994/931 
f 698/724/698 696/722/696 921/982/921 920/981/920 
f 697/723/697 699/725/699 933/996/933 932/995/932 
f 700/726/700 698/724/698 920/981/920 919/980/919 
f 699/725/699 701/727/701 934/997/934 933/996/933 
f 702/728/702 700/726/700 919/980/919 918/979/918 
f 701/727/701 703/729/703 935/998/935 934/997/934 
f 308/308/308 702/728/702 918/979/918 879/938/879 
f 703/729/703 307/307/307 899/958/899 935/998/935 
f 318/318/318 708/734/708 935/998/935 899/958/899 
f 708/734/708 713/739/713 934/997/934 935/998/935 
f 713/739/713 717/743/717 933/996/933 934/997/934 
f 717/743/717 722/748/722 932/995/932 933/996/933 
f 722/748/722 727/753/727 931/994/931 932/995/932 
f 727/753/727 733/759/733 930/993/930 931/994/931 
f 733/759/733 737/763/737 929/992/929 930/993/930 
f 737/763/737 742/768/742 928/991/928 929/992/929 
f 742/768/742 747/773/747 927/989/927 928/991/928 
f 747/773/747 363/779/363 889/990/889 927/989/927 
f 309/309/309 312/312/312 936/999/936 937/1000/937 
f 315/315/315 314/314/314 937/1000/937 936/999/936 
f 319/319/319 309/309/309 937/1000/937 938/1001/938 
f 314/314/314 322/322/322 938/1001/938 937/1000/937 
f 324/324/324 319/319/319 938/1001/938 939/1002/939 
f 322/322/322 328/328/328 939/1002/939 938/1001/938 
f 329/329/329 324/324/324 939/1002/939 940/1003/940 
f 328/328/328 333/333/333 940/1003/940 939/1002/939 
f 334/334/334 329/329/329 940/1003/940 941/1004/941 
f 333/333/333 338/338/338 941/1004/941 940/1003/940 
f 339/339/339 334/334/334 941/1004/941 942/1005/942 
f 338/338/338 342/342/342 942/1005/942 941/1004/941 
f 344/344/344 339/339/339 942/1005/942 943/1006/943 
f 342/342/342 348/348/348 943/1006/943 942/1005/942 
f 349/349/349 344/344/344 943/1006/943 944/1007/944 
f 348/348/348 353/353/353 944/1007/944 943/1006/943 
f 354/354/354 349/349/349 944/1007/944 945/1008/945 
f 353/353/353 358/358/358 945/1008/945 944/1007/944 
f 359/359/359 354/354/354 945/1008/945 946/1009/946 
f 358/358/358 362/362/362 946/1009/946 945/1008/945 
f 312/312/312 705/731/705 947/1010/947 936/999/936 
f 706/732/706 315/315/315 936/999/936 947/1010/947 
f 705/731/705 710/736/710 948/1011/948 947/1010/947 
f 711/737/711 706/732/706 947/1010/947 948/1011/948 
f 710/736/710 715/741/715 949/1012/949 948/1011/948 
f 718/744/718 711/737/711 948/1011/948 949/1012/949 
f 715/741/715 720/746/720 950/1013/950 949/1012/949 
f 723/749/723 718/744/718 949/1012/949 950/1013/950 
f 720/746/720 725/751/725 951/1014/951 950/1013/950 
f 728/754/728 723/749/723 950/1013/950 951/1014/951 
f 725/751/725 730/756/730 952/1015/952 951/1014/951 
f 731/757/731 728/754/728 951/1014/951 952/1015/952 
f 730/756/730 735/761/735 953/1016/953 952/1015/952 
f 738/764/738 731/757/731 952/1015/952 953/1016/953 
f 735/761/735 740/766/740 954/1017/954 953/1016/953 
f 743/769/743 738/764/738 953/1016/953 954/1017/954 
f 740/766/740 745/771/745 955/1018/955 954/1017/954 
f 748/774/748 743/769/743 954/1017/954 955/1018/955 
f 745/771/745 359/776/359 946/1019/946 955/1018/955 
f 362/777/362 748/774/748 955/1018/955 946/1019/946 
f 2/2/2 1/1/1 956/1020/956 957/1021/957 
f 211/211/211 210/210/210 958/1022/958 959/1023/959 
f 214/214/214 215/215/215 960/1024/960 961/1025/961 
f 217/217/217 216/216/216 962/1026/962 963/1027/963 
f 219/219/219 218/218/218 961/1025/961 960/1024/960 
f 221/221/221 220/220/220 964/1028/964 965/1029/965 
f 223/223/223 222/222/222 963/1027/963 962/1026/962 
f 216/216/216 224/224/224 966/1030/966 962/1026/962 
f 225/225/225 219/219/219 960/1024/960 967/1031/967 
f 215/215/215 227/227/227 967/1031/967 960/1024/960 
f 228/228/228 211/211/211 959/1023/959 968/1032/968 
f 229/229/229 223/223/223 962/1026/962 966/1030/966 
f 220/220/220 230/230/230 969/1033/969 964/1028/964 
f 231/231/231 228/228/228 968/1032/968 970/1034/970 
f 227/227/227 233/233/233 971/1035/971 967/1031/967 
f 234/234/234 225/225/225 967/1031/967 971/1035/971 
f 224/224/224 235/235/235 972/1036/972 966/1030/966 
f 236/236/236 229/229/229 966/1030/966 972/1036/972 
f 230/230/230 237/237/237 973/1037/973 969/1033/969 
f 233/233/233 239/239/239 974/1038/974 971/1035/971 
f 240/240/240 231/231/231 970/1034/970 975/1039/975 
f 241/241/241 236/236/236 972/1036/972 976/1040/976 
f 237/237/237 242/242/242 977/1041/977 973/1037/973 
f 243/243/243 234/234/234 971/1035/971 974/1038/974 
f 235/235/235 244/244/244 976/1040/976 972/1036/972 
f 245/245/245 240/240/240 975/1039/975 978/1042/978 
f 239/239/239 247/247/247 979/1043/979 974/1038/974 
f 248/248/248 241/241/241 976/1040/976 980/1044/980 
f 242/242/242 249/249/249 981/1045/981 977/1041/977 
f 250/250/250 243/243/243 974/1038/974 979/1043/979 
f 244/244/244 251/251/251 980/1044/980 976/1040/976 
f 249/249/249 252/252/252 982/1046/982 981/1045/981 
f 253/253/253 248/248/248 980/1044/980 983/1047/983 
f 254/254/254 250/250/250 979/1043/979 984/1048/984 
f 251/251/251 255/255/255 983/1047/983 980/1044/980 
f 247/247/247 257/257/257 984/1048/984 979/1043/979 
f 258/258/258 245/245/245 978/1042/978 985/1049/985 
f 255/255/255 259/259/259 986/1050/986 983/1047/983 
f 260/260/260 254/254/254 984/1048/984 987/1051/987 
f 257/257/257 262/262/262 987/1051/987 984/1048/984 
f 263/263/263 253/253/253 983/1047/983 986/1050/986 
f 252/252/252 264/264/264 988/1052/988 982/1046/982 
f 265/265/265 258/258/258 985/1049/985 989/1053/989 
f 266/266/266 263/263/263 986/1050/986 990/1054/990 
f 264/264/264 267/267/267 991/1055/991 988/1052/988 
f 268/268/268 260/260/260 987/1051/987 992/1056/992 
f 259/259/259 269/269/269 990/1054/990 986/1050/986 
f 262/262/262 271/271/271 992/1056/992 987/1051/987 
f 272/272/272 265/265/265 989/1053/989 993/1057/993 
f 273/273/273 266/266/266 990/1054/990 994/1058/994 
f 267/267/267 274/274/274 995/1059/995 991/1055/991 
f 275/275/275 268/268/268 992/1056/992 996/1060/996 
f 269/269/269 276/276/276 994/1058/994 990/1054/990 
f 277/277/277 272/272/272 993/1057/993 957/1021/957 
f 271/271/271 279/279/279 996/1060/996 992/1056/992 
f 276/276/276 280/280/280 997/1061/997 994/1058/994 
f 281/281/281 275/275/275 996/1060/996 998/1062/998 
f 279/279/279 283/283/283 998/1062/998 996/1060/996 
f 274/274/274 284/284/284 999/1063/999 995/1059/995 
f 285/285/285 273/273/273 994/1058/994 997/1061/997 
f 286/286/286 277/277/277 957/1021/957 956/1020/956 
f 311/311/311 310/310/310 995/1059/995 999/1063/999 
f 310/310/310 320/320/320 991/1055/991 995/1059/995 
f 320/320/320 325/325/325 988/1052/988 991/1055/991 
f 325/325/325 330/330/330 982/1046/982 988/1052/988 
f 330/330/330 335/335/335 981/1045/981 982/1046/982 
f 335/335/335 340/340/340 977/1041/977 981/1045/981 
f 340/340/340 345/345/345 973/1037/973 977/1041/977 
f 345/345/345 350/350/350 969/1033/969 973/1037/973 
f 350/350/350 355/355/355 964/1028/964 969/1033/969 
f 355/355/355 360/360/360 965/1029/965 964/1028/964 
f 366/366/366 365/365/365 959/1023/959 958/1022/958 
f 365/365/365 376/376/376 968/1032/968 959/1023/959 
f 376/376/376 383/383/383 970/1034/970 968/1032/968 
f 383/383/383 389/389/389 975/1039/975 970/1034/970 
f 389/389/389 395/395/395 978/1042/978 975/1039/975 
f 395/395/395 400/400/400 985/1049/985 978/1042/978 
f 400/400/400 406/406/406 989/1053/989 985/1049/985 
f 406/406/406 416/416/416 993/1057/993 989/1053/989 
f 416/416/416 2/2/2 957/1021/957 993/1057/993 
f 1/1/1 456/456/456 1000/1064/1000 956/1020/956 
f 210/642/210 624/641/624 1001/1065/1001 958/1066/958 
f 625/645/625 214/644/214 961/1067/961 1002/1068/1002 
f 218/646/218 627/649/627 1002/1068/1002 961/1067/961 
f 626/648/626 217/647/217 963/1069/963 1003/1070/1003 
f 222/650/222 629/653/629 1003/1070/1003 963/1069/963 
f 628/652/628 221/651/221 965/1071/965 1004/1072/1004 
f 627/649/627 631/655/631 1005/1073/1005 1002/1068/1002 
f 630/654/630 626/648/626 1003/1070/1003 1006/1074/1006 
f 632/656/632 625/645/625 1002/1068/1002 1005/1073/1005 
f 624/641/624 634/658/634 1007/1075/1007 1001/1065/1001 
f 635/659/635 628/652/628 1004/1072/1004 1008/1076/1008 
f 629/653/629 636/660/636 1006/1074/1006 1003/1070/1003 
f 634/658/634 638/662/638 1009/1077/1009 1007/1075/1007 
f 639/663/639 632/656/632 1005/1073/1005 1010/1078/1010 
f 640/664/640 630/654/630 1006/1074/1006 1011/1079/1011 
f 631/655/631 641/665/641 1010/1078/1010 1005/1073/1005 
f 642/666/642 635/659/635 1008/1076/1008 1012/1080/1012 
f 636/660/636 643/667/643 1011/1079/1011 1006/1074/1006 
f 644/668/644 639/663/639 1010/1078/1010 1013/1081/1013 
f 638/662/638 646/670/646 1014/1082/1014 1009/1077/1009 
f 647/671/647 642/666/642 1012/1080/1012 1015/1083/1015 
f 643/667/643 648/672/648 1016/1084/1016 1011/1079/1011 
f 649/673/649 640/664/640 1011/1079/1011 1016/1084/1016 
f 641/665/641 650/674/650 1013/1081/1013 1010/1078/1010 
f 646/670/646 652/676/652 1017/1085/1017 1014/1082/1014 
f 653/677/653 644/668/644 1013/1081/1013 1018/1086/1018 
f 654/678/654 647/671/647 1015/1083/1015 1019/1087/1019 
f 648/672/648 655/679/655 1020/1088/1020 1016/1084/1016 
f 656/680/656 649/673/649 1016/1084/1016 1020/1088/1020 
f 650/674/650 657/681/657 1018/1086/1018 1013/1081/1013 
f 655/679/655 659/683/659 1021/1089/1021 1020/1088/1020 
f 658/682/658 654/678/654 1019/1087/1019 1022/1090/1022 
f 660/684/660 656/680/656 1020/1088/1020 1021/1089/1021 
f 657/681/657 661/685/661 1023/1091/1023 1018/1086/1018 
f 662/686/662 653/677/653 1018/1086/1018 1023/1091/1023 
f 652/676/652 664/688/664 1024/1092/1024 1017/1085/1017 
f 661/685/661 666/690/666 1025/1093/1025 1023/1091/1023 
f 665/689/665 660/684/660 1021/1089/1021 1026/1094/1026 
f 667/691/667 662/686/662 1023/1091/1023 1025/1093/1025 
f 669/693/669 658/682/658 1022/1090/1022 1027/1095/1027 
f 659/683/659 670/694/670 1026/1094/1026 1021/1089/1021 
f 664/688/664 671/695/671 1028/1096/1028 1024/1092/1024 
f 672/696/672 669/693/669 1027/1095/1027 1029/1097/1029 
f 670/694/670 673/697/673 1030/1098/1030 1026/1094/1026 
f 674/698/674 665/689/665 1026/1094/1026 1030/1098/1030 
f 666/690/666 675/699/675 1031/1099/1031 1025/1093/1025 
f 676/700/676 667/691/667 1025/1093/1025 1031/1099/1031 
f 671/695/671 678/702/678 1032/1100/1032 1028/1096/1028 
f 679/703/679 672/696/672 1029/1097/1029 1033/1101/1033 
f 673/697/673 680/704/680 1034/1102/1034 1030/1098/1030 
f 681/705/681 674/698/674 1030/1098/1030 1034/1102/1034 
f 675/699/675 682/706/682 1035/1103/1035 1031/1099/1031 
f 678/702/678 684/708/684 1000/1064/1000 1032/1100/1032 
f 685/709/685 676/700/676 1031/1099/1031 1035/1103/1035 
f 682/706/682 281/281/281 998/1062/998 1035/1103/1035 
f 280/280/280 681/705/681 1034/1102/1034 997/1061/997 
f 283/283/283 685/709/685 1035/1103/1035 998/1062/998 
f 680/704/680 285/285/285 997/1061/997 1034/1102/1034 
f 284/284/284 679/703/679 1033/1101/1033 999/1063/999 
f 684/708/684 286/286/286 956/1020/956 1000/1064/1000 
f 704/730/704 311/311/311 999/1063/999 1033/1101/1033 
f 709/735/709 704/730/704 1033/1101/1033 1029/1097/1029 
f 714/740/714 709/735/709 1029/1097/1029 1027/1095/1027 
f 719/745/719 714/740/714 1027/1095/1027 1022/1090/1022 
f 724/750/724 719/745/719 1022/1090/1022 1019/1087/1019 
f 729/755/729 724/750/724 1019/1087/1019 1015/1083/1015 
f 734/760/734 729/755/729 1015/1083/1015 1012/1080/1012 
f 739/765/739 734/760/734 1012/1080/1012 1008/1076/1008 
f 744/770/744 739/765/739 1008/1076/1008 1004/1072/1004 
f 360/775/360 744/770/744 1004/1072/1004 965/1071/965 
f 749/781/749 366/780/366 958/1066/958 1001/1065/1001 
f 755/792/755 749/781/749 1001/1065/1001 1007/1075/1007 
f 761/798/761 755/792/755 1007/1075/1007 1009/1077/1009 
f 767/804/767 761/798/761 1009/1077/1009 1014/1082/1014 
f 773/810/773 767/804/767 1014/1082/1014 1017/1085/1017 
f 779/816/779 773/810/773 1017/1085/1017 1024/1092/1024 
f 785/822/785 779/816/779 1024/1092/1024 1028/1096/1028 
f 795/832/795 785/822/785 1028/1096/1028 1032/1100/1032 
f 456/456/456 795/832/795 1032/1100/1032 1000/1064/1000 
f 4/4/4 3/3/3 1036/1104/1036 1037/1105/1037 
f 5/5/5 8/8/8 1038/1106/1038 1039/1107/1039 
f 7/7/7 6/6/6 1037/1105/1037 1036/1104/1036 
f 10/10/10 9/9/9 1040/1108/1040 1041/1109/1041 
f 12/12/12 11/11/11 1039/1107/1039 1038/1106/1038 
f 37/37/37 36/36/36 1042/1110/1042 1043/1111/1043 
f 36/36/36 44/44/44 1044/1112/1044 1042/1110/1042 
f 44/44/44 48/48/48 1045/1113/1045 1044/1112/1044 
f 48/48/48 53/53/53 1046/1114/1046 1045/1113/1045 
f 53/53/53 57/57/57 1047/1115/1047 1046/1114/1046 
f 57/57/57 62/62/62 1048/1116/1048 1047/1115/1047 
f 62/62/62 71/71/71 1049/1117/1049 1048/1116/1048 
f 71/71/71 78/78/78 1050/1118/1050 1049/1117/1049 
f 78/78/78 88/88/88 1040/1108/1040 1050/1118/1050 
f 88/88/88 95/95/95 1041/1109/1041 1040/1108/1040 
f 364/364/364 367/367/367 1051/1119/1051 1052/1120/1052 
f 369/369/369 368/368/368 1043/1111/1043 1042/1110/1042 
f 371/371/371 370/370/370 1053/1121/1053 1054/1122/1054 
f 373/373/373 372/372/372 1052/1120/1052 1051/1119/1051 
f 375/375/375 374/374/374 1054/1122/1054 1053/1121/1053 
f 377/377/377 364/364/364 1052/1120/1052 1055/1123/1055 
f 378/378/378 375/375/375 1053/1121/1053 1056/1124/1056 
f 372/372/372 379/379/379 1055/1123/1055 1052/1120/1052 
f 380/380/380 369/369/369 1042/1110/1042 1044/1112/1044 
f 370/370/370 381/381/381 1056/1124/1056 1053/1121/1053 
f 382/382/382 377/377/377 1055/1123/1055 1057/1125/1057 
f 384/384/384 380/380/380 1044/1112/1044 1045/1113/1045 
f 381/381/381 385/385/385 1058/1126/1058 1056/1124/1056 
f 379/379/379 386/386/386 1057/1125/1057 1055/1123/1055 
f 387/387/387 378/378/378 1056/1124/1056 1058/1126/1058 
f 388/388/388 382/382/382 1057/1125/1057 1059/1127/1059 
f 390/390/390 384/384/384 1045/1113/1045 1046/1114/1046 
f 385/385/385 391/391/391 1060/1128/1060 1058/1126/1058 
f 386/386/386 392/392/392 1059/1127/1059 1057/1125/1057 
f 393/393/393 387/387/387 1058/1126/1058 1060/1128/1060 
f 394/394/394 388/388/388 1059/1127/1059 1061/1129/1061 
f 396/396/396 390/390/390 1046/1114/1046 1047/1115/1047 
f 391/391/391 397/397/397 1062/1130/1062 1060/1128/1060 
f 398/398/398 393/393/393 1060/1128/1060 1062/1130/1062 
f 392/392/392 399/399/399 1061/1129/1061 1059/1127/1059 
f 401/401/401 394/394/394 1061/1129/1061 1063/1131/1063 
f 402/402/402 398/398/398 1062/1130/1062 1064/1132/1064 
f 399/399/399 403/403/403 1063/1131/1063 1061/1129/1061 
f 404/404/404 396/396/396 1047/1115/1047 1048/1116/1048 
f 397/397/397 405/405/405 1064/1132/1064 1062/1130/1062 
f 407/407/407 401/401/401 1063/1131/1063 1065/1133/1065 
f 408/408/408 402/402/402 1064/1132/1064 1066/1134/1066 
f 403/403/403 409/409/409 1065/1133/1065 1063/1131/1063 
f 410/410/410 404/404/404 1048/1116/1048 1049/1117/1049 
f 405/405/405 411/411/411 1066/1134/1066 1064/1132/1064 
f 412/412/412 410/410/410 1049/1117/1049 1050/1118/1050 
f 411/411/411 413/413/413 1067/1135/1067 1066/1134/1066 
f 409/409/409 414/414/414 1068/1136/1068 1065/1133/1065 
f 415/415/415 408/408/408 1066/1134/1066 1067/1135/1067 
f 417/417/417 407/407/407 1065/1133/1065 1068/1136/1068 
f 3/3/3 417/417/417 1068/1136/1068 1036/1104/1036 
f 9/9/9 412/412/412 1050/1118/1050 1040/1108/1040 
f 413/413/413 12/12/12 1038/1106/1038 1067/1135/1067 
f 414/414/414 7/7/7 1036/1104/1036 1068/1136/1068 
f 8/8/8 415/415/415 1067/1135/1067 1038/1106/1038 
f 455/455/455 4/4/4 1037/1105/1037 1069/1137/1069 
f 6/6/6 457/457/457 1069/1137/1069 1037/1105/1037 
f 458/458/458 5/5/5 1039/1107/1039 1070/1138/1070 
f 11/11/11 460/460/460 1070/1138/1070 1039/1107/1039 
f 459/459/459 10/10/10 1041/1109/1041 1071/1139/1071 
f 478/485/478 37/484/37 1043/1140/1043 1072/1141/1072 
f 485/492/485 478/485/478 1072/1141/1072 1073/1142/1073 
f 489/496/489 485/492/485 1073/1142/1073 1074/1143/1074 
f 494/501/494 489/496/489 1074/1143/1074 1075/1144/1075 
f 498/505/498 494/501/494 1075/1144/1075 1076/1145/1076 
f 503/510/503 498/505/498 1076/1145/1076 1077/1146/1077 
f 512/519/512 503/510/503 1077/1146/1077 1078/1147/1078 
f 519/526/519 512/519/512 1078/1147/1078 1079/1148/1079 
f 528/535/528 519/526/519 1079/1148/1079 1071/1139/1071 
f 95/95/95 528/535/528 1071/1139/1071 1041/1109/1041 
f 367/783/367 750/782/750 1080/1149/1080 1051/1150/1051 
f 751/784/751 371/787/371 1054/1151/1054 1081/1152/1081 
f 368/786/368 752/785/752 1072/1141/1072 1043/1140/1043 
f 374/788/374 754/791/754 1081/1152/1081 1054/1151/1054 
f 753/790/753 373/789/373 1051/1150/1051 1080/1149/1080 
f 750/782/750 756/793/756 1082/1153/1082 1080/1149/1080 
f 757/794/757 753/790/753 1080/1149/1080 1082/1153/1082 
f 754/791/754 758/795/758 1083/1154/1083 1081/1152/1081 
f 759/796/759 751/784/751 1081/1152/1081 1083/1154/1083 
f 752/785/752 760/797/760 1073/1142/1073 1072/1141/1072 
f 756/793/756 762/799/762 1084/1155/1084 1082/1153/1082 
f 763/800/763 759/796/759 1083/1154/1083 1085/1156/1085 
f 760/797/760 764/801/764 1074/1143/1074 1073/1142/1073 
f 758/795/758 766/803/766 1085/1156/1085 1083/1154/1083 
f 765/802/765 757/794/757 1082/1153/1082 1084/1155/1084 
f 762/799/762 768/805/768 1086/1157/1086 1084/1155/1084 
f 769/806/769 763/800/763 1085/1156/1085 1087/1158/1087 
f 764/801/764 770/807/770 1075/1144/1075 1074/1143/1074 
f 766/803/766 772/809/772 1087/1158/1087 1085/1156/1085 
f 771/808/771 765/802/765 1084/1155/1084 1086/1157/1086 
f 768/805/768 774/811/774 1088/1159/1088 1086/1157/1086 
f 775/812/775 769/806/769 1087/1158/1087 1089/1160/1089 
f 770/807/770 776/813/776 1076/1145/1076 1075/1144/1075 
f 777/814/777 771/808/771 1086/1157/1086 1088/1159/1088 
f 772/809/772 778/815/778 1089/1160/1089 1087/1158/1087 
f 774/811/774 780/817/780 1090/1161/1090 1088/1159/1088 
f 781/818/781 777/814/777 1088/1159/1088 1090/1161/1090 
f 778/815/778 782/819/782 1091/1162/1091 1089/1160/1089 
f 783/820/783 775/812/775 1089/1160/1089 1091/1162/1091 
f 776/813/776 784/821/784 1077/1146/1077 1076/1145/1076 
f 780/817/780 786/823/786 1092/1163/1092 1090/1161/1090 
f 787/824/787 781/818/781 1090/1161/1090 1092/1163/1092 
f 782/819/782 788/825/788 1093/1164/1093 1091/1162/1091 
f 789/826/789 783/820/783 1091/1162/1091 1093/1164/1093 
f 784/821/784 790/827/790 1078/1147/1078 1077/1146/1077 
f 791/828/791 789/826/789 1093/1164/1093 1094/1165/1094 
f 790/827/790 792/829/792 1079/1148/1079 1078/1147/1078 
f 788/825/788 794/831/794 1094/1165/1094 1093/1164/1093 
f 793/830/793 787/824/787 1092/1163/1092 1095/1166/1095 
f 786/823/786 796/833/796 1095/1166/1095 1092/1163/1092 
f 796/833/796 455/455/455 1069/1137/1069 1095/1166/1095 
f 460/460/460 791/828/791 1094/1165/1094 1070/1138/1070 
f 792/829/792 459/459/459 1071/1139/1071 1079/1148/1079 
f 794/831/794 458/458/458 1070/1138/1070 1094/1165/1094 
f 457/457/457 793/830/793 1095/1166/1095 1069/1137/1069 
f 18/18/18 17/17/17 1096/1167/1096 1097/1168/1097 
f 20/20/20 21/21/21 1098/1169/1098 1099/1170/1099 
f 21/21/21 23/23/23 1100/1171/1100 1098/1169/1098 
f 27/27/27 26/26/26 1099/1170/1099 1098/1169/1098 
f 28/28/28 18/18/18 1097/1168/1097 1101/1172/1101 
f 33/33/33 27/27/27 1098/1169/1098 1100/1171/1100 
f 23/23/23 35/35/35 1102/1173/1102 1100/1171/1100 
f 38/38/38 28/28/28 1101/1172/1101 1103/1174/1103 
f 43/43/43 33/33/33 1100/1171/1100 1102/1173/1102 
f 45/45/45 38/38/38 1103/1174/1103 1104/1175/1104 
f 51/51/51 43/43/43 1102/1173/1102 1105/1176/1105 
f 35/35/35 52/52/52 1105/1176/1105 1102/1173/1102 
f 56/56/56 51/51/51 1105/1176/1105 1106/1177/1106 
f 52/52/52 59/59/59 1106/1177/1106 1105/1176/1105 
f 63/63/63 56/56/56 1106/1177/1106 1107/1178/1107 
f 59/59/59 65/65/65 1107/1178/1107 1106/1177/1106 
f 67/67/67 45/45/45 1104/1175/1104 1108/1179/1108 
f 70/70/70 63/63/63 1107/1178/1107 1109/1180/1109 
f 65/65/65 73/73/73 1109/1180/1109 1107/1178/1107 
f 75/75/75 67/67/67 1108/1179/1108 1110/1181/1110 
f 79/79/79 70/70/70 1109/1180/1109 1111/1182/1111 
f 80/80/80 75/75/75 1110/1181/1110 1112/1183/1112 
f 73/73/73 83/83/83 1111/1182/1111 1109/1180/1109 
f 84/84/84 80/80/80 1112/1183/1112 1113/1184/1113 
f 90/90/90 79/79/79 1111/1182/1111 1114/1185/1114 
f 83/83/83 91/91/91 1114/1185/1114 1111/1182/1111 
f 94/94/94 90/90/90 1114/1185/1114 1115/1186/1115 
f 96/96/96 84/84/84 1113/1184/1113 1116/1187/1116 
f 91/91/91 99/99/99 1115/1186/1115 1114/1185/1114 
f 438/438/438 437/437/437 1108/1188/1108 1104/1189/1104 
f 437/437/437 439/439/439 1110/1190/1110 1108/1188/1108 
f 440/440/440 438/438/438 1104/1189/1104 1103/1191/1103 
f 441/441/441 440/440/440 1103/1191/1103 1101/1192/1101 
f 442/442/442 441/441/441 1101/1192/1101 1097/1193/1097 
f 439/439/439 445/445/445 1112/1194/1112 1110/1190/1110 
f 445/445/445 446/446/446 1113/1195/1113 1112/1194/1112 
f 448/448/448 447/447/447 1096/1196/1096 1117/1197/1117 
f 447/447/447 442/442/442 1097/1193/1097 1096/1196/1096 
f 17/17/17 450/450/450 1117/1198/1117 1096/1167/1096 
f 446/446/446 454/454/454 1116/1199/1116 1113/1195/1113 
f 463/465/463 465/467/465 1118/1200/1118 1119/1201/1119 
f 466/469/466 20/468/20 1099/1202/1099 1120/1203/1120 
f 467/470/467 466/469/466 1120/1203/1120 1121/1204/1121 
f 26/472/26 470/475/470 1120/1203/1120 1099/1202/1099 
f 465/467/465 472/477/472 1122/1205/1122 1118/1200/1118 
f 470/475/470 475/481/475 1121/1204/1121 1120/1203/1120 
f 476/482/476 467/470/467 1121/1204/1121 1123/1206/1123 
f 472/477/472 480/487/480 1124/1207/1124 1122/1205/1122 
f 475/481/475 484/491/484 1123/1206/1123 1121/1204/1121 
f 480/487/480 487/494/487 1125/1208/1125 1124/1207/1124 
f 484/491/484 492/499/492 1126/1209/1126 1123/1206/1123 
f 493/500/493 476/482/476 1123/1206/1123 1126/1209/1126 
f 492/499/492 497/504/497 1127/1210/1127 1126/1209/1126 
f 499/506/499 493/500/493 1126/1209/1126 1127/1210/1127 
f 497/504/497 504/511/504 1128/1211/1128 1127/1210/1127 
f 505/512/505 499/506/499 1127/1210/1127 1128/1211/1128 
f 487/494/487 508/515/508 1129/1212/1129 1125/1208/1125 
f 504/511/504 511/518/511 1130/1213/1130 1128/1211/1128 
f 513/520/513 505/512/505 1128/1211/1128 1130/1213/1130 
f 508/515/508 516/523/516 1131/1214/1131 1129/1212/1129 
f 511/518/511 520/527/520 1132/1215/1132 1130/1213/1130 
f 516/523/516 522/529/522 1133/1216/1133 1131/1214/1131 
f 524/531/524 513/520/513 1130/1213/1130 1132/1215/1132 
f 522/529/522 526/533/526 1134/1217/1134 1133/1216/1133 
f 520/527/520 531/538/531 1135/1218/1135 1132/1215/1132 
f 532/539/532 524/531/524 1132/1215/1132 1135/1218/1135 
f 531/538/531 94/94/94 1115/1186/1115 1135/1218/1135 
f 526/533/526 96/96/96 1116/1187/1116 1134/1217/1134 
f 99/99/99 532/539/532 1135/1218/1135 1115/1186/1115 
f 810/847/810 809/846/809 1125/1219/1125 1129/1220/1129 
f 811/848/811 810/847/810 1129/1220/1129 1131/1221/1131 
f 809/846/809 812/849/812 1124/1222/1124 1125/1219/1125 
f 812/849/812 813/850/813 1122/1223/1122 1124/1222/1124 
f 813/850/813 814/851/814 1118/1224/1118 1122/1223/1122 
f 817/854/817 811/848/811 1131/1221/1131 1133/1225/1133 
f 818/855/818 817/854/817 1133/1225/1133 1134/1226/1134 
f 819/856/819 448/448/448 1117/1197/1117 1119/1227/1119 
f 814/851/814 819/856/819 1119/1227/1119 1118/1224/1118 
f 450/857/450 463/465/463 1119/1201/1119 1117/1228/1117 
f 454/454/454 818/855/818 1134/1226/1134 1116/1199/1116 
f 853/900/853 855/902/855 420/420/420 419/419/419 
f 831/869/831 849/896/849 418/418/418 421/421/421 
f 832/872/832 847/894/847 849/896/849 831/869/831 
f 833/874/833 845/892/845 847/894/847 832/872/832 
f 834/876/834 843/890/843 845/892/845 833/874/833 
f 835/878/835 841/888/841 843/890/843 834/876/834 
f 836/880/836 839/886/839 841/888/841 835/878/835 
f 837/882/837 838/884/838 839/886/839 836/880/836 
# 1133 polygons

