mtllib L_obj_7000.mtl
usemtl L_obj_7000
v 3.506691 -1.870666 13.994537
v 3.226876 -1.968072 13.987436
v 4.488566 -0.814982 12.725666
v 4.295830 -1.076039 13.046587
v 4.229620 -1.098815 13.113236
v 4.390152 -0.967579 13.002788
v 3.788301 -1.419024 13.608176
v 3.831612 -1.467540 13.401929
v 3.515528 -1.756075 13.918258
v 3.544083 -1.767169 13.811399
v 3.626007 -1.612846 13.664160
v 3.636618 -1.688910 13.688370
v 3.589565 -1.659235 13.796122
v 3.714999 -1.526937 13.690230
v 3.451109 -1.866761 13.915735
v 3.359900 -1.509132 13.589452
v 3.575074 -1.317804 13.312519
v 4.038911 -1.318713 13.303762
v 3.994360 -1.378649 13.342325
v 3.999450 -1.232831 13.273540
v 4.051627 -1.243213 13.168582
v 3.918776 -1.346196 13.369648
v 4.120972 -1.156045 13.152792
v 4.249586 -1.065111 13.076469
v 3.803971 -1.147192 13.224700
v 3.152433 -1.321599 13.466492
v 2.887643 -2.086620 13.988482
v 2.715909 -2.038106 14.086418
v 3.179212 -1.756132 13.879678
v 2.979544 -2.015656 13.788845
v 2.797984 -1.677754 13.761352
v 2.785895 -1.492090 13.562014
v 2.328712 -1.511326 13.564277
v 1.937183 -2.220948 14.140221
v 1.533828 -2.248392 14.248266
v 1.358179 -2.311802 14.232757
v 2.603242 -2.025415 13.799232
v 2.490891 -1.897102 13.599367
v 2.265473 -1.829699 13.786646
v 2.037544 -1.913912 13.748784
v 2.776467 -1.368402 13.377819
v 2.061631 -1.698605 13.526089
v 2.399742 -1.309789 13.251136
v 2.045805 -1.388699 13.403461
v 2.161927 -2.012713 14.009800
v 1.545163 -2.159946 14.098275
v 1.812088 -1.755856 13.720778
v 1.475041 -1.923517 13.870127
v 1.175093 -2.342067 14.274037
v 1.000367 -2.350811 14.319335
v 1.036285 -2.054786 13.890903
v 0.675930 -1.917529 13.954961
v 1.485044 -1.442334 13.488383
v 1.806811 -1.359364 13.429529
v 1.150061 -1.741280 13.803010
v 1.041851 -1.459768 13.520636
v 0.865477 -1.602743 13.760910
v 5.113786 -0.465734 12.349009
v 5.601670 -0.033340 11.905498
v 5.629731 -0.084929 11.921940
v 5.658692 0.002348 11.859710
v 5.612415 0.120873 11.812813
v 5.401830 -0.267267 12.157473
v 5.442573 -0.276838 12.033239
v 5.331641 -0.391249 12.210946
v 5.233142 -0.408775 12.263734
v 5.443083 -0.148326 12.111869
v 5.166914 0.067490 11.880945
v 5.553187 -0.095080 11.983562
v 5.650331 0.069170 11.852613
v 6.152744 0.794463 11.351105
v 6.409112 0.630377 11.190558
v 6.294413 0.581698 11.273847
v 6.336445 0.535546 11.167912
v 6.336430 0.524046 11.169204
v 6.317591 0.515112 11.185100
v 6.336462 0.524587 11.168171
v 6.341463 0.537023 11.151305
v 6.026889 0.498393 11.439173
v 6.627642 1.087125 10.947659
v 6.603661 0.958959 11.020922
v 6.547886 0.885604 11.056460
v 6.639689 1.167409 10.919212
v 6.538159 0.831241 11.084302
v 5.970567 0.867255 11.179576
v 6.247377 1.035595 11.007200
v 6.473559 0.706158 11.138058
v 6.274476 0.640090 11.257751
v 6.498013 0.772347 11.130283
v 6.065122 0.539124 11.375565
v 6.174564 0.815765 11.226506
v 5.788713 0.291663 11.652889
v 5.857802 0.325768 11.615286
v 5.725847 0.298764 11.714631
v 5.716220 0.331334 11.592333
v 5.677166 0.219588 11.726777
v 5.683168 0.378535 11.642038
v 5.937650 0.389170 11.491946
v 5.914989 0.403204 11.558723
v 5.766303 0.367221 11.581438
v 5.820738 0.336721 11.561990
v 5.150831 0.371425 11.657066
v 5.019400 0.294550 11.644831
v 5.010344 0.286245 11.636394
v 5.005758 0.290925 11.627454
v 4.899893 0.177897 11.641144
v 5.770147 0.669165 11.381528
v 5.748456 1.182305 11.064467
v 5.079615 0.801490 11.396717
v 5.451316 0.800461 11.332536
v 4.781411 0.999956 11.166601
v 4.626034 0.918755 11.297363
v 6.496773 1.414359 10.743465
v 6.619943 1.164428 10.845458
v 6.599829 1.281457 10.841675
v 6.575198 1.283817 10.765384
v 6.533975 1.410232 10.822842
v 6.478732 1.496541 10.663527
v 6.418369 1.573528 10.678279
v 6.417674 1.635527 10.611036
v 6.379181 1.634885 10.664009
v 6.347221 1.640555 10.654011
v 6.349140 1.641566 10.638084
v 6.348320 1.636587 10.632713
v 5.910362 1.703308 10.636624
v 6.188738 1.521994 10.712545
v 6.036427 1.377818 10.886396
v 6.299662 1.762586 10.560486
v 6.154460 1.771794 10.569822
v 6.368125 1.875899 10.408841
v 6.300659 1.753740 10.370365
v 6.349227 1.952718 10.338286
v 6.286399 1.919914 10.309264
v 5.805571 2.022660 10.266150
v 5.778549 1.766364 10.258570
v 5.364371 1.170074 11.085132
v 5.518811 1.482265 10.831649
v 5.217549 1.377402 10.979697
v 4.960270 1.257319 11.044507
v 4.706777 1.249358 11.051491
v 4.631490 1.007886 10.882048
v 5.598323 1.844015 10.463963
v 5.316650 1.774789 10.580608
v 5.419966 1.629190 10.113538
v 4.823240 1.616342 10.849549
v 4.905177 1.738780 10.636489
v 4.619237 1.764784 10.613340
v 4.749816 1.371019 10.686789
v 4.557472 1.266608 10.593207
v 4.538392 1.306526 10.573340
v 4.533345 1.298259 10.574800
v 4.569505 1.336505 10.543612
v 4.527477 1.343632 10.556482
v 4.539038 1.400407 10.546407
v 4.515950 1.350182 10.542528
v 4.518521 1.383320 10.526559
v 4.494692 1.399568 10.524007
v 4.507074 1.677953 10.386229
v 4.516266 1.433990 10.513067
v 4.616801 1.490637 10.344266
v 6.453001 2.105391 10.083774
v 6.365441 2.015431 10.210334
v 6.390321 2.189969 10.000462
v 6.084674 2.399553 9.904208
v 6.457899 2.020446 10.163271
v 6.413472 2.370915 9.837085
v 6.371747 2.336566 9.970350
v 6.394557 2.483156 9.858489
v 5.921362 2.172154 10.079584
v 5.626350 2.333138 9.970869
v 6.397786 2.483370 9.638070
v 6.417589 2.767990 9.554776
v 6.453166 2.966230 9.381678
v 6.395214 2.690518 9.624923
v 5.745956 2.835081 9.553739
v 5.434059 2.638261 9.711293
v 4.730626 1.850804 10.331928
v 4.849493 1.620492 10.270666
v 5.212667 2.900298 9.549107
v 5.048922 2.609743 9.788634
v 5.349058 2.434382 9.397262
v 4.920808 2.332280 9.539854
v 4.641458 1.149089 10.544364
v 4.552566 1.255541 10.561925
v 4.280511 0.991634 10.191713
v 4.626431 0.719999 10.454244
v 4.531575 0.560668 9.755029
v 4.706415 0.461260 9.749212
v 4.410642 1.036563 9.712844
v 4.346255 0.902972 9.544744
v 5.647092 1.869047 9.800852
v 5.086644 1.880857 9.841048
v 5.029874 1.592398 9.991695
v 4.999825 1.932511 9.780282
v 5.009960 2.005864 9.775956
v 4.975807 1.987592 9.763047
v 5.033245 1.974150 9.737733
v 4.956038 1.901901 9.817636
v 5.002576 1.909653 9.744670
v 5.054827 1.996150 9.615904
v 4.954017 1.326281 9.655262
v 4.819118 1.671579 10.088120
v 4.937779 1.703159 10.033506
v 4.816001 1.668333 10.071570
v 4.812874 1.670543 10.070265
v 4.812366 1.665390 10.070210
v 4.607209 1.522305 10.037399
v 4.962314 2.175284 9.632108
v 4.884394 2.257076 9.556285
v 4.862618 2.277567 9.557497
v 4.924327 2.428934 9.468882
v 5.084942 2.174932 9.406630
v 4.987775 2.018976 9.240960
v 4.418058 2.037974 9.183749
v 4.369184 2.075641 9.209693
v 4.389437 2.053650 9.190590
v 4.363844 2.026357 9.151405
v 4.377115 2.038387 9.145933
v 5.169274 1.077255 9.296295
v 4.659800 1.174383 9.667950
v 4.847053 1.199315 9.481522
v 4.501326 1.247161 9.892387
v 4.420337 1.049975 9.706658
v 4.483560 1.128207 9.584589
v 4.416419 1.032824 9.346493
v 5.083439 1.664345 8.996119
v 5.139647 1.725608 8.787099
v 4.722546 1.560769 9.201683
v 4.768923 1.895962 9.136052
v 4.482984 1.869520 8.914544
v 4.331985 1.644260 8.766771
v 4.580918 0.100117 10.093575
v 4.481031 -0.161749 9.928352
v 4.662350 0.089958 9.773268
v 4.441305 0.000363 9.801310
v 4.778669 0.709343 9.376738
v 4.564387 -0.407541 9.298105
v 4.626158 -0.270517 9.489627
v 4.463093 0.318247 8.770586
v 4.638228 0.140605 8.563622
v 4.980961 0.710506 8.889518
v 4.633106 0.712454 9.170180
v 4.538022 0.716155 8.977879
v 5.073571 1.091452 8.547208
v 5.075872 1.581589 8.658549
v 4.241358 1.459242 8.548248
v 4.674057 1.282498 8.375731
v 4.875919 0.477139 8.676435
v 4.820119 0.697409 8.090284
v 4.582533 0.373156 8.822076
v 4.367826 0.410261 8.685468
v 4.379084 0.397881 8.668845
v 4.358462 0.389518 8.678164
v 4.593286 0.224060 8.406905
v 4.395364 0.205716 8.548970
v 4.620523 0.568548 8.201900
v 4.908920 1.139106 8.454124
v 3.846828 1.334092 8.463083
v 4.345774 0.718585 8.044559
v 4.507565 0.921810 7.951025
v 3.975804 0.860984 7.976735
v 4.703682 -0.722576 12.762024
v 4.744263 -0.609239 12.679914
v 4.998325 -0.468753 12.487815
v 4.891440 -0.498459 12.542901
v 4.934055 -0.546750 12.481528
v 4.841382 -0.612677 12.515399
v 4.508723 -0.866830 12.920999
v 4.415938 -0.886205 12.925590
v 4.124349 -0.623899 12.747053
v 4.951254 -0.211975 12.125179
v 4.682211 -0.246133 12.210311
v 4.319499 -0.389865 12.473959
v 4.295235 -0.134089 12.216127
v 4.019175 0.033026 12.099562
v 3.753291 -0.931181 12.964882
v 3.813316 -0.694364 12.858671
v 3.433149 -0.831052 12.957320
v 3.465806 -1.041745 13.153739
v 3.592947 0.062777 12.088037
v 3.596866 -0.320672 12.466986
v 2.810191 -0.580459 12.810159
v 3.239146 -0.485859 12.731999
v 3.171419 -0.244655 12.466703
v 2.736273 -0.042848 12.458000
v 4.765254 0.129271 11.899887
v 4.547611 0.138987 11.825267
v 4.434216 0.417989 11.713877
v 4.272080 0.240080 11.907112
v 4.944685 0.510406 11.628769
v 4.625234 0.612813 11.501823
v 4.343499 0.444653 11.673223
v 4.443123 0.694938 11.403777
v 3.893779 0.403678 11.707910
v 3.489857 0.350401 11.872943
v 3.145518 0.062847 12.222237
v 3.061010 0.348952 11.987878
v 3.100270 0.795266 11.645851
v 3.285213 0.524972 11.669589
v 2.783447 0.314537 12.028084
v 2.858557 0.542589 11.779467
v 2.870151 -0.986111 13.089545
v 2.506205 -0.742740 12.871404
v 1.916143 -0.938033 13.007816
v 2.312633 -0.541110 12.753708
v 1.955774 -0.551857 12.832599
v 0.688950 -1.164323 13.576416
v 0.975909 -1.115054 13.395956
v 0.739576 -0.962976 13.326397
v 1.590901 -0.872718 13.013214
v 1.195051 -0.904717 13.113895
v 1.265960 -0.641330 12.863486
v 0.759415 -0.688210 13.095067
v 2.426428 0.177235 12.230244
v 2.311587 -0.091884 12.488017
v 1.790578 -0.394949 12.623112
v 2.055576 -0.057228 12.424778
v 2.361028 0.396350 11.974144
v 2.248081 0.313386 11.929204
v 2.515149 0.496688 11.806317
v 2.285882 0.434830 11.809584
v 2.104948 0.257983 11.841280
v 1.971685 0.354573 11.977919
v 1.971440 0.338841 11.982849
v 1.936324 0.329466 11.949868
v 1.889771 0.100299 12.220618
v 2.021297 0.268565 12.110252
v 1.950287 0.349003 12.013599
v 1.926447 0.360610 11.999418
v 1.938005 0.367930 11.989074
v 1.938786 0.338720 11.980616
v 1.918618 0.325167 11.966936
v 1.937694 0.348869 11.985478
v 0.961433 -0.405314 12.815391
v 0.930662 -0.215352 12.630269
v 1.114278 -0.102025 12.397396
v 0.849593 -0.298205 12.696884
v 0.654199 -0.279449 12.823305
v 0.824132 -0.168858 12.517977
v 0.297062 -0.243994 12.618029
v 4.591120 0.727772 10.930183
v 4.456483 1.446219 10.491125
v 4.329682 0.114609 11.483902
v 4.800445 0.326428 11.290579
v 4.278475 0.413827 11.255181
v 4.257813 0.324823 11.126125
v 4.355554 0.272381 11.495874
v 3.632351 0.325914 11.489932
v 3.927382 -0.129409 11.198105
v 4.435025 -0.472066 10.736308
v 4.176003 -0.790306 10.920279
v 3.906225 -0.713464 10.929483
v 4.517581 -0.121038 10.974480
v 4.251061 -0.158848 11.093691
v 4.146626 0.156432 10.775430
v 4.508809 -0.401447 10.556739
v 4.426691 -0.126457 10.355614
v 3.622720 -0.544399 10.802630
v 3.519508 0.129806 11.555042
v 3.382619 0.033398 11.203032
v 3.296082 0.125113 11.078870
v 3.031702 0.325879 11.173903
v 2.952892 0.461944 11.468432
v 2.473682 0.304926 11.571078
v 2.676691 0.385163 11.415432
v 2.667253 0.400876 11.406729
v 2.954301 -0.157797 11.505851
v 2.731361 0.114866 11.388874
v 3.156193 -0.528595 11.192848
v 3.521862 -0.188584 11.215105
v 3.409916 -0.152985 11.070784
v 3.149121 -0.090966 11.114121
v 3.222542 -0.501603 10.919143
v 3.104004 -0.423754 10.770557
v 2.481266 -0.315599 11.096241
v 2.390737 -0.434593 10.816892
v 4.301918 -1.051348 10.693171
v 3.620634 -1.019418 10.629543
v 4.510741 -0.616966 10.786824
v 4.322376 -0.900959 10.421844
v 4.281619 -0.534348 10.076108
v 3.323313 -0.684785 10.940941
v 3.571263 -0.727143 10.349915
v 2.979204 -0.693928 10.959012
v 2.773693 -0.746706 11.175148
v 3.192522 -0.388486 10.561040
v 3.191345 -0.408246 10.535560
v 3.202997 -0.433797 10.516869
v 3.195035 -0.405977 10.499043
v 3.192123 -0.423685 10.490346
v 3.188786 -0.417981 10.517125
v 3.201096 -0.895530 10.673684
v 3.181949 -0.749812 10.490565
v 3.217862 -0.562221 10.263210
v 2.884867 -0.528117 10.677096
v 2.557623 -0.674027 10.964644
v 2.329365 -0.551226 10.674506
v 2.307408 -0.417506 10.627850
v 2.660572 -0.783805 10.483185
v 2.346501 -0.523066 10.489537
v 2.345395 -0.855259 10.444069
v 3.145496 -0.660980 10.185210
v 2.849482 -0.741065 10.269100
v 1.968361 -1.178118 13.137089
v 2.132211 -0.994102 12.998956
v 1.548564 -1.147998 13.248139
v 1.191164 -1.266182 13.314387
v 1.820639 -0.471375 12.153862
v 1.933751 -0.176079 12.314710
v 1.631424 -0.288217 11.946933
v 1.519369 -0.342487 12.154712
v 2.254618 -0.092615 11.383279
v 2.295083 0.266798 11.636758
v 1.856428 0.354688 11.717844
v 1.981406 0.241838 11.668252
v 2.203608 0.131690 11.238965
v 1.800189 0.022847 11.902604
v 1.641607 -0.108049 11.695260
v 2.293534 -0.250987 11.552448
v 2.285332 -0.712258 11.325432
v 1.603197 -0.570785 11.912590
v 1.771221 -0.471115 11.742267
v 1.769846 -0.607222 11.482961
v 2.253036 -0.517398 10.989347
v 2.109548 -0.495892 11.029155
v 1.878906 -0.214685 11.089986
v 1.881759 -0.123181 11.072775
v 1.745017 -0.167661 11.071956
v 1.338539 -0.496223 11.602452
v 1.711855 -0.367588 11.266966
v 1.759901 -0.230544 11.149969
v 1.553090 -0.295696 11.271550
v 1.483701 -0.423257 12.569988
v 1.235290 -0.320139 12.199241
v 1.461639 -0.727370 12.135205
v 1.212295 -0.246190 11.892896
v 0.745298 -0.170009 12.337345
v 0.658430 -0.185129 12.504151
v 0.858912 -0.449168 12.070971
v 0.504592 -0.452385 12.345758
v 0.817272 -0.087583 12.323721
v 0.949666 0.043744 12.239243
v 0.994041 -0.174328 11.948387
v 1.324539 -0.621375 11.822856
v 0.362232 -0.662036 12.037767
v 0.748449 -0.611271 11.859084
v 0.560142 -0.980593 11.588501
v 1.316054 -0.379272 11.747518
v 0.929683 -0.383946 11.678638
v 1.288937 -0.333486 11.375261
v 0.379916 -0.368961 11.594520
v 0.560908 -0.451599 11.443254
v 0.261725 -0.584971 11.406360
v 2.213132 -0.673848 10.742500
v 1.770407 -0.553465 11.167306
v 1.510003 -0.827234 11.040653
v 1.317506 -0.360268 11.100357
v 1.344752 -0.625563 10.950315
v 1.235343 -0.834842 11.236626
v 1.180538 -0.817417 10.678094
v 1.332555 -0.707451 10.494433
v 1.764238 -0.983969 10.573231
v 1.897958 -1.023981 10.437211
v 1.531013 -0.881949 10.617547
v 1.245191 -1.091230 10.513242
v 0.876709 -0.702567 11.209712
v 0.684236 -0.517032 11.037470
v 0.623135 -0.511435 11.108108
v 0.986760 -0.769213 10.949251
v 0.699542 -0.617659 10.715544
v 0.538509 -0.659578 11.285947
v 0.537694 -0.537588 11.073360
v 0.542116 -0.518586 11.052082
v 0.497362 -0.542839 11.065897
v 0.488007 -0.551247 11.061555
v 0.522952 -0.561843 11.054930
v 0.318661 -0.569205 10.888951
v 0.343382 -0.598866 11.167729
v 0.964112 -0.951704 10.508320
v 4.279150 0.907852 10.796803
v 4.196052 0.711091 10.949339
v 4.077015 0.777957 10.871714
v 4.255069 0.710460 10.581132
v 4.085112 0.546018 10.557619
v 4.290269 0.682686 10.277993
v 4.161315 0.712103 10.575377
v 4.165790 0.721434 10.579629
v 4.166350 0.715111 10.575589
v 4.101677 0.703242 10.722601
v 4.136981 0.688844 10.639209
v 4.452938 0.459828 10.420128
v 4.274160 0.424195 10.256728
v 4.402915 0.209913 10.101722
v 4.469319 0.839153 9.821700
v 4.216874 0.899817 9.664462
v 3.299875 0.487395 11.118015
v 3.321366 0.458046 11.244781
v 2.993408 0.684285 11.252936
v 3.008679 0.669281 11.271140
v 2.995421 0.663492 11.274649
v 3.004736 0.666309 11.265746
v 2.982114 0.661655 11.252936
v 2.917022 0.533795 11.305943
v 3.055875 0.543316 11.231102
v 2.789022 0.350902 11.226864
v 3.848453 1.147851 9.488361
v 3.813562 1.083324 9.505105
v 3.831072 1.100505 9.547423
v 3.824262 1.065149 9.547231
v 3.804840 1.090221 9.479634
v 3.776971 1.085232 9.434718
v 3.781588 1.083202 9.475495
v 3.759590 1.035249 9.430221
v 4.099845 -0.164219 9.785882
v 4.327755 -0.145379 9.698732
v 3.850078 -0.037784 9.800066
v 3.717984 -0.394649 10.018975
v 3.410527 -0.310659 9.533246
v 3.548073 -0.062632 9.820963
v 4.500507 -0.202151 9.344335
v 3.989217 -0.249432 9.477533
v 3.352809 -0.574724 9.321757
v 3.159203 -0.289767 10.038107
v 3.163562 0.010640 9.897996
v 2.911072 -0.084075 10.129956
v 2.775145 -0.467190 10.037514
v 2.748466 -0.137176 10.049155
v 2.891838 0.124596 9.983204
v 2.880991 0.104395 9.956651
v 2.866134 0.125176 9.944200
v 2.863930 0.111967 9.945037
v 2.866293 0.107737 9.947758
v 2.955970 0.065351 9.910172
v 3.046501 -0.293587 9.592398
v 2.541255 -0.613058 10.200811
v 2.279145 -0.461869 10.167225
v 2.564790 -0.868013 9.811832
v 2.743813 -0.063716 9.791621
v 2.965068 -0.134534 9.372708
v 2.923142 0.085153 8.986008
v 2.875870 -0.195899 8.826878
v 2.671485 -0.290833 9.464644
v 2.219479 0.426348 9.480618
v 2.267717 0.432415 9.433074
v 2.246043 0.417928 9.431401
v 2.205338 0.418638 9.466810
v 2.182725 0.445358 9.456817
v 2.169063 0.429244 9.483386
v 2.173301 0.436866 9.478735
v 2.165229 0.442410 9.486987
v 2.146026 0.419598 9.485675
v 2.155097 0.442489 9.478443
v 2.164338 0.482786 9.456149
v 2.171327 0.475916 9.430926
v 2.189341 0.491549 11.410034
v 2.006530 0.603382 11.381079
v 2.087650 0.444537 11.154881
v 1.889665 0.200162 11.407591
v 1.948701 0.096170 11.201386
v 1.642349 -0.137202 11.057141
v 1.554724 -0.052393 10.918270
v 1.502698 -0.202701 10.879377
v 1.301291 -0.040015 11.052972
v 1.187106 -0.266549 11.059095
v 1.228705 -0.284001 10.981071
v 1.211141 -0.259677 10.974396
v 1.226942 -0.268241 10.946351
v 1.208339 -0.267284 10.953503
v 1.181843 -0.271072 10.951790
v 1.324844 -0.176178 10.906670
v 2.248777 -0.356227 10.671559
v 2.274440 -0.337783 10.547155
v 2.048849 -0.395373 10.209494
v 1.807339 -0.566244 10.167962
v 1.755948 -0.776749 9.769567
v 1.633013 -0.566112 10.253614
v 1.540860 -0.807602 10.263690
v 1.425849 -0.651190 9.972265
v 0.724569 -0.480444 11.020565
v 0.699022 -0.482643 11.032171
v 0.766563 -0.515998 10.900516
v 0.620660 -0.281595 10.607446
v 0.600132 -0.267575 10.510064
v 0.535969 -0.250406 10.484508
v 0.428826 -0.517659 10.536488
v 0.577282 -0.477403 11.059509
v 0.297735 -0.336050 10.841462
v 0.201484 -0.354903 10.991047
v 0.125520 -0.278581 10.843022
v 0.320699 -0.277676 10.527228
v 0.194549 -0.229433 10.598489
v 0.273094 -0.319357 10.477924
v 0.123711 -0.398958 10.739399
v 0.157758 -0.234077 10.673715
v 0.164679 -0.220360 10.631397
v 0.158452 -0.216092 10.633079
v 0.196795 -0.216343 10.587423
v 0.211662 -0.238437 10.577646
v 0.210724 -0.209077 10.548337
v 0.156554 -0.216784 10.631598
v 0.871494 -0.869830 10.654572
v 0.774520 -0.433237 10.434019
v 0.671064 -0.899320 10.213634
v 0.977938 -0.760487 10.039775
v 0.798127 -0.591498 9.949008
v 0.129382 -0.525692 10.354609
v -0.212004 -0.558882 10.250178
v 0.192233 -0.562725 9.904688
v -0.017856 -0.657939 10.128626
v -0.198712 -0.639080 9.966403
v 0.473331 -1.673375 13.790636
v 0.325495 -1.304009 13.867655
v 0.051637 -1.642861 14.114478
v -0.338074 -1.419532 14.082175
v 0.296731 -1.406293 13.960328
v -0.251652 -1.891209 14.312219
v -0.720365 -1.514417 14.064634
v -0.526859 -1.659479 14.238695
v 0.700697 -2.335657 14.438359
v -0.174473 -2.427161 14.633631
v -0.810375 -2.489921 14.781443
v -1.261359 -2.523203 14.897990
v 0.843269 -2.099390 14.199300
v 0.503541 -2.043647 14.235779
v 0.165062 -2.399548 14.549236
v 0.449810 -1.725452 14.059714
v 0.631010 -1.420543 13.579698
v -0.682782 -2.043763 14.452012
v -1.084709 -2.261854 14.647656
v -1.099103 -1.682362 14.206331
v -0.773633 -1.701530 13.723277
v -0.945072 -1.637579 13.855113
v -1.845573 -2.544019 15.071341
v -1.597702 -2.576911 14.949944
v -1.558484 -2.242094 14.656926
v -1.989824 -2.551728 14.972696
v -2.064594 -2.391365 15.109795
v -2.177176 -2.464823 14.963224
v -2.182727 -2.364478 15.078593
v -2.427389 -2.489759 14.876103
v -1.824790 -2.175766 14.540782
v -2.100617 -1.891148 14.485806
v -2.694811 -2.347191 14.934178
v -2.546063 -2.377330 14.916975
v -2.763272 -2.288778 14.954561
v -2.889789 -2.393667 14.798076
v -2.844143 -2.292053 14.903849
v -2.968194 -2.253995 14.989139
v -3.049030 -2.198565 14.974722
v -3.134880 -2.367024 14.822081
v -2.489655 -2.354844 14.925599
v -3.164475 -2.261512 14.885615
v -3.457717 -2.206576 14.913350
v -3.568980 -2.165692 14.907711
v -3.681042 -2.158674 14.907722
v -3.677865 -1.919854 14.767867
v -3.393368 -2.191838 14.903928
v -4.423203 -1.986122 14.824814
v -4.556317 -1.917500 14.897911
v -3.771309 -2.119074 14.911384
v -3.879826 -2.103612 14.919066
v -4.055234 -2.085330 14.801524
v -4.183435 -1.889194 15.098778
v -4.157126 -2.019694 14.918368
v -4.243982 -1.967954 14.907143
v -4.328126 -1.880639 15.022357
v -0.015131 -1.290932 13.847444
v -0.050083 -1.263621 13.826640
v -0.012123 -1.314623 13.843634
v -0.361291 -1.226460 13.880626
v -0.293834 -1.197491 13.749344
v 0.189930 -1.050939 13.624768
v -0.147791 -1.108727 13.698886
v -0.510032 -1.017090 13.570882
v 0.439426 -0.913314 13.376939
v 0.093739 -0.778564 13.301728
v 0.425195 -0.618625 12.997367
v -0.119344 -0.811650 13.252789
v -0.346476 -0.911467 13.470582
v -1.233804 -1.505949 13.983113
v -1.319078 -1.171455 13.932276
v -1.747236 -1.131154 13.881694
v -1.643524 -1.081382 13.715017
v 0.250041 -0.364050 12.759413
v -1.669821 -1.623456 14.215117
v -2.120906 -1.070196 13.845698
v -2.459308 -1.197323 13.990682
v -1.835139 -0.811516 13.464593
v -2.171968 -1.029352 13.723211
v -2.562715 -0.920824 13.734477
v -2.939884 -1.684942 14.431288
v -2.944265 -1.375891 14.199613
v -3.012237 -0.976203 13.873075
v -3.244780 -0.874376 13.786777
v -3.334388 -1.016860 13.946427
v -3.569056 -0.939185 13.831748
v 0.178836 -0.931491 13.075714
v 0.159206 -0.902710 12.748566
v -0.077923 -0.906061 13.028981
v -0.223566 -1.118792 13.004353
v -0.400353 -1.311607 12.812441
v -0.666312 -1.550055 12.712836
v -0.549233 -1.205081 12.876342
v -1.106197 -1.197881 13.916829
v -0.571772 -1.284382 13.566594
v -0.844240 -1.472440 13.374790
v -1.311295 -1.155249 13.680075
v -1.188026 -1.343655 13.602509
v -1.106867 -1.713973 13.526483
v -1.303463 -1.341449 13.424183
v -1.498103 -1.462117 13.509286
v -0.799909 -1.234473 13.245968
v -1.091778 -1.257461 13.231477
v -0.907977 -1.309329 12.960810
v -1.299605 -1.087376 13.510098
v -1.267666 -1.100447 13.566661
v -1.264675 -1.145456 13.485659
v -1.536263 -1.181787 13.554533
v -0.782895 -1.530716 12.991411
v -1.161084 -1.305737 13.039323
v -1.124887 -1.220804 12.824162
v -0.980272 -1.390278 12.446505
v -1.278299 -1.490058 13.029423
v -1.579077 -1.840576 12.986382
v -1.490622 -1.414711 12.800626
v -1.599517 -1.370266 12.791388
v 0.280315 -0.631978 12.600632
v -0.157135 -0.926959 12.611610
v 0.033858 -0.588217 12.312726
v -0.377802 -1.054578 12.615541
v -0.293505 -0.822718 12.465153
v -0.452378 -0.889904 12.841983
v -0.568565 -0.731210 12.645095
v -0.681770 -0.858050 12.629519
v -0.273372 -0.530080 12.348206
v -0.337659 -0.702308 12.201760
v -0.458064 -0.891852 12.490355
v -0.510710 -0.944360 12.278036
v -0.700777 -1.100227 12.462454
v -0.700458 -0.778128 12.457397
v -0.707259 -0.796480 12.427487
v -0.679803 -1.382849 12.363256
v -0.320563 -0.845610 11.925424
v -0.350469 -1.027723 11.990993
v 0.130203 -0.742425 11.641962
v -0.123171 -0.714188 11.880593
v 0.095983 -0.495382 11.611020
v -1.119870 -1.085100 12.729058
v -1.204411 -1.122342 12.603163
v -1.164639 -1.001814 12.435212
v -1.190793 -1.027267 12.435316
v -0.973981 -1.387017 12.341470
v -1.439843 -1.135467 12.357687
v -1.290511 -1.274081 12.419515
v -1.522838 -1.279554 12.563562
v -1.746050 -1.352481 12.360197
v -1.774819 -1.214625 12.516669
v -1.629521 -1.262807 12.294533
v -1.630497 -1.255480 12.294126
v -1.990146 -1.119221 12.213957
v -1.323839 -1.677858 12.358645
v -0.737217 -1.724410 12.182892
v -1.070662 -2.000466 12.165849
v -1.456026 -2.274546 11.792064
v -0.360545 -1.192702 11.645283
v -0.524782 -1.272553 12.018589
v -0.630455 -1.189810 12.214549
v -0.544374 -1.053017 11.855313
v -0.529314 -1.041739 11.858502
v -0.548480 -1.046710 11.842437
v -0.796935 -1.223275 11.793123
v -0.766127 -1.651367 11.858657
v -0.695678 -1.326152 11.623724
v -0.098102 -0.879363 11.442225
v -0.048503 -0.588208 11.179741
v -0.284830 -0.547441 11.237143
v -0.467574 -0.655078 11.471704
v -0.312502 -0.929853 11.490182
v -1.004744 -1.186154 11.672633
v -0.686751 -0.772326 11.533377
v -0.894758 -0.825550 11.383492
v -0.802224 -1.048159 11.390467
v -1.059484 -1.819554 11.492309
v -0.838328 -1.473341 11.265113
v -0.705835 -1.478319 11.472473
v -1.035416 -1.435572 10.905784
v -0.863143 -1.366690 12.173529
v -0.941147 -1.327428 12.128449
v -1.003571 -1.288366 12.148446
v -1.005865 -1.296588 12.206773
v -0.997100 -1.304168 12.190655
v -0.997651 -1.296071 12.169689
v -1.023320 -1.288453 12.172467
v -1.003235 -1.299609 12.188633
v -1.001353 -1.299932 12.181259
v -1.060114 -1.244843 12.127996
v -1.011116 -1.302177 12.146323
v -1.116822 -1.199986 12.089525
v -1.119576 -1.190736 12.051607
v -1.115482 -1.198342 12.063978
v -1.114617 -1.196429 12.003823
v -0.999125 -1.320005 12.018330
v -1.122842 -1.182924 11.942768
v -1.136121 -1.176145 11.916403
v -1.136241 -1.180613 11.919153
v -1.134769 -1.177407 11.950732
v -1.130415 -1.183998 11.934107
v -1.073529 -1.215188 11.646176
v -1.632367 -1.270978 12.292158
v -1.699534 -1.296751 12.255720
v -1.779274 -1.330282 12.280037
v -1.779635 -1.289773 12.247093
v -1.850205 -1.406562 11.992172
v -1.837804 -1.375787 12.169930
v -1.827901 -1.330634 12.150154
v -1.460390 -1.712621 12.026541
v -1.740109 -1.924019 11.862990
v -1.372398 -0.911331 11.568035
v -1.177378 -1.139147 11.356324
v -1.505201 -0.865512 11.248900
v -1.830487 -1.185140 11.850023
v -1.997320 -0.936274 11.825044
v -1.859771 -1.322076 11.653685
v -2.103935 -1.151407 11.622483
v -1.108728 -1.926707 11.868058
v -2.076941 -1.723001 11.882217
v -1.934231 -2.072454 11.584619
v -2.103314 -1.717130 11.416768
v -2.023480 -1.435185 11.377328
v -2.063275 -1.446339 11.580039
v -1.875262 -1.239904 11.212500
v -1.598515 -1.777932 11.189724
v -2.257532 -1.496569 11.145896
v -2.513409 -1.620597 14.313044
v -2.076711 -1.152223 13.681169
v -2.084706 -1.146412 13.676474
v -1.990947 -1.086107 13.572852
v -1.824793 -0.810391 13.452869
v -1.800771 -0.811050 13.437652
v -1.825766 -0.809584 13.447459
v -1.833200 -0.807570 13.454419
v -1.846862 -0.806893 13.452259
v -1.828689 -0.803028 13.433767
v -1.813739 -0.808652 13.421786
v -1.845619 -0.799178 13.436258
v -1.966877 -1.054979 13.501159
v -1.990061 -1.035236 13.498210
v -2.086768 -1.004758 13.521673
v -2.189124 -0.979613 13.607679
v -2.106268 -0.908602 13.491214
v -2.097163 -0.959159 13.447842
v -2.092462 -0.961929 13.459574
v -2.094394 -0.959987 13.464946
v -1.895864 -1.515040 13.364840
v -1.989968 -1.152469 13.272175
v -2.507248 -1.126946 13.611025
v -2.840829 -0.847077 13.646438
v -2.225486 -1.071969 13.407542
v -2.491446 -1.022060 13.281116
v -2.618716 -1.107283 13.351858
v -2.607803 -1.096177 13.335322
v -1.921277 -1.637300 13.142911
v -1.756851 -1.438707 12.866697
v -2.144504 -1.382553 13.061310
v -1.978141 -1.620744 12.565106
v -2.243928 -1.584316 12.835906
v -3.307634 -1.640614 14.468700
v -3.819160 -1.618596 14.488108
v -3.246407 -0.911238 13.772582
v -3.065924 -1.143612 13.540843
v -3.573628 -1.224125 14.111052
v -3.789421 -1.053947 14.051877
v -2.558020 -0.822338 13.436274
v -2.859552 -0.980786 13.416726
v -2.473078 -1.092600 13.065536
v -2.430952 -1.308826 13.046581
v -2.513787 -1.119140 12.786762
v -2.356719 -1.125653 12.477637
v -2.593638 -1.408318 12.835226
v -2.684783 -1.163252 13.118661
v -2.762855 -1.344784 12.967877
v -3.040696 -1.168629 12.944505
v -2.456646 -0.975271 12.648499
v -2.942253 -1.233407 12.772297
v -2.670281 -0.885967 12.310475
v -2.920381 -0.711957 11.936683
v -2.964712 -0.780864 12.846851
v -3.039176 -0.844009 12.065177
v -3.229468 -1.021762 13.783346
v -3.504410 -0.819455 13.509060
v -3.227515 -0.893597 13.580384
v -3.932599 -0.642803 13.498746
v -4.042626 -0.633374 13.405074
v -3.716675 -0.683715 13.228552
v -4.000994 -0.823299 13.207383
v -3.990197 -0.493510 13.432794
v -3.990587 -0.478788 13.446389
v -3.998268 -0.485982 13.416856
v -3.909683 -0.746120 13.264427
v -3.301786 -1.098147 13.327952
v -3.191124 -0.939626 13.033254
v -3.447990 -0.988765 13.160524
v -3.950205 -1.034521 12.852485
v -3.168376 -0.876200 12.689615
v -3.595801 -1.043322 12.682338
v -3.229192 -0.711696 12.255180
v -3.621662 -0.943639 12.268165
v -4.230185 -0.880318 13.028855
v -3.837315 -0.628969 12.741364
v -3.887570 -0.501700 12.418847
v -3.956116 -0.501114 12.467727
v -4.092539 -0.643042 12.827291
v -4.260387 -0.969566 12.581497
v -2.367232 -1.583063 12.479900
v -2.214275 -1.321555 12.326288
v -2.152863 -1.065917 12.082086
v -2.195099 -1.280623 12.099296
v -2.220909 -1.006632 11.933342
v -2.237386 -1.021362 11.910761
v -2.471822 -1.360685 12.023126
v -2.740522 -1.085453 12.208944
v -2.424811 -1.159519 11.841146
v -2.685629 -1.288673 11.511236
v -2.748012 -1.109367 11.427103
v -2.449644 -1.643198 11.454632
v -2.541303 -1.551823 11.199844
v -0.044982 -0.608019 10.890282
v -0.370414 -0.493360 11.035177
v -0.455945 -0.661671 11.185622
v -0.356243 -0.482524 11.064065
v -0.352790 -0.486488 10.998180
v -0.349884 -0.481698 10.989424
v -0.371368 -0.444478 10.975017
v -0.257771 -0.665060 10.954048
v -0.160012 -0.413631 10.806049
v -0.272355 -0.296991 10.779041
v -0.507868 -0.668274 10.808211
v -0.444297 -0.584078 10.744422
v -0.715380 -0.536896 11.293584
v -0.743386 -0.538974 11.295434
v -0.750500 -0.523117 11.284713
v -0.687264 -0.530084 11.226219
v -0.719733 -0.555976 11.266129
v -0.753146 -0.544103 11.265268
v -0.819886 -0.528325 11.384706
v -0.783809 -0.784077 11.148378
v -0.677097 -0.746064 10.282288
v -0.958488 -0.667666 10.708925
v -0.338482 -0.442608 10.396847
v -0.658396 -0.559360 10.558525
v -0.244512 -0.689644 10.034762
v -0.230508 -0.656786 10.022386
v -0.680358 -0.602312 9.890615
v -0.950516 -0.482618 10.446688
v -1.265189 -0.620290 10.675600
v -1.118086 -0.702902 10.489959
v -0.847015 -0.753647 10.397304
v -1.313629 -0.777692 11.226416
v -1.769574 -0.681131 11.221112
v -1.740831 -0.690815 11.233248
v -1.783947 -0.674147 11.206934
v -1.780073 -0.687811 11.206356
v -1.790207 -0.658506 11.216586
v -1.866310 -0.585314 11.087146
v -1.827715 -0.642638 11.163891
v -1.810582 -0.690174 11.168586
v -1.850103 -0.688937 11.152252
v -1.906975 -0.631869 11.081203
v -1.945384 -0.658841 11.089513
v -1.890092 -0.601229 11.067172
v -1.406510 -0.987139 10.810720
v -1.439793 -0.801111 10.889689
v -1.631766 -0.837186 10.719393
v -1.279064 -1.403088 10.649484
v -1.741528 -1.076394 10.747856
v -1.306549 -0.789066 10.657462
v -2.081428 -0.951543 11.088086
v -2.340465 -0.782807 10.962786
v -1.972829 -1.077639 10.934220
v -2.449486 -1.131612 10.976406
v -2.042225 -0.855402 10.833447
v -1.978603 -0.946382 10.541280
v -1.995894 -0.961805 10.559655
v -1.977222 -0.975307 10.555009
v -1.979075 -0.969774 10.553578
v -1.983073 -0.971858 10.551511
v -1.994353 -0.977913 10.571805
v -1.458405 -0.758214 10.495775
v -1.524061 -0.654579 10.220060
v -2.148207 -0.961119 10.662832
v -1.601523 -0.450284 10.009590
v -1.645685 -0.439546 10.059254
v -1.652938 -0.468224 10.019712
v -1.621276 -0.427789 9.986924
v -1.609433 -0.436617 9.975154
v -4.431965 0.590051 12.238721
v -4.425844 0.580656 12.221442
v -3.722924 -0.359040 12.396567
v -3.950082 -0.326995 12.422811
v -3.742732 -0.329232 12.390524
v -3.222806 -0.555620 12.185625
v -3.426035 -0.709856 12.036661
v -3.732869 -0.667292 12.261503
v -3.925221 -0.378671 12.241042
v -3.802618 -0.348107 11.805923
v -3.894248 -0.354158 12.558017
v -4.205820 -0.553750 12.313089
v -4.419235 0.620094 12.326595
v -4.608190 0.621262 12.328947
v -4.489457 0.749679 12.202188
v -4.680093 0.893209 12.131346
v -4.431556 0.717615 11.962896
v -4.865250 1.016540 11.976277
v -4.389009 0.016190 11.667781
v -3.932468 0.915689 10.744132
v -4.281754 0.646867 11.256124
v -4.659910 0.665478 11.356138
v -4.319034 1.137209 10.988991
v -4.370756 0.793686 10.734824
v -4.737265 0.946524 10.950653
v -2.614893 -0.708816 11.651898
v -2.573154 -1.019871 11.709261
v -2.738540 -0.851922 11.391662
v -3.365653 -0.564285 11.487083
v -3.055064 -0.926509 11.663582
v -3.204435 -1.064970 11.292788
v -3.476652 -0.600280 11.390417
v -3.404734 -0.570872 11.375821
v -2.600695 -1.006555 11.236461
v -2.448934 -0.739477 10.699273
v -3.067044 -0.991001 10.973892
v -2.859808 -0.656539 10.497293
v -3.110771 -0.701165 10.917364
v -3.367751 -0.657104 11.319795
v -3.379294 -1.136262 10.921138
v -3.447910 -0.935045 10.969739
v -4.093189 -0.481669 11.831518
v -4.045713 -0.640651 12.045478
v -3.515371 -0.580875 11.417772
v -3.828588 -0.621051 11.415093
v -4.393444 -0.532647 11.584478
v -4.650376 -0.067563 11.753898
v -4.464281 0.161489 11.310318
v -4.322692 -0.612021 11.458404
v -4.145386 -0.473724 11.235272
v -3.686306 -0.847870 11.473162
v -3.671899 -1.090156 11.149204
v -3.873612 -0.781393 10.774590
v -4.073395 -0.811269 10.882690
v -3.590710 0.733143 10.600981
v -3.753632 0.535029 10.364120
v -3.647171 0.347860 10.375314
v -3.681613 -0.134237 10.360381
v -3.706991 -0.058765 9.959218
v -3.863605 0.243686 11.032690
v -4.057380 0.154298 11.017962
v -4.224003 0.112877 11.008990
v -3.808929 0.121692 10.895446
v -3.804787 0.148598 10.898664
v -3.804770 0.151093 10.898621
v -3.832145 0.121802 10.820152
v -4.048538 0.162309 10.621125
v -4.314636 0.177549 11.195027
v -4.278227 -0.080888 11.076690
v -3.763359 0.666118 10.919478
v -4.233483 0.501778 10.834946
v -4.224878 0.499780 10.828500
v -4.113018 0.575372 10.892176
v -4.449791 0.464768 10.852167
v -3.784746 0.014443 10.627999
v -3.934335 -0.482421 10.608569
v -4.510046 -0.171223 11.030201
v -4.526848 -0.497686 10.622025
v -4.017135 -0.068604 10.312061
v -3.985350 0.077571 10.197353
v -4.183450 -1.791274 14.773129
v -4.484462 -1.403657 14.589165
v -4.821959 -1.794273 14.867288
v -4.702280 -1.927655 14.836047
v -4.783343 -1.837813 14.904948
v -4.912790 -1.701657 14.893127
v -4.982670 -1.699849 14.802073
v -4.174438 -1.247935 14.303119
v -4.268707 -1.094908 14.238321
v -4.327909 -1.156748 14.350461
v -4.426285 -1.115354 14.286068
v -4.218410 -0.968460 14.059506
v -4.631629 -1.214450 14.391576
v -4.934540 -1.393170 14.649306
v -4.739469 -0.959685 14.275452
v -5.073009 -1.618559 14.769937
v -5.117500 -1.544963 14.839808
v -5.225918 -1.440623 14.833488
v -5.304640 -1.352125 14.821289
v -5.279163 -1.456469 14.751533
v -5.390378 -1.383756 14.700813
v -5.479228 -1.353813 14.694594
v -5.558686 -1.260616 14.710155
v -5.622984 -1.230881 14.694374
v -5.391978 -0.890481 14.360507
v -5.707118 -1.258578 14.567409
v -5.765350 -1.200571 14.627648
v -5.890427 -1.112178 14.618935
v -5.985162 -1.016717 14.615722
v -6.052489 -1.067174 14.497379
v -4.594759 -0.559436 13.487391
v -4.451811 -0.749216 13.931444
v -4.947381 -0.562269 13.990067
v -4.600839 -0.438637 13.745151
v -5.347738 -0.055343 13.634724
v -4.969447 -0.196098 13.435384
v -5.796241 -1.122786 14.624118
v -5.303851 -0.593419 14.028009
v -5.720909 -0.443411 14.025771
v -6.143868 -0.957452 14.604383
v -6.154303 -0.904390 14.591445
v -6.214965 -0.823902 14.612150
v -6.251520 -0.809155 14.429231
v -6.325871 -0.766292 14.376373
v -5.477705 -0.292064 13.843800
v -6.116766 -0.343417 14.018528
v -6.453362 -0.540961 14.199515
v -6.474522 -0.359517 14.071267
v -6.581715 -0.176752 13.910003
v -6.410942 -0.646006 14.263151
v -6.444487 -0.614119 14.225064
v -6.459736 -0.444349 14.151923
v -6.523794 -0.246424 14.048496
v -6.572914 -0.251321 13.995809
v -4.995877 0.068872 13.224611
v -5.155418 0.314500 13.150141
v -5.216892 0.198083 13.287202
v -5.228582 0.185513 13.328746
v -5.229666 0.204827 13.288775
v -5.244779 0.195845 13.280219
v -5.202803 0.663253 12.851173
v -5.493897 0.717986 12.942000
v -5.481721 0.716578 12.940635
v -5.480464 0.703344 12.942500
v -5.699901 0.844182 12.865532
v -6.022498 -0.023133 13.663136
v -5.400383 0.120741 13.463658
v -5.919584 0.262983 13.457609
v -6.626698 0.011636 13.705834
v -6.600001 0.154457 13.782221
v -6.601560 0.155150 13.678026
v -6.645397 0.210756 13.615004
v -5.522895 0.349467 13.330843
v -5.642519 0.710848 13.015355
v -6.674053 0.546930 13.371009
v -6.732559 0.718570 13.169147
v -6.212141 0.361997 13.432548
v -6.615544 0.311230 13.600420
v -6.672195 0.418527 13.402902
v -4.809912 0.902551 12.278004
v -4.975218 0.836956 12.692262
v -5.041500 1.097656 12.498091
v -4.992112 0.882080 12.373417
v -4.767370 0.972470 12.512315
v -5.226425 1.139663 12.538927
v -5.294418 0.886287 12.686036
v -5.301129 0.903464 12.692006
v -5.399440 0.835516 12.781553
v -5.631449 1.058108 12.542212
v -5.747196 0.924363 12.676296
v -5.192104 1.017680 12.240046
v -5.441796 1.012018 12.644574
v -5.479223 1.164553 12.508058
v -5.644338 0.776495 12.309586
v -5.472899 1.248590 12.357960
v -5.713008 1.181782 12.326667
v -5.737071 1.233216 12.312428
v -5.723073 1.198872 12.273792
v -5.699471 0.683260 12.870662
v -5.854314 0.715041 12.784670
v -5.893246 0.760366 12.719456
v -5.891308 0.708563 12.721051
v -6.075761 0.945092 12.845909
v -6.111050 0.941347 12.826065
v -6.106890 0.962028 12.802992
v -6.209274 0.752943 13.042744
v -5.918901 1.004125 12.708133
v -6.037412 1.074802 12.634822
v -6.415047 1.008066 12.517086
v -6.758125 0.875931 13.263791
v -6.758523 0.838084 13.079879
v -6.789984 0.934443 13.087440
v -6.383348 1.090094 12.758798
v -6.224895 1.529773 12.050843
v -6.626423 1.274681 12.361994
v -6.822505 1.257009 12.653964
v -6.519235 1.452439 12.400352
v -6.773891 1.644493 12.272995
v -7.093760 1.601229 12.408607
v -6.610879 -0.022493 13.798590
v -6.720852 0.515804 13.247854
v -6.783966 0.700132 13.253579
v -6.681745 0.361097 13.538515
v -6.794089 0.776997 13.197058
v -6.849082 0.973061 12.973182
v -6.877999 1.030545 12.915604
v -6.933420 1.050242 12.830608
v -7.006861 1.106360 12.802603
v -7.101256 1.272414 12.761691
v -7.153460 1.455104 12.497400
v -7.193680 1.331848 12.601234
v -7.137177 1.239549 12.664399
v -4.165120 -0.961615 13.832521
v -4.485394 -0.934659 13.792998
v -4.635153 -0.790190 13.728752
v -4.287907 -1.007171 13.462349
v -4.738518 -0.526413 13.422128
v -4.654012 -0.225775 13.427234
v -4.646292 -0.723841 13.425694
v -4.646811 -0.722202 13.426135
v -5.199842 -0.560834 13.474175
v -4.763749 -0.847258 13.302024
v -4.888272 -0.765051 13.047304
v -5.036487 -0.122727 12.803094
v -4.444468 -1.090311 13.319904
v -4.662068 -0.397307 12.850391
v -4.451774 -0.785025 12.729865
v -4.865056 -0.326893 13.113379
v -4.855398 0.079092 12.909019
v -4.544322 -0.083581 12.645003
v -4.560583 -0.208478 12.742449
v -4.588180 -0.055037 12.640808
v -4.679414 -0.005516 12.660246
v -4.632179 -0.037045 12.643693
v -4.572171 -0.085740 12.614861
v -4.590280 -0.150743 12.586839
v -4.681563 0.279644 12.751411
v -4.759935 0.249738 12.641938
v -4.606515 0.548646 12.574030
v -4.980908 0.549911 12.541595
v -4.802452 0.385868 12.342816
v -5.267719 0.679250 12.627985
v -4.675275 -0.703888 12.540854
v -4.700795 -0.305671 12.661827
v -4.747617 -0.202275 12.411338
v -4.684540 -0.416715 12.367947
v -4.754082 -0.039750 12.230361
v -4.635470 -0.135383 12.201699
v -4.624795 -0.132050 12.210484
v -4.622282 -0.124378 12.196213
v -4.819453 -0.198402 12.204373
v -4.676480 -0.063639 11.918604
v -4.972557 -0.150251 11.766764
v -4.658749 -0.067569 11.980793
v -5.698882 0.502505 12.772950
v -5.719258 0.493538 12.640510
v -5.809700 0.510919 12.677318
v -5.785511 0.516254 12.803703
v -5.811805 0.508130 12.680861
v -4.797246 0.605457 12.380301
v -4.728387 0.771233 12.355154
v -5.233178 0.748366 12.244491
v -5.033862 0.867485 11.989383
v -4.649284 0.628252 12.148296
v -4.725154 0.820857 11.845134
v -5.277955 0.747203 11.950528
v -5.547602 0.814081 12.085244
v -5.676772 0.703151 12.139302
v -5.529584 1.075828 12.141176
v -5.704542 1.064128 12.156138
v -5.448215 0.855817 12.149835
v -5.556110 0.926620 11.777750
v -5.408952 1.035608 11.703336
v -5.406839 1.212195 11.589802
v -5.402033 1.214502 11.603607
v -5.420892 1.206729 11.581841
v -5.403878 1.107531 11.591729
v -5.801733 1.169844 11.672820
v -4.776215 0.455244 11.810336
v -4.786664 0.159298 11.809223
v -4.899819 0.684505 11.750580
v -4.973223 0.482163 11.684489
v -4.960981 0.294288 11.376223
v -5.297295 0.721139 11.737823
v -5.350085 0.790489 11.539273
v -5.380645 0.760356 11.470281
v -5.404521 0.594938 11.502657
v -4.974316 0.495235 11.115387
v -5.139596 0.440151 11.479336
v -5.242906 0.656102 11.432761
v -4.922251 0.806150 10.956090
v -5.423548 0.999507 11.486361
v -5.596978 0.666367 11.411086
v -5.706979 1.000423 11.361818
v -5.855893 0.717422 12.686645
v -5.745180 0.630518 12.564063
v -5.842765 0.635188 12.766228
v -5.863960 0.703933 12.709645
v -6.017746 0.978699 12.417818
v -5.860888 0.766428 12.359274
v -6.036886 0.864104 12.251872
v -6.031967 0.861556 12.251193
v -6.049234 0.875987 12.260476
v -6.148177 0.859753 12.629058
v -5.902453 0.722767 12.197405
v -5.832484 0.694855 11.996980
v -5.925282 0.691499 12.091834
v -6.260210 0.990853 12.196614
v -6.181964 1.289459 12.136584
v -5.918004 1.006188 11.817440
v -6.160048 1.075022 11.914476
v -6.056993 0.759212 11.999418
v -6.001384 0.728710 11.999071
v -6.101628 0.873959 12.094170
v -6.007719 1.312545 11.921227
v -6.495786 1.100626 12.249494
v -4.767851 -0.660989 12.300047
v -4.781694 -0.493031 11.456027
v -5.114309 0.500570 11.003839
v 6.415438 3.004961 9.155444
v 6.477134 3.162340 9.200430
v 6.356227 3.288031 9.168258
v 6.416279 3.417670 8.996952
v 6.486673 3.533803 8.820005
v 6.479022 3.678345 8.715349
v 6.466636 3.796632 8.597489
v 6.524756 3.852239 8.395506
v 6.472120 3.883708 8.386642
v 6.473724 4.133133 8.293710
v 6.486418 3.986764 8.357099
v 6.457437 4.115364 8.115252
v 6.437952 4.226758 8.147696
v 6.188440 4.114989 8.339296
v 6.364546 4.219830 8.034193
v 6.340572 4.380257 8.014352
v 6.318853 4.301686 8.089695
v 6.295170 4.404472 7.940817
v 6.245713 4.536980 7.956315
v 6.197784 4.578996 7.883003
v 6.143142 4.626076 7.809902
v 6.042880 4.675350 7.809997
v 6.397599 2.939520 9.322249
v 6.429637 3.020071 9.305847
v 6.405519 2.830424 9.460962
v 6.427389 3.114801 9.231528
v 6.422084 3.289205 9.063780
v 6.432801 3.465334 8.903783
v 5.986536 3.135830 9.153643
v 5.727841 3.257763 9.149360
v 5.534015 2.994582 9.308460
v 5.946547 3.481549 8.943162
v 6.437897 3.768899 8.624494
v 5.599213 3.601985 8.923319
v 5.237006 3.413263 9.083565
v 4.811238 3.582227 8.994132
v 5.140900 2.962488 9.471635
v 4.756081 3.095802 9.382277
v 5.022047 2.828710 9.405961
v 5.034175 2.829000 9.401427
v 5.020606 2.805212 9.395566
v 5.029149 2.807756 9.375065
v 5.021160 2.794312 9.383399
v 4.859052 2.878810 9.419248
v 4.617798 2.884979 9.398481
v 4.316481 2.890410 9.336948
v 4.372414 2.661792 9.336827
v 5.160554 3.201057 9.293404
v 4.905047 3.389235 9.183420
v 4.505145 3.209269 9.189284
v 4.542886 3.004608 9.090652
v 4.771908 3.146785 8.931388
v 4.170897 2.897950 9.129128
v 6.178245 3.831893 8.540143
v 5.668318 3.806955 8.623967
v 5.927965 4.096591 8.359747
v 5.905501 4.305954 8.229884
v 5.273172 4.026459 8.531024
v 5.627356 4.267079 8.340050
v 5.490352 4.425962 8.177621
v 5.326627 4.264812 8.387303
v 4.848372 4.433100 8.282948
v 4.988904 3.876155 8.752864
v 4.536299 4.112998 8.607418
v 4.437448 3.668767 8.667359
v 4.558624 3.857229 8.779351
v 4.375112 4.388444 8.383336
v 4.366153 3.986551 8.364708
v 4.106486 4.258145 8.339013
v 4.150690 4.031562 8.119128
v 5.952273 4.749564 7.792819
v 5.834077 4.790736 7.755888
v 5.755699 4.814666 7.729573
v 5.696531 4.886981 7.707979
v 5.441515 4.663930 7.937785
v 5.621509 4.920339 7.670568
v 5.749632 4.808125 7.660322
v 5.729208 4.801339 7.645302
v 5.710018 4.834867 7.672614
v 5.720284 4.807235 7.668833
v 5.558670 4.962949 7.662286
v 5.502374 4.967987 7.621960
v 5.413788 5.003780 7.567888
v 5.165573 4.642972 8.083178
v 4.867569 4.919072 7.847866
v 5.196155 5.183565 7.465547
v 5.374522 5.067892 7.547066
v 5.340529 5.050089 7.476983
v 5.099645 5.208491 7.473032
v 4.844766 5.210236 7.520429
v 5.038091 5.368786 7.406675
v 5.072065 5.254702 7.435637
v 4.576101 4.663342 8.111945
v 3.927003 4.494040 8.252110
v 3.945475 4.761390 8.073526
v 3.886859 4.186146 7.985734
v 4.296918 5.062626 7.749404
v 3.864932 4.941172 7.812679
v 3.541854 4.832660 7.978318
v 3.781287 5.169078 7.603336
v 3.428581 5.196896 7.598761
v 4.840250 5.456080 7.413265
v 4.712124 5.520056 7.200560
v 4.679489 5.581707 7.185800
v 4.620019 5.606825 7.110342
v 4.491611 5.640303 7.063160
v 4.782804 5.494227 7.288140
v 4.520465 5.229530 7.559099
v 4.180250 5.544288 7.196042
v 4.380633 5.691270 7.038622
v 4.262544 5.785973 7.025224
v 4.199878 5.740145 6.969257
v 3.950507 5.395989 7.420520
v 3.672973 5.575360 7.252713
v 4.071151 5.854890 6.947859
v 4.011406 5.839646 6.838285
v 3.847744 5.702672 7.027318
v 3.853623 5.918050 6.861425
v 3.434165 5.825160 7.086847
v 3.568601 6.071929 6.802129
v 3.760032 5.981934 6.823436
v 3.666050 6.121075 6.929247
v 3.288713 6.222216 6.874443
v 3.386776 6.153897 6.857270
v 4.880231 2.283275 9.274772
v 4.592543 2.148499 9.194145
v 4.599768 2.507035 9.252529
v 4.238888 2.419748 9.229438
v 4.811953 2.689654 8.374912
v 4.328756 2.763312 8.839513
v 4.408197 3.158862 8.660739
v 4.427301 2.732987 8.714104
v 4.381213 2.748664 8.579481
v 4.679273 1.811959 8.327982
v 5.009615 2.186271 8.712067
v 4.694510 2.164313 8.312664
v 4.498031 1.998520 8.938982
v 4.279066 1.768636 8.701373
v 4.266665 1.738685 8.700125
v 4.262430 1.736645 8.665196
v 4.524571 2.610680 8.216718
v 4.329837 2.336271 8.091436
v 4.587340 3.495793 8.464610
v 4.276558 3.352146 8.385447
v 4.111234 3.617939 8.359860
v 4.273928 3.791276 8.127762
v 4.228926 3.648456 8.087410
v 4.660470 3.080370 8.333636
v 4.751199 2.597401 7.989188
v 4.550344 2.812163 7.810215
v 4.471075 2.899783 7.706750
v 4.481097 2.930022 7.677659
v 4.444163 2.907934 7.659566
v 4.461761 2.998063 7.528493
v 4.389295 3.472250 7.472714
v 4.442800 3.771225 7.781968
v 4.274560 3.111758 7.616845
v 4.150474 3.363012 7.656863
v 4.067954 3.687033 7.406050
v 4.190972 1.650666 8.565454
v 4.179091 1.449501 8.201040
v 4.427378 2.046317 8.012682
v 4.281796 2.421160 7.787310
v 3.900670 2.169627 8.029350
v 3.917212 2.064673 7.832516
v 4.141225 1.177325 7.687803
v 4.266156 1.779020 7.825612
v 3.931834 1.820089 7.452867
v 4.030684 2.005171 7.531598
v 4.658898 2.760567 7.620414
v 4.323812 2.619220 7.965571
v 4.383870 2.785859 7.296252
v 3.855659 2.532531 7.642623
v 4.020964 2.826049 7.632114
v 3.820719 2.268479 7.382253
v 3.660388 2.474964 7.389011
v 4.351211 3.196638 7.071801
v 4.153801 3.004893 7.450510
v 4.017287 2.741139 6.956805
v 4.306293 3.126552 6.885995
v 3.543333 2.763053 7.035777
v 4.129883 4.058289 7.809470
v 3.791901 4.059112 7.856885
v 3.653828 4.058385 7.543141
v 3.875713 3.911912 7.615637
v 3.930835 3.661634 7.497298
v 3.743126 3.840248 7.222937
v 3.512491 3.637527 7.474012
v 4.023583 3.497415 6.852532
v 3.717437 3.353124 6.876338
v 4.005268 2.838223 9.380234
v 4.057019 2.767873 9.199497
v 3.191764 4.030231 8.156610
v 3.009255 4.224720 8.515345
v 2.170538 4.150817 8.824320
v 2.325327 4.148822 8.370164
v 1.951009 4.006463 8.727176
v 3.297662 4.636943 8.298368
v 3.662565 4.555469 8.322392
v 3.383095 4.381886 8.417755
v 3.059137 4.692415 8.279571
v 3.557001 4.248321 8.102668
v 2.888705 4.359280 8.643847
v 2.811728 4.213076 8.289985
v 3.339504 4.984117 7.799321
v 2.888390 4.951930 8.013413
v 2.507073 4.235953 8.776378
v 2.557770 4.542720 8.476302
v 2.136568 4.445268 8.583956
v 2.487744 4.764894 8.234907
v 2.019008 4.563194 8.499163
v 1.873124 4.478620 8.439614
v 1.847532 4.259892 8.681936
v 1.921435 4.389999 8.528283
v 1.761129 4.247283 8.604293
v 1.812484 4.280128 8.505998
v 1.911978 4.714855 8.254803
v 1.786215 4.804395 8.152851
v 2.174604 5.000242 8.112817
v 1.500748 4.968448 8.063312
v 2.924778 5.143733 7.761677
v 2.703022 5.495198 7.417856
v 3.210555 5.446602 7.414880
v 3.123570 5.906303 7.089118
v 2.252951 5.596416 7.356101
v 2.364975 5.170342 7.861577
v 1.828485 5.186594 7.949337
v 1.443854 5.364407 7.722535
v 1.242891 5.309783 7.769452
v 1.850519 5.543994 7.482089
v 1.472998 5.598463 7.405673
v 1.073363 5.702940 7.390331
v 0.698852 5.711654 7.458463
v 0.366616 5.465326 7.687057
v 0.211215 5.653717 7.616023
v -0.006214 5.620725 7.660602
v -0.052735 5.429605 7.805819
v -0.021405 5.274357 7.624043
v -0.175413 5.214824 7.926116
v -0.285200 5.207823 8.057682
v -0.598413 5.164366 8.112987
v -0.509179 4.978098 8.311334
v -0.704557 4.783404 8.128697
v -0.834089 5.067476 8.229980
v -0.212185 5.559711 7.788364
v -0.618520 5.408097 7.926785
v 3.089806 3.530479 7.940381
v 3.076669 3.804848 8.323226
v 2.888815 4.001671 8.353711
v 2.639220 4.101631 8.044559
v 2.752950 3.746694 7.737695
v 3.221107 3.427006 7.595675
v 3.126736 3.290207 7.509666
v 3.609902 2.186710 7.839173
v 3.610337 1.981256 7.732780
v 3.728568 1.180168 8.121436
v 3.656669 0.962514 8.097670
v 3.410933 1.390712 7.879291
v 3.750944 1.163551 7.887228
v 3.738276 1.157068 7.882869
v 3.749468 1.149750 7.894011
v 3.755790 1.153447 7.875649
v 3.697122 1.140657 7.919070
v 3.484794 1.328903 7.520028
v 2.687189 1.244274 7.931476
v 3.843841 1.607902 7.450078
v 3.728720 1.279816 7.900058
v 3.410131 1.666695 7.838870
v 3.573291 1.967503 7.757241
v 3.655830 1.888080 7.658294
v 3.675340 1.980936 7.403273
v 3.173280 1.943950 7.589756
v 3.400614 1.740507 7.645130
v 3.072674 1.727088 7.612860
v 3.183225 1.468615 7.519154
v 2.701329 1.339955 7.899838
v 2.693252 1.383426 7.860357
v 2.684700 1.345223 7.870777
v 2.658876 1.046648 8.277559
v 2.617195 1.038403 8.203992
v 2.634368 1.031359 8.126280
v 2.542434 1.095201 8.222816
v 2.529986 0.999103 8.198092
v 2.755990 0.866126 8.130059
v 2.507158 0.886160 8.176351
v 2.577428 0.907192 8.097269
v 2.664880 1.155402 8.213861
v 2.678003 1.172507 8.008062
v 2.571483 1.051154 7.914352
v 2.099618 1.483025 7.693186
v 3.608670 3.084278 7.006025
v 3.051589 2.721796 7.164209
v 2.559101 2.798238 7.645641
v 2.927913 3.119817 7.325367
v 2.539212 3.031034 7.410271
v 2.971707 2.456118 7.406117
v 2.952550 3.019205 7.153480
v 2.647313 2.756931 7.366085
v 3.423724 2.018947 7.290198
v 3.340972 2.140367 7.390003
v 3.078291 2.005134 7.267891
v 3.572637 2.407468 7.090029
v 3.247351 2.162204 7.078315
v 2.870313 2.162571 7.538387
v 2.505583 2.151216 7.609246
v 2.781812 2.352343 7.512240
v 2.668809 2.230383 7.366061
v 2.615694 1.816314 7.441657
v 2.447465 1.942748 7.318068
v 3.277656 2.539588 7.128933
v 2.879121 2.808512 7.019876
v 2.970755 2.299892 7.128109
v 1.872885 2.336684 7.726927
v 2.239642 2.753847 7.616212
v 2.317355 2.591903 7.454470
v 2.021049 2.669638 7.560563
v 1.851410 2.384135 7.501831
v 2.154268 2.315620 7.397254
v 2.196430 2.158490 7.634460
v 2.016104 1.886271 7.594812
v 1.881412 1.917580 7.446033
v 2.156870 2.703223 6.946198
v 1.358380 2.128736 7.436308
v 1.334570 2.303716 6.603609
v 0.979919 2.481792 7.330177
v 0.921124 2.547848 7.422436
v 0.793817 2.418179 7.494360
v 0.616952 2.559797 7.459511
v 0.628347 2.525824 7.394233
v 0.590245 2.511204 7.371229
v 0.620360 2.537386 7.262131
v -0.556468 2.529659 8.193974
v -0.271397 1.423327 8.007058
v -0.292144 1.409843 8.022757
v -0.168180 1.596590 7.972398
v -0.173337 1.554176 7.956492
v -0.146069 1.465582 7.930878
v -0.310780 1.408586 8.022843
v -0.614173 1.843728 7.855096
v -0.770870 1.894202 8.004405
v -0.770517 1.889749 7.999854
v -0.784135 1.884196 8.007470
v -0.649129 1.832104 7.868402
v -0.777963 1.805054 7.985554
v -0.761854 2.129303 8.110203
v -0.878230 2.509205 7.953239
v -0.553211 1.902428 7.816635
v -0.637898 1.866247 7.846994
v -0.573338 1.849876 7.800196
v -0.663487 1.883047 7.870234
v -0.913649 2.031458 7.918233
v -0.693920 1.873373 7.887603
v 2.815839 4.163461 7.386982
v 2.478655 4.049191 7.663606
v 3.108092 3.374199 7.657911
v 3.347655 3.774925 7.485544
v 3.160729 3.490781 7.435085
v 3.007420 3.843337 7.276111
v 2.891567 3.818394 7.069953
v 2.977528 3.528395 7.704239
v 2.590349 3.625185 7.180520
v 2.594074 4.076764 7.157945
v 2.613701 3.946306 6.936275
v 2.129557 3.999148 8.367261
v 2.025356 4.016082 8.190166
v 1.890602 3.675964 7.945346
v 2.049858 3.838042 7.940847
v 1.506576 4.044217 7.708905
v 1.951358 4.623781 7.990162
v 1.869704 4.308347 7.706355
v 1.632708 4.625047 7.736865
v 1.618861 4.278943 7.710256
v 2.104846 3.583261 7.203444
v 1.812123 3.688021 7.471792
v 1.780873 3.677453 7.794494
v 1.753304 3.893915 7.835956
v 1.718403 4.311553 7.188188
v 2.128080 4.033792 7.062569
v 1.225351 4.818226 7.453684
v 1.162970 4.451807 7.346887
v 3.660006 3.782906 6.835829
v 3.190031 3.306535 7.072982
v 2.208383 3.254921 7.373960
v 2.051828 2.964182 7.539301
v 2.085022 3.112929 7.054228
v 1.954341 3.314099 7.107440
v 1.953894 3.314584 7.466880
v 1.700688 3.460866 7.449961
v 1.613175 3.171947 7.297540
v 1.508964 3.237362 6.928625
v 1.157443 3.175814 6.966735
v 1.706718 3.705181 6.987769
v 1.532609 3.768776 6.865875
v 1.388724 3.713699 7.049661
v 1.373806 3.710142 7.049676
v 0.972833 3.836196 7.097413
v 0.886163 3.215320 7.270776
v 1.448192 3.468774 6.695969
v 1.880723 3.058240 6.806688
v 1.749712 2.520724 6.614801
v 1.675202 2.906497 6.840467
v 1.452108 2.796798 6.596078
v 1.012502 2.689677 6.780717
v 0.710341 3.963759 7.893613
v 0.828686 4.409305 7.869285
v 0.635274 3.608834 7.718554
v 0.528412 3.593908 7.785693
v 0.477560 3.662275 7.852715
v 0.579690 3.352798 7.811156
v 0.575412 3.371215 7.833354
v 0.572052 3.376743 7.798230
v 0.578959 3.375111 7.822223
v 0.572841 3.367469 7.793364
v 0.405403 3.520676 7.680555
v 0.895271 3.790570 7.771798
v 1.003811 4.188075 7.847876
v 0.382601 3.890032 7.803425
v 0.579034 4.089494 7.873300
v 0.491527 4.227021 7.603731
v 0.411983 3.658789 7.790370
v 0.221500 4.171582 7.564308
v 0.116272 3.996317 7.240653
v -0.175593 4.090066 8.027573
v -0.229621 4.103143 8.054286
v -0.156846 4.072368 8.010129
v -0.210930 4.097391 8.035129
v -0.221202 4.073844 8.039486
v -0.180396 4.127901 8.033368
v -0.191376 4.129018 8.047029
v -0.205758 4.097385 8.038147
v -0.211745 4.128267 8.050732
v -0.220948 4.125887 8.051517
v -0.215387 4.127390 8.053041
v -0.230156 4.122175 8.056706
v -0.209179 4.125062 8.043763
v -0.223135 4.117063 8.048491
v -0.225578 4.109612 8.047482
v -0.359586 4.146722 7.887961
v 0.510482 4.536674 7.531550
v 0.896621 4.665679 7.222926
v 0.541002 4.919121 7.416951
v 1.246071 5.070299 7.653256
v 0.819641 5.118192 7.217528
v 0.627532 5.274503 7.175056
v 0.394773 4.955179 7.147656
v 0.389525 5.144414 7.421399
v 0.121966 5.110577 7.263418
v -0.191528 5.235724 7.312971
v 0.109449 4.808658 7.101831
v 0.945826 4.493243 7.384701
v 0.443085 4.547635 7.259168
v 0.219607 4.430492 7.537251
v -0.637388 4.832102 7.973234
v -0.546493 5.154753 7.488708
v -0.363662 4.544817 7.636220
v -0.841561 4.755609 7.914672
v -1.446421 4.445127 8.184580
v -0.190742 5.262419 7.670146
v -0.407130 4.969509 7.186738
v -0.096959 4.220042 7.662428
v -0.855222 4.099155 7.885306
v -0.482033 4.133149 7.614845
v -0.176601 4.349845 7.470393
v -0.820691 4.452680 7.574085
v 1.167212 3.016603 7.283375
v 0.829332 2.649422 7.332205
v 0.506680 3.280395 7.581876
v 0.445713 3.281011 7.699290
v 0.366506 3.188209 7.463798
v 0.653297 3.255273 7.363978
v 0.764469 4.022491 7.008378
v 0.629933 3.531372 7.098599
v 0.720767 3.768894 7.349864
v 1.004300 3.392465 6.756906
v 0.565876 3.400057 7.583720
v 0.122559 3.639278 7.174961
v 0.556822 3.271793 7.103164
v -0.056701 3.438950 7.265326
v 0.662453 2.693104 7.289186
v 0.610393 2.887090 7.191572
v 0.499226 2.533679 7.264527
v 0.322616 2.531016 7.163012
v 0.145199 2.552744 7.225533
v 0.231988 2.538169 7.279928
v 0.146857 2.601114 7.245397
v 0.088022 2.561059 7.268469
v 0.493452 2.744876 6.885207
v 0.133405 2.901762 6.978047
v -0.157653 3.628042 7.172593
v -0.162508 3.629074 7.168540
v -0.171805 3.635294 7.170862
v -0.169027 3.628982 7.169176
v -0.171127 3.629822 7.170888
v -0.247785 3.647008 7.175948
v -0.251300 3.643923 7.180642
v -0.874380 3.654833 7.274364
v -0.242082 3.626238 7.138507
v -0.622485 3.522433 7.195658
v -0.390205 3.302175 7.401855
v -0.913209 3.336543 7.520979
v -1.102044 3.144724 7.741910
v -1.098513 3.311481 7.275507
v -0.146286 2.554028 7.134573
v -0.095552 2.701277 6.984303
v -0.125930 2.544856 7.108028
v -0.133897 2.554393 7.120169
v -0.144661 2.555213 7.114466
v -0.149873 2.558603 7.138084
v -0.092037 2.557207 6.787155
v -0.353011 2.658092 6.969743
v -0.356741 2.657075 6.988102
v -0.360361 2.660509 6.989350
v -1.009647 2.405822 7.631819
v -0.672700 2.679909 7.119290
v -0.098853 3.262783 7.199918
v -0.453442 2.808730 6.993222
v -1.147663 2.772605 7.030877
v 3.459751 6.130542 6.820915
v 3.035559 6.287320 6.857305
v 3.160683 6.193032 6.795786
v 2.846458 6.351047 6.813126
v 2.884364 6.289755 6.806618
v 2.976563 6.279778 6.812776
v 2.811284 6.077452 6.985176
v 2.742109 6.359341 6.819886
v 2.472882 6.212015 6.875061
v 2.416101 5.953909 7.024654
v 2.031639 6.076799 7.005348
v 2.566640 6.393537 6.783799
v 2.465398 6.404477 6.737050
v 2.342296 6.475335 6.845875
v 2.228221 6.406339 6.692079
v 2.041864 6.402311 6.732610
v 2.085693 6.467959 6.816105
v 1.615145 6.169720 6.900643
v 1.578502 6.383980 6.832176
v 1.481297 6.353864 6.788301
v 1.689764 5.858504 7.164699
v 1.290375 6.334982 6.879946
v 0.864763 6.298756 6.995038
v 1.367252 5.703481 7.158332
v 1.180443 6.030586 7.028581
v 1.836287 6.410014 6.769285
v 1.776384 6.390320 6.786631
v 1.129486 6.291314 6.854047
v 0.937194 6.310481 6.968108
v 0.860777 5.996864 7.137784
v 0.335152 5.857733 7.450305
v 0.646854 6.261342 6.998545
v 0.540890 6.317112 7.107520
v 0.277772 6.061238 7.287292
v 0.440798 6.220166 7.098952
v 0.263994 6.218611 7.168041
v 0.377737 6.254835 7.106591
v -0.054680 5.857907 7.461250
v 0.141027 6.215190 7.233937
v -0.069467 6.211689 7.361528
v -0.141920 6.178209 7.306290
v -0.188019 6.221975 7.370627
v -0.280042 6.227129 7.442455
v -0.446277 5.767620 7.661000
v -0.310889 6.214845 7.507434
v -0.455549 6.170123 7.465111
v -0.501167 6.158759 7.498071
v -0.554296 6.253977 7.574552
v -0.738878 6.243348 7.528057
v -0.653888 6.252223 7.571492
v -0.812005 6.216043 7.516510
v -1.312245 5.766438 7.937306
v -0.862209 6.283309 7.555842
v -0.912938 6.231259 7.529061
v -1.103087 6.215182 7.512156
v -1.212722 6.207622 7.589846
v -1.211740 6.257256 7.619536
v -1.548900 6.192237 7.619488
v -4.812649 2.895797 10.568463
v -4.580129 2.962824 10.497807
v -4.807200 3.318087 10.245178
v -4.686676 3.147372 10.513656
v -5.130098 2.929550 10.443930
v -1.312541 4.584191 8.773903
v -1.343782 4.342649 8.943821
v -1.302835 4.344599 8.917596
v -1.352962 4.333253 8.917235
v -1.342784 4.344892 8.907154
v -1.299248 4.354638 8.901099
v -1.306672 4.348910 8.910739
v -1.338463 4.343299 8.883676
v -1.504006 4.340380 8.730490
v -1.487713 4.242881 8.925944
v -1.686714 4.553967 8.833490
v -3.190844 3.970691 9.230054
v -1.662267 4.757286 8.669725
v -1.326756 4.786785 8.578800
v -1.174829 4.937999 8.405648
v -1.635965 5.077794 8.391483
v -1.999357 4.773591 8.676088
v -1.959902 4.491517 8.589515
v -2.064187 5.049118 8.483323
v -1.120156 5.386826 8.184769
v -1.850945 5.334961 8.252770
v -1.849909 5.537530 8.079654
v -1.906539 5.049006 8.139828
v -3.244038 4.561950 9.052156
v -3.299418 5.376635 8.263949
v -3.905853 3.933085 9.607107
v -3.225524 4.039340 9.489035
v -3.456368 4.027359 9.585016
v -4.007274 3.746138 9.702209
v -3.732862 4.382154 9.419555
v -3.409658 4.485992 9.223225
v -3.355243 4.119521 9.143588
v -3.239674 4.315383 9.346700
v -4.037097 4.293154 9.649130
v -3.943985 3.950875 9.945026
v -4.828287 3.969315 10.050922
v -4.866449 3.700076 10.324615
v -5.211080 3.653874 10.298452
v -5.097210 3.993640 10.058566
v -4.890925 3.474988 10.161313
v -4.998152 3.326534 9.950530
v -5.488158 3.519827 10.062038
v -4.405325 4.162714 9.834634
v -5.430585 4.512776 9.685118
v -5.487710 4.191452 9.694774
v -3.546345 4.719923 9.084426
v -3.571694 4.378750 8.919794
v -3.929673 4.660075 9.219782
v -4.358439 4.548563 9.403055
v -3.973422 4.881848 9.006558
v -4.515254 4.881828 9.127847
v -3.981409 4.737621 8.890534
v -3.753036 5.264473 8.678870
v -3.918444 5.021941 8.532917
v -4.838686 4.412829 9.608052
v -5.341184 4.811718 9.410940
v -5.363848 5.146664 9.056017
v -2.721801 3.122069 9.188444
v -2.537698 2.717767 8.890988
v -2.523501 2.706137 8.872543
v -2.954200 2.762107 8.940270
v -2.667925 2.405450 9.239839
v -2.885823 2.278647 9.136546
v -2.669179 2.754394 9.038931
v -2.791240 2.762189 8.986094
v -1.200572 1.331483 8.632944
v -1.291251 1.098872 8.560915
v -1.184982 1.424773 8.318155
v -1.434547 1.335472 8.697718
v -1.455371 1.051805 8.567570
v -1.444720 1.044583 8.564911
v -1.457273 1.044606 8.564828
v -1.920416 1.240280 8.626596
v -2.526569 0.885082 8.965487
v -2.569302 0.987745 8.955920
v -2.723650 1.021146 8.833904
v -2.814534 1.021671 9.032355
v -2.722860 1.148714 8.966091
v -3.026030 1.148715 8.882813
v -1.064744 2.212276 8.598068
v -0.741177 2.309039 8.427395
v -1.759351 1.854571 8.777504
v -1.528878 2.035698 8.688135
v -1.026212 2.333804 8.241340
v -1.237967 2.263601 8.155497
v -1.863443 2.661738 8.489155
v -1.913417 2.801373 8.285761
v -2.174994 2.555938 8.574823
v -1.810834 2.246275 8.466966
v -0.878960 1.924802 8.195915
v -1.160127 1.844479 8.252651
v -0.973477 1.448374 8.435229
v -1.423804 1.839522 8.520999
v -1.540280 1.535215 8.490509
v -1.877309 1.585434 8.634228
v -1.835054 1.897848 8.288037
v -1.851928 1.703397 8.453083
v -1.555844 1.241517 8.587535
v -1.806370 1.452730 8.347766
v -1.403662 2.256233 8.035389
v -1.583442 1.977721 8.400806
v -2.440487 2.225911 8.945528
v -3.185352 2.047403 8.837126
v -2.316245 2.469376 8.786471
v -2.438257 2.633292 8.491436
v -2.462664 2.609024 8.738664
v -2.062561 2.438976 8.281790
v -2.817574 2.308127 8.897873
v -2.160918 1.401791 8.615632
v -2.494520 1.489664 8.809581
v -2.389172 1.607677 8.807908
v -2.692352 1.577791 8.745447
v -2.657677 1.776270 9.027864
v -3.059717 1.674769 8.854437
v -3.098691 1.576568 8.922185
v -2.947831 1.383166 8.546305
v -2.677728 1.905320 8.300837
v -2.649261 2.299055 8.509870
v -3.645119 1.069805 10.510036
v -3.558183 1.043438 10.443511
v -4.749645 1.450143 11.261166
v -4.838569 1.489477 11.111340
v -4.962165 1.705002 10.465965
v -4.057473 1.157389 10.896510
v -4.063749 1.147301 10.862968
v -4.042317 1.175730 10.825887
v -4.030907 1.150939 10.817005
v -4.113645 1.151317 10.914655
v -4.469289 1.165139 10.944219
v -4.122817 1.146296 10.623293
v -3.907842 1.132950 10.430495
v -4.244519 1.219704 10.727783
v -4.712290 1.314092 11.112499
v -4.779656 1.329151 10.782737
v -4.580964 1.163867 10.440914
v -4.239579 1.966309 10.192208
v -4.369390 1.524368 10.370038
v -4.489406 1.308652 10.373024
v -4.490210 1.664512 10.034521
v -4.576054 2.052445 10.334796
v -4.743206 1.926629 10.276960
v -5.020113 1.919804 10.666361
v -4.927466 2.207973 10.390079
v -4.717452 1.703846 10.244962
v -4.119585 2.423411 10.154119
v -3.932581 2.417243 10.249907
v -3.441151 2.816106 9.560251
v -3.658931 2.740612 9.642675
v -3.983672 3.129039 9.757408
v -4.048333 2.938469 9.823670
v -3.382034 2.289150 9.393071
v -3.847242 1.983746 9.492823
v -3.119916 2.962706 9.525300
v -3.505316 2.617299 9.761653
v -3.111758 2.735322 9.161885
v -3.064167 2.526612 9.014263
v -3.372363 2.588015 9.183153
v -4.454049 2.673426 9.638280
v -3.891654 2.827841 9.568372
v -3.818179 3.039901 9.244797
v -3.636083 2.427150 9.458319
v -4.001828 2.434940 9.387564
v -4.213032 2.490059 10.432627
v -4.399928 2.522316 10.636663
v -4.397105 2.512892 10.633361
v -4.373358 2.506897 10.630566
v -4.261358 2.862785 10.246937
v -4.329321 2.664106 10.440295
v -4.807014 2.532799 10.342337
v -4.492148 2.563253 10.726723
v -4.635393 2.328584 10.481274
v -4.647537 2.910232 10.290259
v -4.332161 2.995541 9.972731
v -4.639939 3.163858 9.992042
v -4.266897 2.763860 10.136621
v -4.216336 3.106251 9.700029
v -5.380968 2.762703 10.436710
v -5.012949 3.146984 10.134623
v -4.861897 3.023623 9.741006
v -4.100605 2.410266 10.326957
v -4.178487 2.004496 9.988625
v -4.317328 2.149831 9.922184
v -4.260686 2.106246 9.737036
v -4.593907 2.220542 9.874348
v -4.265100 2.641078 9.816662
v -4.670086 2.569176 9.631595
v -4.752306 2.575503 9.463923
v -4.593769 2.450717 9.300594
v -4.853518 2.527678 9.380232
v -4.886288 2.708851 9.770775
v -5.044528 2.568184 9.402821
v -3.481272 1.010094 10.400752
v -3.504893 1.052128 10.394128
v -3.483117 1.072676 10.379738
v -3.484497 1.071234 10.366458
v -3.511140 1.085448 10.396604
v -3.509084 1.078987 10.402011
v -3.869136 1.235340 9.751870
v -3.646116 0.374385 9.685840
v -3.849601 0.292347 9.970139
v -4.089581 0.608771 9.560652
v -3.234298 0.789156 9.209272
v -3.259992 0.792670 9.194899
v -3.259442 0.779295 9.194748
v -3.238915 0.782271 9.203676
v -3.362715 0.902860 9.194392
v -4.033979 0.874363 9.669627
v -4.013117 1.115475 9.513444
v -3.717201 0.718760 9.400134
v -3.751448 1.015677 10.470768
v -3.914531 1.045100 10.302705
v -4.188813 1.103496 10.393092
v -4.072100 1.013693 10.199262
v -4.162099 0.985433 10.036706
v -4.101927 0.761516 10.173211
v -4.465872 0.961490 9.980505
v -4.060901 1.255094 9.942869
v -4.167860 1.334708 9.656847
v -4.154374 0.966363 9.772122
v -3.864392 0.505931 10.099921
v -4.116174 0.453267 9.830057
v -4.075518 0.695689 9.923851
v -4.077902 0.689751 9.907379
v -4.287301 0.757238 9.864071
v -3.348718 1.969911 9.585307
v -3.387686 1.805934 9.380677
v -3.203832 1.628523 9.239242
v -3.561689 1.852421 9.022254
v -3.245379 1.754937 8.966879
v -4.059250 1.840375 9.411716
v -3.582217 1.943073 9.346894
v -3.181056 2.080266 9.185905
v -3.837214 2.199848 9.471490
v -4.030733 1.972481 9.128122
v -3.877975 2.142394 8.805548
v -3.210988 1.453846 9.171641
v -3.041052 1.740289 8.979964
v -3.039550 1.178354 8.665434
v -3.324130 1.234496 8.654832
v -4.085274 1.312014 9.125172
v -4.341218 1.576693 9.354575
v -3.468150 1.603711 8.880278
v -3.763819 1.721476 8.623294
v -4.160628 1.859693 9.024492
v -4.267896 1.829462 9.711363
v -4.627221 1.756060 9.769427
v -4.251564 1.644741 9.537986
v -4.713087 1.959731 9.777006
v -4.733769 2.252297 9.245001
v -4.240060 2.375017 8.653295
v -1.565949 3.988398 8.467734
v -1.281475 4.515646 8.269432
v -1.377075 4.109234 8.293445
v -1.700070 4.314069 8.625671
v -1.935194 4.054368 8.436571
v -1.590490 3.625677 8.478316
v -1.368511 3.605788 8.348493
v -2.169230 3.142130 8.169406
v -1.684834 3.543527 8.264962
v -1.501740 3.942465 7.998905
v -2.039062 3.889772 8.321823
v -2.016184 3.555460 8.313726
v -2.024951 3.543227 8.088762
v -2.876664 3.430094 8.830441
v -2.992888 3.959298 9.053493
v -3.012586 4.109091 8.702050
v -3.515106 4.114185 8.796167
v -2.916266 3.761908 8.716201
v -3.236740 3.400900 9.084971
v -2.898907 3.988694 8.750165
v -2.463425 3.138169 8.354689
v -3.072030 3.506214 8.530177
v -2.952420 3.383471 8.534512
v -3.146227 3.342861 8.392411
v -1.761948 4.351897 8.171762
v -1.977820 4.521042 7.757146
v -1.810821 4.915101 7.925467
v -2.405289 5.554718 7.882438
v -1.965404 5.227134 7.721796
v -1.470874 4.124349 7.979219
v -1.965724 3.917665 7.985408
v -2.154103 4.307910 7.771594
v -3.338674 4.376849 8.256163
v -2.591222 4.875941 7.960296
v -3.635035 5.221392 8.326448
v -2.735204 4.275250 8.004788
v -2.971637 3.795417 8.125490
v -1.164628 2.919658 8.073431
v -1.477999 2.957258 8.042377
v -1.460545 3.301219 8.105064
v -1.097278 2.515225 7.941932
v -1.657533 2.913039 8.197795
v -1.863812 2.982253 8.076920
v -1.827227 3.237359 8.104742
v -2.247119 2.871079 7.999335
v -1.566284 3.472140 7.717863
v -1.194192 3.526913 7.518908
v -1.301120 3.237676 7.693226
v -1.436683 3.399681 7.479998
v -2.180299 3.452440 7.764666
v -2.175187 3.134569 7.748795
v -1.139929 2.533814 7.366306
v -2.414872 2.889384 8.413737
v -2.572186 3.000039 8.228302
v -2.288779 2.607073 8.295291
v -3.057335 2.645695 8.697097
v -2.886392 3.087038 8.075600
v -3.343095 3.616040 9.501234
v -3.543437 3.360825 9.478609
v -3.540742 3.787930 9.421386
v -3.214438 3.159938 9.381933
v -4.192707 3.592031 9.262145
v -4.180691 3.492996 9.414937
v -3.906084 3.265922 9.482075
v -4.238965 3.272683 9.478450
v -3.789880 3.439351 9.114342
v -3.720668 3.787995 8.713261
v -4.159019 3.367889 9.239757
v -4.413597 2.669983 9.278539
v -4.140234 2.881976 9.000230
v -3.533669 3.625664 8.337096
v -4.367056 3.448221 8.874310
v -4.407563 3.697997 9.680722
v -5.154786 3.223145 9.584573
v -4.964320 3.483053 9.546900
v -4.347123 2.797531 9.330547
v -4.623142 3.093969 8.945527
v -4.924952 2.994112 9.030017
v -4.937959 2.990506 9.026007
v -4.930883 2.998228 9.020691
v -4.935815 2.998225 9.020773
v -5.089901 2.845565 9.633743
v -5.169007 3.066819 9.249359
v -5.134321 3.455902 9.439962
v -5.135504 2.821601 9.134964
v -5.071194 3.264552 9.004880
v -4.063015 4.402818 8.856702
v -3.725781 4.214515 8.420342
v -3.940470 4.586607 8.560431
v -4.202133 4.043029 8.866364
v -3.267210 4.843149 8.248886
v -4.076378 4.000251 8.574165
v -4.098663 2.649909 8.855572
v -4.689763 2.786863 9.063981
v -6.108319 1.751766 11.695248
v -5.578206 2.432431 11.411499
v -5.346320 2.380370 11.322367
v -6.016533 2.254675 11.779994
v -5.793309 2.406678 11.540169
v -5.468395 2.183978 11.592911
v -5.859153 2.031811 11.715388
v -6.500528 1.750449 12.111697
v -6.459299 1.618534 11.836621
v -6.117142 1.898960 11.664429
v -6.122973 1.890335 11.664649
v -6.246891 2.003415 11.895007
v -7.127867 1.977072 12.024140
v -7.149953 1.880296 12.118643
v -6.505479 2.241885 11.803700
v -6.149692 2.091466 11.611379
v -6.398697 2.216476 11.611773
v -6.573302 2.027729 11.641887
v -7.088275 2.238907 11.825460
v -6.987939 2.451128 11.700822
v -6.965357 2.523791 11.661882
v -7.086051 2.290421 11.807563
v -7.033623 2.330006 11.742105
v -7.037550 2.391384 11.718205
v -6.827667 2.042825 11.933002
v -7.143510 2.088855 11.951253
v -7.122203 2.130791 11.868832
v -5.636310 2.660402 11.258842
v -5.903683 2.756248 11.331013
v -6.242570 2.667936 11.467549
v -6.047989 2.996938 11.183144
v -5.651734 2.577475 10.909441
v -5.796404 3.167835 10.989804
v -5.253726 3.287998 10.806346
v -5.760825 2.924152 10.649952
v -5.229388 3.118614 10.560305
v -5.732326 3.445453 10.773107
v -6.625469 3.492702 10.858986
v -6.666842 2.595863 11.548391
v -6.693613 2.952695 11.216702
v -6.771040 2.858389 11.428744
v -6.735597 2.949149 11.376779
v -6.916891 2.576899 11.595407
v -6.935452 2.615479 11.534667
v -6.859642 2.734493 11.440491
v -6.663179 3.185813 11.033249
v -6.680798 3.097957 11.128812
v -6.343216 3.193206 11.026715
v -6.614225 3.275548 11.019722
v -6.663514 3.306602 10.890843
v -7.110392 1.635581 12.343726
v -7.165551 1.807409 12.133299
v -7.158534 1.724021 12.225658
v -7.166093 1.921848 11.991387
v -7.161596 2.035692 12.013479
v -5.400876 3.553558 10.563681
v -5.434000 3.887387 10.275512
v -5.884375 3.770266 10.389215
v -6.170563 3.547534 10.687389
v -5.561376 4.136020 10.024892
v -6.082834 4.205027 9.996012
v -5.770194 4.411948 9.772793
v -6.599287 3.809021 10.486522
v -6.564099 3.937775 10.411389
v -6.483025 4.064920 10.231977
v -6.343156 4.429119 9.873698
v -6.392363 4.334851 9.957382
v -6.468081 4.127028 10.070123
v -6.411895 4.124582 10.280080
v -6.465769 4.174622 9.987391
v -6.655992 3.487129 10.717833
v -6.607071 3.571220 10.732920
v -6.666146 3.581213 10.695153
v -6.649977 3.769583 10.630481
v -6.663682 3.741999 10.690686
v -6.615397 3.839995 10.447039
v -6.203388 4.593026 9.706161
v -5.781735 4.743346 9.493888
v -6.162324 4.706971 9.567511
v -6.159094 4.799450 9.573935
v -6.288703 4.473240 9.890273
v -6.261942 4.652393 9.883121
v -6.223725 4.678000 9.691136
v -5.996488 5.055551 9.243865
v -6.034440 4.948727 9.329060
v -6.109229 4.904675 9.347982
v -6.056460 5.007069 9.301191
v -5.958423 5.119987 9.235833
v -5.871640 5.270599 9.011311
v -5.904346 5.208483 9.074197
v -5.932569 5.116155 9.081465
v -5.402965 1.923697 11.367357
v -4.934890 1.373781 11.270146
v -4.942722 1.641895 10.888270
v -5.580863 1.874562 11.539583
v -5.590256 1.297639 11.446340
v -5.898739 1.380585 11.816630
v -5.757920 1.465552 11.513341
v -5.770250 1.717507 11.432389
v -5.195476 2.033847 11.105679
v -5.267856 1.996091 11.068039
v -5.222883 2.326277 10.992008
v -5.378563 2.243178 11.136653
v -5.341089 2.110182 11.030541
v -5.160078 1.967661 11.037361
v -5.194147 1.763503 10.738867
v -5.463785 1.913162 10.941493
v -5.611930 1.727561 11.245283
v -5.763420 1.458908 11.089112
v -5.826684 1.948855 10.904386
v -4.836851 0.965375 11.241405
v -5.070281 1.576501 10.913527
v -5.019410 1.124830 10.994872
v -5.174013 1.396581 10.547456
v -6.094418 1.651993 11.752675
v -6.513210 1.344275 12.003007
v -6.108985 1.745256 11.387726
v -6.040752 1.466647 11.530016
v -5.394300 2.667160 10.749201
v -5.102991 2.838635 10.669973
v -5.521953 2.132952 10.649511
v -5.502535 3.251741 10.235764
v -1.636128 5.755906 7.921379
v -1.586570 6.220170 7.678866
v -1.758853 6.208499 7.579997
v -2.007475 5.775164 7.852278
v -2.185685 5.930740 7.755624
v -2.432541 5.676517 7.972028
v -1.997465 6.158687 7.666299
v -2.160098 6.097260 7.807467
v -2.419972 6.099216 7.804865
v -2.708026 5.826772 7.987739
v -2.925019 5.467229 8.087497
v -3.424191 5.519342 8.368744
v -2.914028 5.559273 8.277438
v -3.668198 5.981260 8.032496
v -3.497391 5.781346 8.152282
v -2.806586 6.071350 7.820446
v -3.496043 6.022264 7.953253
v -3.609667 5.431801 8.491961
v -4.025069 5.557837 8.465174
v -3.915604 5.989627 8.185421
v -4.091402 5.936594 8.157887
v -3.796190 5.679395 8.211874
v -4.223320 5.365051 8.729303
v -4.351402 5.895266 8.221905
v -4.623073 5.869878 8.329095
v -4.307194 5.928281 8.213817
v -3.724817 5.957479 8.056941
v -4.728826 5.809411 8.322668
v -4.771114 5.669832 8.538784
v -4.812948 5.211926 8.923139
v -4.917923 5.824876 8.423294
v -5.010491 5.828641 8.467300
v -5.210363 5.775365 8.519332
v -5.165183 5.754866 8.418693
v -5.275390 5.786847 8.542753
v -5.724725 5.537705 8.782660
v -5.808760 5.373268 8.935067
v -5.771324 5.439166 8.875530
v -5.513116 5.724495 8.595474
v -5.634919 5.727551 8.629444
v -5.437171 5.767797 8.626680
v -5.433264 5.751754 8.514019
v -5.782500 5.611468 8.870128
v -5.766228 5.713400 8.826509
v -5.729352 5.672488 8.682123
v -3.369675 5.192503 8.259564
v -3.549379 5.329918 7.749746
v -4.135094 5.299158 8.218232
v -3.661539 5.031269 7.926876
v -3.799424 5.551493 7.723228
v -4.089317 5.508581 7.814055
v -5.855268 5.290488 8.885393
v 4.737936 -0.446504 9.196528
v 4.618751 -0.861733 8.771223
v 4.518878 -0.203138 8.223392
v 4.802732 0.155220 7.924268
v 4.384460 0.077018 8.360415
v 4.270551 0.000735 8.349895
v 4.257432 0.001537 8.349352
v 4.248602 -0.002038 8.353200
v 4.414190 0.445656 8.214206
v 4.576200 -0.013689 8.285541
v 4.437583 -0.180803 7.933845
v 4.031079 -0.100434 8.403214
v 4.711023 0.680510 7.832711
v 4.611127 0.454560 7.452492
v 4.299630 0.771946 7.835640
v 4.141052 0.303749 7.656036
v 1.468874 -1.247525 9.906730
v 1.227905 -1.308232 9.984963
v 4.145506 -0.795338 8.987704
v 3.465376 -0.763916 9.134375
v 3.706395 -0.782158 8.911181
v 3.955781 -0.563789 8.604594
v 3.365154 -0.254332 8.412070
v 2.342450 -0.948046 9.753633
v 2.383799 -0.334770 9.478946
v 2.287902 -1.285704 9.170783
v 2.950125 -0.754214 9.109189
v 2.397301 -0.112934 9.312381
v 2.329650 -0.710055 8.796147
v 2.389748 -0.015157 8.857058
v 2.521836 -0.817447 8.805755
v 2.058643 -0.895648 8.642990
v 2.240220 -0.953029 8.253414
v 3.976476 0.103005 8.389091
v 3.790492 -0.254093 8.313656
v 3.450870 0.143801 8.437244
v 2.963603 0.165324 8.557355
v 2.896791 0.277726 8.511040
v 2.845968 -0.243459 8.544446
v 3.430738 -0.041032 8.091426
v 3.229574 0.458688 7.720865
v 3.674163 -0.363108 8.089984
v 3.867451 -0.103624 7.988128
v 3.475006 -0.515141 7.753445
v 3.880805 -0.290722 7.520539
v 4.110776 0.089311 7.202767
v 3.173924 -0.002364 8.093459
v 2.899382 0.083812 7.786639
v 2.949421 -0.194301 7.578544
v 2.757582 -0.050102 9.125074
v 2.791726 0.194636 8.580694
v 2.740551 0.183674 8.596277
v 2.638275 0.119771 8.636708
v 2.675539 0.003254 8.676497
v 2.386365 -0.013372 8.602427
v 2.496176 -0.146303 8.403725
v 2.590656 0.109427 8.503626
v 2.469595 -0.282436 8.401690
v 2.724301 0.121090 8.280845
v 2.294202 -0.229354 8.503228
v 2.293192 -0.246945 8.500399
v 2.325740 -0.203521 8.379861
v 2.647779 0.424851 8.045562
v 2.448210 -0.261768 8.203388
v 2.450850 -0.261976 8.186366
v 2.742873 -0.115273 7.875131
v 2.558078 0.308830 7.727071
v 2.768508 0.014419 7.822383
v 2.517601 -0.080877 7.853779
v 1.932371 -0.133524 8.050294
v 1.873786 -0.097153 8.049031
v 1.893087 -0.094001 8.041577
v 1.884897 -0.091903 8.042846
v 1.908113 -0.142091 7.998041
v 1.989814 0.013490 7.893642
v 1.829798 0.106356 7.779548
v 1.926526 -0.201693 7.944874
v 1.912765 -0.175812 7.934513
v 1.912607 -0.053202 7.853487
v 1.993001 -0.011250 7.565577
v 1.751476 -0.165960 7.586852
v 2.420582 -1.289568 8.503162
v 2.326107 -0.956139 8.055648
v 2.096212 -1.207174 8.410971
v 1.817397 -1.711314 8.122551
v 1.943455 -1.328939 8.351821
v 2.384211 -0.761016 7.850721
v 2.686360 -0.720337 7.637994
v 2.477140 -0.480955 7.679290
v 2.033443 -1.031293 8.211051
v 2.153783 -0.862204 7.965562
v 2.143597 -0.854720 7.949918
v 2.139202 -0.857148 7.952394
v 2.357393 -0.697470 7.657230
v 2.139570 -0.395787 7.245893
v 1.628828 -0.421111 7.773065
v 1.600703 -0.451977 7.761432
v 1.645422 -0.387228 7.752493
v 1.646320 -0.344486 7.706528
v 1.638130 -0.369877 7.726862
v 1.943051 -0.221284 7.415429
v 1.718487 -0.329361 7.709035
v 1.651619 -0.347423 7.698646
v 1.663068 -0.353107 7.697801
v 1.639600 -0.281174 7.499130
v 1.601087 -0.383614 7.716168
v 1.611631 -0.346560 7.679996
v 2.161640 -0.490762 7.427413
v 1.500251 -0.592979 7.591749
v 2.252629 -1.166900 7.166283
v 1.790542 -1.444278 7.849203
v 1.849290 -1.387122 7.641077
v 2.062154 -0.921959 7.395045
v 1.917637 -1.080883 7.632343
v 1.621168 -0.942958 7.588007
v 1.997142 -1.237267 7.381558
v 2.354739 -0.843770 7.108073
v 2.097018 -0.672669 7.024289
v 2.295464 -0.574862 7.014442
v 1.745130 -0.764260 7.326278
v 1.517995 -1.039909 7.268990
v 1.828837 -0.574674 7.060859
v 1.822517 -1.079290 7.231020
v 1.882359 -0.947877 7.008815
v 2.030282 -0.974683 9.841463
v 1.666782 -0.966407 9.719092
v 1.567974 -0.972814 9.554235
v 1.338337 -1.034137 9.971360
v 0.999864 -1.203570 9.899693
v 1.435503 -0.887428 9.837366
v 1.052694 -0.902126 9.777953
v 1.228592 -1.099655 9.562087
v 0.956880 -0.988761 9.486509
v 0.827724 -0.760790 9.248118
v 0.840973 -0.659498 9.013831
v 1.635947 -1.117113 9.332583
v 1.688156 -1.263051 9.149593
v 0.994905 -1.276349 9.378613
v 1.384120 -1.304520 9.176732
v 1.501799 -0.936631 9.118322
v 1.480971 -1.033158 9.204610
v 1.474211 -1.060933 9.164618
v 1.475254 -1.066638 9.152800
v 1.364618 -0.987913 8.924369
v 1.511037 -0.777718 8.881225
v 0.879721 -0.938526 9.045982
v 0.911689 -0.874540 9.008471
v 0.808404 -0.907787 9.044509
v 0.879311 -0.856279 9.043599
v 0.868664 -0.857528 9.015162
v 0.889599 -0.780361 8.897857
v 0.891211 -0.798079 8.896120
v 0.893479 -0.797271 8.891803
v 0.843092 -0.784188 9.032734
v 0.851896 -0.771831 8.995564
v 0.874583 -0.736314 8.935882
v 0.870107 -0.774448 8.928737
v 0.976963 -1.303341 9.041559
v 0.774746 -0.985993 8.891316
v 0.864980 -0.864461 8.890059
v 0.930694 -0.896666 8.823675
v 0.923168 -0.861413 8.828188
v 0.770600 -0.985979 8.881952
v 0.904461 -1.085174 8.719349
v 0.753354 -1.295077 9.787752
v -0.032890 -1.138289 9.652850
v 0.353402 -0.801363 9.838070
v 0.561394 -0.780116 9.813442
v 0.536720 -0.517080 9.617331
v 0.688971 -1.074807 9.505855
v 0.368410 -1.013640 9.699419
v 0.673971 -0.774521 9.345121
v 0.645767 -0.666404 9.314460
v 0.629618 -0.772568 9.352038
v 0.671344 -0.767920 9.347919
v 0.673329 -0.797299 9.345470
v 0.622461 -0.829277 9.326693
v 0.668550 -0.813221 9.325987
v 0.500803 -0.936335 9.239780
v 0.359391 -0.793980 9.529974
v 0.398373 -0.756610 9.284085
v 0.014412 -0.667102 9.799776
v -0.081305 -0.742549 9.978663
v -0.107890 -0.635429 9.513721
v -0.096469 -0.782016 9.287335
v 0.703746 -1.234119 9.212415
v 0.372204 -1.237968 9.173562
v 0.279660 -0.883537 9.143682
v 0.284977 -0.868729 9.107799
v 0.248971 -0.844719 9.085674
v 0.319647 -1.011610 9.084588
v 0.204238 -1.152254 9.428662
v 1.667255 -0.192765 8.455575
v 1.461334 -0.156584 8.528757
v 1.413410 -0.191645 8.503308
v 0.837555 -0.666852 9.005516
v 0.836834 -0.653131 8.993608
v 0.840650 -0.663069 8.999279
v 1.751577 -0.609651 8.754696
v 1.750689 -0.496850 8.531443
v 1.431224 -0.426553 8.673430
v 1.432699 -0.281660 8.351183
v 1.421624 -0.225401 8.465009
v 1.408570 -0.341781 8.431424
v 1.565944 -0.427254 8.136064
v 1.557415 -0.425844 8.137774
v 1.563646 -0.422860 8.136874
v 1.556056 -0.424866 8.139687
v 1.428543 -0.460612 8.166282
v 1.367711 -0.567239 8.278016
v 1.025740 -0.720610 8.693095
v 0.836631 -0.657581 8.931934
v 0.934346 -0.874654 8.651537
v 0.992932 -0.972510 8.341467
v 1.142330 -0.641577 8.367736
v 1.579763 -0.288035 8.214733
v 0.042754 -0.677573 9.027992
v -0.351170 -0.608111 9.225039
v 0.053844 -1.009253 8.944243
v -0.057982 -0.700275 8.839083
v -0.254486 -1.021423 8.638721
v -0.353755 -0.828984 8.865118
v -0.456991 -0.647161 8.634981
v 1.616678 -1.107540 8.376312
v 0.686054 -1.230673 8.897036
v 0.348469 -1.176382 8.613011
v 0.138512 -1.263588 8.651350
v 1.200517 -0.949666 8.260069
v 1.399289 -0.643278 7.898268
v 1.510766 -1.089669 7.871141
v 1.200213 -1.432810 7.941552
v 0.659362 -1.012448 8.363357
v 0.651332 -0.854854 8.053509
v 1.555314 -0.447625 7.781718
v 1.516929 -0.342345 7.687433
v 1.139784 -0.770019 7.643899
v 1.058798 -0.645483 7.890861
v 0.884584 -0.876579 7.773260
v 1.299528 -1.153641 7.527283
v 1.628556 -1.286350 7.585504
v 0.737924 -1.356404 7.397761
v 1.369299 -0.880754 7.587046
v 1.173966 -1.015342 7.358253
v 1.397019 -0.812887 7.202786
v 1.080092 -0.783925 7.253776
v 0.955069 -1.105137 7.416720
v 0.636863 -1.047843 7.256885
v 0.455912 -1.163465 7.788600
v 0.850769 -0.847752 7.325965
v 0.764161 -0.886673 7.259153
v 0.752476 -0.879310 7.232910
v 0.603580 -0.843196 7.099501
v 0.327267 -1.307914 7.420679
v 0.862046 -0.673726 7.080115
v 0.346115 -0.952076 8.250873
v 0.359072 -1.379518 7.909675
v -0.135118 -0.919337 8.286774
v -0.491992 -0.841971 8.246197
v -0.654222 -0.818486 8.039006
v -0.598243 -0.674717 7.777107
v -0.600429 -0.706075 7.774393
v -0.611996 -0.686256 7.776116
v 0.170250 -1.455521 7.781493
v 0.517378 -1.653020 7.616246
v 0.405649 -1.185593 7.471145
v -0.624330 -0.947567 7.815072
v -0.476701 -0.831436 7.618241
v -0.220567 -1.316803 7.655247
v -0.374034 -1.291601 7.367904
v -0.503442 -1.370684 7.721724
v -0.523408 -1.275765 7.598785
v -0.399763 -1.464268 7.454398
v -0.478625 -1.028699 7.380534
v -0.596514 -0.856191 7.496631
v 0.747576 -1.647081 7.001994
v 0.927431 -1.023470 7.002100
v 0.941179 -1.291201 6.750626
v 0.335489 -1.499992 6.888255
v 0.458007 -1.923418 7.243827
v -0.250577 -1.615755 7.001977
v -0.829732 -1.339242 6.927116
v -1.445882 -2.017420 11.048200
v -1.697958 -2.047083 11.166694
v -1.385581 -1.686744 10.870257
v -1.630281 -1.524891 11.122414
v -0.404758 -0.853952 10.269097
v -0.127327 -0.971149 9.992994
v -0.616027 -1.131657 10.044302
v -0.549759 -0.704054 9.468690
v -1.059150 -0.921370 10.308149
v -1.036348 -0.916154 9.851916
v -1.343696 -0.610159 10.091974
v -1.310808 -0.557211 9.888191
v -0.951993 -0.828896 9.630781
v -1.276325 -0.683390 9.661415
v -1.367354 -1.002352 9.628431
v -0.394460 -0.833824 9.273227
v -1.630612 -1.417628 10.716828
v -1.612700 -1.085138 10.563351
v -1.710732 -1.337357 10.504269
v -1.345863 -1.374473 10.330917
v -2.049226 -1.443177 10.887313
v -1.916242 -1.032478 10.467012
v -1.382900 -0.933548 10.296207
v -1.619772 -1.055611 10.233776
v -1.583706 -1.081732 10.220833
v -1.914926 -1.130556 10.395353
v -1.712139 -0.734198 10.017277
v -1.874716 -0.978510 10.016196
v -2.064433 -0.955534 9.744967
v -1.800261 -0.908817 9.735005
v -2.237433 -1.001754 10.530703
v -2.240916 -1.002308 10.523369
v -2.237269 -0.994442 10.519941
v -1.986362 -1.211876 9.966136
v -2.243356 -1.047614 9.935304
v -2.479646 -0.954586 10.056561
v -2.431865 -1.301518 9.703733
v -0.712272 -0.454785 9.667128
v -0.848616 -0.742786 9.245432
v -0.953206 -0.543913 9.721237
v -0.561378 -0.597298 8.957928
v -0.563432 -0.895400 8.822560
v -1.106676 -0.943058 8.941677
v -1.112985 -0.789436 9.046309
v -1.418279 -0.899191 9.114333
v -1.044207 -0.328996 8.235037
v -1.355985 -0.107805 8.656825
v -1.708516 -0.198331 8.583840
v -1.678487 -0.406431 8.358281
v -1.632941 -0.757130 9.804208
v -1.746833 -1.055450 9.405437
v -1.893448 -1.100870 9.372236
v -1.776406 -0.956774 9.049641
v -2.588431 -0.839036 9.638140
v -1.975128 -1.248920 9.476238
v -2.714135 -1.127087 9.192825
v -1.927872 -0.602418 8.649830
v -2.284480 -0.660580 8.643914
v -2.282439 -0.349050 8.647061
v -1.813542 -1.626227 9.080589
v -1.845415 -1.582716 9.126349
v -1.823740 -1.543433 9.233643
v -1.988682 -1.483037 9.217194
v -0.775997 -1.097635 8.419611
v -0.691301 -0.826737 8.366002
v -0.780852 -0.927725 8.902496
v -1.492535 -1.166753 8.541924
v -1.681024 -1.062362 8.585193
v -1.352565 -0.927523 8.345139
v -0.809797 -0.847388 8.222923
v -0.722895 -0.594250 7.973120
v -1.033190 -0.710749 8.119815
v -1.223606 -0.833380 8.259438
v -0.852145 -0.838496 7.948629
v -1.032611 -0.751008 8.132913
v -1.026480 -0.740044 8.097240
v -1.042998 -0.716860 8.114071
v -1.068362 -0.737401 8.129354
v -1.048579 -0.724272 8.125107
v -1.330574 -0.506718 8.155184
v -1.371374 -0.543935 8.164600
v -1.371881 -0.520573 8.167479
v -1.372139 -0.525952 8.168545
v -1.241093 -1.360164 8.297833
v -1.648228 -0.939384 8.415349
v -1.645507 -0.918055 8.405734
v -1.403077 -0.892343 8.086661
v -1.548339 -0.640724 8.137684
v -1.604935 -0.733092 8.212224
v -0.873231 -1.515309 8.116714
v -0.968809 -1.084832 8.105107
v -1.333706 -1.512534 8.051315
v -1.107342 -1.592921 7.803782
v -0.861395 -1.296750 7.311474
v -1.508480 -1.150640 7.896519
v -1.604934 -1.025320 8.071650
v -1.843809 -1.143340 8.071486
v -1.791034 -1.233670 8.960582
v -1.734145 -0.946690 8.887529
v -1.700988 -0.949219 8.751835
v -1.711911 -0.954942 8.751902
v -1.781344 -1.426132 8.836483
v -1.758657 -1.506574 8.618808
v -2.679620 -1.389020 9.103421
v -2.172095 -1.693689 8.838295
v -2.629916 -1.556963 8.695857
v -2.532357 -0.566446 8.433581
v -2.570783 -0.698131 8.663313
v -2.685259 -0.547805 8.488829
v -2.600819 -1.229825 8.506381
v -2.558957 -0.896120 8.259953
v -2.494753 -1.068384 7.968738
v -2.166828 -1.008355 7.819575
v -2.689972 -1.278240 8.245936
v -2.548423 -0.917975 10.635790
v -2.408518 -1.218023 10.287663
v -2.898100 -0.843916 10.296242
v -2.943424 -0.917278 10.149607
v -3.167883 -1.150645 10.369426
v -3.573728 -1.155425 10.592958
v -3.765920 -1.183512 10.301497
v -2.660773 -0.792114 10.011950
v -2.945767 -0.825087 9.913919
v -3.180051 -0.863145 10.072289
v -3.505907 -0.809649 10.044566
v -2.841726 -0.214364 9.145591
v -3.495252 -0.300756 9.892135
v -3.707324 -0.428350 9.816292
v -3.516479 0.104853 9.887781
v -3.610728 -0.076094 9.326174
v -2.707954 -1.042674 9.437581
v -3.123424 -0.978449 9.530416
v -2.976013 -1.025918 9.747892
v -3.250052 -1.082424 9.363700
v -3.429134 -1.093925 9.763551
v -3.585663 -0.687283 9.471876
v -3.415088 -0.641191 9.324262
v -3.510776 -0.261128 9.339029
v -3.638993 -0.522754 8.957695
v -3.404737 -0.901864 8.992272
v -4.105450 -0.754094 10.373995
v -3.906210 -0.269970 10.406633
v -4.121984 -0.906706 10.111672
v -0.790402 -1.516720 7.604430
v 3.671884 0.847706 7.784954
v 3.511074 0.648739 7.578515
v 3.107425 0.911007 7.856637
v 2.894377 1.003402 7.986505
v 3.115922 0.967946 7.688855
v 2.741402 1.134887 7.786573
v 2.844017 0.724364 7.701706
v 3.077117 1.465312 7.280811
v 3.124529 1.089072 7.200260
v 3.121348 1.273113 6.928801
v 2.675141 1.336225 7.570811
v 2.951511 1.208058 7.414641
v 3.105902 0.988063 7.273850
v 2.615238 1.312775 7.226715
v 4.114754 0.308356 7.368143
v 3.498255 0.400849 7.137715
v 3.258890 0.298202 7.222796
v 2.771369 0.642778 7.937257
v 2.467982 0.658933 7.921892
v 2.407888 0.838087 7.562407
v 2.369627 0.596188 7.791423
v 1.993353 0.790433 7.939190
v 1.737602 0.576241 7.553090
v 1.860115 0.840761 7.561411
v 2.434464 1.023738 7.717460
v 1.933995 1.057332 7.658692
v 2.347095 1.334371 7.535594
v 2.143410 1.140842 7.776296
v 2.450959 1.493687 7.429130
v 1.929425 1.018354 7.466851
v 2.119815 0.187125 7.699217
v 1.801143 0.139386 7.819889
v 1.851104 0.633630 7.499862
v 1.858680 0.630888 7.488398
v 1.849012 0.632810 7.494117
v 1.976880 0.453558 7.498967
v 1.782278 0.369081 7.363703
v 1.881109 -0.087452 7.653463
v 1.484987 0.199211 7.345302
v 1.989424 0.669177 7.358368
v 1.866735 0.974384 7.264172
v 1.810280 0.649537 7.232050
v 1.495705 0.379244 7.496138
v 1.412272 0.745958 7.404823
v 1.686193 0.867444 7.053189
v 1.431250 0.952649 7.187984
v 1.449937 0.477026 7.090565
v 1.249444 0.788904 7.090180
v 3.322966 1.766546 7.138806
v 3.121261 1.525718 7.029530
v 1.960004 1.459391 7.472141
v 1.755932 1.479528 7.461054
v 2.018766 1.329066 7.302980
v 1.632740 1.136893 7.163950
v 1.331225 2.187330 7.022413
v 1.219684 2.266479 6.917830
v 1.570839 2.066064 6.787401
v 1.675548 1.154128 6.778112
v 1.950081 1.880864 6.826242
v 1.805471 -0.208910 6.987392
v 1.314854 0.671501 6.435441
v 1.353719 0.121199 7.509202
v 1.086761 0.653052 7.274167
v 0.587449 0.468189 7.365937
v 0.536518 0.411060 7.367556
v 0.564351 0.456539 7.327420
v 0.363679 0.326375 7.630038
v 0.483946 0.476180 7.388988
v 0.475727 0.407562 7.363963
v 0.495622 0.431035 7.305722
v 0.164610 0.513203 7.956412
v 0.012034 0.690261 7.887963
v -0.766921 0.675162 8.163404
v -0.257505 0.348516 7.815279
v 0.192167 0.172190 7.845487
v -0.034223 0.204263 7.688264
v 0.009356 -0.121668 7.687169
v 0.282344 0.479156 7.517735
v 0.047096 0.799458 7.477553
v -0.131740 0.741467 7.632448
v -0.136262 0.742716 7.625591
v -0.172348 0.773537 7.619613
v 0.180625 0.505329 7.369103
v -0.769386 0.482323 7.801066
v -0.770140 0.479206 7.797014
v -0.779060 0.476088 7.808252
v -0.641460 0.489938 7.645910
v -0.831972 1.025977 7.896291
v -0.727043 0.417831 7.685396
v -1.032952 0.185879 7.788411
v -0.453895 0.423250 7.427915
v 0.968547 1.373791 7.194684
v 0.452636 1.378653 7.528273
v 0.436275 1.374336 7.532772
v 0.439800 1.370250 7.527365
v 0.438084 1.340110 7.521171
v 0.384548 1.353992 7.564089
v 0.433606 1.379689 7.535543
v 0.396533 1.339195 7.539918
v 0.645635 1.286562 7.150181
v 0.679816 1.298601 7.221716
v 0.620178 1.528775 7.139786
v 0.167456 1.672842 7.166662
v 1.189582 1.034807 6.946163
v 0.938369 1.130415 6.763629
v 1.347073 0.921247 6.771272
v 0.820848 1.041728 6.656145
v 0.684008 1.000004 7.261338
v 0.514532 1.146784 7.205678
v 0.659422 1.002027 7.258080
v 0.583367 0.873387 7.206501
v 0.540916 0.909683 7.194969
v 0.437544 1.124499 7.372705
v 0.291041 1.119303 7.360979
v 0.323020 1.077106 7.291760
v 0.180300 1.065237 7.121115
v 0.424974 1.005025 7.180245
v 0.655349 1.261335 7.171159
v 0.585059 1.271933 7.165525
v 0.389318 1.276603 7.171289
v 0.529172 1.198648 6.973474
v 0.322369 1.280894 6.860486
v 0.450393 0.925770 6.858908
v 0.460676 0.886174 7.055413
v 0.572119 1.112591 6.797986
v 0.634727 1.038117 6.822301
v 0.540972 1.029739 6.828818
v 1.361776 1.259582 6.754322
v 0.161225 1.310972 7.124710
v 0.529331 1.618871 6.681186
v -0.294217 1.377839 8.000024
v -0.282005 1.421000 7.997225
v -0.286013 1.410180 8.008904
v -0.279263 1.401339 8.004957
v -0.247862 1.406061 7.977011
v -0.267415 1.402379 7.979774
v -0.240000 1.424413 7.975797
v -0.214372 1.433670 7.951524
v -0.316945 1.378114 8.009208
v -0.289726 1.397149 8.014581
v -0.298476 1.382672 8.008237
v -0.505724 1.307311 8.026896
v -0.763300 1.179090 8.038975
v -0.953546 1.632899 7.949113
v -0.664114 1.588462 7.829938
v -0.449865 1.217370 7.865071
v -0.802075 1.102235 7.583562
v 0.042401 1.816129 7.199484
v -0.181509 1.823094 7.461931
v 0.060047 1.575115 7.248200
v -0.470071 1.683088 7.716762
v -0.937229 1.891914 7.408109
v -0.654077 1.911837 7.199687
v -0.808233 1.778730 7.703285
v 0.141047 1.131220 7.302254
v -0.237444 0.795034 7.413028
v -0.373231 0.869792 7.495524
v -0.551098 0.966137 7.636593
v -0.734902 0.912736 7.207677
v -0.454347 1.792926 7.273593
v -0.420091 1.654619 6.983255
v 1.618389 -0.118792 7.482884
v 1.439271 -0.167912 7.478742
v 1.466078 -0.108649 7.099611
v 1.120689 0.175552 7.315201
v 0.855779 0.136098 7.365123
v 1.144470 -0.236744 6.891852
v 0.832238 0.152037 7.360713
v 0.852472 0.133027 7.364544
v 0.844093 0.130015 7.361357
v 0.852314 0.118100 7.363858
v 0.857673 0.130812 7.361119
v 0.843264 0.143764 7.359227
v 0.834281 0.128484 7.353897
v 0.835683 0.131896 7.356149
v 0.832347 0.125896 7.352811
v 0.815766 0.150644 7.355964
v 0.817702 0.157359 7.358248
v 0.719891 0.126451 7.272449
v 0.633078 0.050666 7.286201
v 0.627649 0.039186 7.271727
v 0.539512 0.013174 7.289383
v 0.495832 -0.022447 7.311149
v 0.490969 -0.026177 7.313874
v 0.493953 -0.029876 7.313038
v 0.480634 -0.028393 7.312121
v 0.546555 -0.009684 7.131344
v 1.016288 0.121985 7.026443
v 0.943351 0.389053 7.077565
v 1.313601 0.482336 6.876975
v 1.113191 0.570038 6.964155
v 1.056192 0.160106 6.498919
v 0.658111 0.307331 7.243969
v 0.743260 0.147845 7.143150
v 0.364425 0.137835 7.428792
v 0.515064 0.230990 7.224960
v 0.471098 0.083063 7.235801
v 0.533457 0.021341 7.277419
v 0.544040 0.363186 7.041476
v 0.206147 0.639591 7.076339
v 0.507449 0.180486 7.048687
v 0.675177 -0.215165 6.825633
v 0.201175 0.434494 6.655305
v 1.371146 -0.475037 7.286658
v 0.994280 -0.525407 7.047316
v 0.591075 -0.420652 6.978041
v 0.700573 -0.603756 6.845834
v 0.751438 0.168699 6.572328
v 0.435904 -0.419150 6.781788
v 0.128072 -0.236343 6.539866
v -0.004153 -0.145219 7.626288
v 0.037667 -0.243065 7.679517
v 0.029817 -0.250104 7.672415
v -0.066154 -0.208043 7.649344
v -0.069156 -0.229842 7.634780
v -0.082475 -0.223981 7.635605
v 0.288541 -0.141614 7.389692
v 0.023998 -0.126416 7.591225
v -0.496987 -0.432520 7.361866
v -0.252300 0.291401 7.049291
v -0.385671 -0.294095 7.173847
v -0.361251 -0.140690 7.464941
v -0.688058 0.376408 7.291759
v -0.731043 -0.227058 7.292775
v -0.249636 -0.474952 6.758497
v -0.707124 -0.549444 7.298326
v -0.865888 -0.783051 7.287214
v -0.778457 -1.066634 7.282505
v -0.343938 -0.197427 6.592353
v -0.649128 -0.409378 6.904331
v -0.475658 -0.461961 6.866582
v -0.902106 -0.412553 6.891679
v 0.558225 1.041947 6.486035
v 0.742427 0.516131 6.503145
v 0.807189 2.407383 6.726036
v 0.410871 2.522692 6.742260
v 0.857157 1.970246 6.701038
v 0.100314 1.817926 6.644881
v 0.106638 2.075668 7.106152
v -0.425067 2.043877 6.876415
v -1.114791 2.001499 7.206207
v -0.655979 2.438476 7.050334
v 0.506559 -1.128936 6.587819
v 0.174072 -0.620041 6.877543
v 0.125713 -0.981198 6.481824
v -0.298981 -1.034202 6.543014
v -0.890634 -1.086344 6.802388
v -0.581984 -1.190810 6.690738
v -0.736881 -0.966861 6.378793
v -0.483482 -0.501339 6.540283
v -0.313113 -0.770933 6.379232
v -0.749538 -0.301366 6.618026
v -0.357341 -0.896208 6.212684
v -0.989558 -0.936686 6.446758
v -0.986188 -0.930598 6.439538
v -0.977537 -0.929066 6.438293
v -0.726190 -0.642199 6.119464
v -0.860547 0.450622 8.477432
v -1.033037 0.452177 8.454873
v -1.358204 0.148323 8.558577
v -1.405143 0.478782 8.583965
v -1.744387 0.506007 8.543210
v -1.743737 0.496325 8.538351
v -1.794123 0.543841 8.626594
v -1.665274 0.449769 8.445480
v -0.792718 0.779708 8.318863
v -0.798635 0.772948 8.310707
v -0.727709 0.790938 8.197733
v -0.817305 0.758458 8.320064
v -1.303334 0.660126 8.343322
v -0.947684 1.163355 8.011646
v -1.349729 0.971257 8.128190
v -1.869122 0.669537 8.719105
v -1.828449 0.657702 8.707682
v -1.842674 1.158377 8.317870
v -1.771138 0.504997 8.535362
v -1.840627 0.661228 8.484648
v -1.666635 0.471556 8.404808
v -1.862856 0.878228 8.323092
v -1.162257 -0.012757 8.630445
v -1.031167 -0.069163 8.371081
v -1.457259 -0.075612 8.517175
v -0.977347 0.019383 8.060753
v -0.829195 0.345437 8.009042
v -1.635803 0.029195 8.655360
v -1.810195 0.015109 8.576472
v -1.658646 0.195537 8.187539
v -1.640029 -0.029678 8.558535
v -0.972006 0.451921 8.124302
v -0.942452 0.718993 7.844015
v -1.540032 0.538633 8.224070
v -2.532648 0.259445 9.312458
v -2.535223 0.254176 9.320111
v -2.531693 0.264780 9.309660
v -2.544258 0.267620 9.320746
v -2.542832 0.260729 9.319703
v -2.551357 0.255721 9.330812
v -2.538270 0.256476 9.314299
v -2.558612 0.261920 9.325508
v -2.884174 0.382894 9.057829
v -2.825841 0.031344 8.860523
v -2.660542 0.300230 8.814863
v -3.061637 0.131653 8.924176
v -2.056455 0.885737 8.675052
v -1.879126 0.685289 8.715452
v -1.879498 0.662935 8.727401
v -1.875432 0.671763 8.722248
v -1.883697 0.668616 8.722598
v -1.973890 0.711222 8.628244
v -2.490151 0.788613 8.808842
v -2.156209 1.242042 8.368362
v -2.386664 0.823789 8.455561
v -1.872116 0.608375 8.683914
v -1.900524 0.540561 8.407595
v -1.985297 0.438346 8.490654
v -2.487775 0.706643 9.005094
v -2.527004 0.778933 8.350904
v -2.680618 0.605369 8.766678
v -2.771184 0.377103 8.603131
v -2.514466 0.397575 8.251895
v -2.146352 -0.206791 8.423400
v -2.445889 -0.009907 8.509235
v -1.930576 0.290672 8.378121
v -2.079907 0.101709 8.081600
v -2.834306 -0.157488 8.841265
v -2.466568 0.200820 8.675425
v -2.416645 -0.260905 8.552188
v -2.708138 -0.317120 8.530197
v -2.272938 0.861815 8.294410
v -2.258515 0.451226 8.184026
v -1.445379 1.100247 8.379973
v -1.676126 1.227136 8.011241
v -1.746429 0.982202 7.967272
v -1.464502 0.773585 7.892204
v -2.677261 1.235397 8.421149
v -1.325627 -0.303648 8.098012
v -1.126228 -0.193601 7.816086
v -1.008869 -0.293160 7.503691
v -1.503029 -0.494082 8.283215
v -1.467135 -0.470935 8.192148
v -1.515897 -0.296583 7.903788
v -1.547888 -0.565973 8.009062
v -1.555548 -0.664693 7.991006
v -1.548565 -0.657228 8.008313
v -1.555202 -0.629956 7.991686
v -1.558017 -0.661043 7.977322
v -1.548695 -0.641374 7.960526
v -1.544351 -0.602021 7.947919
v -1.525177 -0.544625 7.769404
v -2.021694 -0.324899 7.767097
v -0.941063 -0.548271 7.294001
v -1.368029 -0.753496 7.671625
v -1.139156 -0.793034 7.267642
v -1.589492 -0.728850 7.641351
v -1.728365 -0.145666 7.974361
v -3.084912 -0.475686 8.567335
v -2.422965 -0.137772 7.903320
v -2.416722 -0.561851 7.672223
v -2.236987 -0.684881 7.511772
v -2.906727 0.028185 9.069739
v -3.846859 0.234847 9.285444
v -3.710346 0.174415 9.435173
v -3.881224 -0.078663 9.233432
v -3.958858 0.491095 8.919221
v -3.162480 0.622222 9.192010
v -3.385674 0.542361 8.916122
v -3.302898 1.037062 8.979202
v -3.149887 0.741887 8.625031
v -3.423208 0.669718 9.145684
v -3.837714 0.520075 9.057636
v -3.694604 0.652181 8.909094
v -3.975242 0.897174 8.883016
v -3.667788 0.421028 8.702302
v -3.122617 -0.202769 8.940129
v -3.431600 -0.260626 8.962771
v -3.400260 0.180440 8.774229
v -3.733736 -0.165742 8.894257
v -3.177722 0.565105 8.672402
v -0.952339 -0.771863 6.676399
v -1.059096 -1.082924 6.634137
v 2.746837 -2.104867 14.012525
v 1.941358 -0.018049 11.154221
v -1.821871 -0.811183 13.451959
v 5.739095 4.805606 7.680459
v 1.369105 3.708334 7.051085
v -4.835086 1.492266 11.107548
v -6.127464 1.890194 11.662508
v -1.586145 -1.083210 10.224884
v -1.699060 -0.948743 8.753336
v 0.488999 -0.028257 7.312131
vn 0.322485 -0.906536 -0.272390
vn 0.098649 -0.530016 -0.842230
vn -0.218214 -0.500901 -0.837544
vn -0.520741 0.111033 -0.846463
vn 0.185828 -0.772486 -0.607234
vn -0.071129 -0.592783 -0.802215
vn 0.015486 -0.829523 -0.558257
vn -0.768117 -0.359439 -0.529905
vn 0.828927 -0.488638 0.272236
vn -0.043822 -0.488649 -0.871379
vn -0.457032 0.211240 0.864002
vn -0.895681 0.434521 -0.094592
vn -0.259331 -0.271201 -0.926929
vn 0.027389 -0.717503 -0.696017
vn 0.056946 -0.688379 -0.723112
vn 0.045043 -0.751248 -0.658482
vn 0.004503 -0.725521 -0.688185
vn -0.374588 -0.384845 -0.843551
vn -0.421682 -0.247755 -0.872239
vn -0.244672 -0.747992 -0.616963
vn -0.382644 -0.555423 -0.738302
vn 0.008299 -0.517399 -0.855704
vn -0.198693 -0.280920 -0.938938
vn -0.065643 -0.635401 -0.769387
vn -0.117199 -0.652284 -0.748859
vn 0.000309 -0.680777 -0.732490
vn 0.363303 -0.589531 -0.721432
vn -0.048669 -0.907654 -0.416888
vn 0.064520 -0.609351 -0.790272
vn 0.465769 -0.349481 -0.812971
vn 0.171902 -0.472668 -0.864312
vn 0.052289 -0.752687 -0.656299
vn 0.148431 -0.689387 -0.709023
vn 0.024371 -0.639075 -0.768758
vn 0.054679 -0.861906 -0.504111
vn 0.150551 -0.752830 -0.640766
vn -0.070179 -0.815910 -0.573904
vn -0.019435 -0.097533 -0.995043
vn 0.039162 -0.565163 -0.824049
vn -0.059549 -0.842791 -0.534937
vn 0.189965 -0.686775 -0.701608
vn 0.026924 -0.570848 -0.820614
vn 0.062401 -0.688288 -0.722749
vn -0.014859 -0.686034 -0.727417
vn -0.023978 -0.774570 -0.632033
vn 0.075064 -0.710973 -0.699201
vn -0.159269 -0.662592 -0.731851
vn 0.044605 -0.611619 -0.789894
vn -0.152775 -0.773615 -0.614963
vn -0.279891 -0.550420 -0.786574
vn -0.121954 -0.666608 -0.735364
vn -0.316361 -0.615524 -0.721835
vn -0.024298 -0.663193 -0.748054
vn -0.160719 -0.639321 -0.751956
vn -0.110830 -0.548083 -0.829049
vn -0.170694 -0.641611 -0.747796
vn -0.080525 -0.643370 -0.761309
vn -0.094018 -0.777688 -0.621580
vn -0.757867 -0.192896 -0.623241
vn -0.502550 -0.498490 -0.706365
vn -0.778052 0.046134 -0.626504
vn 0.056450 0.634686 0.770706
vn 0.573752 -0.803427 -0.159104
vn -0.739700 -0.001458 -0.672935
vn -0.451158 -0.125665 -0.883552
vn -0.135518 -0.520579 -0.842990
vn -0.086250 -0.606597 -0.790317
vn -0.051497 -0.630302 -0.774640
vn -0.721687 -0.131532 -0.679608
vn -0.117824 -0.675570 -0.727821
vn 0.523749 -0.098675 0.846138
vn -0.285024 -0.126612 -0.950121
vn -0.178353 -0.897120 0.404186
vn -0.962504 0.032740 -0.269284
vn -0.503670 0.478098 -0.719541
vn 0.679013 -0.565985 0.467550
vn 0.900189 0.245791 0.359510
vn -0.695203 -0.717331 0.046140
vn 0.792005 -0.603947 0.089311
vn -0.981953 0.088050 -0.167380
vn -0.208128 -0.399623 -0.892740
vn -0.371835 -0.314466 -0.873413
vn -0.166271 -0.503167 -0.848043
vn -0.442344 -0.344852 -0.827894
vn -0.190087 -0.538651 -0.820805
vn -0.156467 -0.489170 -0.858039
vn -0.751117 0.203749 -0.627941
vn 0.558983 -0.435041 0.705888
vn -0.236642 -0.445939 -0.863214
vn -0.131049 -0.549918 -0.824874
vn -0.174651 -0.544551 -0.820342
vn -0.070432 -0.816491 -0.573046
vn -0.202141 -0.847266 -0.491202
vn -0.270725 -0.830852 -0.486202
vn -0.426030 -0.830393 -0.359089
vn -0.056524 -0.548428 -0.834285
vn -0.105528 -0.575225 -0.811160
vn -0.358419 -0.579752 -0.731726
vn -0.185352 -0.612765 -0.768221
vn 0.079563 -0.815314 -0.573527
vn -0.252814 -0.517241 -0.817647
vn -0.030654 -0.555257 -0.831114
vn 0.553182 -0.723967 0.412142
vn -0.114626 -0.582166 -0.804949
vn 0.401655 -0.747456 0.529135
vn 0.272041 -0.848569 -0.453789
vn -0.221043 -0.547693 -0.806952
vn -0.130203 -0.545614 -0.827860
vn -0.030173 -0.600166 -0.799306
vn -0.105845 -0.585815 -0.803504
vn 0.010489 -0.604976 -0.796174
vn 0.581216 -0.641452 -0.500726
vn -0.196811 -0.658585 -0.726313
vn -0.271605 -0.604217 -0.749101
vn 0.941910 0.152206 -0.299398
vn -0.684966 -0.511974 -0.518367
vn 0.824194 0.434075 -0.363708
vn -0.187095 -0.449816 -0.873305
vn -0.112470 -0.389762 -0.914022
vn -0.572834 -0.701035 -0.424749
vn -0.411394 -0.494331 -0.765763
vn 0.093462 -0.520457 -0.848757
vn -0.115201 -0.255917 -0.959810
vn 0.521360 0.680541 0.514828
vn -0.022619 -0.682873 -0.730187
vn -0.137743 -0.571888 -0.808685
vn -0.127487 -0.570764 -0.811157
vn -0.145271 -0.873376 -0.464877
vn -0.129755 -0.728368 -0.672788
vn 0.717921 -0.185135 -0.671055
vn -0.367297 -0.715136 -0.594705
vn -0.045801 -0.741897 -0.668948
vn -0.181207 -0.672835 -0.717257
vn 0.439559 -0.621675 -0.648311
vn 0.709006 -0.704740 0.025541
vn -0.072624 -0.580583 -0.810956
vn -0.057647 -0.655086 -0.753351
vn -0.115946 -0.609161 -0.784525
vn 0.027724 -0.531962 -0.846314
vn 0.727038 -0.491574 -0.479344
vn 0.863972 -0.496974 0.081051
vn 0.198758 -0.942245 -0.269573
vn 0.019322 -0.967443 -0.252349
vn 0.142513 -0.978937 -0.146194
vn 0.206468 -0.631295 -0.747554
vn -0.147768 -0.985070 -0.088328
vn 0.657189 -0.508436 -0.556413
vn 0.908077 -0.139693 -0.394819
vn 0.634577 -0.365529 -0.680956
vn -0.322511 0.946520 -0.009337
vn 0.935523 0.028998 -0.352074
vn 0.976206 0.196244 0.092254
vn -0.469193 -0.113183 0.875813
vn 0.509781 -0.000891 -0.860304
vn -0.123009 0.561148 0.818524
vn 0.338108 0.671638 0.659231
vn -0.796813 -0.274751 -0.538146
vn 0.952731 -0.284291 -0.107152
vn 0.604387 -0.277844 -0.746672
vn 0.994480 0.088488 0.056385
vn -0.214840 -0.719703 -0.660205
vn -0.126351 -0.717299 -0.685214
vn -0.099946 -0.615360 -0.781884
vn -0.078458 -0.636769 -0.767052
vn -0.312680 -0.658594 -0.684460
vn -0.942290 -0.097727 -0.320218
vn -0.939408 0.288026 0.185885
vn 0.092069 -0.774456 -0.625893
vn -0.051007 -0.708469 -0.703896
vn 0.410534 -0.428268 -0.805015
vn -0.342669 -0.702058 -0.624254
vn 0.609500 -0.621583 -0.492082
vn 0.728599 -0.517548 -0.448651
vn -0.164741 -0.620354 -0.766826
vn -0.055414 -0.699440 -0.712540
vn 0.518617 -0.069196 -0.852202
vn 0.042290 -0.955602 0.291610
vn -0.130172 -0.977654 0.165071
vn -0.038430 -0.727124 -0.685429
vn 0.272780 0.145423 -0.951022
vn 0.223029 0.164264 -0.960872
vn -0.052219 -0.399804 -0.915112
vn 0.987588 -0.017824 -0.156055
vn 0.766293 0.324640 0.554440
vn 0.705106 -0.671061 -0.229134
vn 0.654701 -0.691717 -0.304785
vn 0.839560 0.309413 0.446544
vn 0.984866 0.113950 0.130592
vn -0.750443 -0.023678 0.660511
vn 0.772686 0.323518 0.546161
vn 0.535107 -0.417106 -0.734632
vn -0.004265 -0.677644 -0.735378
vn 0.723524 -0.469259 0.506270
vn -0.101404 -0.451455 -0.886513
vn 0.955103 0.057673 -0.290607
vn -0.514126 -0.696409 -0.500689
vn 0.574844 0.257038 0.776843
vn 0.690026 0.582218 0.429984
vn 0.663466 0.031340 0.747550
vn 0.988033 -0.109536 -0.108595
vn 0.908920 -0.359134 -0.211866
vn -0.881779 -0.469829 0.041550
vn 0.111847 -0.945171 -0.306825
vn 0.397551 -0.735602 0.548492
vn -0.386004 0.022577 -0.922221
vn 0.376547 -0.682936 0.625948
vn 0.575184 -0.569166 0.587549
vn 0.951296 0.238149 0.195759
vn 0.161953 -0.094792 0.982235
vn -0.128146 0.891507 -0.434505
vn 0.937950 0.078439 -0.337784
vn 0.785705 0.442251 -0.432529
vn 0.804171 -0.134766 -0.578919
vn 0.108259 0.250985 -0.961918
vn 0.463803 -0.800540 0.379503
vn -0.236597 0.543101 -0.805645
vn 0.228202 0.826823 -0.514090
vn 0.397891 0.904766 0.151925
vn 0.786523 -0.415029 0.457310
vn 0.419557 -0.809507 0.410694
vn 0.644370 -0.151595 0.749537
vn 0.924839 -0.362777 -0.114306
vn -0.042317 0.826386 0.561511
vn 0.508476 -0.858499 0.066570
vn 0.543273 -0.534190 0.647685
vn 0.425773 0.646817 0.632728
vn 0.815390 0.454738 -0.358264
vn 0.958093 0.208313 -0.196632
vn 0.484055 0.232311 -0.843636
vn 0.512860 0.766707 -0.386180
vn 0.055793 0.652935 -0.755356
vn 0.943473 0.024448 0.330547
vn 0.886167 -0.426967 -0.180022
vn 0.891349 -0.118605 0.437526
vn 0.534843 -0.808369 -0.245933
vn 0.769081 0.615524 0.172178
vn 0.340250 -0.324183 0.882686
vn 0.849701 -0.516486 -0.106069
vn 0.764424 -0.602493 -0.229472
vn 0.952083 0.293603 -0.085649
vn 0.729645 -0.670252 0.135576
vn 0.957100 -0.138265 -0.254640
vn 0.434892 -0.655390 0.617521
vn 0.910242 -0.129571 -0.393283
vn 0.179374 0.561477 -0.807817
vn 0.161148 0.569030 -0.806372
vn 0.138501 0.655119 -0.742722
vn 0.839845 -0.536707 0.081278
vn 0.812238 -0.101413 -0.574444
vn 0.969867 -0.074848 -0.231851
vn 0.214819 0.870367 -0.443074
vn -0.301882 -0.796782 -0.523456
vn -0.450980 -0.732598 0.509821
vn 0.531545 -0.843697 -0.075067
vn 0.977483 0.153209 0.145098
vn 0.086433 -0.532554 -0.841971
vn 0.904853 -0.055432 -0.422100
vn 0.298132 0.464193 -0.834052
vn 0.684127 0.489369 -0.540822
vn 0.192105 0.284478 -0.939238
vn 0.000370 0.757282 -0.653088
vn 0.006395 -0.666065 -0.745867
vn 0.860181 0.059007 0.506563
vn 0.638710 -0.568120 0.518931
vn 0.558851 -0.417458 0.716529
vn -0.028162 -0.755288 -0.654787
vn -0.144799 -0.744228 -0.652041
vn 0.184006 -0.945153 -0.269866
vn -0.288783 -0.803582 -0.520443
vn -0.132889 -0.689317 -0.712168
vn -0.075087 -0.648431 -0.757561
vn -0.171836 -0.660158 -0.731207
vn -0.149169 -0.701204 -0.697181
vn -0.124245 -0.662071 -0.739070
vn -0.060057 -0.688448 -0.722795
vn -0.059869 -0.610758 -0.789550
vn -0.023892 -0.625444 -0.779903
vn -0.068478 -0.628811 -0.774537
vn -0.074093 -0.696583 -0.713640
vn -0.133710 -0.660529 -0.738798
vn -0.079961 -0.705596 -0.704088
vn -0.020462 -0.589465 -0.807535
vn -0.083836 -0.639018 -0.764609
vn -0.169120 -0.656924 -0.734744
vn -0.079720 -0.605784 -0.791625
vn -0.110520 -0.696573 -0.708923
vn -0.283749 -0.941512 -0.181772
vn -0.817786 -0.565940 -0.104589
vn -0.091861 -0.708389 -0.699819
vn 0.406771 -0.177359 -0.896148
vn 0.308732 -0.172273 -0.935418
vn 0.444203 -0.874988 -0.192562
vn 0.840411 -0.210763 -0.499289
vn -0.084678 -0.989650 -0.115853
vn -0.158449 -0.695646 -0.700693
vn -0.174438 -0.683462 -0.708838
vn -0.143848 -0.691938 -0.707482
vn -0.056322 -0.993556 -0.098353
vn -0.503126 -0.861468 0.068833
vn -0.054654 -0.735477 -0.675342
vn 0.199127 -0.908418 -0.367592
vn 0.067405 -0.620709 -0.781138
vn 0.082772 -0.540295 -0.837395
vn -0.164786 -0.469346 -0.867502
vn -0.074141 -0.479112 -0.874617
vn 0.008041 -0.557686 -0.830013
vn -0.375873 -0.543874 -0.750280
vn -0.381740 -0.439447 -0.813118
vn -0.249845 -0.665362 -0.703470
vn -0.051993 -0.612876 -0.788467
vn -0.225325 -0.599485 -0.768014
vn -0.176237 -0.649743 -0.739442
vn -0.174644 -0.624681 -0.761100
vn -0.019031 -0.732765 -0.680215
vn 0.048537 -0.628395 -0.776379
vn 0.177799 -0.718665 -0.672241
vn 0.437314 -0.618313 -0.653028
vn 0.063169 -0.872078 -0.485272
vn 0.488932 -0.794594 0.359953
vn 0.353609 -0.932908 -0.068143
vn -0.481250 -0.835250 0.266001
vn 0.429648 -0.902801 0.018796
vn 0.173808 -0.640802 0.747773
vn -0.678813 0.630704 -0.376066
vn 0.204221 -0.725935 0.656744
vn 0.472812 -0.594384 -0.650505
vn 0.406102 -0.863590 -0.298821
vn 0.364245 -0.768744 -0.525698
vn 0.720865 0.174607 -0.670721
vn -0.266428 -0.957837 0.107536
vn -0.112167 0.778077 -0.618073
vn 0.524807 0.851078 -0.015631
vn 0.140704 0.499083 0.855055
vn -0.275724 -0.663899 -0.695136
vn 0.337100 0.156850 -0.928311
vn -0.399130 -0.872796 -0.280931
vn -0.620968 -0.733823 -0.275505
vn 0.063900 -0.781617 -0.620477
vn -0.830431 0.526992 0.180731
vn 0.374634 -0.893974 0.245886
vn 0.643757 -0.659688 -0.387799
vn 0.902481 0.243010 0.355632
vn 0.321553 -0.630720 0.706255
vn 0.419903 -0.194922 -0.886390
vn 0.301221 -0.678793 -0.669705
vn 0.966245 0.015942 -0.257130
vn -0.044696 -0.998656 -0.026254
vn -0.299800 -0.565439 0.768374
vn 0.104718 -0.762877 0.638007
vn 0.516565 -0.226838 0.825655
vn 0.078238 -0.508220 0.857666
vn 0.014050 0.016472 0.999766
vn 0.897343 0.229056 0.377239
vn 0.539105 -0.572050 0.618162
vn 0.692842 0.551898 0.464089
vn 0.979614 0.095931 0.176502
vn 0.994267 0.097571 0.043728
vn 0.139899 -0.462665 0.875425
vn -0.261868 -0.472153 0.841722
vn -0.618022 -0.152650 0.771198
vn 0.610032 -0.365935 0.702818
vn 0.349616 0.133636 0.927313
vn 0.585124 -0.766639 0.264376
vn 0.389847 -0.757234 0.524038
vn 0.052845 0.101330 0.993448
vn 0.256238 -0.430234 -0.865587
vn 0.349195 -0.107673 0.930843
vn 0.312703 0.007069 0.949825
vn 0.838691 -0.391338 0.378751
vn -0.150944 -0.738609 0.657018
vn -0.545837 -0.211353 0.810797
vn 0.727508 -0.048901 0.684354
vn -0.617231 -0.396795 0.679397
vn 0.757559 -0.642647 0.114495
vn -0.393710 -0.665637 -0.633971
vn 0.159758 -0.882328 0.442691
vn 0.348621 -0.888110 0.299539
vn -0.137180 -0.982184 0.128438
vn 0.948423 -0.231555 0.216507
vn 0.414389 -0.695783 -0.586658
vn 0.041427 -0.679158 -0.732822
vn -0.100440 -0.408799 0.907081
vn -0.130680 -0.697773 -0.704298
vn 0.375150 -0.875459 -0.304687
vn 0.208752 -0.793037 0.572289
vn -0.275210 -0.946463 -0.168721
vn 0.868296 -0.138541 0.476307
vn -0.927558 -0.364588 -0.081932
vn -0.985698 -0.161588 -0.047847
vn -0.993317 0.058151 0.099696
vn 0.970954 -0.185628 -0.150967
vn -0.595162 -0.802717 -0.037788
vn -0.218029 -0.967726 0.126372
vn 0.008786 -0.684097 -0.729338
vn 0.083645 -0.965843 0.245255
vn -0.321985 -0.872257 -0.368095
vn 0.085778 -0.927535 0.363760
vn -0.870510 0.159707 0.465516
vn 0.037948 -0.915093 0.401453
vn 0.334957 -0.623842 -0.706134
vn -0.588280 -0.795655 -0.144427
vn 0.294208 -0.629759 -0.718920
vn -0.031036 -0.867233 -0.496935
vn -0.140344 -0.688016 -0.711996
vn 0.003953 -0.530705 -0.847548
vn -0.095259 -0.621633 -0.777495
vn -0.179880 -0.561870 -0.807431
vn 0.792034 -0.602761 0.096757
vn 0.822174 -0.494164 -0.282545
vn 0.841583 -0.429287 -0.327797
vn -0.779641 -0.493886 0.385016
vn -0.475328 -0.066335 0.877305
vn 0.056320 -0.890945 0.450606
vn 0.665842 -0.663044 -0.342092
vn -0.109165 -0.760769 -0.639776
vn -0.479013 -0.022034 0.877531
vn 0.764271 -0.544534 -0.345502
vn 0.954007 -0.136897 0.266703
vn -0.456493 -0.105106 0.883497
vn -0.175983 -0.746537 0.641648
vn 0.582068 -0.436838 -0.685835
vn 0.710097 -0.334253 0.619707
vn 0.709311 -0.679037 -0.189173
vn -0.221349 -0.815337 -0.535005
vn -0.135565 -0.622979 0.770402
vn 0.064321 -0.280777 0.957615
vn 0.728511 -0.668024 0.151707
vn 0.148320 -0.927625 -0.342802
vn 0.305536 -0.819515 0.484812
vn 0.436340 -0.823553 0.362447
vn -0.880305 -0.248825 -0.403917
vn -0.290173 -0.722206 -0.627868
vn -0.162031 -0.967625 -0.193517
vn -0.668348 -0.695958 0.262591
vn -0.206136 -0.882112 0.423540
vn -0.811368 -0.580439 -0.069084
vn 0.683535 -0.729904 0.004546
vn 0.394446 -0.804295 0.444434
vn 0.656668 -0.617333 0.433228
vn 0.276862 -0.781487 0.559129
vn 0.734979 -0.648201 0.199102
vn -0.153866 -0.985844 -0.066610
vn 0.171162 -0.831882 0.527898
vn -0.719779 -0.635828 -0.278644
vn 0.198943 -0.926638 0.319003
vn -0.021316 -0.977461 0.210037
vn 0.027110 -0.948512 0.315580
vn -0.000757 -0.999509 0.031315
vn 0.514853 -0.530271 0.673601
vn 0.843320 -0.422985 -0.331505
vn 0.052331 -0.992114 -0.113896
vn -0.471854 -0.749873 0.463728
vn 0.030428 -0.936433 0.349526
vn 0.512343 -0.735634 0.443111
vn -0.258449 -0.046519 0.964904
vn 0.095720 -0.808231 0.581034
vn 0.972242 0.021549 0.232983
vn 0.085157 -0.585205 0.806402
vn 0.586900 -0.804698 0.089495
vn 0.376434 -0.926402 -0.008747
vn -0.010779 -0.799909 0.600025
vn 0.217610 -0.972465 0.083413
vn 0.376128 -0.744588 -0.551468
vn -0.529804 -0.549943 0.645655
vn 0.042521 -0.968877 -0.243864
vn -0.410890 -0.818475 -0.401582
vn -0.116553 -0.988362 -0.097752
vn -0.131167 -0.622032 -0.771927
vn -0.352086 -0.921640 0.163139
vn -0.844913 -0.534875 0.005476
vn -0.661206 -0.747183 -0.067268
vn -0.552805 0.820650 -0.144707
vn 0.074111 0.152971 0.985448
vn 0.041020 -0.329339 0.943320
vn 0.358545 -0.897299 -0.257488
vn -0.421392 0.743626 0.519085
vn -0.090681 -0.761378 -0.641935
vn 0.048595 -0.991693 -0.119095
vn -0.534531 -0.350842 0.768886
vn 0.392118 -0.884206 -0.253818
vn 0.662018 -0.406166 -0.629890
vn 0.875295 0.304069 -0.376032
vn 0.333216 -0.915843 0.224049
vn 0.976555 0.169110 0.133199
vn 0.915902 -0.049804 0.398299
vn 0.279531 -0.937656 0.206550
vn 0.786089 -0.514706 0.342260
vn -0.094839 -0.925298 -0.367191
vn 0.755051 -0.558397 0.343643
vn 0.089196 -0.934331 -0.345064
vn 0.839596 0.491357 0.231619
vn 0.902652 0.326559 0.280318
vn 0.807701 0.432632 0.400561
vn 0.993666 -0.005540 0.112239
vn 0.766711 -0.155273 -0.622932
vn -0.092336 -0.187115 0.977989
vn -0.784194 -0.514742 0.346528
vn -0.511757 0.709887 0.483906
vn 0.525230 0.072914 0.847831
vn 0.684035 -0.575548 -0.448153
vn -0.835775 -0.312520 -0.451454
vn 0.043764 -0.835798 -0.547289
vn 0.727760 -0.670832 -0.142650
vn 0.198607 -0.747498 0.633879
vn 0.545950 -0.166665 0.821073
vn 0.196030 -0.965586 0.170926
vn -0.691986 0.649976 0.314143
vn 0.769605 -0.423858 -0.477549
vn -0.853815 0.445031 0.270086
vn -0.599839 0.746992 0.286699
vn -0.872083 0.406605 0.272294
vn 0.820270 -0.535735 -0.200362
vn 0.870787 -0.423645 -0.249507
vn -0.217518 -0.364179 -0.905572
vn 0.000190 -0.989682 0.143282
vn -0.001365 -0.991459 0.130412
vn -0.120209 -0.615290 -0.779081
vn 0.075644 -0.724477 0.685135
vn -0.105989 -0.897206 -0.428704
vn 0.942588 -0.326976 -0.067937
vn 0.084340 -0.743710 0.663161
vn 0.065859 -0.653702 0.753880
vn -0.071570 -0.387118 -0.919248
vn -0.342729 -0.920798 -0.186195
vn -0.205044 -0.369181 -0.906456
vn 0.726715 -0.422265 -0.541827
vn 0.619399 -0.035895 -0.784255
vn 0.605281 -0.717029 -0.345695
vn 0.296361 -0.869395 0.395375
vn -0.258626 0.942775 0.210447
vn -0.333960 -0.919714 0.206390
vn 0.471914 -0.817087 -0.331160
vn -0.095574 -0.804675 0.585972
vn -0.313467 -0.695446 0.646601
vn 0.047040 -0.991560 0.120814
vn -0.699279 -0.605774 0.379534
vn 0.332160 -0.934448 0.128365
vn 0.703305 -0.687420 0.181151
vn -0.849675 -0.521323 0.079211
vn -0.548628 -0.816148 0.181410
vn -0.949348 -0.235451 0.208091
vn 0.618966 -0.623323 -0.477860
vn -0.453962 0.222271 -0.862852
vn -0.513340 -0.779873 -0.358163
vn 0.323088 0.772805 0.546248
vn 0.188364 0.841017 0.507158
vn -0.195547 -0.969517 -0.147644
vn 0.185408 -0.851772 -0.490008
vn 0.180436 0.937685 0.296967
vn 0.052211 -0.486709 -0.872003
vn 0.476728 0.864776 0.157776
vn 0.533768 0.042589 0.844558
vn -0.313552 -0.937209 -0.152725
vn 0.499699 0.302109 0.811807
vn -0.843280 -0.518069 -0.143119
vn 0.686383 -0.707325 0.169024
vn 0.194163 -0.207725 0.958724
vn 0.876274 -0.158676 0.454935
vn -0.400528 -0.287640 0.869966
vn -0.720985 -0.380141 -0.579374
vn -0.138336 -0.919682 0.367489
vn -0.243658 0.132723 0.960737
vn 0.349851 -0.872395 -0.341367
vn 0.900033 -0.112308 -0.421104
vn -0.086677 0.889541 0.448558
vn 0.688097 -0.349433 0.635939
vn 0.082309 0.929003 0.360802
vn 0.821814 -0.435430 0.367453
vn 0.605468 -0.681226 0.411508
vn 0.234196 -0.137422 0.962428
vn -0.925937 0.345544 0.152450
vn 0.412707 -0.902536 -0.122888
vn 0.659193 -0.708729 -0.251333
vn 0.095423 -0.978761 0.181442
vn -0.012854 -0.619310 0.785041
vn 0.120216 -0.721071 -0.682352
vn 0.265413 -0.738851 -0.619399
vn 0.132656 -0.937699 0.321129
vn -0.170615 0.364773 -0.915331
vn -0.659416 -0.647057 0.382738
vn -0.026697 -0.885082 -0.464669
vn -0.504480 -0.772828 -0.385015
vn 0.567323 -0.446274 0.692086
vn -0.963009 0.080618 0.257125
vn 0.003820 -0.833241 0.552896
vn -0.019520 -0.863850 -0.503371
vn -0.411431 -0.869458 -0.273436
vn 0.168082 -0.453051 -0.875496
vn 0.917408 -0.310478 -0.248931
vn -0.694490 -0.639679 -0.329384
vn 0.834672 -0.393065 -0.385775
vn 0.275362 -0.397151 0.875469
vn 0.657751 -0.752573 0.031565
vn 0.360618 -0.908858 -0.209599
vn 0.394849 -0.614363 -0.683120
vn -0.874552 -0.289968 0.388686
vn -0.442164 -0.872892 -0.206279
vn 0.283302 -0.792186 0.540537
vn 0.854609 0.078063 0.513371
vn 0.744080 0.608760 0.275237
vn -0.449927 -0.892175 0.039864
vn -0.507159 -0.807179 0.302077
vn -0.507044 -0.777191 -0.372666
vn 0.047719 -0.767273 -0.639543
vn -0.259180 -0.888856 0.377836
vn -0.034273 -0.928299 0.370252
vn 0.121497 -0.790936 0.599716
vn -0.152680 -0.949628 0.273669
vn 0.186230 -0.929467 0.318447
vn 0.081865 -0.987345 0.135825
vn -0.508519 -0.537854 -0.672399
vn -0.384459 -0.474146 -0.792072
vn -0.189520 -0.448943 -0.873231
vn -0.071802 -0.569301 -0.818988
vn -0.318281 -0.600990 -0.733149
vn -0.160019 -0.497788 -0.852409
vn 0.449936 -0.827268 -0.336431
vn 0.006986 -0.546574 -0.837381
vn -0.171160 -0.611050 -0.772866
vn -0.127344 -0.539641 -0.832209
vn -0.123498 -0.581955 -0.803789
vn -0.066905 -0.656679 -0.751196
vn -0.323058 -0.744910 -0.583731
vn -0.215780 -0.568853 -0.793628
vn -0.158661 -0.554267 -0.817077
vn -0.525333 -0.536745 -0.660250
vn -0.397381 -0.337672 -0.853268
vn -0.071089 -0.545051 -0.835384
vn -0.066376 -0.615446 -0.785379
vn -0.022438 -0.631891 -0.774732
vn 0.603819 -0.784215 -0.142864
vn -0.656380 -0.691519 0.301606
vn -0.054260 -0.986200 0.156413
vn -0.054773 -0.729274 -0.682026
vn -0.007387 -0.632637 -0.774413
vn -0.099301 -0.797343 -0.595301
vn -0.355050 -0.697594 0.622336
vn -0.229145 -0.777144 -0.586122
vn -0.149793 -0.749573 0.644750
vn 0.290814 -0.721114 -0.628826
vn -0.148514 -0.604041 -0.782993
vn -0.171344 -0.585099 -0.792654
vn -0.056678 0.269067 -0.961452
vn -0.026950 0.333834 -0.942246
vn 0.020871 0.552956 -0.832949
vn -0.546124 0.189910 -0.815894
vn -0.426312 -0.553364 0.715574
vn -0.280275 -0.759852 0.586576
vn -0.086434 0.863042 -0.497683
vn 0.299291 0.552412 -0.777988
vn -0.131473 -0.613248 -0.778872
vn -0.126672 -0.603856 -0.786964
vn -0.067018 -0.313051 -0.947369
vn -0.070708 -0.506335 -0.859433
vn -0.130678 -0.499708 -0.856280
vn -0.158328 -0.621333 -0.767383
vn -0.177492 -0.575473 -0.798328
vn 0.430759 -0.685677 -0.586765
vn -0.133401 -0.469009 -0.873061
vn -0.156240 -0.525647 -0.836232
vn 0.349248 -0.096011 -0.932099
vn -0.638426 -0.167485 -0.751240
vn -0.686298 -0.609531 -0.396821
vn -0.174805 0.785488 -0.593677
vn 0.329075 -0.639653 -0.694661
vn 0.200283 -0.953411 -0.225596
vn -0.187148 -0.971487 -0.145561
vn -0.021887 -0.768946 -0.638939
vn 0.105132 -0.119218 -0.987286
vn 0.171565 -0.853995 -0.491180
vn 0.273705 -0.676761 -0.683433
vn -0.116922 -0.751320 -0.649498
vn 0.018397 -0.696424 -0.717395
vn 0.558387 -0.811943 -0.170158
vn -0.162292 -0.751031 -0.640011
vn 0.045851 -0.947249 -0.317203
vn 0.493959 -0.678496 -0.543735
vn 0.538600 -0.780251 0.317991
vn 0.308072 -0.901383 -0.304305
vn -0.152551 -0.612304 -0.775766
vn -0.099506 -0.762334 -0.639488
vn -0.104638 -0.646350 -0.755832
vn -0.175263 -0.980276 0.091338
vn 0.735389 -0.253965 -0.628255
vn -0.096934 -0.595778 -0.797278
vn -0.031896 -0.681411 -0.731206
vn -0.107644 -0.640820 -0.760107
vn 0.000826 0.926991 -0.375083
vn -0.147036 -0.949880 -0.275877
vn -0.247589 -0.861577 -0.443153
vn -0.100203 -0.615322 -0.781881
vn -0.092800 -0.624048 -0.775856
vn -0.070819 -0.776540 -0.626075
vn -0.531275 -0.221033 -0.817858
vn -0.005155 -0.701441 -0.712709
vn -0.059983 -0.910008 -0.410228
vn 0.492452 -0.834948 0.245670
vn 0.543811 -0.779761 -0.310230
vn 0.279703 -0.875022 0.395099
vn 0.419492 -0.904959 0.071246
vn 0.949588 -0.190408 0.249055
vn 0.432276 -0.731083 -0.527878
vn 0.804443 -0.523385 -0.280963
vn -0.744310 -0.539844 -0.393155
vn 0.668384 -0.635231 -0.386969
vn 0.587041 -0.600009 -0.543481
vn -0.196231 -0.979257 0.050488
vn -0.744063 -0.392903 0.540368
vn -0.448516 -0.825267 -0.343173
vn -0.033685 -0.938968 0.342352
vn 0.290620 -0.729170 0.619557
vn 0.423241 -0.903716 -0.064528
vn 0.107903 -0.874085 -0.473637
vn 0.157194 -0.770926 0.617222
vn 0.652901 -0.690396 0.311566
vn -0.764787 0.344474 0.544461
vn -0.526711 -0.269106 -0.806324
vn -0.361772 -0.336393 0.869460
vn -0.312442 -0.833488 0.455717
vn 0.418372 -0.900954 -0.115091
vn -0.341865 -0.898237 -0.276223
vn -0.461267 -0.886384 0.039440
vn 0.639513 -0.750335 -0.167395
vn 0.156055 -0.984656 -0.078095
vn 0.359383 -0.809516 -0.464249
vn 0.130229 -0.628256 -0.767030
vn 0.857688 -0.134639 -0.496230
vn 0.120571 -0.817765 -0.562781
vn 0.493812 -0.816830 -0.298225
vn -0.037581 -0.980922 -0.190736
vn 0.279241 -0.479600 -0.831870
vn -0.017277 -0.805402 -0.592477
vn 0.039127 -0.749080 0.661323
vn 0.840296 -0.343887 -0.419100
vn 0.296142 -0.792389 -0.533310
vn 0.397343 -0.849897 0.346111
vn 0.140732 -0.959236 -0.245072
vn 0.754306 -0.481743 0.446033
vn 0.958386 -0.244337 -0.147635
vn -0.628632 -0.758254 0.172838
vn 0.958534 0.106985 -0.264133
vn 0.619278 -0.721048 0.310781
vn 0.667429 -0.652936 0.358070
vn 0.722025 -0.534270 0.439585
vn 0.890095 -0.455591 0.012937
vn 0.429540 -0.900764 0.064192
vn 0.431860 -0.831164 -0.350234
vn -0.159378 -0.847285 -0.506662
vn 0.232410 -0.962351 0.140945
vn -0.747570 -0.483242 -0.455650
vn 0.409316 -0.334238 0.848967
vn 0.613405 -0.362421 0.701701
vn 0.239715 -0.856371 0.457347
vn -0.235293 -0.231307 0.943999
vn 0.245345 -0.854169 -0.458477
vn -0.314511 -0.884720 0.344026
vn 0.313284 -0.858196 -0.406636
vn 0.514182 -0.781010 -0.354458
vn -0.555382 0.760274 0.336948
vn -0.087358 -0.838466 -0.537907
vn -0.214985 -0.437214 0.873284
vn 0.644152 -0.302630 0.702484
vn 0.084082 -0.957280 0.276667
vn 0.193742 -0.961544 0.194673
vn 0.641519 -0.758795 -0.112624
vn 0.580278 -0.813938 0.027987
vn 0.593195 -0.800165 0.088637
vn 0.094347 -0.980974 -0.169674
vn 0.796740 -0.323824 -0.510238
vn -0.645675 -0.236777 0.725976
vn 0.056892 -0.991581 -0.116322
vn 0.998925 0.032408 -0.033138
vn 0.348941 -0.930963 -0.107464
vn 0.445751 -0.858310 -0.254184
vn 0.334765 -0.890965 -0.306781
vn -0.119630 -0.865420 -0.486556
vn -0.072628 -0.761976 -0.643520
vn 0.170895 -0.385369 -0.906800
vn -0.449230 -0.812772 0.370936
vn 0.187540 0.043144 -0.981309
vn 0.321532 -0.626165 -0.710306
vn 0.267776 0.132600 -0.954313
vn 0.676966 -0.697691 -0.234402
vn 0.794828 -0.291918 -0.532009
vn 0.966553 -0.248603 -0.063030
vn 0.842919 0.075999 -0.532646
vn 0.571312 -0.796619 -0.197488
vn 0.973776 0.192397 0.121423
vn 0.402612 0.853036 -0.332013
vn 0.195650 -0.155518 -0.968264
vn 0.413274 0.754721 -0.509510
vn -0.387661 -0.900878 -0.195289
vn 0.617473 0.777820 -0.117145
vn -0.753785 -0.600399 -0.267075
vn 0.737679 0.651911 -0.175619
vn -0.307476 -0.820878 -0.481267
vn 0.771755 0.194342 0.605496
vn 0.479915 -0.585901 0.652994
vn 0.364978 -0.913989 -0.177244
vn -0.542963 -0.276871 -0.792801
vn -0.012100 -0.997754 -0.065881
vn 0.767560 0.638412 -0.057289
vn -0.203709 -0.968830 -0.140966
vn 0.423665 -0.889109 0.173187
vn 0.733303 0.678347 0.045954
vn 0.822555 0.552682 -0.133960
vn -0.892235 0.433201 0.127485
vn 0.821666 0.328554 -0.465745
vn 0.751656 -0.454156 -0.478284
vn 0.731899 -0.474934 -0.488633
vn -0.539742 0.580760 -0.609423
vn -0.224448 -0.886844 0.403894
vn -0.699721 -0.054314 0.712349
vn -0.992671 -0.103793 0.061902
vn -0.620406 -0.483999 0.617123
vn -0.412038 -0.625906 0.662168
vn -0.317680 -0.437332 0.841321
vn 0.671258 -0.013325 -0.741104
vn 0.593366 0.773868 -0.221460
vn 0.941700 0.327933 -0.075244
vn -0.841352 -0.536996 0.061341
vn -0.244678 -0.957604 0.152075
vn -0.793500 0.084199 0.602718
vn 0.137547 -0.678824 0.721303
vn 0.511919 -0.855907 0.073228
vn -0.819195 -0.216883 0.530925
vn -0.644345 -0.761281 0.072596
vn -0.844760 -0.168319 -0.507986
vn -0.207276 -0.613217 -0.762234
vn -0.509865 -0.158768 0.845477
vn -0.462841 -0.668587 -0.582039
vn -0.565961 -0.039801 -0.823471
vn 0.324361 -0.565586 -0.758223
vn -0.106307 -0.610431 -0.784903
vn 0.870867 0.372670 0.320481
vn -0.995953 0.053975 -0.071862
vn -0.131305 -0.982207 0.134268
vn -0.072494 -0.985934 0.150595
vn -0.558494 -0.752679 -0.348652
vn -0.030723 0.962660 -0.268964
vn 0.304007 0.913753 0.269510
vn -0.219040 -0.950665 -0.219677
vn -0.212791 -0.954555 -0.208672
vn 0.240844 0.922364 0.302056
vn 0.293502 0.918196 0.266030
vn 0.092883 -0.904434 -0.416380
vn 0.668016 0.074744 0.740384
vn -0.835837 0.541488 -0.090376
vn -0.180671 -0.973481 0.140331
vn 0.440158 -0.883825 0.158477
vn 0.257160 -0.800418 0.541480
vn 0.339288 -0.933646 0.114843
vn 0.036028 -0.321433 0.946247
vn -0.440765 -0.472380 0.763272
vn -0.461590 -0.642299 0.611872
vn -0.301927 -0.923616 0.236163
vn 0.121282 -0.984909 -0.123472
vn -0.130639 -0.862831 0.488320
vn -0.284730 -0.881494 0.376693
vn 0.602513 0.795393 -0.065786
vn 0.210584 -0.242451 0.947033
vn -0.766033 -0.639265 -0.067329
vn 0.067274 -0.931209 -0.358223
vn -0.242306 -0.804900 0.541686
vn 0.425723 -0.786464 -0.447476
vn -0.096428 -0.903399 0.417818
vn -0.115277 -0.631715 -0.766582
vn -0.197436 -0.645301 -0.737974
vn 0.447682 0.659068 0.604327
vn 0.074594 -0.833205 0.547909
vn -0.088851 -0.651565 -0.753371
vn -0.186456 -0.728530 -0.659149
vn -0.424845 -0.873832 0.236485
vn 0.369522 -0.487816 0.790879
vn -0.514500 -0.665092 0.541241
vn -0.437460 -0.640582 0.631097
vn -0.362453 -0.822797 -0.437759
vn -0.902568 -0.430204 0.017189
vn -0.944340 -0.327125 -0.034806
vn 0.241194 -0.913919 0.326462
vn 0.044038 -0.991291 0.124108
vn -0.591937 -0.736201 -0.328052
vn -0.505789 -0.828735 -0.239532
vn -0.219282 -0.400376 -0.889727
vn -0.311600 -0.950143 -0.011552
vn -0.508849 -0.860067 -0.036848
vn -0.346018 -0.850782 -0.395527
vn -0.442746 -0.880188 -0.171011
vn -0.013874 -0.902290 -0.430907
vn -0.370150 -0.872594 -0.318699
vn -0.170957 -0.980721 0.094658
vn 0.058662 -0.816764 -0.573981
vn 0.765904 -0.590720 0.253852
vn -0.290283 -0.885660 0.362411
vn 0.270690 -0.960316 0.067230
vn -0.598942 -0.785092 -0.157797
vn 0.740276 -0.330628 0.585387
vn -0.425254 -0.817996 0.387352
vn 0.367253 -0.649384 0.665902
vn -0.370095 -0.898717 0.235237
vn -0.234428 -0.928757 -0.287148
vn -0.549686 -0.825637 0.127157
vn -0.344039 -0.935275 -0.083052
vn 0.260701 -0.845750 -0.465556
vn -0.070774 -0.991869 -0.105765
vn 0.131721 -0.848717 -0.512181
vn -0.548403 -0.716646 -0.430898
vn 0.129995 -0.893593 -0.429644
vn -0.702470 -0.521182 -0.484670
vn -0.862476 -0.483396 -0.149879
vn 0.667470 -0.673005 -0.318665
vn -0.246789 -0.810042 -0.531909
vn 0.230585 -0.882560 -0.409780
vn -0.580602 -0.637597 -0.506331
vn -0.004201 -0.779020 -0.626985
vn 0.226511 -0.965386 -0.129318
vn 0.650487 -0.578197 -0.492499
vn 0.553855 -0.310266 -0.772645
vn 0.464203 -0.502213 -0.729587
vn -0.497675 -0.849264 -0.176270
vn -0.754268 -0.540741 0.372396
vn -0.161072 -0.630598 0.759211
vn -0.942802 -0.323473 0.080556
vn -0.496108 -0.840277 0.218658
vn -0.133893 -0.901242 0.412110
vn -0.690690 -0.493717 -0.528385
vn 0.027094 -0.960151 -0.278164
vn 0.418292 -0.895485 0.152117
vn 0.176841 -0.896401 0.406439
vn 0.713061 -0.540264 -0.446832
vn -0.555293 0.775303 -0.300923
vn 0.907104 -0.407839 -0.104064
vn -0.915924 0.362015 0.173285
vn 0.396803 -0.873347 -0.282511
vn -0.144201 -0.989058 -0.031165
vn 0.532716 -0.793279 -0.294826
vn 0.179060 -0.871355 -0.456813
vn 0.674669 -0.726111 -0.132608
vn -0.571786 -0.056294 -0.818469
vn -0.748063 -0.410161 0.521699
vn 0.756093 -0.192086 0.625641
vn 0.062477 -0.511982 0.856721
vn 0.323317 -0.291574 -0.900250
vn 0.879790 -0.395837 0.263216
vn -0.188720 -0.908839 -0.372017
vn 0.100705 -0.993746 -0.048240
vn -0.063224 -0.850560 0.522063
vn -0.018041 -0.934647 -0.355120
vn 0.208450 -0.950407 0.230814
vn 0.230808 -0.961368 0.149998
vn -0.416744 0.820337 0.391627
vn 0.833416 -0.488320 0.258768
vn -0.361382 -0.824692 -0.435070
vn 0.120290 -0.937774 0.325744
vn 0.342240 -0.933878 -0.103651
vn 0.227172 -0.591590 0.773573
vn 0.141362 -0.532713 0.834406
vn 0.105313 -0.923462 -0.368954
vn -0.676954 0.112380 0.727396
vn 0.276764 0.049795 -0.959647
vn -0.348353 0.655229 0.670317
vn -0.817262 -0.425421 0.388714
vn 0.599386 -0.020528 -0.800197
vn 0.407556 -0.597868 -0.690255
vn 0.099473 -0.831606 -0.546384
vn -0.778984 0.431535 0.454929
vn 0.047052 0.912104 0.407251
vn 0.011716 0.183234 0.983000
vn 0.660153 -0.217831 -0.718852
vn -0.557744 0.287729 0.778546
vn 0.723961 0.474074 -0.501133
vn 0.929798 -0.317520 -0.186162
vn -0.430561 0.109030 0.895952
vn 0.299828 -0.071985 -0.951274
vn 0.543421 -0.394735 -0.740863
vn 0.625443 -0.743978 -0.235196
vn 0.047648 -0.421829 -0.905422
vn -0.046786 -0.881486 -0.469887
vn -0.647664 -0.621017 0.441440
vn -0.427985 -0.168873 -0.887869
vn -0.859490 -0.508041 -0.056313
vn -0.313146 -0.764610 0.563304
vn 0.457022 -0.729378 0.509057
vn -0.702420 -0.178986 -0.688890
vn 0.507506 -0.545737 0.666789
vn -0.454999 0.588265 -0.668520
vn 0.968531 -0.038159 0.245951
vn 0.721102 -0.685509 0.100449
vn 0.249310 -0.616079 -0.747189
vn -0.136699 -0.851752 0.505798
vn -0.346107 -0.811035 -0.471626
vn 0.103553 -0.799223 -0.592047
vn 0.501553 0.708254 0.496810
vn -0.463863 -0.824365 -0.324428
vn -0.256413 -0.934783 -0.245830
vn -0.982305 -0.187086 -0.008751
vn -0.094838 0.989071 -0.112888
vn -0.675503 0.735963 0.045330
vn -0.374981 -0.812038 -0.447195
vn 0.082885 -0.977069 -0.196130
vn -0.208828 -0.968807 -0.133431
vn 0.201516 -0.766751 0.609494
vn -0.530452 -0.730335 -0.430385
vn 0.209226 -0.976944 -0.042487
vn -0.396132 -0.912638 -0.100854
vn 0.939463 -0.308790 -0.148518
vn 0.159048 -0.931370 -0.327496
vn -0.966329 -0.231593 0.112133
vn 0.476554 0.016541 -0.878990
vn -0.577120 -0.645943 -0.499691
vn -0.205093 -0.944116 -0.258035
vn -0.750514 -0.064692 0.657681
vn -0.524771 -0.773871 -0.354599
vn -0.598607 -0.069342 -0.798036
vn -0.328704 -0.533703 -0.779176
vn -0.817661 -0.467811 -0.335533
vn 0.117344 -0.821183 -0.558470
vn -0.200193 0.373981 -0.905572
vn -0.175656 0.143240 -0.973975
vn -0.252965 0.408361 -0.877069
vn -0.203468 -0.962524 0.179297
vn -0.891937 -0.432528 -0.131790
vn -0.195557 -0.661363 0.724124
vn -0.712551 -0.692591 0.112199
vn -0.303798 -0.949342 0.080352
vn -0.553470 -0.790436 0.262456
vn -0.008304 -0.746240 0.665625
vn 0.064405 -0.826032 0.559932
vn -0.303728 -0.703837 -0.642155
vn -0.054139 -0.997948 -0.034197
vn -0.174729 -0.842870 -0.508960
vn 0.138141 -0.982610 0.124075
vn 0.516132 -0.787394 0.337074
vn -0.222666 -0.884802 0.409323
vn 0.165078 -0.817808 0.551306
vn 0.385078 -0.874459 0.295020
vn 0.395425 -0.905248 0.155451
vn 0.271656 -0.960145 -0.065763
vn -0.483666 -0.870851 0.087662
vn 0.115633 -0.831676 0.543087
vn -0.244256 -0.883586 -0.399518
vn -0.509897 0.560409 -0.652646
vn -0.789135 -0.307190 -0.531884
vn -0.630965 -0.773503 -0.059800
vn -0.640844 -0.753732 0.145629
vn -0.242689 -0.666152 0.705226
vn -0.203346 -0.976398 0.072783
vn -0.691800 -0.641100 0.332270
vn -0.605629 -0.794725 0.040320
vn -0.968860 -0.186266 -0.163145
vn -0.658680 -0.141533 0.738992
vn -0.971475 0.150127 -0.183569
vn -0.989694 -0.103378 0.099093
vn -0.644695 -0.507655 -0.571537
vn -0.881641 0.130701 -0.453461
vn 0.157693 0.236346 -0.958788
vn -0.642779 -0.043220 -0.764832
vn 0.735611 0.561162 -0.379438
vn -0.234793 0.802799 0.548075
vn -0.223594 0.828742 -0.513023
vn 0.986850 0.159660 0.025210
vn -0.560649 0.767068 -0.311895
vn -0.979779 -0.058604 -0.191305
vn -0.699890 0.589661 -0.403056
vn -0.482267 -0.201018 -0.852649
vn 0.545506 0.148785 0.824795
vn -0.564459 0.348358 0.748354
vn 0.128137 -0.373971 -0.918546
vn -0.290369 -0.693237 -0.659628
vn -0.488915 0.578732 -0.652711
vn -0.538042 -0.574878 -0.616462
vn -0.910559 -0.399075 0.107800
vn -0.804528 -0.088540 -0.587278
vn -0.244732 0.365109 -0.898221
vn -0.951745 -0.217589 0.216420
vn -0.171625 -0.566119 -0.806259
vn -0.204053 -0.610830 -0.765016
vn -0.132758 -0.449618 -0.883300
vn -0.092431 -0.355570 -0.930068
vn -0.745102 -0.666914 -0.007023
vn -0.580718 -0.690041 0.431983
vn -0.057271 -0.556348 -0.828973
vn -0.239021 -0.634701 -0.734863
vn -0.241144 -0.663049 -0.708671
vn -0.400801 -0.513511 -0.758726
vn 0.261322 -0.466099 -0.845259
vn -0.324551 -0.774845 -0.542478
vn -0.224102 -0.621087 -0.751019
vn -0.173514 -0.584555 -0.792583
vn -0.200111 -0.633461 -0.747451
vn -0.456453 -0.185331 -0.870232
vn -0.597434 -0.240132 -0.765120
vn -0.183700 -0.841837 -0.507508
vn -0.614550 -0.536620 0.578245
vn -0.138918 -0.636404 -0.758744
vn -0.313443 -0.576753 -0.754393
vn 0.166481 0.298836 -0.939671
vn -0.331369 -0.533430 -0.778233
vn 0.442789 -0.762758 -0.471315
vn -0.161844 -0.630535 -0.759099
vn -0.011903 -0.512620 -0.858533
vn -0.818710 -0.345940 -0.458301
vn -0.420875 -0.785534 -0.453653
vn 0.612011 0.078303 -0.786963
vn -0.036610 -0.281498 -0.958863
vn -0.879327 -0.474843 0.036166
vn -0.525746 -0.755192 -0.391505
vn -0.169817 -0.901146 -0.398870
vn -0.520894 -0.845055 -0.120634
vn -0.332127 -0.504183 -0.797177
vn -0.291643 -0.191412 -0.937180
vn -0.169302 -0.597053 -0.784133
vn -0.145888 -0.649166 -0.746525
vn -0.139421 -0.658105 -0.739905
vn -0.834250 -0.549323 0.047650
vn -0.851956 -0.467290 0.236244
vn -0.780714 -0.615767 0.106378
vn -0.138710 -0.651983 -0.745438
vn 0.457095 -0.374546 -0.806709
vn -0.540505 -0.698621 -0.468810
vn -0.133718 -0.659201 -0.739982
vn -0.014344 -0.621823 -0.783026
vn -0.138792 -0.473854 -0.869597
vn -0.089525 -0.760955 -0.642599
vn 0.712853 -0.129656 -0.689224
vn 0.662017 -0.174252 -0.728951
vn -0.971998 0.049079 0.229806
vn -0.166571 -0.721155 -0.672450
vn 0.636288 -0.548788 -0.542189
vn -0.502210 -0.662608 -0.555640
vn -0.583071 -0.625798 -0.518079
vn -0.446280 -0.588245 -0.674390
vn -0.460760 -0.421997 -0.780781
vn -0.392726 -0.728128 -0.561779
vn -0.376517 -0.546115 -0.748327
vn -0.553900 -0.495211 -0.669299
vn -0.114469 -0.899109 -0.422493
vn -0.112730 0.935303 -0.335411
vn 0.719661 -0.689235 -0.083922
vn -0.183538 -0.759558 -0.624008
vn -0.137703 -0.643788 -0.752712
vn -0.302315 -0.641546 -0.704999
vn -0.116894 -0.633516 -0.764849
vn -0.664873 -0.028175 -0.746425
vn -0.984352 0.175495 0.015894
vn -0.186015 -0.609337 -0.770784
vn 0.643503 -0.293791 -0.706818
vn -0.195117 -0.655839 -0.729249
vn -0.254069 -0.699681 -0.667754
vn -0.074065 -0.715288 -0.694894
vn -0.115515 -0.318215 -0.940955
vn -0.188969 -0.635930 -0.748254
vn -0.110431 -0.636935 -0.762967
vn 0.764125 -0.449056 -0.463100
vn -0.616688 -0.739597 0.269615
vn -0.456683 -0.125511 -0.880731
vn -0.342579 -0.835136 -0.430333
vn -0.152718 -0.506447 0.848640
vn -0.801728 -0.479556 -0.356732
vn -0.271692 -0.884260 -0.379826
vn 0.198896 -0.638523 -0.743457
vn -0.323208 0.220668 0.920240
vn -0.118487 -0.688690 -0.715309
vn 0.517194 -0.571470 -0.637127
vn 0.655386 -0.727392 0.203397
vn -0.461153 -0.689013 0.559106
vn 0.138648 0.825743 0.546740
vn 0.072531 -0.758918 -0.647134
vn 0.835482 -0.432719 0.338711
vn -0.171937 -0.947621 0.269168
vn 0.867888 0.435731 0.238554
vn 0.360091 -0.799264 0.481155
vn 0.314405 -0.491647 -0.812055
vn -0.288172 -0.742332 -0.604896
vn 0.906448 0.271854 -0.323183
vn -0.750541 -0.474643 0.459785
vn 0.684217 0.325633 0.652541
vn -0.110759 -0.800538 -0.588958
vn -0.096017 -0.715914 -0.691555
vn -0.128552 -0.064058 -0.989632
vn -0.143885 -0.696326 -0.703156
vn -0.681961 -0.730448 0.037079
vn 0.174716 -0.900893 0.397323
vn -0.749583 -0.634245 0.189361
vn -0.387399 -0.530195 -0.754198
vn -0.244143 -0.788764 -0.564133
vn -0.223687 -0.712356 -0.665217
vn -0.290200 -0.793873 -0.534369
vn -0.338149 -0.394024 -0.854634
vn -0.986911 -0.114481 0.113580
vn -0.119467 -0.699087 -0.704985
vn -0.807567 -0.423585 -0.410380
vn -0.140945 -0.677939 -0.721479
vn -0.123386 -0.669366 -0.732616
vn 0.055451 -0.574284 -0.816776
vn 0.475453 -0.294352 -0.829036
vn -0.799539 -0.256897 -0.542901
vn -0.292604 -0.872959 -0.390289
vn 0.117067 0.525760 -0.842539
vn 0.885251 -0.020113 -0.464678
vn -0.021264 -0.802564 -0.596186
vn 0.196563 -0.695701 -0.690915
vn -0.284834 -0.473681 -0.833364
vn -0.164660 -0.736030 -0.656618
vn 0.029784 -0.588690 -0.807810
vn 0.007900 -0.800027 -0.599912
vn 0.875663 0.255699 -0.409674
vn -0.016170 -0.952566 -0.303901
vn -0.457850 -0.889025 -0.002624
vn -0.949837 -0.118161 0.289564
vn 0.028810 -0.955165 0.294669
vn -0.607591 -0.788497 0.095419
vn -0.911683 -0.342721 -0.226662
vn -0.633327 -0.652778 -0.415665
vn 0.546272 0.489182 0.679918
vn -0.514172 -0.672967 -0.531735
vn -0.623842 -0.442137 0.644466
vn -0.641428 -0.568239 -0.515436
vn -0.942314 -0.079910 -0.325051
vn -0.063193 -0.962791 -0.262756
vn -0.515135 -0.616814 -0.595127
vn -0.666603 -0.644158 0.375102
vn -0.862435 0.144161 0.485204
vn -0.834940 -0.414017 -0.362581
vn -0.889747 0.211120 0.404696
vn -0.734255 0.594344 0.328063
vn -0.858423 -0.091153 -0.504778
vn -0.860499 -0.400467 -0.314908
vn 0.388847 0.755719 0.526960
vn 0.968501 -0.199543 -0.148959
vn -0.684214 -0.516386 0.514973
vn -0.505874 -0.037200 -0.861805
vn -0.950441 0.037511 0.308633
vn -0.915109 -0.187561 -0.356925
vn -0.381076 -0.468261 -0.797190
vn -0.999527 -0.012162 -0.028255
vn -0.829496 -0.177887 -0.529427
vn -0.709498 -0.596801 -0.374754
vn -0.974442 0.205098 0.091639
vn -0.977575 -0.153625 -0.144034
vn -0.875391 -0.454078 0.165841
vn -0.975724 -0.203100 0.081929
vn 0.137850 -0.971039 -0.195141
vn -0.635754 0.767629 -0.081006
vn -0.999063 0.022532 0.036957
vn -0.826093 0.440881 0.350992
vn 0.667222 0.108150 -0.736966
vn -0.992910 0.061699 -0.101605
vn -0.822607 -0.206515 0.529782
vn -0.583137 -0.046686 0.811031
vn 0.318634 -0.739012 -0.593577
vn -0.828065 -0.497358 -0.258734
vn 0.938697 -0.342694 -0.037531
vn -0.930006 -0.326815 0.168167
vn -0.896866 -0.388568 0.211296
vn 0.687921 0.621796 -0.374344
vn 0.111363 -0.605768 0.787809
vn 0.330906 -0.920333 0.208537
vn -0.661038 0.731540 -0.166970
vn -0.512750 -0.297034 0.805518
vn -0.254309 -0.958825 -0.126421
vn -0.370429 -0.829442 -0.418100
vn 0.274702 -0.959976 -0.054642
vn 0.055612 -0.220455 0.973810
vn 0.280078 -0.553441 -0.784385
vn -0.185999 -0.905265 0.381969
vn -0.301630 -0.824065 -0.479517
vn -0.682659 -0.561497 -0.467651
vn -0.639482 -0.519864 0.566396
vn -0.876007 0.012991 0.482123
vn 0.224361 -0.503050 -0.834627
vn -0.989150 -0.009796 0.146584
vn -0.495642 -0.645068 -0.581572
vn -0.938706 0.201477 0.279710
vn -0.910160 -0.405509 -0.084686
vn -0.430585 -0.472411 0.769041
vn -0.106371 -0.690174 0.715783
vn -0.393108 -0.830118 -0.395436
vn -0.468968 -0.662562 0.584022
vn 0.984984 0.052943 0.164326
vn -0.490206 0.426900 -0.759904
vn -0.671014 -0.254331 0.696460
vn 0.206111 -0.881256 -0.425330
vn -0.554501 -0.819553 0.144434
vn -0.178298 -0.934641 0.307662
vn 0.263554 -0.175928 -0.948466
vn -0.715048 0.078406 0.694665
vn -0.778192 -0.588781 -0.218529
vn -0.774795 -0.027024 0.631635
vn 0.803457 -0.345381 0.484943
vn 0.963574 -0.139264 0.228322
vn -0.976441 -0.151759 0.153401
vn 0.146996 -0.023614 -0.988855
vn -0.503389 -0.842949 0.189832
vn -0.636120 -0.770292 -0.044749
vn -0.682302 -0.644527 -0.345035
vn -0.655930 -0.652324 0.379775
vn -0.679042 -0.562233 0.472013
vn 0.006637 -0.971855 0.235485
vn -0.352561 -0.925442 0.138771
vn 0.361694 -0.453730 -0.814436
vn -0.643231 -0.762948 -0.064529
vn -0.408246 -0.794998 -0.448680
vn -0.195838 -0.210460 -0.957786
vn 0.169278 -0.368536 -0.914071
vn -0.730305 -0.209331 -0.650258
vn 0.150605 -0.762140 -0.629651
vn -0.975929 0.072315 0.205748
vn -0.684657 -0.686090 0.246018
vn -0.679728 0.060876 -0.730933
vn -0.666174 -0.676042 -0.314927
vn -0.490334 -0.863648 0.116983
vn -0.527755 -0.387671 -0.755768
vn -0.511569 -0.546300 -0.663214
vn -0.994926 0.046419 0.089266
vn 0.928399 0.370359 -0.030169
vn 0.610564 0.687811 0.392592
vn 0.949295 0.177781 0.259295
vn -0.428771 -0.544602 -0.720808
vn -0.094348 -0.648056 -0.755726
vn 0.695524 -0.718499 0.002330
vn -0.127072 -0.915619 -0.381438
vn -0.901946 -0.288114 -0.321688
vn -0.223404 -0.659773 -0.717489
vn 0.519302 -0.301302 -0.799714
vn -0.973312 -0.201978 0.108944
vn -0.072442 -0.940436 -0.332164
vn -0.085514 -0.685462 -0.723069
vn -0.300979 -0.834994 -0.460649
vn 0.521058 -0.661382 -0.539511
vn -0.244689 -0.647468 -0.721742
vn -0.776226 -0.569764 -0.269893
vn -0.585135 -0.529873 -0.613882
vn 0.158466 -0.597271 -0.786229
vn -0.428265 -0.870972 -0.240825
vn -0.204676 -0.684709 -0.699487
vn 0.029978 -0.703323 -0.710238
vn -0.974794 -0.151575 -0.163715
vn -0.044228 -0.734231 -0.677457
vn 0.016534 -0.656592 -0.754065
vn 0.209760 -0.652521 -0.728160
vn -0.035715 -0.621459 -0.782632
vn -0.073164 -0.665568 -0.742742
vn -0.084548 -0.591378 -0.801950
vn -0.102105 -0.676141 -0.729663
vn -0.106788 -0.669758 -0.734861
vn -0.094907 -0.705786 -0.702039
vn -0.118779 -0.678566 -0.724872
vn -0.109409 -0.624018 -0.773712
vn 0.434959 -0.342236 -0.832878
vn 0.143393 -0.304218 -0.941748
vn 0.280089 -0.422679 -0.861912
vn -0.174894 -0.363274 0.915120
vn 0.498942 0.141745 -0.854965
vn -0.153299 -0.742285 0.652313
vn 0.759166 -0.006733 -0.650862
vn 0.017768 0.341470 -0.939725
vn 0.523055 -0.043263 -0.851200
vn 0.225208 -0.171083 -0.959173
vn 0.207107 -0.905948 -0.369275
vn -0.001036 0.268003 -0.963417
vn -0.167091 -0.619135 -0.767302
vn 0.547439 -0.585679 -0.597739
vn 0.733207 -0.678095 -0.050935
vn 0.707946 -0.660726 -0.249509
vn 0.723438 -0.643496 -0.250101
vn 0.692509 -0.424298 0.583440
vn -0.040562 -0.680212 -0.731892
vn -0.154669 -0.642041 -0.750907
vn -0.137393 -0.637778 -0.757867
vn -0.202466 -0.651874 -0.730799
vn -0.125531 -0.650280 -0.749251
vn -0.167847 -0.607872 -0.776092
vn -0.154509 -0.705873 -0.691282
vn -0.095807 -0.595765 -0.797424
vn -0.088777 -0.629577 -0.771849
vn -0.115038 -0.639557 -0.760088
vn 0.086359 -0.548819 -0.831468
vn 0.805072 0.072402 -0.588742
vn 0.552773 -0.174002 -0.814963
vn 0.050853 -0.606401 -0.793531
vn 0.841192 0.136388 -0.523254
vn 0.613051 0.273101 -0.741339
vn 0.656542 0.493562 -0.570394
vn 0.363595 0.235279 -0.901356
vn -0.157577 -0.690072 -0.706379
vn -0.616500 -0.449173 0.646662
vn -0.143598 -0.700970 -0.698585
vn -0.170326 -0.708708 -0.684633
vn -0.540749 -0.709698 0.451574
vn -0.617648 -0.705039 0.348470
vn 0.118952 -0.602955 0.788857
vn 0.755930 -0.539036 0.371497
vn 0.136194 -0.069186 0.988263
vn 0.022392 -0.700736 -0.713069
vn 0.222039 -0.723446 -0.653701
vn -0.185813 -0.730459 -0.657194
vn -0.157182 -0.692533 -0.704054
vn -0.090945 -0.715027 -0.693156
vn -0.549552 -0.835282 0.017196
vn -0.286162 -0.725541 -0.625860
vn -0.621472 -0.632620 0.462131
vn -0.167222 -0.733862 -0.658394
vn -0.084449 -0.671060 -0.736577
vn -0.158069 -0.286923 -0.944822
vn -0.217978 -0.418828 -0.881515
vn -0.046472 -0.668709 -0.742070
vn 0.073153 -0.162093 -0.984060
vn -0.035725 -0.704558 -0.708747
vn 0.418024 0.730150 -0.540497
vn -0.005209 -0.705999 -0.708194
vn 0.017331 -0.741147 -0.671119
vn -0.073561 -0.801534 -0.593407
vn 0.023342 -0.661820 -0.749299
vn -0.093498 -0.661809 -0.743819
vn 0.075406 -0.374164 -0.924292
vn -0.785350 -0.284041 0.550042
vn -0.734185 -0.078075 0.674446
vn 0.187483 -0.743174 -0.642294
vn -0.071079 -0.753570 -0.653514
vn 0.042291 -0.739126 -0.672238
vn -0.053510 -0.733936 -0.677107
vn -0.029438 -0.766197 -0.641931
vn -0.329154 -0.282989 0.900875
vn 0.042145 -0.621472 -0.782302
vn 0.075924 -0.655944 -0.750981
vn -0.026436 -0.726241 -0.686932
vn -0.098538 -0.692308 -0.714842
vn 0.175587 -0.645647 -0.743175
vn -0.001466 -0.809159 -0.587588
vn -0.233366 -0.648071 -0.724944
vn -0.283389 -0.580331 -0.763483
vn -0.168021 -0.585063 -0.793391
vn 0.258098 -0.787059 -0.560288
vn -0.732273 -0.536361 -0.419635
vn -0.218636 -0.550850 -0.805458
vn -0.102787 -0.595043 -0.797094
vn 0.505909 0.561593 0.654728
vn 0.573471 0.171521 -0.801069
vn 0.878014 0.477828 -0.027767
vn 0.096662 0.270586 -0.957831
vn 0.745664 0.662182 -0.074161
vn 0.766219 0.584073 -0.267893
vn 0.821325 0.265092 0.505125
vn 0.740273 -0.476189 -0.474595
vn 0.663736 0.607704 0.436062
vn 0.779001 0.488257 0.393399
vn 0.760487 -0.649214 -0.013447
vn 0.939334 0.069274 0.335935
vn 0.689505 0.005304 -0.724261
vn 0.572074 -0.755935 0.318267
vn -0.652535 0.730143 0.202707
vn -0.756574 0.628046 -0.182083
vn 0.820831 -0.030569 -0.570353
vn 0.905837 -0.229319 -0.356190
vn 0.412544 0.386914 -0.824684
vn 0.730802 -0.001703 -0.682587
vn 0.848313 -0.017025 -0.529222
vn 0.920251 -0.193939 -0.339890
vn 0.960449 0.171013 -0.219757
vn 0.946269 0.245563 0.210412
vn 0.912831 0.398509 0.089052
vn 0.857930 -0.479892 -0.183463
vn 0.847099 0.304473 -0.435568
vn 0.702345 0.705873 0.091950
vn -0.334453 -0.763531 0.552414
vn 0.247166 0.878766 0.408263
vn 0.470427 0.806877 -0.357279
vn 0.999687 -0.024204 0.006288
vn 0.881240 0.418399 -0.219906
vn 0.906068 0.313333 -0.284363
vn 0.937963 -0.180054 0.296320
vn 0.545478 0.710312 -0.444872
vn 0.596994 -0.774454 0.209332
vn 0.471893 -0.798841 0.373056
vn 0.753773 0.092819 -0.650546
vn 0.554438 -0.817876 -0.153876
vn 0.262145 -0.624126 -0.736035
vn -0.152094 0.911516 -0.382108
vn 0.641051 -0.599277 -0.479500
vn 0.753260 -0.023444 -0.657305
vn 0.488224 0.052339 -0.871147
vn 0.386520 0.464278 -0.796899
vn 0.932208 -0.308217 -0.189712
vn 0.603145 -0.773677 -0.194012
vn 0.047302 -0.495086 -0.867555
vn 0.333037 -0.561295 -0.757651
vn 0.058224 -0.407417 -0.911384
vn 0.904363 -0.230942 -0.358877
vn 0.757818 -0.571940 -0.314002
vn 0.895728 -0.443582 -0.030104
vn 0.732472 -0.586503 -0.345686
vn 0.145123 -0.384459 -0.911664
vn 0.386475 0.134471 -0.912444
vn -0.201902 -0.103088 -0.973965
vn 0.395674 0.833981 -0.384602
vn 0.212533 0.859705 -0.464476
vn -0.247629 0.815020 -0.523854
vn 0.225033 0.468070 -0.854558
vn -0.033606 0.936369 -0.349405
vn 0.227034 0.973886 -0.001394
vn -0.568027 0.772703 -0.283331
vn 0.476911 0.418873 -0.772723
vn -0.132640 -0.225391 -0.965197
vn 0.501729 -0.052150 -0.863451
vn 0.785713 0.232000 0.573438
vn -0.694302 0.561330 -0.450393
vn -0.250107 0.747946 -0.614836
vn -0.157929 0.325505 -0.932258
vn -0.349579 0.915807 -0.197717
vn 0.163078 0.955517 -0.245750
vn -0.173027 -0.662754 -0.728573
vn -0.228935 -0.357492 -0.905421
vn -0.473091 0.319694 -0.820963
vn -0.101951 -0.756056 -0.646518
vn -0.279113 0.774119 -0.568186
vn -0.209799 -0.496014 -0.842588
vn 0.088924 0.947428 -0.307363
vn -0.146692 -0.749251 -0.645836
vn -0.137393 -0.741969 -0.656205
vn -0.202828 0.462226 -0.863254
vn -0.030569 -0.719955 -0.693347
vn 0.064438 -0.681389 -0.729079
vn -0.056885 -0.703318 -0.708595
vn 0.128943 -0.698378 -0.704018
vn 0.996585 0.058016 0.058756
vn 0.354707 -0.476855 -0.804234
vn -0.720031 0.547949 0.425803
vn 0.939194 0.208746 0.272653
vn 0.895145 0.292844 0.336093
vn 0.317770 -0.552007 -0.770915
vn 0.437207 0.030248 -0.898852
vn -0.056977 -0.619346 -0.783048
vn 0.582496 0.151533 -0.798584
vn -0.149794 -0.722394 -0.675062
vn -0.053284 -0.674583 -0.736274
vn -0.102632 -0.639811 -0.761648
vn -0.085534 -0.583246 -0.807780
vn -0.081861 -0.701630 -0.707823
vn -0.125284 -0.754203 -0.644579
vn 0.008420 -0.707025 -0.707139
vn -0.001725 -0.723394 -0.690434
vn 0.347082 -0.364676 -0.864029
vn -0.068555 -0.766144 -0.639003
vn -0.010596 -0.810160 -0.586113
vn -0.197494 -0.735235 -0.648403
vn -0.050614 -0.154495 -0.986696
vn -0.321412 0.089350 -0.942715
vn -0.100810 -0.575133 -0.811825
vn -0.328731 -0.177226 -0.927646
vn 0.986125 -0.165819 -0.007845
vn -0.049457 0.726553 -0.685328
vn -0.848223 0.523701 -0.079090
vn -0.486742 -0.251922 -0.836431
vn -0.058954 -0.673743 -0.736610
vn -0.310139 0.047253 -0.949516
vn -0.331212 0.843508 -0.422838
vn -0.378651 0.029582 -0.925067
vn -0.336326 -0.539515 -0.771887
vn -0.239579 -0.539300 -0.807315
vn 0.247604 0.813770 -0.525805
vn 0.228069 0.695227 -0.681648
vn 0.287825 0.427498 -0.856973
vn 0.538299 0.743132 -0.397478
vn 0.689585 0.679996 0.249155
vn 0.172029 0.476022 -0.862444
vn -0.015553 -0.139458 0.990106
vn 0.923851 -0.339366 -0.177000
vn 0.256320 0.958269 0.126572
vn 0.510562 -0.842128 0.173627
vn 0.666130 0.534032 -0.520654
vn 0.710527 0.457320 -0.534799
vn 0.949815 -0.274190 0.150569
vn -0.603382 -0.025289 -0.797051
vn 0.991638 -0.017104 -0.127911
vn -0.903190 0.254952 -0.345322
vn 0.777119 -0.232478 0.584842
vn 0.600798 0.375827 -0.705546
vn 0.647453 -0.530981 -0.546685
vn -0.486067 -0.401133 -0.776422
vn -0.099977 -0.451984 -0.886406
vn -0.375245 -0.433208 -0.819465
vn 0.457411 -0.473491 -0.752716
vn -0.314426 0.054033 -0.947743
vn 0.843714 -0.391221 -0.367549
vn 0.587981 -0.474603 -0.655004
vn 0.360718 -0.561699 -0.744565
vn 0.959307 -0.192443 -0.206629
vn 0.659547 0.510996 -0.551254
vn 0.990412 0.083578 0.109995
vn -0.430447 -0.883840 -0.183145
vn -0.840835 -0.163145 -0.516120
vn -0.524387 -0.471504 -0.709015
vn -0.974075 -0.189750 0.123179
vn -0.375508 -0.285235 -0.881836
vn 0.738343 -0.667162 -0.098720
vn 0.727913 0.641632 0.241766
vn -0.547141 0.477438 -0.687524
vn 0.066454 0.636974 -0.768016
vn 0.840636 0.011544 -0.541478
vn 0.403850 -0.743555 -0.532946
vn -0.514548 -0.811586 -0.276709
vn 0.910065 -0.318411 -0.265324
vn 0.010856 0.250057 -0.968170
vn -0.202379 -0.146162 -0.968339
vn 0.388622 0.212320 -0.896601
vn -0.417484 0.138668 -0.898042
vn -0.114683 -0.050158 -0.992135
vn -0.078565 -0.467881 -0.880292
vn -0.616877 -0.685257 -0.387150
vn -0.361876 0.114979 -0.925108
vn -0.785234 0.018112 -0.618934
vn -0.142761 -0.310833 -0.939682
vn -0.086013 -0.768025 -0.634617
vn -0.139920 0.537778 -0.831395
vn 0.570405 -0.696037 -0.436086
vn 0.146474 -0.328747 -0.932990
vn -0.208806 0.312171 -0.926795
vn -0.071250 -0.193421 -0.978525
vn 0.029466 -0.270685 -0.962217
vn 0.188670 -0.252707 -0.948969
vn -0.302391 0.293530 -0.906863
vn -0.186174 0.288575 -0.939183
vn -0.169403 -0.032226 -0.985020
vn -0.357809 0.045947 -0.932664
vn -0.733346 -0.639730 -0.230109
vn -0.020531 -0.021430 -0.999560
vn -0.236591 -0.022924 -0.971339
vn -0.107192 0.360619 -0.926533
vn 0.575639 -0.380561 -0.723749
vn 0.737028 -0.606044 -0.299166
vn -0.475144 -0.215347 -0.853149
vn -0.386147 0.078882 -0.919058
vn -0.026528 0.063182 -0.997649
vn 0.689057 0.627894 -0.361868
vn 0.923123 -0.246798 -0.294847
vn 0.661210 0.553698 -0.506182
vn -0.235228 -0.484561 -0.842537
vn 0.119468 0.937563 -0.326653
vn -0.657930 -0.252049 -0.709647
vn -0.001833 0.912367 0.409369
vn 0.513026 0.193691 -0.836234
vn -0.945661 0.229867 0.229971
vn 0.250989 -0.719281 -0.647796
vn 0.039735 0.922619 -0.383659
vn -0.646336 -0.751801 -0.130553
vn -0.672400 0.366031 -0.643350
vn 0.085144 -0.337853 -0.937340
vn -0.542742 0.145858 -0.827137
vn 0.606833 -0.454086 0.652350
vn -0.741238 0.289522 -0.605594
vn -0.082471 0.350327 0.932990
vn 0.457989 -0.060836 0.886874
vn 0.897838 0.391138 -0.202234
vn -0.514672 -0.561235 0.648172
vn -0.884384 -0.138993 0.445584
vn -0.525298 -0.037501 -0.850092
vn -0.376277 0.050585 -0.925125
vn -0.929759 0.305356 0.205687
vn -0.714476 -0.591310 0.374001
vn -0.494495 -0.447560 -0.745094
vn -0.126498 -0.013402 -0.991876
vn -0.630246 -0.488787 0.603223
vn -0.791395 0.066531 -0.607674
vn -0.935777 -0.194149 0.294324
vn -0.259849 -0.931567 -0.254284
vn 0.611416 0.735349 0.292289
vn -0.279074 0.959648 -0.034547
vn -0.691591 0.531997 -0.488550
vn -0.589996 0.426488 -0.685575
vn 0.843733 0.429266 0.322249
vn 0.867337 0.426326 -0.256850
vn 0.534007 -0.024182 -0.845134
vn 0.819681 0.543151 0.181962
vn -0.043714 -0.429476 -0.902020
vn -0.189260 0.980190 -0.058386
vn -0.010442 -0.149405 -0.988721
vn 0.405995 0.912823 0.043831
vn 0.962646 0.270683 -0.006538
vn -0.284509 0.860917 -0.421754
vn 0.297487 0.547948 -0.781828
vn 0.602571 0.781100 0.163681
vn 0.892678 0.377826 -0.245711
vn 0.579739 0.097623 -0.808933
vn 0.589619 0.462510 -0.662144
vn 0.433739 -0.103633 -0.895059
vn -0.307225 -0.388476 -0.868734
vn -0.231098 0.935122 -0.268588
vn -0.195924 0.978938 0.057395
vn 0.931408 0.155496 -0.329090
vn 0.529201 0.695150 -0.486531
vn -0.583797 0.521357 -0.622389
vn 0.617423 0.207636 -0.758733
vn 0.400085 0.587493 -0.703409
vn -0.486111 0.531900 -0.693382
vn -0.671813 0.514067 -0.533294
vn 0.267703 -0.255858 -0.928909
vn 0.870732 -0.391177 -0.298004
vn 0.881789 0.088633 -0.463241
vn 0.094615 0.957348 -0.273007
vn -0.344271 0.418127 -0.840623
vn 0.852033 -0.223934 -0.473174
vn 0.171899 0.945164 -0.277695
vn 0.376680 0.139066 -0.915845
vn -0.653134 0.106637 -0.749696
vn 0.907285 -0.203162 -0.368185
vn 0.546151 0.251763 -0.798958
vn -0.152933 0.624878 -0.765597
vn 0.388264 0.361016 -0.847890
vn -0.420905 0.157767 -0.893279
vn -0.461830 -0.552941 -0.693520
vn 0.558735 -0.045418 -0.828102
vn 0.275522 0.387520 -0.879725
vn 0.580951 -0.606258 -0.543090
vn 0.142601 0.432858 -0.890112
vn -0.107932 0.415827 -0.903016
vn -0.749473 0.089449 -0.655964
vn -0.066178 0.257341 -0.964052
vn 0.327811 -0.541424 -0.774209
vn -0.584611 0.548781 -0.597553
vn 0.392725 0.169134 -0.903970
vn -0.461320 -0.696817 0.549208
vn -0.455179 0.857110 -0.241194
vn -0.726916 0.370802 0.578013
vn 0.390479 0.321301 -0.862723
vn -0.736115 -0.130572 -0.664143
vn -0.835599 -0.339998 -0.431480
vn 0.862895 0.144228 -0.484366
vn -0.867209 0.496505 -0.037830
vn -0.965338 -0.139033 -0.220892
vn 0.513890 -0.019992 -0.857623
vn 0.302173 -0.208744 -0.930117
vn 0.471654 -0.521536 -0.711016
vn 0.784246 0.284679 -0.551285
vn 0.457411 0.312839 -0.832410
vn 0.095669 0.492729 -0.864908
vn -0.366976 0.211450 -0.905879
vn -0.490673 0.183003 -0.851910
vn 0.243072 -0.067540 0.967654
vn 0.398381 -0.146552 0.905436
vn 0.221705 0.616729 -0.755310
vn -0.211273 -0.698781 0.683424
vn -0.507712 -0.033947 -0.860858
vn -0.177254 0.737583 -0.651577
vn -0.217600 0.139741 0.965983
vn -0.393180 0.416528 -0.819703
vn 0.365381 0.053643 -0.929311
vn -0.740459 0.348408 0.574745
vn 0.389086 -0.421684 0.819021
vn -0.039862 -0.459590 -0.887236
vn 0.694918 -0.266167 0.668015
vn -0.091875 0.111810 -0.989473
vn 0.006165 -0.704695 -0.709484
vn -0.094754 -0.190489 -0.977106
vn -0.003079 -0.205717 -0.978607
vn 0.691210 0.421933 -0.586687
vn 0.305653 0.154955 -0.939449
vn 0.172276 0.322754 -0.930672
vn 0.500928 0.302269 -0.810990
vn -0.359339 0.615837 -0.701156
vn 0.131023 0.777348 -0.615275
vn -0.086780 0.789786 -0.607212
vn -0.093357 -0.181874 -0.978880
vn -0.814248 -0.318040 -0.485645
vn 0.369800 -0.574884 -0.729902
vn -0.021440 -0.691278 -0.722271
vn -0.652395 0.570527 -0.498879
vn -0.928042 0.310000 -0.206488
vn -0.828142 -0.395286 -0.397403
vn -0.471181 0.718080 -0.512201
vn -0.777057 0.494987 -0.388807
vn -0.542995 0.839393 0.024009
vn -0.615292 -0.194875 -0.763832
vn -0.478050 -0.128085 -0.868943
vn -0.169437 -0.151608 -0.973810
vn -0.305731 0.726970 -0.614852
vn -0.286509 -0.674260 -0.680651
vn -0.159836 0.178843 -0.970808
vn -0.745991 0.002626 -0.665951
vn -0.627329 0.342384 -0.699451
vn -0.592013 0.760052 -0.268032
vn 0.603117 0.398024 -0.691250
vn 0.512051 0.671292 -0.535883
vn -0.151284 0.212089 -0.965470
vn -0.642537 0.479068 -0.598030
vn -0.839597 0.026495 -0.542564
vn -0.884702 0.457709 -0.088346
vn -0.381066 -0.044731 -0.923465
vn -0.967128 0.237146 -0.091789
vn 0.234037 0.304131 -0.923434
vn 0.232458 0.727229 -0.645834
vn 0.078161 -0.325569 -0.942282
vn 0.589102 -0.368938 -0.718919
vn 0.855111 0.072170 -0.513398
vn 0.344712 0.832604 -0.433525
vn -0.779365 0.521745 -0.346949
vn 0.385099 -0.351552 -0.853294
vn 0.417024 0.754991 0.506043
vn -0.067987 0.701998 0.708926
vn 0.074800 -0.471739 -0.878560
vn 0.337771 -0.357203 -0.870814
vn -0.105081 0.371414 -0.922502
vn 0.033560 -0.450119 -0.892338
vn -0.119590 -0.574422 -0.809777
vn -0.035278 0.916127 -0.399333
vn -0.091788 -0.109418 -0.989749
vn -0.139893 -0.495098 -0.857501
vn 0.323501 -0.123698 0.938108
vn -0.174743 -0.195528 -0.965005
vn -0.265276 0.755004 -0.599665
vn 0.319607 0.456615 0.830274
vn -0.157108 -0.445480 -0.881399
vn -0.165417 0.360760 -0.917872
vn -0.251813 -0.514632 -0.819600
vn -0.988209 -0.095324 -0.119816
vn -0.306010 0.671375 -0.674992
vn 0.709859 -0.394133 0.583746
vn 0.149294 -0.345576 -0.926438
vn 0.982676 -0.113199 0.146748
vn -0.294847 -0.940990 0.166140
vn 0.382436 -0.617956 -0.686931
vn -0.065319 0.997862 0.002038
vn 0.237743 0.156597 -0.958622
vn -0.355500 0.232770 -0.905228
vn -0.363920 0.122677 0.923316
vn -0.478377 -0.016855 -0.877993
vn -0.954446 -0.141003 0.262966
vn -0.263136 -0.409754 -0.873419
vn -0.040739 0.660348 -0.749854
vn -0.078386 0.338709 -0.937620
vn -0.752833 -0.039229 -0.657041
vn -0.473528 -0.554879 -0.684018
vn -0.179347 -0.589297 -0.787759
vn -0.132629 -0.700352 -0.701368
vn -0.042127 -0.516529 -0.855233
vn -0.082576 -0.155589 0.984364
vn -0.041740 -0.682777 -0.729433
vn 0.032287 -0.574412 -0.817929
vn 0.034288 -0.404859 -0.913736
vn 0.009851 -0.483810 -0.875118
vn -0.021087 -0.604871 -0.796044
vn -0.032362 -0.612245 -0.790005
vn 0.168954 -0.510998 -0.842814
vn -0.402100 -0.543830 -0.736590
vn 0.042548 -0.412516 -0.909956
vn 0.026249 -0.999427 0.021373
vn 0.047879 -0.527814 -0.848010
vn -0.140517 0.812819 -0.565314
vn -0.033550 -0.565560 -0.824025
vn 0.031580 -0.299332 -0.953626
vn -0.046244 -0.544531 -0.837465
vn 0.042154 -0.638681 -0.768316
vn -0.081580 -0.485803 -0.870253
vn -0.232930 -0.462292 -0.855587
vn -0.089613 -0.688607 -0.719576
vn -0.154652 -0.541246 -0.826520
vn -0.178673 -0.285758 -0.941498
vn -0.184291 -0.339097 -0.922524
vn -0.179895 -0.542851 -0.820336
vn -0.362031 0.602203 -0.711537
vn -0.232528 -0.588887 -0.774043
vn -0.142840 -0.585729 -0.797821
vn -0.288872 -0.618414 -0.730833
vn -0.290077 -0.537577 -0.791749
vn -0.245261 -0.532743 -0.809958
vn 0.324029 -0.842463 -0.430420
vn -0.302527 -0.592335 -0.746737
vn -0.295805 -0.565709 -0.769723
vn -0.214152 -0.486410 -0.847080
vn -0.385103 -0.540018 -0.748383
vn 0.274988 -0.512701 0.813338
vn -0.061461 -0.957542 0.281665
vn -0.521472 0.483875 -0.702803
vn -0.322773 -0.296537 -0.898823
vn -0.211890 -0.472342 -0.855567
vn -0.286324 0.944809 0.159229
vn 0.279709 -0.958410 0.056690
vn -0.412228 -0.312123 -0.855948
vn -0.197358 -0.177371 -0.964152
vn 0.234643 -0.095075 -0.967421
vn -0.011863 0.983987 -0.177843
vn -0.218094 -0.504697 -0.835294
vn -0.143085 -0.571279 -0.808187
vn -0.035652 0.484484 -0.874074
vn -0.014754 0.576185 -0.817186
vn 0.007715 -0.944252 -0.329132
vn -0.090607 -0.601597 -0.793645
vn -0.098669 0.512291 -0.853125
vn -0.087730 -0.541853 -0.835882
vn 0.332211 -0.272670 -0.902933
vn -0.556102 -0.576943 -0.598237
vn -0.314823 -0.854232 -0.413733
vn -0.615757 -0.678472 -0.400649
vn -0.485317 -0.216299 -0.847161
vn -0.801160 -0.179510 -0.570893
vn 0.082004 -0.216064 -0.972929
vn -0.677304 -0.449846 0.582149
vn -0.696001 -0.417440 0.584231
vn 0.206605 0.008333 -0.978389
vn -0.657612 0.574873 0.486895
vn -0.038938 -0.075783 -0.996364
vn -0.570639 0.428016 0.700838
vn -0.752264 0.657998 -0.033724
vn 0.452673 0.685278 -0.570510
vn 0.339926 -0.103677 -0.934720
vn -0.948625 -0.214151 -0.232918
vn -0.110961 -0.639354 -0.760864
vn -0.774539 -0.285828 -0.564262
vn -0.299304 -0.336820 -0.892731
vn -0.144247 -0.609679 -0.779413
vn 0.456910 -0.254451 -0.852343
vn 0.964212 0.263352 0.030665
vn 0.710014 -0.512437 -0.483000
vn -0.191584 -0.513686 -0.836315
vn 0.100404 -0.578251 -0.809657
vn 0.903106 -0.109353 -0.415260
vn 0.933191 0.101280 0.344814
vn -0.577686 -0.319529 0.751119
vn 0.522939 0.151709 -0.838760
vn -0.455275 0.804641 -0.381152
vn -0.801713 -0.013483 -0.597557
vn -0.320388 -0.194475 -0.927109
vn -0.429837 0.769343 -0.472601
vn -0.250017 -0.626111 -0.738564
vn -0.830677 -0.475967 -0.288844
vn -0.634234 -0.724060 0.271081
vn -0.634036 -0.614931 -0.468890
vn -0.225595 -0.693124 -0.684607
vn -0.315843 0.125569 -0.940466
vn -0.484190 -0.082906 -0.871026
vn -0.343553 -0.349001 -0.871877
vn -0.222083 0.551310 -0.804199
vn -0.139169 -0.683304 -0.716748
vn -0.420582 0.444582 -0.790859
vn -0.956090 -0.190916 0.222358
vn -0.393345 0.366859 -0.843027
vn -0.082439 -0.699775 -0.709591
vn -0.114677 -0.634757 -0.764155
vn 0.007923 -0.671214 -0.741221
vn -0.323592 -0.843669 -0.428382
vn -0.654546 -0.168921 0.736909
vn -0.156944 -0.702938 -0.693720
vn -0.108032 -0.711221 -0.694617
vn -0.475848 -0.588261 -0.653849
vn -0.177517 -0.619661 -0.764531
vn -0.639197 -0.255644 0.725309
vn -0.494956 -0.363546 -0.789210
vn -0.781656 0.131509 -0.609688
vn -0.143017 -0.684534 -0.714815
vn -0.116251 -0.672648 -0.730774
vn -0.094677 -0.666622 -0.739359
vn -0.905102 -0.029908 -0.424140
vn 0.628737 0.051704 0.775897
vn 0.655578 0.752927 -0.057605
vn -0.953017 -0.174304 0.247744
vn -0.346339 -0.090989 -0.933686
vn -0.373202 0.652389 -0.659628
vn -0.654274 -0.548735 -0.520399
vn 0.200569 -0.814403 -0.544537
vn -0.876672 0.094757 -0.471664
vn -0.610342 0.637476 -0.470221
vn -0.504404 0.741022 -0.443241
vn 0.117252 -0.040384 -0.992281
vn -0.733297 0.335541 -0.591344
vn 0.885520 0.440423 0.147924
vn 0.463917 0.640462 -0.612037
vn -0.147940 -0.000908 -0.988996
vn -0.517126 -0.531371 -0.670988
vn -0.626007 -0.465602 -0.625564
vn -0.990694 -0.090798 -0.101399
vn 0.399929 0.290624 -0.869249
vn 0.096587 -0.609883 -0.786583
vn 0.062278 0.277622 -0.958670
vn -0.263532 -0.156976 -0.951793
vn -0.664894 -0.025892 -0.746488
vn 0.321886 0.194645 -0.926554
vn 0.047220 -0.789634 -0.611758
vn 0.272082 -0.865314 -0.420954
vn 0.267245 -0.748463 -0.606945
vn 0.067332 -0.373072 -0.925356
vn -0.567871 -0.527713 -0.631698
vn -0.777150 -0.002254 -0.629311
vn -0.130175 -0.141353 -0.981363
vn -0.706504 0.445864 -0.549598
vn -0.319596 -0.163282 -0.933380
vn -0.705070 -0.116143 -0.699562
vn -0.511706 0.502107 -0.697170
vn -0.071903 -0.126962 -0.989298
vn -0.390069 -0.585179 -0.710923
vn 0.183946 0.011210 -0.982872
vn 0.487012 -0.329096 -0.809021
vn 0.809586 0.246092 -0.532925
vn -0.139510 0.618910 -0.772973
vn -0.372039 -0.293597 -0.880561
vn -0.158601 -0.925774 -0.343203
vn -0.514174 0.459057 -0.724494
vn -0.357181 0.163303 -0.919649
vn -0.892104 0.315068 -0.323855
vn -0.311810 -0.903472 -0.294132
vn -0.503532 -0.838458 -0.208432
vn -0.117971 0.200051 -0.972657
vn -0.139372 0.822173 -0.551911
vn -0.052224 0.684037 -0.727575
vn -0.594796 0.551744 -0.584634
vn -0.133400 -0.653359 -0.745202
vn 0.104152 -0.156036 -0.982245
vn -0.814003 0.231976 -0.532529
vn -0.277471 0.799504 -0.532731
vn -0.935570 -0.137614 -0.325224
vn -0.379252 0.315740 -0.869757
vn -0.425996 -0.287370 -0.857873
vn -0.774103 0.497987 -0.390863
vn -0.377295 -0.598495 -0.706719
vn -0.728407 -0.316242 -0.607794
vn -0.486102 -0.374807 -0.789446
vn 0.218553 0.231207 0.948039
vn -0.854079 -0.198913 -0.480607
vn 0.170622 0.865116 0.471660
vn -0.349725 -0.899583 -0.261615
vn -0.740686 -0.451500 -0.497525
vn 0.411009 0.429121 0.804318
vn -0.268529 0.164359 -0.949146
vn -0.497823 -0.789040 -0.359984
vn -0.581367 -0.812651 0.040129
vn 0.304547 0.938025 0.165411
vn -0.053221 -0.996572 0.063337
vn -0.861236 -0.454165 -0.228052
vn -0.753954 -0.656893 -0.006781
vn -0.488233 -0.869790 -0.071368
vn -0.533639 0.687315 -0.492775
vn -0.619714 -0.541650 -0.567953
vn -0.956072 -0.093310 -0.277884
vn -0.862797 0.417934 -0.284452
vn -0.231976 0.462668 -0.855643
vn -0.573418 0.373105 -0.729373
vn -0.386320 -0.410742 -0.825862
vn -0.146409 -0.363544 -0.920000
vn -0.464427 -0.457205 -0.758466
vn -0.704460 -0.413382 0.576933
vn -0.961914 0.221118 0.160711
vn -0.439525 0.040634 -0.897311
vn 0.346055 0.165092 -0.923575
vn -0.470734 -0.561251 -0.680740
vn -0.720995 -0.008918 -0.692883
vn -0.578595 -0.067489 -0.812818
vn 0.109697 0.519981 -0.847105
vn -0.532851 0.284203 -0.797056
vn -0.679942 0.212314 -0.701856
vn -0.556279 0.658558 -0.506808
vn -0.080342 -0.207973 -0.974829
vn -0.816359 0.069116 -0.573395
vn 0.267885 0.010748 0.963391
vn -0.467242 -0.180059 -0.865600
vn -0.152902 -0.066165 -0.986024
vn 0.077246 0.330971 -0.940474
vn 0.210560 0.624818 -0.751843
vn -0.862402 0.147037 -0.484399
vn -0.604188 0.597927 -0.526725
vn -0.560873 0.826652 -0.045476
vn 0.229883 -0.819312 -0.525244
vn -0.605366 -0.679725 -0.414133
vn -0.557015 -0.463643 -0.689035
vn 0.309029 0.193153 -0.931232
vn 0.314520 0.009258 -0.949206
vn -0.236483 0.354109 -0.904811
vn -0.631130 -0.748143 -0.204832
vn -0.440411 -0.744315 -0.502030
vn -0.356619 -0.856717 0.372638
vn -0.980125 -0.027835 0.196420
vn 0.641406 -0.766904 0.021396
vn -0.522428 0.050215 -0.851204
vn 0.108363 -0.522957 -0.845443
vn -0.486959 -0.260983 0.833522
vn -0.378883 0.235167 -0.895066
vn -0.916711 0.073897 0.392657
vn -0.737492 -0.025816 0.674863
vn -0.471012 -0.534479 0.701769
vn -0.389358 0.100435 0.915594
vn -0.762210 0.596067 -0.252469
vn -0.395592 0.349258 0.849427
vn 0.687326 -0.605183 -0.401667
vn -0.646739 0.557203 -0.520820
vn -0.933687 -0.313992 0.172156
vn -0.294174 -0.509422 0.808673
vn -0.578497 -0.780746 -0.236171
vn 0.115656 0.429081 0.895831
vn 0.240084 -0.970107 -0.035382
vn 0.622679 0.211819 0.753262
vn -0.625625 -0.265927 -0.733400
vn 0.438700 0.454966 0.774950
vn -0.565962 0.147457 -0.811137
vn -0.886853 -0.360880 -0.288542
vn -0.721474 -0.641569 -0.260507
vn -0.675374 -0.497927 -0.544002
vn -0.523247 -0.378243 -0.763639
vn 0.194672 0.171366 -0.965783
vn -0.567259 -0.480548 -0.668798
vn -0.491481 -0.259726 -0.831257
vn 0.744449 -0.649696 -0.153917
vn 0.119126 -0.790714 -0.600483
vn -0.548096 0.569351 -0.612723
vn -0.662357 -0.748037 0.041522
vn -0.931512 -0.252122 -0.262146
vn -0.493168 -0.541368 0.680960
vn -0.533946 -0.733817 0.420017
vn -0.157152 -0.940248 0.302053
vn -0.350700 -0.904958 0.240959
vn -0.035689 -0.968647 -0.245863
vn -0.785521 -0.232801 0.573377
vn -0.724044 -0.591055 -0.355547
vn -0.351022 0.520745 -0.778208
vn -0.218961 -0.800530 -0.557860
vn -0.758968 -0.232635 -0.608152
vn -0.889527 -0.287984 0.354693
vn -0.630575 -0.774388 -0.051952
vn -0.382043 -0.913038 -0.142848
vn 0.000828 0.597503 0.801866
vn -0.981741 0.090303 0.167421
vn -0.380570 0.028159 -0.924323
vn -0.438834 0.705335 -0.556711
vn -0.875980 -0.334639 -0.347385
vn 0.733778 0.575422 -0.361190
vn -0.717702 -0.429066 -0.548458
vn -0.507738 -0.745768 -0.431316
vn 0.281397 0.816335 -0.504394
vn -0.796662 0.090566 -0.597602
vn 0.878611 0.333371 -0.341917
vn 0.227003 -0.238776 -0.944169
vn 0.066214 0.920924 -0.384076
vn 0.430686 0.668410 -0.606414
vn -0.031880 -0.174032 -0.984224
vn -0.017865 -0.649274 -0.760344
vn 0.027726 0.006287 -0.999596
vn -0.773524 -0.320405 -0.546810
vn -0.946251 -0.286350 -0.150371
vn 0.313451 0.156328 -0.936648
vn -0.152278 -0.180526 -0.971711
vn -0.850645 0.126594 -0.510271
vn -0.876062 0.438639 0.200277
vn -0.944918 0.164041 -0.283231
vn -0.854981 0.032734 -0.517625
vn -0.701470 -0.712468 -0.018156
vn -0.577143 -0.632427 -0.516665
vn -0.427473 -0.184071 -0.885090
vn -0.730755 0.165744 -0.662213
vn -0.753799 0.561027 -0.342105
vn -0.975566 0.166291 -0.143588
vn 0.405071 0.535710 -0.740900
vn 0.627382 0.108924 -0.771056
vn 0.057567 0.338541 -0.939189
vn -0.991215 0.062143 -0.116748
vn 0.276205 -0.321703 -0.905659
vn -0.043835 0.682327 -0.729732
vn -0.715385 0.401876 -0.571594
vn 0.961051 -0.275888 0.016316
vn 0.374302 0.352659 -0.857630
vn 0.975311 -0.187127 -0.117267
vn -0.911538 -0.391322 -0.126356
vn -0.880348 0.016397 -0.474045
vn -0.015467 -0.410214 0.911858
vn -0.078327 -0.481165 0.873124
vn -0.954467 0.092309 -0.283675
vn -0.804110 0.000129 -0.594480
vn -0.574977 -0.816508 0.052115
vn -0.158659 -0.971830 0.174281
vn -0.240782 -0.464250 0.852347
vn -0.897523 -0.349065 -0.269455
vn -0.459391 -0.752019 0.472681
vn 0.994610 -0.100774 0.024413
vn 0.319972 -0.101389 -0.941986
vn 0.964583 0.023383 -0.262740
vn -0.331032 0.107555 -0.937470
vn 0.097555 0.062019 -0.993296
vn -0.693021 0.033357 -0.720145
vn 0.875807 -0.227514 -0.425675
vn -0.121759 0.000073 -0.992560
vn -0.386819 -0.000518 -0.922156
vn -0.359500 0.003729 -0.933138
vn -0.659854 -0.747485 0.076543
vn -0.389768 0.007708 -0.920881
vn -0.389125 -0.003281 -0.921179
vn -0.619160 -0.276437 -0.734998
vn -0.244809 0.087273 -0.965635
vn -0.655427 -0.125002 -0.744842
vn -0.746731 -0.363289 -0.557148
vn -0.092806 -0.028503 -0.995276
vn -0.134955 -0.192184 -0.972035
vn -0.070503 0.251998 -0.965156
vn 0.146491 -0.986181 -0.077378
vn -0.988981 0.014044 -0.147378
vn -0.351334 0.595600 -0.722374
vn -0.631155 -0.726933 -0.270578
vn -0.352559 -0.494165 -0.794672
vn -0.168245 -0.008504 -0.985708
vn 0.367504 -0.419679 -0.829946
vn -0.958239 -0.199573 -0.204815
vn -0.450528 -0.179271 -0.874578
vn -0.222990 -0.835899 0.501545
vn -0.223903 -0.579560 -0.783567
vn -0.601989 -0.372026 -0.706545
vn -0.499294 -0.333164 -0.799817
vn -0.654886 0.282776 -0.700830
vn 0.028139 0.024437 -0.999305
vn 0.221413 0.498420 -0.838185
vn -0.134159 -0.621283 -0.772016
vn -0.124726 0.892438 -0.433587
vn -0.310472 0.927329 -0.208969
vn -0.400719 -0.660795 -0.634644
vn 0.662847 -0.689507 -0.291915
vn 0.303710 -0.204336 -0.930595
vn -0.060047 -0.550289 0.832812
vn 0.897219 -0.325831 -0.298047
vn 0.404999 0.483096 -0.776269
vn 0.632393 -0.418212 -0.652057
vn -0.596807 -0.491164 -0.634492
vn 0.062770 0.645292 -0.761353
vn -0.089313 0.751922 -0.653174
vn -0.785125 0.135471 0.604340
vn -0.628813 0.704803 -0.328401
vn 0.957591 -0.277740 0.076683
vn -0.086720 -0.220373 -0.971553
vn -0.308329 -0.506219 -0.805404
vn -0.059786 -0.195899 -0.978800
vn -0.215092 -0.165777 -0.962421
vn -0.237222 -0.315917 -0.918652
vn -0.864819 -0.185202 0.466678
vn -0.998187 -0.052706 -0.029070
vn -0.404703 0.901039 -0.156026
vn -0.577728 -0.460611 -0.673846
vn -0.522563 0.364177 -0.770911
vn -0.515033 0.013508 0.857064
vn -0.401445 0.028722 -0.915433
vn -0.673295 0.089169 -0.733978
vn -0.580733 -0.687288 0.436331
vn -0.398293 -0.006723 -0.917234
vn -0.722459 -0.044258 -0.689996
vn 0.621864 0.661958 -0.418445
vn 0.004009 -0.688700 -0.725036
vn -0.534258 0.581175 -0.613844
vn -0.517667 -0.710151 -0.477186
vn -0.817170 -0.528740 -0.229496
vn -0.230643 -0.431636 -0.872063
vn -0.368834 -0.498426 -0.784559
vn -0.666675 -0.084387 -0.740556
vn -0.198212 0.027900 -0.979762
vn -0.706558 -0.474611 -0.524900
vn -0.276779 -0.359432 -0.891180
vn -0.914823 -0.212575 -0.343382
vn 0.481464 -0.867494 -0.125091
vn -0.044409 -0.213653 -0.975900
vn -0.078999 -0.649708 -0.756068
vn 0.039585 -0.628842 -0.776525
vn -0.145587 -0.494809 -0.856719
vn -0.408928 0.383078 -0.828269
vn 0.588187 0.360656 -0.723853
vn -0.650619 -0.289286 -0.702146
vn -0.072333 -0.514943 -0.854167
vn -0.445350 -0.133771 -0.885307
vn -0.259930 -0.402790 -0.877608
vn -0.698298 -0.207827 -0.684973
vn -0.055909 -0.542243 -0.838359
vn 0.102237 -0.355255 -0.929162
vn -0.069946 -0.599795 -0.797091
vn -0.176332 -0.693153 -0.698889
vn -0.022558 -0.637388 -0.770212
vn -0.781287 -0.527287 -0.334004
vn -0.274171 -0.587669 -0.761233
vn -0.053612 -0.635002 -0.770648
vn -0.065791 -0.632019 -0.772155
vn -0.781053 -0.561497 -0.273271
vn -0.730536 -0.267741 -0.628197
vn -0.556211 0.085018 -0.826681
vn -0.566692 0.139928 -0.811961
vn -0.815756 -0.340754 -0.467364
vn -0.084816 -0.692082 -0.716818
vn -0.011136 -0.695353 -0.718583
vn -0.084978 -0.602130 -0.793863
vn -0.089877 -0.641454 -0.761879
vn -0.504212 -0.425920 -0.751240
vn -0.942704 0.229490 -0.242163
vn -0.026531 -0.712651 -0.701017
vn 0.402889 -0.711858 -0.575272
vn 0.112065 -0.559320 -0.821342
vn 0.817361 -0.491270 -0.300957
vn -0.055926 -0.515758 -0.854907
vn -0.079163 -0.645994 -0.759226
vn 0.072389 -0.559434 -0.825708
vn 0.883195 -0.248630 -0.397681
vn -0.089739 -0.841380 -0.532942
vn 0.917991 -0.257161 -0.301928
vn -0.006367 -0.680784 -0.732457
vn 0.859217 -0.444112 -0.253991
vn -0.644029 -0.479033 -0.596452
vn -0.901457 -0.368349 -0.227363
vn -0.133444 -0.679229 -0.721693
vn -0.067090 -0.722000 -0.688633
vn -0.085125 -0.713354 -0.695614
vn -0.050612 -0.732260 -0.679142
vn -0.094003 -0.665232 -0.740696
vn -0.204276 -0.613839 -0.762544
vn -0.170879 -0.695014 -0.698396
vn -0.752870 -0.165905 -0.636916
vn -0.250070 -0.718470 -0.649050
vn 0.028390 -0.453295 -0.890908
vn -0.047908 -0.388085 -0.920378
vn -0.019070 -0.907209 -0.420247
vn -0.704716 0.681726 0.196530
vn 0.058648 -0.492443 -0.868367
vn 0.864866 -0.472934 -0.168342
vn -0.160317 -0.689666 -0.706158
vn -0.213864 -0.300737 -0.929419
vn -0.681127 -0.387705 -0.621089
vn -0.975895 0.008899 -0.218061
vn 0.558388 -0.526641 -0.640977
vn -0.284751 -0.712871 -0.640883
vn -0.111036 -0.680809 -0.723996
vn -0.206466 -0.509664 -0.835233
vn -0.172545 -0.666711 -0.725069
vn -0.239001 -0.588274 -0.772536
vn -0.928715 0.124787 -0.349166
vn -0.830741 -0.283524 -0.479044
vn -0.088990 -0.680664 -0.727170
vn -0.115558 -0.760840 -0.638568
vn 0.425523 -0.852654 -0.303169
vn -0.344747 -0.507373 -0.789761
vn -0.858850 0.487908 -0.155957
vn 0.011232 -0.700024 -0.714031
vn -0.937261 0.269046 -0.221710
vn 0.837806 0.273480 0.472535
vn -0.792181 0.476181 -0.381708
vn 0.732213 -0.131005 -0.668358
vn -0.709830 -0.660188 -0.245547
vn -0.610309 0.471042 -0.636901
vn -0.953477 -0.194966 0.229934
vn -0.835498 -0.489602 -0.249465
vn -0.280219 -0.498827 -0.820152
vn -0.397991 0.301101 -0.866569
vn -0.718660 0.079016 -0.690857
vn -0.092894 0.995673 0.002292
vn -0.964925 -0.252628 -0.071403
vn -0.881234 -0.402089 -0.248498
vn -0.879557 -0.332926 0.339912
vn -0.841914 -0.435835 0.318165
vn -0.485876 -0.643013 -0.591996
vn -0.030496 0.887615 -0.459575
vn -0.811213 0.541748 0.220096
vn -0.813154 -0.315965 -0.488822
vn -0.741288 0.292683 -0.604010
vn -0.171552 0.544435 -0.821073
vn 0.767387 -0.038745 -0.640012
vn 0.897862 0.258524 -0.356385
vn -0.150865 -0.125787 -0.980519
vn -0.868058 -0.389661 -0.307634
vn -0.592929 -0.303296 -0.745953
vn -0.563795 0.310025 -0.765519
vn -0.647210 -0.572824 -0.502982
vn -0.828699 -0.167162 -0.534149
vn -0.757723 0.003745 -0.652565
vn -0.878795 -0.253307 -0.404419
vn -0.807522 -0.566041 -0.165850
vn 0.079278 -0.582819 -0.808726
vn 0.127889 -0.469887 -0.873413
vn 0.051416 -0.480413 -0.875534
vn 0.166973 -0.074355 -0.983154
vn -0.121910 -0.398845 -0.908879
vn -0.391769 -0.084699 -0.916157
vn 0.083260 -0.945296 -0.315409
vn -0.336865 0.165905 -0.926821
vn -0.201675 -0.348724 -0.915270
vn -0.217488 -0.522541 -0.824409
vn -0.423944 0.160092 -0.891427
vn 0.130563 -0.203845 -0.970258
vn -0.255959 -0.367601 -0.894066
vn -0.175991 -0.612241 -0.770836
vn 0.343727 -0.272046 -0.898801
vn -0.098347 -0.633025 -0.767859
vn -0.122344 -0.631708 -0.765491
vn -0.674522 -0.725399 -0.137175
vn -0.512568 -0.747374 -0.422736
vn -0.352229 -0.429237 -0.831679
vn -0.061611 -0.678931 -0.731613
vn -0.897230 0.426523 -0.114265
vn -0.147406 -0.638328 -0.755519
vn -0.171075 -0.640620 -0.748558
vn -0.023979 -0.714830 -0.698887
vn -0.253278 0.103511 -0.961840
vn -0.397350 0.638982 -0.658647
vn -0.047827 -0.834780 -0.548502
vn -0.168897 -0.643546 -0.746540
vn -0.120311 -0.655391 -0.745646
vn -0.342880 -0.747982 -0.568292
vn -0.065484 -0.764081 -0.641788
vn -0.106102 -0.627312 -0.771506
vn 0.321737 -0.889106 0.325540
vn 0.105823 -0.994149 -0.021668
vn -0.188533 -0.583399 -0.790000
vn -0.042474 -0.638298 -0.768616
vn -0.878913 -0.032837 -0.475850
vn -0.351698 -0.464979 -0.812467
vn -0.255221 -0.403089 -0.878852
vn -0.255530 -0.395503 -0.882203
vn 0.189503 -0.971136 0.144859
vn -0.858973 -0.071613 -0.506988
vn -0.570271 -0.503642 -0.648949
vn 0.275671 -0.954330 0.115154
vn 0.205720 -0.714120 -0.669113
vn 0.740013 0.039821 -0.671413
vn -0.867267 -0.446228 0.220746
vn -0.083963 -0.906533 -0.413700
vn 0.124266 0.244564 -0.961637
vn -0.898709 0.105513 -0.425664
vn 0.862900 -0.504326 0.032540
vn 0.884080 -0.304968 0.354114
vn 0.494080 -0.715425 -0.494015
vn 0.376099 -0.255236 -0.890732
vn 0.977146 -0.129761 0.168369
vn 0.829441 0.493826 0.261081
vn -0.115523 0.391934 -0.912711
vn -0.306122 0.204106 -0.929855
vn -0.311466 -0.477429 -0.821615
vn 0.891585 0.069347 0.447512
vn 0.190919 -0.858103 0.476665
vn 0.143927 -0.825874 -0.545176
vn -0.085094 0.287345 -0.954040
vn 0.773474 0.609176 0.175048
vn 0.271408 0.028798 -0.962033
vn 0.143760 0.859479 -0.490539
vn 0.475126 -0.563952 -0.675436
vn 0.640804 -0.764517 0.069879
vn 0.034166 -0.982096 -0.185254
vn 0.119207 -0.812453 0.570710
vn 0.066121 -0.794634 0.603477
vn -0.162997 -0.825445 -0.540437
vn -0.161887 -0.728017 -0.666172
vn -0.218661 -0.445710 -0.868061
vn 0.654438 -0.704560 0.274419
vn 0.947758 -0.204330 -0.244958
vn 0.658110 -0.752505 0.025070
vn -0.673057 -0.739475 0.013072
vn 0.197304 -0.855093 -0.479465
vn 0.881619 -0.369207 -0.293997
vn 0.914111 -0.399723 -0.067991
vn 0.900442 -0.125865 0.416367
vn -0.221279 -0.532187 0.817198
vn -0.117935 -0.780247 -0.614252
vn -0.092397 -0.972177 0.215256
vn -0.104814 -0.415588 -0.903493
vn -0.245242 -0.697395 -0.673422
vn -0.261040 -0.026320 -0.964969
vn -0.002481 -0.955314 0.295582
vn -0.401670 -0.586930 -0.702975
vn 0.019096 -0.699929 0.713958
vn -0.816596 0.317032 -0.482350
vn 0.039507 -0.577576 0.815380
vn 0.337041 -0.908314 0.247726
vn -0.117757 -0.982152 0.146668
vn 0.481727 -0.783487 -0.392540
vn 0.164108 -0.505310 -0.847190
vn -0.445514 -0.879975 0.164806
vn -0.921515 0.385923 0.043297
vn -0.430262 -0.655850 -0.620271
vn 0.027475 -0.970436 -0.239789
vn -0.120083 0.096783 -0.988035
vn 0.231427 -0.733271 -0.639339
vn 0.718675 -0.541462 -0.436263
vn -0.426576 -0.833559 -0.351017
vn 0.451563 -0.887218 0.094529
vn 0.651305 -0.700021 0.292870
vn 0.677239 -0.731776 0.076493
vn 0.647626 0.451366 0.613880
vn 0.772620 -0.532357 0.345911
vn 0.852978 0.428623 -0.297843
vn 0.136480 -0.266117 0.954230
vn 0.985588 -0.030043 0.166474
vn -0.608227 -0.526659 -0.593877
vn 0.676779 -0.684525 0.270918
vn 0.117844 0.831184 -0.543366
vn 0.989002 0.012432 0.147379
vn 0.383791 0.105396 -0.917386
vn 0.427595 -0.554433 -0.713979
vn 0.392524 0.221220 -0.892741
vn -0.734204 0.641342 -0.222766
vn 0.852226 0.492235 -0.177246
vn 0.570335 -0.804246 -0.167049
vn -0.305993 -0.649158 -0.696392
vn -0.538015 0.793669 0.283953
vn -0.977814 -0.098907 -0.184653
vn 0.464240 0.885526 -0.017999
vn 0.965856 0.258810 -0.011859
vn -0.329341 -0.251744 -0.910033
vn 0.928738 -0.247948 0.275623
vn 0.000939 0.396367 -0.918092
vn 0.021147 0.660682 -0.750368
vn 0.551766 -0.808778 0.203547
vn -0.496764 -0.585566 -0.640576
vn -0.239551 -0.948599 -0.206822
vn 0.157127 -0.932390 0.325516
vn 0.847957 -0.365263 0.384126
vn -0.102793 -0.682958 -0.723189
vn 0.853660 -0.417024 -0.312018
vn 0.406424 0.012550 -0.913598
vn 0.818073 -0.532508 0.217237
vn -0.216580 -0.909982 -0.353591
vn -0.056261 0.938430 0.340857
vn 0.275655 -0.890284 -0.362504
vn 0.966082 -0.245939 0.078739
vn 0.564688 0.610562 -0.555285
vn -0.140085 -0.574645 -0.806324
vn -0.222556 0.846930 0.482885
vn 0.163924 -0.730202 -0.663275
vn 0.507915 -0.582047 -0.635015
vn 0.812317 -0.450359 -0.370565
vn -0.037380 0.971848 -0.232625
vn -0.352489 -0.445653 -0.822888
vn 0.544785 -0.254593 0.798994
vn -0.813211 0.554667 0.176161
vn -0.267632 0.898416 -0.348168
vn -0.415227 0.621571 0.664256
vn 0.208541 0.786707 -0.581037
vn 0.735666 0.401597 -0.545449
vn -0.673552 0.569733 -0.470884
vn 0.753080 -0.641519 -0.146027
vn -0.207296 -0.801997 -0.560204
vn -0.336439 -0.577757 -0.743644
vn -0.245406 -0.797065 -0.551782
vn -0.214427 -0.787974 -0.577165
vn -0.227936 -0.805257 -0.547363
vn -0.319226 -0.608259 -0.726715
vn 0.953202 0.090075 -0.288604
vn 0.091205 0.086732 -0.992048
vn 0.798109 0.490838 -0.349427
vn -0.173655 -0.826463 -0.535540
vn -0.321498 -0.640978 -0.696984
vn -0.094889 -0.029312 -0.995056
vn -0.247769 -0.748404 -0.615225
vn -0.215283 -0.430049 -0.876762
vn 0.069050 -0.286760 0.955511
vn 0.024631 -0.899706 0.435800
vn 0.416970 -0.908905 -0.005338
vn -0.047105 0.350767 0.935277
vn -0.397396 0.274840 0.875522
vn 0.188486 -0.076468 0.979094
vn -0.142765 -0.126787 0.981602
vn 0.109462 -0.990614 0.081863
vn -0.409020 -0.833123 -0.372303
vn 0.306415 -0.897494 -0.317196
vn -0.877593 -0.479405 0.000793
vn -0.164822 -0.931636 0.323863
vn -0.110502 -0.673537 -0.730847
vn -0.555540 -0.727843 0.402020
vn 0.420167 -0.907443 -0.002540
vn -0.660546 -0.720197 0.212123
vn -0.736087 -0.288746 0.612211
vn -0.812163 0.549700 -0.195502
vn 0.920024 -0.331422 -0.209081
vn 0.284082 -0.540977 -0.791606
vn 0.140854 -0.458133 -0.877653
vn -0.964174 -0.262861 0.035663
vn -0.990040 0.060452 0.127146
vn 0.672763 -0.332613 0.660878
vn -0.196176 0.906542 0.373761
vn 0.317997 0.048189 -0.946866
vn -0.849513 0.086252 -0.520469
vn 0.707844 -0.303554 0.637818
vn 0.880859 -0.237197 0.409664
vn 0.271023 -0.282337 0.920235
vn 0.994207 0.095472 -0.049367
vn -0.943935 -0.329526 0.019980
vn 0.976782 0.154743 0.148157
vn -0.094587 -0.764287 -0.637901
vn 0.849470 -0.488298 0.199917
vn 0.809306 -0.428172 0.402110
vn -0.731122 -0.112942 -0.672833
vn -0.649880 -0.088637 -0.754850
vn 0.986176 -0.161026 -0.039070
vn 0.362443 -0.931857 -0.016650
vn -0.364966 -0.856057 0.366015
vn -0.696638 -0.585830 0.414124
vn 0.133140 -0.927378 0.349635
vn -0.711105 -0.576477 0.402497
vn -0.617042 -0.772374 0.150655
vn -0.605300 -0.620825 -0.498185
vn 0.536665 -0.606141 0.587012
vn -0.963570 -0.254883 0.081039
vn 0.473043 -0.844068 0.252546
vn -0.815338 0.240453 0.526693
vn 0.622028 0.781495 0.048434
vn -0.444247 0.637091 -0.629888
vn -0.418647 -0.636634 -0.647635
vn -0.824921 -0.558597 -0.086460
vn -0.000187 -0.286136 0.958189
vn 0.933513 -0.289039 0.212158
vn 0.703147 -0.707394 0.071961
vn -0.059329 -0.624467 0.778795
vn 0.835202 -0.167680 0.523756
vn -0.153300 -0.903366 -0.400536
vn -0.741509 -0.479126 -0.469683
vn 0.633188 -0.463976 0.619515
vn -0.358734 -0.793476 0.491636
vn -0.002825 -0.864975 -0.501807
vn -0.673510 -0.627166 -0.391211
vn -0.980618 -0.008428 0.195748
vn -0.652846 -0.305755 0.693041
vn 0.056408 -0.944862 -0.322575
vn -0.878018 -0.462993 -0.121334
vn 0.065779 -0.760076 -0.646496
vn 0.870747 -0.466197 0.156395
vn 0.962670 -0.041602 -0.267462
vn 0.989930 0.133298 -0.047645
vn -0.893247 -0.444187 -0.069334
vn -0.406341 -0.775390 -0.483381
vn -0.779292 -0.011203 0.626561
vn 0.326467 -0.655880 -0.680617
vn 0.676170 -0.634861 0.373826
vn -0.817122 -0.530161 -0.226364
vn 0.832950 -0.542045 0.111277
vn -0.693216 0.672214 -0.259961
vn 0.299095 -0.623325 0.722501
vn -0.428814 0.859178 0.279163
vn -0.927819 0.283963 -0.241903
vn 0.677806 -0.353604 0.644627
vn -0.317160 0.013228 0.948280
vn 0.395380 -0.635391 -0.663290
vn 0.859213 -0.399622 0.319461
vn 0.957245 -0.270554 0.102386
vn 0.423739 -0.885770 -0.189356
vn 0.719854 -0.599351 0.350128
vn 0.146356 -0.777684 0.611382
vn -0.260623 -0.962249 0.078434
vn 0.115366 -0.973985 0.195047
vn -0.652035 -0.356244 0.669284
vn -0.538266 -0.507882 0.672551
vn -0.607923 -0.692284 0.388809
vn -0.157336 -0.981065 0.112943
vn -0.092294 -0.867692 0.488460
vn -0.412503 -0.382319 0.826845
vn 0.275701 -0.951690 -0.135187
vn 0.078783 -0.845449 -0.528213
vn -0.291393 -0.953747 -0.073868
vn -0.926614 -0.253607 0.277616
vn -0.682254 -0.717220 -0.141862
vn -0.214075 -0.785499 -0.580657
vn -0.671841 -0.736998 0.073911
vn 0.134490 -0.887362 -0.441022
vn 0.441631 -0.883613 0.155531
vn 0.879685 0.300582 -0.368517
vn 0.209642 -0.644562 -0.735248
vn 0.207651 -0.779265 0.591292
vn 0.189448 -0.943703 -0.271170
vn 0.421864 -0.823812 0.378635
vn -0.698501 -0.551320 -0.456227
vn -0.388273 -0.735740 -0.554915
vn 0.736965 0.119147 0.665347
vn -0.987069 -0.005781 0.160194
vn 0.055638 -0.843845 -0.533695
vn -0.273750 -0.068219 -0.959379
vn 0.016732 -0.625172 -0.780308
vn 0.171360 -0.892225 0.417817
vn 0.355433 -0.901537 -0.246776
vn 0.659813 -0.718647 0.219529
vn 0.046837 0.926787 0.372656
vn 0.270456 -0.722057 -0.636779
vn 0.013445 -0.306574 -0.951752
vn 0.874432 0.440867 -0.202498
vn 0.467970 -0.261555 0.844152
vn 0.437228 -0.566331 -0.698642
vn 0.271341 -0.953182 0.133486
vn 0.376102 -0.748608 0.546017
vn -0.192017 -0.973226 0.126338
vn -0.327744 -0.757837 0.564152
vn -0.304458 -0.701126 0.644769
vn 0.247048 -0.756290 0.605799
vn 0.949995 0.208602 0.232368
vn -0.932208 0.348250 -0.098539
vn -0.042009 -0.901568 0.430592
vn 0.178799 -0.373325 0.910307
vn 0.690627 -0.721577 -0.048588
vn -0.930116 -0.335920 0.148468
vn -0.924679 -0.146201 -0.351559
vn -0.508619 -0.860804 -0.018005
vn -0.510449 -0.648030 0.565243
vn 0.352247 -0.864941 0.357490
vn 0.165626 0.600009 -0.782660
vn -0.375901 -0.924018 0.069923
vn -0.734313 -0.192635 0.650904
vn 0.943766 -0.253808 -0.211865
vn 0.596200 -0.725020 -0.344808
vn 0.731160 0.651615 -0.201997
vn 0.906262 -0.261318 -0.332269
vn -0.021354 -0.632878 -0.773957
vn -0.211629 -0.973434 0.087406
vn -0.245327 -0.854839 -0.457237
vn -0.680420 -0.721049 0.130835
vn 0.474895 -0.728885 -0.493154
vn -0.447444 -0.681548 -0.579039
vn -0.263595 -0.626809 -0.733231
vn -0.721359 -0.480276 -0.498975
vn 0.362360 -0.440078 0.821600
vn 0.562887 -0.826128 -0.025895
vn -0.334533 -0.905563 -0.260851
vn -0.367776 -0.913221 -0.175407
vn 0.370710 -0.915539 0.156086
vn -0.113167 -0.798057 -0.591860
vn -0.636502 -0.538571 -0.552092
vn 0.076067 -0.997058 0.009388
vn 0.459204 -0.839024 0.291840
vn 0.225403 -0.459534 0.859082
vn 0.266685 -0.883671 0.384713
vn 0.248065 -0.947106 -0.203602
vn -0.280048 -0.877366 -0.389617
vn 0.852343 -0.072379 0.517951
vn -0.359637 -0.633380 -0.685194
vn 0.844577 -0.529799 -0.077484
vn -0.819784 -0.562855 -0.105588
vn -0.553018 -0.475012 -0.684496
vn -0.055303 -0.968236 -0.243847
vn 0.471874 -0.750130 -0.463294
vn -0.255473 0.060316 -0.964933
vn 0.461949 -0.835232 0.298314
vn 0.640811 -0.767670 -0.006602
vn 0.837762 -0.447430 -0.312986
vn 0.519345 -0.814822 0.257579
vn 0.244565 -0.808471 0.535316
vn -0.126209 -0.842907 0.523049
vn 0.184688 -0.641753 0.744341
vn -0.923996 0.381979 0.018015
vn 0.237131 -0.918472 -0.316510
vn -0.146443 -0.969823 -0.194929
vn -0.681556 -0.714225 -0.159261
vn -0.295718 -0.874043 0.385485
vn 0.148413 -0.929531 0.337558
vn 0.245600 -0.961365 0.124329
vn 0.179983 -0.950748 -0.252358
vn 0.286504 -0.950839 0.117564
vn 0.803259 -0.584003 0.117110
vn 0.136953 -0.839870 0.525226
vn 0.118600 -0.872301 0.474369
vn 0.247804 -0.968119 0.036598
vn -0.584179 0.677115 -0.447493
vn 0.016123 0.546832 -0.837087
vn -0.149659 -0.036344 -0.988070
vn -0.244988 0.968530 -0.043928
vn 0.394280 -0.637626 0.661798
vn 0.164818 -0.986075 -0.022148
vn 0.902136 -0.347453 0.255787
vn 0.303178 -0.943490 0.133830
vn -0.425233 -0.771542 0.473181
vn 0.078308 -0.827880 0.555412
vn -0.334890 -0.826050 -0.453310
vn -0.126011 0.028138 -0.991630
vn -0.246463 0.958655 0.142258
vn -0.247832 -0.263766 -0.932205
vn -0.548437 0.814886 -0.187560
vn 0.810220 0.415510 0.413395
vn 0.360028 -0.932679 0.022130
vn -0.007979 -0.862861 0.505378
vn 0.263697 -0.928155 -0.262666
vn 0.223749 -0.967386 -0.118743
vn 0.220337 -0.857682 0.464578
vn 0.002140 -0.995581 0.093886
vn 0.936985 -0.334085 0.102205
vn -0.190389 -0.704436 -0.683756
vn 0.068872 -0.799646 -0.596508
vn 0.201223 -0.945546 0.255834
vn 0.265676 -0.051355 -0.962694
vn 0.273182 -0.026907 0.961586
vn 0.624948 0.027984 0.780164
vn -0.337266 -0.066865 -0.939032
vn -0.039859 -0.702311 0.710754
vn 0.612987 -0.426225 0.665267
vn -0.079901 -0.672733 -0.735559
vn 0.020598 0.731732 0.681281
vn -0.414488 0.356515 0.837315
vn 0.165864 0.985053 0.046477
vn -0.418448 0.404938 -0.812974
vn 0.115183 -0.163274 0.979834
vn -0.277781 -0.333935 0.900736
vn 0.601318 -0.665954 -0.441499
vn 0.975719 -0.077760 -0.204759
vn -0.926690 -0.181337 0.329185
vn -0.932223 -0.152641 0.328117
vn 0.657890 -0.614745 -0.435052
vn 0.576919 -0.455305 0.678131
vn 0.550219 -0.005113 0.835005
vn -0.721652 -0.680808 0.125375
vn -0.403216 -0.864710 -0.299488
vn -0.268309 -0.404820 -0.874146
vn -0.864581 -0.320834 -0.386736
vn 0.882037 -0.439376 -0.170174
vn 0.107935 -0.813015 -0.572151
vn 0.954804 -0.211756 0.208586
vn 0.878926 0.075804 0.470896
vn -0.431604 -0.779601 0.453806
vn -0.674372 -0.271043 -0.686846
vn 0.882912 -0.225746 0.411711
vn 0.623520 -0.744007 -0.240160
vn -0.774155 -0.534011 0.339876
vn 0.001795 -0.959147 -0.282903
vn -0.701550 -0.707773 -0.082969
vn -0.719597 0.629362 0.293399
vn -0.609504 -0.326789 -0.722297
vn 0.039880 -0.316719 -0.947681
vn -0.991752 0.125044 0.028128
vn -0.980384 0.161399 -0.113123
vn -0.588145 -0.555227 -0.588055
vn 0.047537 -0.756108 -0.652718
vn -0.557003 -0.637484 -0.532317
vn -0.426643 -0.601394 0.675501
vn -0.317299 -0.943255 0.097936
vn -0.315744 -0.940735 0.123786
vn 0.307132 -0.902538 -0.301819
vn 0.497525 -0.863228 -0.085473
vn -0.320571 -0.908145 0.269270
vn -0.366679 -0.909608 -0.195343
vn -0.145889 -0.981128 -0.126901
vn 0.293989 -0.927941 0.229122
vn 0.064142 -0.994801 0.079101
vn -0.369249 -0.660377 -0.653879
vn -0.381216 0.395094 -0.835808
vn -0.960137 0.158253 -0.230418
vn -0.059253 -0.285297 -0.956606
vn -0.926886 -0.266124 -0.264687
vn -0.745210 -0.362055 0.559981
vn -0.253463 -0.897560 0.360753
vn -0.329375 -0.914858 -0.233552
vn 0.277363 -0.891958 0.357044
vn -0.466471 -0.862142 0.197777
vn -0.415761 -0.909085 0.026587
vn -0.940678 -0.241164 -0.238673
vn -0.895512 -0.418768 0.150640
vn -0.973531 -0.227234 0.024531
vn -0.925730 -0.096371 -0.365701
vn -0.380509 -0.740025 -0.554595
vn -0.920911 -0.202882 0.332809
vn -0.625586 0.295648 -0.721966
vn -0.694005 -0.008073 -0.719925
vn 0.305287 -0.920135 -0.245257
vn 0.565837 0.027685 -0.824052
vn -0.017400 0.669817 -0.742323
vn -0.138971 0.468673 -0.872372
vn -0.827761 -0.204221 -0.522595
vn -0.315489 -0.939662 -0.132295
vn -0.507550 -0.809573 -0.294932
vn -0.252284 0.074246 -0.964801
vn 0.982425 -0.181549 -0.043367
vn 0.649380 -0.444569 -0.616979
vn -0.045853 -0.736043 -0.675380
vn -0.572504 -0.795354 -0.199125
vn -0.303298 -0.738860 -0.601744
vn -0.615349 -0.644998 -0.453126
vn -0.620053 -0.535211 -0.573659
vn 0.460517 0.779219 -0.425136
vn 0.121295 0.639774 -0.758931
vn -0.602562 0.076551 -0.794392
vn -0.497541 0.464413 -0.732649
vn 0.843274 -0.018559 -0.537164
vn 0.150144 -0.433677 -0.888471
vn 0.230863 0.360444 -0.903760
vn 0.179847 -0.009821 -0.983646
vn 0.389221 -0.053103 -0.919613
vn 0.942959 -0.306791 -0.129257
vn 0.092706 -0.145167 -0.985054
vn 0.245086 -0.280619 -0.928001
vn 0.274448 -0.432751 -0.858723
vn 0.309379 -0.731375 -0.607762
vn -0.312414 -0.196776 -0.929342
vn 0.817361 -0.470850 -0.331996
vn 0.227562 -0.052978 -0.972321
vn 0.341215 -0.673046 -0.656187
vn 0.925242 -0.374055 -0.063329
vn -0.865412 0.276766 0.417686
vn 0.587255 -0.623399 0.516242
vn 0.327442 0.202272 -0.922967
vn 0.555693 0.015773 -0.831238
vn 0.624426 -0.212035 -0.751754
vn 0.208873 -0.601584 -0.771018
vn 0.959295 -0.187838 -0.210881
vn 0.493924 0.115376 -0.861816
vn -0.023522 -0.634857 -0.772272
vn 0.647398 0.319464 -0.691967
vn 0.371200 -0.426765 -0.824671
vn 0.678528 -0.729977 -0.082056
vn 0.252684 -0.680317 -0.687982
vn 0.654091 0.123839 -0.746210
vn 0.381491 -0.908192 -0.172195
vn 0.995996 -0.089392 -0.000749
vn -0.310708 0.327414 -0.892334
vn 0.625532 0.218317 -0.749031
vn 0.953009 -0.132048 -0.272647
vn 0.426642 0.271456 -0.862722
vn 0.883533 -0.289231 -0.368394
vn 0.593172 -0.780557 -0.197175
vn -0.543031 0.475443 -0.692150
vn 0.339170 0.553243 -0.760846
vn 0.627215 -0.527602 -0.572920
vn 0.895695 -0.058728 -0.440774
vn -0.513345 0.659461 -0.549171
vn 0.514534 0.165474 -0.841352
vn 0.612620 0.095311 -0.784609
vn 0.865956 0.125574 -0.484098
vn -0.699203 0.494695 -0.516131
vn 0.257357 -0.860691 0.439293
vn 0.717307 -0.465476 0.518461
vn -0.877584 -0.064833 -0.475019
vn -0.323269 -0.923783 -0.205234
vn -0.294857 -0.788939 -0.539105
vn -0.934048 -0.357129 0.003694
vn -0.590347 -0.322947 -0.739726
vn 0.079265 -0.545653 -0.834254
vn -0.940510 0.311747 0.135112
vn 0.436633 0.514424 -0.738051
vn -0.364256 0.558647 -0.745138
vn 0.581569 0.312703 -0.750996
vn 0.363779 0.634833 -0.681654
vn -0.786532 -0.604985 -0.123938
vn -0.694843 -0.634573 -0.338395
vn -0.193248 -0.825133 -0.530859
vn 0.269991 -0.959841 -0.076225
vn 0.318853 0.900856 0.294604
vn -0.650289 -0.753919 -0.093432
vn -0.649466 -0.477905 -0.591439
vn -0.625759 0.762139 0.166044
vn -0.783844 -0.314095 -0.535662
vn -0.018090 0.161583 -0.986693
vn -0.797676 0.408668 -0.443513
vn -0.579370 0.795361 -0.178134
vn -0.856195 0.508248 -0.092811
vn 0.487373 0.577994 -0.654516
vn -0.100567 0.260461 -0.960232
vn 0.467456 -0.242147 0.850206
vn 0.392013 -0.570843 0.721432
vn 0.712883 -0.699893 0.044128
vn -0.553829 0.404621 -0.727705
vn -0.349288 0.190963 -0.917350
vn -0.568447 0.382621 -0.728333
vn 0.503135 -0.224456 0.834550
vn 0.153421 -0.980181 -0.125327
vn -0.256894 -0.372572 -0.891738
vn -0.307525 -0.779335 -0.545953
vn -0.488086 -0.240917 -0.838887
vn -0.095546 0.584838 -0.805503
vn 0.209298 0.685350 -0.697488
vn 0.868236 0.123257 -0.480597
vn 0.305057 0.841131 -0.446586
vn 0.065672 0.411649 -0.908973
vn -0.951989 -0.283559 -0.115373
vn -0.669188 -0.233201 0.705553
vn 0.241745 0.666053 -0.705644
vn -0.175947 -0.598664 0.781438
vn -0.162122 -0.030444 -0.986301
vn -0.703234 0.392346 -0.592897
vn 0.807703 0.581551 -0.097030
vn -0.436568 0.366184 -0.821778
vn 0.538077 0.592200 -0.599810
vn -0.636054 0.768488 0.069720
vn -0.702651 -0.210491 0.679688
vn 0.018932 -0.806464 -0.590980
vn -0.993456 0.048784 0.103268
vn -0.466548 -0.040629 -0.883562
vn -0.811422 0.565456 -0.147831
vn -0.722576 0.547503 -0.422047
vn -0.544991 0.618973 -0.565559
vn -0.214473 -0.004848 -0.976718
vn 0.064548 -0.557181 0.827879
vn -0.078918 -0.332567 -0.939772
vn 0.119176 -0.406663 -0.905772
vn -0.241870 -0.717047 -0.653714
vn -0.509493 -0.212940 0.833711
vn 0.168276 0.501796 0.848460
vn -0.829952 0.330316 0.449523
vn 0.401778 -0.816815 0.413990
vn -0.432045 0.691167 -0.579332
vn 0.520348 -0.535955 0.664823
vn 0.507339 -0.097201 0.856247
vn -0.487738 0.462842 0.740195
vn 0.148334 -0.587956 -0.795176
vn 0.218099 -0.973882 -0.063136
vn -0.354071 -0.249964 -0.901194
vn -0.046934 -0.045621 -0.997856
vn -0.296019 -0.211614 -0.931447
vn -0.859915 0.092127 -0.502054
vn -0.442500 -0.286784 -0.849676
vn -0.921750 0.357589 0.150024
vn -0.983477 0.120071 0.135484
vn -0.928822 -0.188178 -0.319185
vn -0.111494 -0.347499 -0.931028
vn 0.019912 0.659642 -0.751316
vn -0.977884 -0.204990 0.041507
vn -0.787775 -0.614092 0.047966
vn -0.031271 -0.908649 -0.416388
vn -0.392683 -0.919570 0.013837
vn -0.396116 -0.378370 -0.836617
vn 0.037809 -0.814318 -0.579186
vn -0.373890 -0.838550 0.396283
vn -0.404602 -0.442030 -0.800566
vn -0.299593 -0.492135 -0.817341
vn -0.667228 0.643028 -0.375928
vn -0.390147 0.248534 -0.886575
vn 0.259534 -0.356807 -0.897402
vn 0.929559 0.178062 -0.322821
vn 0.619994 0.496150 -0.607818
vn 0.389076 0.409695 -0.825088
vn -0.750442 -0.592377 0.293131
vn 0.415280 -0.365599 -0.832994
vn 0.503032 0.077493 -0.860787
vn -0.654907 -0.309551 0.689402
vn -0.487795 -0.704025 -0.516145
vn 0.354903 -0.222962 -0.907927
vn 0.433105 -0.312899 -0.845289
vn -0.686771 -0.370592 0.625305
vn -0.543789 -0.237825 0.804818
vn 0.531433 -0.012538 -0.847007
vn 0.455868 0.486157 -0.745544
vn -0.502092 -0.851840 0.149235
vn 0.443147 0.680591 -0.583452
vn -0.431378 0.801473 -0.414191
vn 0.114381 -0.188805 -0.975331
vn 0.411033 0.911214 0.027209
vn -0.539379 -0.431391 -0.723168
vn -0.780277 0.415164 -0.467768
vn 0.003689 0.575592 0.817729
vn 0.263229 -0.720426 -0.641637
vn -0.068708 -0.471174 -0.879360
vn 0.123702 0.571697 -0.811086
vn 0.288841 -0.940493 0.179006
vn 0.407831 -0.604338 -0.684434
vn 0.915359 -0.354746 0.190455
vn 0.870494 0.007228 0.492126
vn 0.326313 -0.516140 -0.791909
vn -0.832887 -0.534652 -0.142995
vn -0.496767 0.073035 -0.864805
vn -0.703469 0.642408 -0.304046
vn 0.058445 -0.090697 -0.994162
vn -0.819982 -0.529524 0.217333
vn 0.085433 0.648815 0.756135
vn -0.513952 -0.845184 0.146689
vn -0.930957 -0.236121 -0.278505
vn 0.432235 0.748503 -0.502908
vn 0.023107 0.445020 -0.895222
vn -0.839968 -0.279661 -0.465020
vn 0.756252 -0.207247 -0.620590
vn 0.376144 -0.365606 -0.851380
vn -0.097915 -0.235984 -0.966811
vn 0.057838 -0.400880 -0.914303
vn -0.394820 -0.746781 -0.535196
vn 0.708729 -0.090950 -0.699594
vn 0.197312 0.284067 -0.938283
vn -0.691109 0.220478 -0.688301
vn 0.057362 -0.548008 -0.834504
vn 0.417660 0.085679 0.904555
vn 0.979935 -0.072966 0.185481
vn 0.150658 0.988198 -0.027676
vn 0.228287 0.113554 -0.966949
vn 0.009206 0.925154 0.379480
vn -0.176893 0.905176 0.386478
vn 0.508373 0.331360 -0.794832
vn -0.312094 0.949482 -0.032890
vn -0.951740 0.292317 0.093495
vn 0.096068 0.387610 -0.916804
vn -0.483334 0.342872 -0.805498
vn -0.044155 0.014811 -0.998915
vn -0.051722 -0.308407 -0.949847
vn -0.390229 0.852393 -0.348062
vn -0.817495 -0.040617 0.574501
vn -0.827000 -0.506514 -0.243957
vn -0.726503 0.318942 -0.608662
vn 0.126258 0.956887 0.261583
vn -0.330290 0.942613 -0.048878
vn -0.725024 0.683215 0.086931
vn -0.290757 0.198588 -0.935961
vn -0.235554 -0.147050 -0.960672
vn 0.251305 0.776703 -0.577562
vn -0.236115 0.543988 -0.805188
vn 0.079567 0.038059 -0.996103
vn -0.653950 0.027760 -0.756028
vn -0.032516 -0.476815 -0.878402
vn -0.134703 -0.459247 -0.878036
vn -0.633222 -0.168621 -0.755378
vn -0.462128 0.191325 -0.865929
vn 0.335367 0.090460 -0.937735
vn 0.473107 0.336899 -0.814045
vn 0.177917 -0.206784 -0.962074
vn 0.144726 -0.744127 -0.652173
vn -0.554907 -0.806052 0.205810
vn -0.121208 -0.722022 -0.681170
vn -0.112559 -0.772105 -0.625447
vn 0.447762 0.729471 -0.517090
vn 0.550897 0.378694 -0.743709
vn -0.405248 0.859847 -0.310544
vn 0.261051 -0.562861 -0.784245
vn -0.865076 0.333807 -0.374455
vn -0.712617 -0.270977 -0.647108
vn -0.620693 -0.493763 -0.609047
vn -0.332831 0.462803 -0.821607
vn -0.761979 0.547697 -0.345566
vn -0.324451 -0.378470 -0.866886
vn 0.627684 -0.087534 -0.773531
vn 0.286018 -0.176948 -0.941745
vn 0.599559 -0.454350 0.658859
vn 0.343995 -0.626848 -0.699091
vn -0.574889 -0.764390 -0.291910
vn -0.171779 -0.772088 -0.611860
vn -0.800978 -0.243007 -0.547158
vn 0.953426 0.219772 0.206591
vn -0.993281 0.041062 0.108199
vn 0.690864 -0.713900 -0.114256
vn 0.267514 -0.633733 -0.725822
vn -0.300719 -0.159306 -0.940314
vn 0.188752 0.371320 -0.909117
vn -0.317568 -0.054648 -0.946660
vn -0.764088 -0.636562 0.104677
vn -0.916951 0.007953 -0.398921
vn 0.113423 0.979786 -0.164788
vn -0.730749 -0.384787 -0.563865
vn -0.340146 0.746807 -0.571472
vn -0.721883 -0.222765 -0.655180
vn -0.665917 0.004380 -0.746013
vn -0.836635 0.340866 -0.428780
vn 0.032957 0.433237 -0.900677
vn -0.971827 0.233493 0.032139
vn -0.933890 0.197408 -0.298125
vn -0.017019 -0.678443 0.734456
vn 0.136227 -0.302953 -0.943219
vn 0.174298 -0.129285 -0.976169
vn -0.721841 -0.048264 -0.690374
vn -0.947705 0.242089 -0.207962
vn -0.948820 0.082390 -0.304881
vn -0.419545 -0.721207 -0.551219
vn -0.861912 -0.147273 0.485199
vn 0.511806 -0.825467 0.238030
vn 0.640029 0.754648 -0.144461
vn -0.165369 -0.964247 -0.207078
vn -0.819922 -0.413631 -0.395773
vn -0.154486 0.696369 -0.700859
vn 0.413055 0.685941 0.599058
vn 0.761687 -0.048355 0.646139
vn -0.093576 -0.718139 -0.689579
vn -0.773742 0.214506 -0.596079
vn -0.783528 -0.256266 -0.566049
vn 0.390744 -0.252398 -0.885220
vn -0.262888 0.345097 -0.900998
vn 0.214003 0.826083 0.521334
vn 0.478118 0.781201 -0.401407
vn -0.320301 -0.448627 -0.834351
vn 0.761942 0.352633 0.543227
vn 0.425729 0.862774 -0.272720
vn -0.977831 -0.130825 -0.163496
vn 0.257479 0.163196 -0.952403
vn -0.054301 -0.192127 -0.979867
vn 0.701853 -0.064006 -0.709440
vn 0.710425 0.190797 -0.677416
vn 0.213770 0.611691 -0.761667
vn -0.382162 0.477540 -0.791143
vn -0.748653 0.536221 -0.389854
vn 0.097662 0.718907 -0.688211
vn -0.660781 -0.455728 -0.596390
vn -0.496243 -0.325714 -0.804769
vn 0.030487 -0.370843 -0.928195
vn -0.487973 0.062191 -0.870640
vn 0.597632 -0.125894 -0.791825
vn -0.401529 -0.372765 -0.836553
vn -0.500367 0.629441 -0.594506
vn -0.672622 -0.380461 -0.634689
vn -0.061856 -0.003314 -0.998080
vn -0.137706 0.605523 -0.783823
vn 0.208330 0.593636 -0.777300
vn 0.036838 -0.070577 -0.996826
vn 0.164370 0.979002 -0.120572
vn 0.228136 0.721123 -0.654168
vn -0.832181 -0.307194 -0.461634
vn 0.423638 -0.266262 -0.865815
vn -0.685650 0.217410 -0.694706
vn 0.103338 0.842397 0.528855
vn -0.808304 0.565699 -0.163183
vn -0.635161 0.310224 -0.707341
vn -0.138203 0.684774 -0.715531
vn 0.563529 0.229223 0.793657
vn -0.284157 0.801972 -0.525448
vn -0.218394 -0.888007 -0.404658
vn 0.850084 -0.201982 -0.486375
vn 0.764849 0.058005 -0.641593
vn 0.718676 0.064609 0.692337
vn -0.989044 0.127138 -0.075022
vn 0.989821 -0.120048 0.076445
vn 0.977819 -0.053549 0.202492
vn 0.005620 0.317385 -0.948280
vn 0.081993 0.562428 -0.822771
vn -0.560591 0.097544 -0.822328
vn -0.710840 -0.004519 -0.703340
vn -0.949958 -0.056878 0.307155
vn 0.214109 -0.627499 -0.748600
vn 0.013838 0.959103 0.282717
vn -0.399413 -0.197282 -0.895293
vn -0.750615 0.652060 -0.106745
vn -0.687793 0.253105 -0.680352
vn -0.068605 -0.070971 -0.995116
vn -0.048892 -0.169370 -0.984339
vn -0.933513 0.071996 0.351241
vn -0.915788 -0.351547 0.194286
vn -0.892391 -0.318023 0.320157
vn -0.988009 -0.086082 -0.128169
vn -0.920295 0.241677 -0.307650
vn 0.025047 0.998971 -0.037812
vn -0.753668 -0.371600 -0.542123
vn -0.408342 0.275937 -0.870124
vn -0.179005 0.732519 -0.656790
vn -0.556114 0.824839 -0.101873
vn -0.212881 0.943367 -0.254441
vn -0.327195 -0.687498 -0.648298
vn -0.329611 0.072206 -0.941352
vn -0.331406 0.685543 -0.648229
vn -0.225278 0.218360 -0.949510
vn 0.147435 -0.358758 -0.921713
vn -0.555542 -0.577254 -0.598457
vn -0.099101 -0.050528 -0.993794
vn -0.884229 0.378074 -0.274224
vn -0.893755 -0.329038 -0.304854
vn -0.334177 -0.934436 -0.123104
vn 0.606193 0.583586 -0.540331
vn 0.415462 0.909529 0.012167
vn -0.953417 -0.292623 -0.073271
vn -0.756984 0.366015 -0.541303
vn -0.526983 -0.734166 -0.428123
vn -0.548737 0.287488 -0.785009
vn -0.893137 -0.155512 -0.422046
vn -0.076476 -0.993673 -0.082257
vn -0.307119 0.729961 0.610602
vt 0.306713 0.238968
vt 0.305901 0.254461
vt 0.293221 0.254479
vt 0.311092 0.242533
vt 0.301768 0.234612
vt 0.302432 0.247498
vt 0.293932 0.242808
vt 0.305533 0.264012
vt 0.299700 0.267197
vt 0.289391 0.267404
vt 0.296368 0.261359
vt 0.294676 0.250388
vt 0.285227 0.254709
vt 0.279712 0.261498
vt 0.298348 0.277971
vt 0.286668 0.285922
vt 0.288565 0.274833
vt 0.279297 0.272378
vt 0.288707 0.233161
vt 0.279297 0.239495
vt 0.926155 0.172678
vt 0.931362 0.170266
vt 0.926007 0.161853
vt 0.925839 0.154737
vt 0.918174 0.156182
vt 0.916363 0.162842
vt 0.913951 0.149369
vt 0.904890 0.149996
vt 0.921639 0.168937
vt 0.912893 0.173863
vt 0.910388 0.197727
vt 0.910240 0.178332
vt 0.911929 0.185916
vt 0.906330 0.187365
vt 0.918931 0.200277
vt 0.905880 0.166604
vt 0.894531 0.164218
vt 0.899366 0.153846
vt 0.902037 0.178251
vt 0.907446 0.205642
vt 0.898029 0.192004
vt 0.899833 0.199953
vt 0.545898 0.675353
vt 0.546588 0.677881
vt 0.545898 0.678490
vt 0.086163 0.900148
vt 0.085938 0.896642
vt 0.088687 0.899392
vt 0.086961 0.900446
vt 0.084961 0.980264
vt 0.086399 0.978286
vt 0.084963 0.978369
vt 0.086287 0.977096
vt 0.086556 0.978946
vt 0.087623 0.980249
vt 0.086978 0.979178
vt 0.088650 0.979459
vt 0.085505 0.977495
vt 0.086842 0.980171
vt 0.087503 0.920547
vt 0.085787 0.921201
vt 0.085708 0.919940
vt 0.084961 0.920402
vt 0.086192 0.921745
vt 0.086484 0.923007
vt 0.085844 0.922235
vt 0.085399 0.923715
vt 0.085506 0.920090
vt 0.086484 0.923007
vt 0.545372 0.730015
vt 0.545798 0.732557
vt 0.545003 0.732160
vt 0.545671 0.731044
vt 0.545749 0.732852
vt 0.543988 0.732193
vt 0.543945 0.732852
vt 0.549172 0.665241
vt 0.548969 0.666888
vt 0.548506 0.666450
vt 0.548663 0.665143
vt 0.546083 0.665988
vt 0.546973 0.664331
vt 0.546472 0.667540
vt 0.545898 0.667214
vt 0.542118 0.920780
vt 0.542457 0.921039
vt 0.542305 0.921146
vt 0.541992 0.921792
vt 0.543905 0.921611
vt 0.542615 0.920807
vt 0.543020 0.922217
vt 0.543292 0.922045
vt 0.542588 0.920945
vt 0.542023 0.912967
vt 0.542411 0.912725
vt 0.542236 0.912659
vt 0.541992 0.911948
vt 0.543697 0.911846
vt 0.542509 0.912861
vt 0.543020 0.911522
vt 0.543137 0.911673
vt 0.542535 0.912826
vt 0.542154 0.863908
vt 0.541992 0.863480
vt 0.543407 0.865157
vt 0.542810 0.863017
vt 0.543299 0.863506
vt 0.543004 0.863729
vt 0.543829 0.864608
vt 0.542976 0.864119
vt 0.391397 0.801762
vt 0.391455 0.801974
vt 0.391402 0.802308
vt 0.390625 0.801531
vt 0.391413 0.749833
vt 0.391227 0.748747
vt 0.391173 0.749398
vt 0.391225 0.749644
vt 0.391000 0.749936
vt 0.390801 0.749326
vt 0.390735 0.748840
vt 0.390625 0.749720
vt 0.391413 0.748780
vt 0.390893 0.885026
vt 0.391036 0.885371
vt 0.390625 0.885317
vt 0.390850 0.714275
vt 0.390910 0.714048
vt 0.391250 0.714251
vt 0.390625 0.713670
vt 0.391506 0.714551
vt 0.678138 0.029352
vt 0.674724 0.034825
vt 0.684020 0.031358
vt 0.676760 0.039972
vt 0.755405 0.016960
vt 0.742743 0.008295
vt 0.753515 0.024476
vt 0.745036 0.041215
vt 0.734209 0.024029
vt 0.737158 0.032072
vt 0.737046 0.040047
vt 0.722372 0.032842
vt 0.710914 0.026995
vt 0.717538 0.040323
vt 0.688491 0.040289
vt 0.702998 0.058568
vt 0.707525 0.049045
vt 0.673828 0.026625
vt 0.680822 0.023006
vt 0.684003 0.019557
vt 0.708009 0.004100
vt 0.719542 0.003906
vt 0.701602 0.021793
vt 0.700575 0.014818
vt 0.708264 0.013103
vt 0.689486 0.028117
vt 0.698835 0.009791
vt 0.717029 0.014958
vt 0.725119 0.017893
vt 0.713958 0.021652
vt 0.719492 0.019486
vt 0.697308 0.045046
vt 0.679949 0.050930
vt 0.685245 0.054668
vt 0.698077 0.060666
vt 0.979492 0.632254
vt 0.986713 0.630648
vt 0.986713 0.645496
vt 0.487102 0.160343
vt 0.484299 0.193129
vt 0.487102 0.178821
vt 0.479017 0.169396
vt 0.470948 0.206816
vt 0.463345 0.197297
vt 0.469915 0.192378
vt 0.479236 0.163509
vt 0.464453 0.170662
vt 0.460938 0.178203
vt 0.652344 0.903934
vt 0.663612 0.903031
vt 0.668749 0.878534
vt 0.652344 0.875064
vt 0.499023 0.446757
vt 0.507796 0.434799
vt 0.499023 0.426146
vt 0.794991 0.450832
vt 0.794922 0.434255
vt 0.803410 0.442413
vt 0.695313 0.843435
vt 0.696820 0.826515
vt 0.705077 0.833671
vt 0.329102 0.859316
vt 0.333499 0.862087
vt 0.334020 0.862422
vt 0.329102 0.870774
vt 0.331607 0.854770
vt 0.366211 0.533111
vt 0.370755 0.530021
vt 0.371237 0.529875
vt 0.366211 0.521935
vt 0.036964 0.369466
vt 0.033203 0.363169
vt 0.047877 0.347584
vt 0.043234 0.355284
vt 0.040792 0.364160
vt 0.043551 0.373046
vt 0.043247 0.373466
vt 0.043140 0.373369
vt 0.047877 0.381881
vt 0.035841 0.353227
vt 0.836914 0.516717
vt 0.846847 0.532293
vt 0.851308 0.510755
vt 0.680664 0.153974
vt 0.672098 0.169721
vt 0.685887 0.159689
vt 0.675743 0.167995
vt 0.675440 0.158640
vt 0.680551 0.164125
vt 0.672399 0.173692
vt 0.667797 0.165739
vt 0.662472 0.178774
vt 0.676817 0.148005
vt 0.667372 0.146438
vt 0.665204 0.158396
vt 0.670538 0.143644
vt 0.653953 0.113355
vt 0.655885 0.137199
vt 0.649597 0.135086
vt 0.643220 0.103606
vt 0.647813 0.114973
vt 0.641516 0.123449
vt 0.693688 0.153089
vt 0.655731 0.156842
vt 0.646312 0.148861
vt 0.657953 0.171030
vt 0.640625 0.167966
vt 0.650913 0.178842
vt 0.654392 0.164858
vt 0.650478 0.164681
vt 0.587891 0.726966
vt 0.590907 0.725159
vt 0.605697 0.728187
vt 0.593992 0.733312
vt 0.594381 0.733327
vt 0.593506 0.738004
vt 0.603778 0.740508
vt 0.587891 0.747715
vt 0.065430 0.483350
vt 0.074936 0.470795
vt 0.074936 0.484520
vt 0.795613 0.413837
vt 0.794922 0.426443
vt 0.806613 0.418393
vt 0.787680 0.275663
vt 0.777056 0.277628
vt 0.787680 0.295797
vt 0.777429 0.286879
vt 0.776799 0.297036
vt 0.768555 0.298506
vt 0.770977 0.289117
vt 0.765625 0.895607
vt 0.774999 0.885050
vt 0.765625 0.876893
vt 0.804139 0.662725
vt 0.794922 0.666127
vt 0.794922 0.654305
vt 0.867049 0.642246
vt 0.867049 0.631320
vt 0.856445 0.634717
vt 0.979492 0.562474
vt 0.984319 0.573232
vt 0.979492 0.577412
vt 0.732257 0.285741
vt 0.728899 0.273034
vt 0.725524 0.277510
vt 0.706226 0.291961
vt 0.722136 0.291961
vt 0.720073 0.283129
vt 0.713008 0.275550
vt 0.709174 0.280020
vt 0.693359 0.291701
vt 0.694031 0.278683
vt 0.722069 0.265981
vt 0.715736 0.259582
vt 0.704069 0.267667
vt 0.703162 0.259907
vt 0.167138 0.484330
vt 0.165039 0.494950
vt 0.169817 0.512570
vt 0.165039 0.519611
vt 0.175594 0.504839
vt 0.181668 0.497765
vt 0.178352 0.513689
vt 0.166916 0.504578
vt 0.584434 0.076783
vt 0.583984 0.104386
vt 0.595888 0.115461
vt 0.603825 0.117553
vt 0.596336 0.128662
vt 0.604577 0.126979
vt 0.604257 0.153328
vt 0.584168 0.085229
vt 0.588265 0.085886
vt 0.590916 0.091148
vt 0.593207 0.095655
vt 0.597653 0.089077
vt 0.602677 0.091742
vt 0.605665 0.097141
vt 0.623344 0.101670
vt 0.609539 0.105878
vt 0.617196 0.106585
vt 0.615867 0.096853
vt 0.615959 0.123516
vt 0.211291 0.880417
vt 0.208984 0.893880
vt 0.217694 0.898868
vt 0.213531 0.884208
vt 0.214145 0.890281
vt 0.215608 0.889243
vt 0.217694 0.879586
vt 0.915178 0.469286
vt 0.907137 0.458769
vt 0.909396 0.472062
vt 0.901062 0.460665
vt 0.894531 0.456005
vt 0.900819 0.470315
vt 0.894531 0.471270
vt 0.896895 0.486542
vt 0.902358 0.483385
vt 0.200649 0.422710
vt 0.190325 0.433381
vt 0.191660 0.418096
vt 0.200649 0.412234
vt 0.176513 0.410026
vt 0.171480 0.414760
vt 0.167210 0.418732
vt 0.200509 0.400913
vt 0.180904 0.398535
vt 0.165166 0.399449
vt 0.175689 0.433038
vt 0.165039 0.410447
vt 0.408338 0.824244
vt 0.415859 0.823759
vt 0.399430 0.794333
vt 0.407192 0.807125
vt 0.399414 0.809201
vt 0.415859 0.795603
vt 0.415849 0.805439
vt 0.878826 0.803308
vt 0.879457 0.803722
vt 0.879457 0.808336
vt 0.878590 0.804931
vt 0.877930 0.805740
vt 0.877942 0.808361
vt 0.544159 0.743794
vt 0.545814 0.741439
vt 0.543945 0.740665
vt 0.198485 0.841512
vt 0.198258 0.840234
vt 0.198598 0.840300
vt 0.197562 0.840334
vt 0.196289 0.836525
vt 0.197544 0.838710
vt 0.198712 0.839119
vt 0.197695 0.835793
vt 0.198712 0.835230
vt 0.196776 0.835826
vt 0.544922 0.720667
vt 0.545549 0.722203
vt 0.545419 0.719370
vt 0.546644 0.719559
vt 0.543212 0.812834
vt 0.543407 0.815229
vt 0.543813 0.813675
vt 0.543221 0.814462
vt 0.543248 0.814181
vt 0.542969 0.814361
vt 0.543328 0.815007
vt 0.543654 0.814541
vt 0.543813 0.815227
vt 0.543945 0.751607
vt 0.546744 0.751607
vt 0.545307 0.752775
vt 0.546157 0.752698
vt 0.546747 0.753125
vt 0.546130 0.753021
vt 0.545386 0.753790
vt 0.542814 0.958627
vt 0.541992 0.959452
vt 0.542715 0.959857
vt 0.542814 0.960461
vt 0.390625 0.722363
vt 0.391053 0.722390
vt 0.391475 0.722667
vt 0.391500 0.723239
vt 0.390625 0.877214
vt 0.390625 0.877016
vt 0.391179 0.877072
vt 0.542842 0.855205
vt 0.542729 0.854546
vt 0.542584 0.854536
vt 0.541992 0.853153
vt 0.545135 0.763192
vt 0.544093 0.762052
vt 0.545259 0.761602
vt 0.544043 0.762100
vt 0.545742 0.762436
vt 0.544957 0.762720
vt 0.545535 0.762175
vt 0.545412 0.762627
vt 0.545847 0.762962
vt 0.543945 0.761659
vt 0.545756 0.763773
vt 0.542965 0.978338
vt 0.542628 0.977123
vt 0.541992 0.978659
vt 0.391462 0.758585
vt 0.391176 0.758037
vt 0.390625 0.757748
vt 0.390875 0.767189
vt 0.390629 0.767011
vt 0.390979 0.767189
vt 0.390969 0.766774
vt 0.390812 0.766848
vt 0.390625 0.766538
vt 0.390795 0.767049
vt 0.391585 0.767237
vt 0.390852 0.766398
vt 0.390891 0.766543
vt 0.390825 0.767329
vt 0.390625 0.852267
vt 0.390991 0.852365
vt 0.391383 0.852533
vt 0.390869 0.852525
vt 0.391390 0.852267
vt 0.188349 0.467325
vt 0.187500 0.476518
vt 0.187500 0.450145
vt 0.192477 0.455724
vt 0.195250 0.473474
vt 0.199753 0.469768
vt 0.199658 0.448563
vt 0.188602 0.441193
vt 0.199579 0.457299
vt 0.308373 0.833246
vt 0.312156 0.806495
vt 0.316209 0.807525
vt 0.310391 0.826932
vt 0.317047 0.819357
vt 0.317105 0.823396
vt 0.323224 0.818396
vt 0.307157 0.800472
vt 0.303711 0.826788
vt 0.305098 0.815021
vt 0.507853 0.660162
vt 0.506836 0.664238
vt 0.506836 0.655826
vt 0.569336 0.034227
vt 0.570208 0.041089
vt 0.569336 0.057728
vt 0.280313 0.349646
vt 0.286527 0.359165
vt 0.279672 0.365299
vt 0.287058 0.364909
vt 0.278320 0.357904
vt 0.295421 0.349426
vt 0.295421 0.361154
vt 0.290432 0.371096
vt 0.984375 0.379936
vt 0.991860 0.378909
vt 0.990157 0.393895
vt 0.172852 0.859542
vt 0.182159 0.863403
vt 0.172852 0.879822
vt 0.174376 0.868829
vt 0.187163 0.874691
vt 0.175335 0.890840
vt 0.178005 0.885866
vt 0.185462 0.890766
vt 0.181493 0.882272
vt 0.183587 0.885057
vt 0.650391 0.645260
vt 0.654276 0.623826
vt 0.656002 0.618109
vt 0.651407 0.631994
vt 0.650391 0.617908
vt 0.661951 0.615951
vt 0.668097 0.623336
vt 0.667010 0.635066
vt 0.657342 0.634338
vt 0.569315 0.221880
vt 0.565474 0.229926
vt 0.556060 0.216389
vt 0.558210 0.238039
vt 0.555664 0.227019
vt 0.561040 0.228176
vt 0.391008 0.390653
vt 0.390625 0.401744
vt 0.403866 0.390497
vt 0.413516 0.377296
vt 0.413294 0.387436
vt 0.399384 0.380017
vt 0.417722 0.383487
vt 0.411351 0.396019
vt 0.407794 0.397423
vt 0.411853 0.401039
vt 0.400559 0.368886
vt 0.393148 0.370230
vt 0.390625 0.379021
vt 0.841381 0.565556
vt 0.838776 0.583659
vt 0.834961 0.576103
vt 0.852105 0.581659
vt 0.852105 0.570761
vt 0.781071 0.557197
vt 0.782095 0.553175
vt 0.774549 0.554550
vt 0.787066 0.566531
vt 0.779816 0.569617
vt 0.775652 0.575490
vt 0.767019 0.553175
vt 0.768310 0.564956
vt 0.766602 0.569137
vt 0.367050 0.591119
vt 0.368732 0.583871
vt 0.364258 0.583602
vt 0.364258 0.594744
vt 0.370414 0.594196
vt 0.487237 0.929223
vt 0.489363 0.931572
vt 0.484008 0.934283
vt 0.492427 0.924606
vt 0.493567 0.925795
vt 0.492592 0.939687
vt 0.490821 0.940664
vt 0.493567 0.942037
vt 0.483751 0.927028
vt 0.483398 0.928150
vt 0.768145 0.373906
vt 0.767578 0.369287
vt 0.772865 0.366076
vt 0.776932 0.372377
vt 0.787061 0.388094
vt 0.784848 0.376383
vt 0.779075 0.387226
vt 0.787061 0.365380
vt 0.239339 0.253111
vt 0.238544 0.252436
vt 0.238951 0.252796
vt 0.240618 0.250697
vt 0.237938 0.240350
vt 0.236901 0.255910
vt 0.228604 0.252505
vt 0.236426 0.267827
vt 0.225185 0.263928
vt 0.234792 0.249603
vt 0.228314 0.240879
vt 0.224609 0.245436
vt 0.224609 0.259411
vt 0.115771 0.345581
vt 0.114124 0.358082
vt 0.115223 0.316699
vt 0.113556 0.328679
vt 0.117291 0.337217
vt 0.101776 0.339324
vt 0.102608 0.321377
vt 0.097534 0.322708
vt 0.099941 0.333220
vt 0.087891 0.327318
vt 0.089381 0.316699
vt 0.105327 0.350001
vt 0.106809 0.345267
vt 0.096875 0.345021
vt 0.098328 0.357527
vt 0.103060 0.357683
vt 0.088963 0.335192
vt 0.089395 0.343260
vt 0.330132 0.255540
vt 0.353744 0.252563
vt 0.345320 0.258250
vt 0.327607 0.222070
vt 0.349109 0.239025
vt 0.343207 0.248052
vt 0.337931 0.235392
vt 0.357826 0.226484
vt 0.332479 0.231542
vt 0.343529 0.227764
vt 0.325195 0.241009
vt 0.335692 0.249461
vt 0.337781 0.241253
vt 0.331338 0.243009
vt 0.331739 0.242948
vt 0.332137 0.238781
vt 0.361853 0.207356
vt 0.338847 0.208603
vt 0.361853 0.253384
vt 0.354800 0.246173
vt 0.347707 0.215570
vt 0.328132 0.242613
vt 0.602580 0.854724
vt 0.587891 0.846534
vt 0.591006 0.853568
vt 0.587891 0.868921
vt 0.441795 0.196373
vt 0.438477 0.205430
vt 0.441795 0.221107
vt 0.257158 0.005067
vt 0.238607 0.003951
vt 0.241629 0.007415
vt 0.236481 0.010268
vt 0.218952 0.012081
vt 0.259159 0.011573
vt 0.229347 0.030445
vt 0.236594 0.038870
vt 0.237898 0.022079
vt 0.209875 0.003906
vt 0.187257 0.059306
vt 0.177018 0.039023
vt 0.182681 0.057270
vt 0.164363 0.029203
vt 0.205686 0.015127
vt 0.221344 0.008336
vt 0.213377 0.016263
vt 0.204992 0.004530
vt 0.196946 0.009384
vt 0.199630 0.022113
vt 0.203058 0.026590
vt 0.180091 0.027162
vt 0.195465 0.025504
vt 0.214308 0.024346
vt 0.189199 0.020307
vt 0.174156 0.021325
vt 0.170102 0.008147
vt 0.217332 0.021606
vt 0.196924 0.034015
vt 0.187882 0.040375
vt 0.183472 0.035674
vt 0.188192 0.030853
vt 0.169885 0.025883
vt 0.168282 0.033659
vt 0.154297 0.017259
vt 0.467195 0.766394
vt 0.467251 0.780444
vt 0.461914 0.783067
vt 0.461914 0.766270
vt 0.559570 0.608869
vt 0.559570 0.590763
vt 0.566560 0.608009
vt 0.706249 0.491482
vt 0.695313 0.504516
vt 0.705210 0.477350
vt 0.706623 0.484935
vt 0.701791 0.498330
vt 0.695313 0.483993
vt 0.474264 0.568781
vt 0.461914 0.582987
vt 0.474264 0.593245
vt 0.500000 0.015329
vt 0.503547 0.021228
vt 0.505858 0.024937
vt 0.508939 0.032738
vt 0.522381 0.059268
vt 0.531036 0.064984
vt 0.540060 0.069469
vt 0.508614 0.006111
vt 0.515308 0.003906
vt 0.525442 0.012929
vt 0.509281 0.019640
vt 0.516726 0.015555
vt 0.517496 0.024119
vt 0.521854 0.016843
vt 0.521388 0.007569
vt 0.537837 0.009445
vt 0.526435 0.034537
vt 0.535878 0.027407
vt 0.555911 0.007913
vt 0.547567 0.041067
vt 0.536138 0.038042
vt 0.541035 0.048991
vt 0.519628 0.038657
vt 0.531021 0.047043
vt 0.531169 0.052050
vt 0.546262 0.054060
vt 0.538449 0.056888
vt 0.545864 0.061358
vt 0.547951 0.068619
vt 0.552788 0.056791
vt 0.539651 0.033744
vt 0.551301 0.046274
vt 0.544503 0.089836
vt 0.550870 0.077196
vt 0.541647 0.073501
vt 0.556110 0.069564
vt 0.556110 0.030555
vt 0.340453 0.926081
vt 0.340453 0.941948
vt 0.329102 0.939471
vt 0.303727 0.623921
vt 0.323028 0.612556
vt 0.304065 0.613586
vt 0.323799 0.620616
vt 0.324101 0.642807
vt 0.303711 0.644384
vt 0.304998 0.654381
vt 0.313007 0.638984
vt 0.323941 0.654381
vt 0.895580 0.379379
vt 0.894531 0.393103
vt 0.904522 0.395254
vt 0.906798 0.398785
vt 0.910805 0.389226
vt 0.910812 0.378885
vt 0.910812 0.409688
vt 0.302980 0.192806
vt 0.306653 0.204202
vt 0.297565 0.177604
vt 0.292429 0.202335
vt 0.278320 0.186123
vt 0.312498 0.169062
vt 0.312431 0.178690
vt 0.302392 0.169245
vt 0.304657 0.162953
vt 0.294243 0.165792
vt 0.286983 0.180232
vt 0.288906 0.169608
vt 0.280368 0.173562
vt 0.312498 0.214504
vt 0.307431 0.215774
vt 0.300270 0.225349
vt 0.284471 0.195256
vt 0.280186 0.194444
vt 0.290391 0.224963
vt 0.290790 0.205165
vt 0.250000 0.199925
vt 0.254130 0.226213
vt 0.259807 0.237117
vt 0.252716 0.217340
vt 0.257048 0.200209
vt 0.264726 0.214492
vt 0.265843 0.221083
vt 0.250000 0.240140
vt 0.118212 0.115155
vt 0.127660 0.077952
vt 0.114973 0.103159
vt 0.116719 0.094920
vt 0.120695 0.081111
vt 0.115821 0.089978
vt 0.120106 0.086018
vt 0.121625 0.064936
vt 0.114062 0.076228
vt 0.107004 0.077046
vt 0.114327 0.063486
vt 0.116237 0.078995
vt 0.117236 0.072587
vt 0.107667 0.089696
vt 0.103516 0.071142
vt 0.511373 0.067892
vt 0.511373 0.046469
vt 0.500000 0.065527
vt 0.865810 0.215820
vt 0.872994 0.216943
vt 0.875885 0.223944
vt 0.875885 0.236663
vt 0.863281 0.228446
vt 0.864662 0.250324
vt 0.363273 0.033803
vt 0.368952 0.031122
vt 0.377883 0.035264
vt 0.377045 0.040439
vt 0.370939 0.038727
vt 0.356142 0.042837
vt 0.355363 0.037886
vt 0.347368 0.043135
vt 0.339423 0.038218
vt 0.339767 0.046350
vt 0.332383 0.034723
vt 0.331141 0.045058
vt 0.381785 0.064233
vt 0.379701 0.048738
vt 0.369460 0.048477
vt 0.379396 0.052369
vt 0.376889 0.054764
vt 0.394690 0.062714
vt 0.374328 0.063579
vt 0.361190 0.044355
vt 0.359745 0.052579
vt 0.351487 0.053941
vt 0.345837 0.051779
vt 0.348310 0.057027
vt 0.337617 0.070094
vt 0.338628 0.059981
vt 0.326318 0.066416
vt 0.336064 0.082864
vt 0.334354 0.087706
vt 0.332946 0.052504
vt 0.326607 0.047334
vt 0.318070 0.050065
vt 0.323969 0.055006
vt 0.322760 0.062955
vt 0.315306 0.070098
vt 0.311788 0.060202
vt 0.323333 0.083155
vt 0.308594 0.055752
vt 0.311467 0.079999
vt 0.863281 0.377362
vt 0.863281 0.402658
vt 0.871601 0.386232
vt 0.250977 0.448191
vt 0.256217 0.456326
vt 0.256217 0.439956
vt 0.668811 0.578502
vt 0.669456 0.588358
vt 0.671565 0.586133
vt 0.667271 0.597449
vt 0.658149 0.607585
vt 0.657437 0.582022
vt 0.664470 0.591021
vt 0.650391 0.594191
vt 0.652492 0.582499
vt 0.650391 0.608139
vt 0.931213 0.181676
vt 0.931213 0.196280
vt 0.926758 0.192377
vt 0.104456 0.271326
vt 0.115939 0.271326
vt 0.097864 0.261979
vt 0.119156 0.260795
vt 0.112252 0.256760
vt 0.104845 0.258556
vt 0.089417 0.253457
vt 0.080545 0.233835
vt 0.094114 0.241501
vt 0.089153 0.231836
vt 0.093041 0.246630
vt 0.081842 0.241616
vt 0.091319 0.267708
vt 0.081424 0.265023
vt 0.089616 0.260026
vt 0.087199 0.249352
vt 0.079102 0.256935
vt 0.113376 0.236727
vt 0.106076 0.229920
vt 0.116751 0.228495
vt 0.119306 0.249304
vt 0.102650 0.247315
vt 0.251845 0.023284
vt 0.261885 0.023719
vt 0.266571 0.025470
vt 0.274283 0.028803
vt 0.261718 0.043368
vt 0.251866 0.048303
vt 0.236038 0.063159
vt 0.247478 0.065013
vt 0.237131 0.068441
vt 0.249747 0.029795
vt 0.251208 0.038042
vt 0.259472 0.032617
vt 0.254260 0.055114
vt 0.240697 0.056228
vt 0.234989 0.080095
vt 0.232422 0.070175
vt 0.232913 0.072971
vt 0.234656 0.075301
vt 0.271558 0.050142
vt 0.263121 0.049512
vt 0.258398 0.051422
vt 0.258893 0.062026
vt 0.271331 0.059992
vt 0.289915 0.052754
vt 0.279185 0.071311
vt 0.266916 0.070941
vt 0.278877 0.049771
vt 0.288864 0.077287
vt 0.275943 0.054065
vt 0.278923 0.079443
vt 0.284062 0.083673
vt 0.244961 0.070882
vt 0.246975 0.075784
vt 0.253149 0.081502
vt 0.253663 0.078153
vt 0.257341 0.090634
vt 0.253856 0.084368
vt 0.248105 0.084012
vt 0.273191 0.090694
vt 0.292014 0.042712
vt 0.259140 0.108627
vt 0.085938 0.742459
vt 0.087548 0.746348
vt 0.088757 0.744131
vt 0.790164 0.141169
vt 0.785396 0.120448
vt 0.779297 0.131662
vt 0.801219 0.118249
vt 0.801219 0.140210
vt 0.792897 0.129313
vt 0.792823 0.126438
vt 0.794493 0.125738
vt 0.791462 0.125615
vt 0.785579 0.130013
vt 0.782943 0.128070
vt 0.712027 0.136268
vt 0.713186 0.142588
vt 0.711914 0.166822
vt 0.714213 0.126862
vt 0.726583 0.140761
vt 0.723045 0.144220
vt 0.726199 0.128003
vt 0.731599 0.136275
vt 0.744248 0.132656
vt 0.736996 0.143578
vt 0.717573 0.151998
vt 0.729466 0.162075
vt 0.745899 0.145436
vt 0.745899 0.166099
vt 0.734434 0.164590
vt 0.744963 0.157389
vt 0.749023 0.495561
vt 0.756830 0.495561
vt 0.751872 0.485505
vt 0.696289 0.907219
vt 0.697360 0.900683
vt 0.704499 0.901288
vt 0.696289 0.893434
vt 0.408194 0.868887
vt 0.399414 0.868022
vt 0.407465 0.875207
vt 0.403207 0.896762
vt 0.409031 0.887196
vt 0.399414 0.878225
vt 0.415031 0.874642
vt 0.410260 0.877653
vt 0.311138 0.404611
vt 0.303711 0.388960
vt 0.306255 0.394511
vt 0.312115 0.410210
vt 0.304268 0.409284
vt 0.303711 0.431010
vt 0.332013 0.381704
vt 0.314355 0.387662
vt 0.322263 0.388315
vt 0.313621 0.394303
vt 0.331262 0.389947
vt 0.325724 0.398651
vt 0.335360 0.397848
vt 0.314039 0.419871
vt 0.425781 0.698606
vt 0.432107 0.709906
vt 0.425781 0.713908
vt 0.855469 0.814398
vt 0.862972 0.808976
vt 0.855469 0.803592
vt 0.712099 0.324994
vt 0.697558 0.319172
vt 0.713939 0.316372
vt 0.710427 0.335959
vt 0.693359 0.321180
vt 0.698373 0.338600
vt 0.711431 0.306788
vt 0.693359 0.299773
vt 0.703748 0.313144
vt 0.869895 0.004674
vt 0.851645 0.003906
vt 0.862378 0.013284
vt 0.845173 0.004330
vt 0.834906 0.004123
vt 0.850104 0.011205
vt 0.837275 0.011497
vt 0.843221 0.011435
vt 0.824797 0.009206
vt 0.833243 0.020713
vt 0.829401 0.020053
vt 0.822121 0.018148
vt 0.817383 0.029460
vt 0.886467 0.006836
vt 0.890573 0.023928
vt 0.880942 0.017337
vt 0.869925 0.014279
vt 0.894505 0.014485
vt 0.897703 0.025394
vt 0.879551 0.029460
vt 0.854222 0.025341
vt 0.622181 0.184468
vt 0.613863 0.179767
vt 0.606357 0.171177
vt 0.621360 0.173088
vt 0.620700 0.189672
vt 0.615870 0.190600
vt 0.612704 0.195383
vt 0.607218 0.176834
vt 0.611439 0.191836
vt 0.597735 0.179133
vt 0.586375 0.181154
vt 0.604760 0.190322
vt 0.590042 0.184718
vt 0.618980 0.203662
vt 0.610296 0.200320
vt 0.603236 0.195270
vt 0.600097 0.206170
vt 0.589670 0.192611
vt 0.590776 0.205205
vt 0.614776 0.161141
vt 0.605087 0.163327
vt 0.594067 0.163778
vt 0.595077 0.174294
vt 0.584812 0.191767
vt 0.583984 0.205401
vt 0.583984 0.169009
vt 0.740234 0.308323
vt 0.740353 0.296625
vt 0.749075 0.303456
vt 0.742450 0.285302
vt 0.740234 0.275975
vt 0.747392 0.289804
vt 0.625310 0.301765
vt 0.617188 0.308306
vt 0.617188 0.296735
vt 0.803613 0.537051
vt 0.795963 0.538769
vt 0.803613 0.544940
vt 0.794922 0.548907
vt 0.215006 0.286486
vt 0.202832 0.314006
vt 0.215006 0.303974
vt 0.209751 0.299179
vt 0.199463 0.294644
vt 0.196051 0.298653
vt 0.203500 0.284393
vt 0.195956 0.284110
vt 0.184570 0.289947
vt 0.205511 0.325240
vt 0.197712 0.327013
vt 0.197841 0.337380
vt 0.199899 0.306946
vt 0.204177 0.302263
vt 0.196209 0.304161
vt 0.192728 0.312407
vt 0.185183 0.303828
vt 0.189422 0.297028
vt 0.212687 0.292576
vt 0.780858 0.317635
vt 0.786312 0.314048
vt 0.776201 0.309800
vt 0.768555 0.306318
vt 0.768555 0.329146
vt 0.023591 0.311758
vt 0.018555 0.300138
vt 0.018555 0.321604
vt 0.390625 0.450223
vt 0.395990 0.453729
vt 0.390625 0.476109
vt 0.405366 0.479960
vt 0.393843 0.461734
vt 0.392250 0.457098
vt 0.410543 0.477977
vt 0.420919 0.460083
vt 0.411989 0.447284
vt 0.407627 0.452527
vt 0.418620 0.467634
vt 0.405374 0.459189
vt 0.462891 0.367100
vt 0.468480 0.374039
vt 0.479839 0.385649
vt 0.479839 0.351807
vt 0.476798 0.363192
vt 0.478555 0.369554
vt 0.781109 0.418597
vt 0.774220 0.418198
vt 0.779132 0.405900
vt 0.768807 0.416434
vt 0.785303 0.413500
vt 0.785303 0.396437
vt 0.773504 0.395907
vt 0.768555 0.400293
vt 0.772003 0.922134
vt 0.772003 0.903420
vt 0.765625 0.906363
vt 0.794922 0.367440
vt 0.804641 0.360270
vt 0.797022 0.352650
vt 0.562802 0.443968
vt 0.568955 0.442652
vt 0.567564 0.445056
vt 0.564001 0.451968
vt 0.567882 0.430269
vt 0.557617 0.436556
vt 0.562349 0.445918
vt 0.834961 0.855072
vt 0.843482 0.865594
vt 0.843482 0.848024
vt 0.014648 0.571096
vt 0.020102 0.575166
vt 0.020102 0.555005
vt 0.015625 0.845555
vt 0.023080 0.848532
vt 0.015625 0.860136
vt 0.020612 0.858806
vt 0.523438 0.566021
vt 0.525166 0.591420
vt 0.530381 0.587607
vt 0.523438 0.585250
vt 0.531989 0.581295
vt 0.525650 0.576441
vt 0.537662 0.577471
vt 0.531516 0.565535
vt 0.246458 0.124249
vt 0.225177 0.103486
vt 0.230931 0.104116
vt 0.222140 0.116955
vt 0.241018 0.118144
vt 0.239155 0.105490
vt 0.232577 0.119755
vt 0.238693 0.136631
vt 0.239930 0.141293
vt 0.229965 0.132478
vt 0.231112 0.143245
vt 0.240434 0.134628
vt 0.242611 0.130091
vt 0.234005 0.125726
vt 0.232704 0.110260
vt 0.221156 0.141789
vt 0.223223 0.131359
vt 0.212903 0.134988
vt 0.227321 0.114674
vt 0.226865 0.125016
vt 0.210938 0.117971
vt 0.232744 0.160001
vt 0.222846 0.152518
vt 0.220340 0.160074
vt 0.214592 0.158553
vt 0.210938 0.149420
vt 0.118531 0.279648
vt 0.113480 0.288772
vt 0.102500 0.299752
vt 0.104583 0.280995
vt 0.094175 0.279138
vt 0.099199 0.286553
vt 0.088510 0.285484
vt 0.088409 0.296837
vt 0.095879 0.305341
vt 0.087891 0.308886
vt 0.622581 0.431384
vt 0.617188 0.434601
vt 0.622581 0.442909
vt 0.102493 0.588757
vt 0.097656 0.578553
vt 0.097656 0.597774
vt 0.186180 0.272312
vt 0.187166 0.270867
vt 0.196999 0.276297
vt 0.191747 0.268553
vt 0.189358 0.256646
vt 0.200026 0.246253
vt 0.189882 0.249206
vt 0.198375 0.260877
vt 0.208136 0.246105
vt 0.187313 0.239329
vt 0.178711 0.235508
vt 0.183737 0.231167
vt 0.184610 0.231105
vt 0.184852 0.230746
vt 0.185794 0.233454
vt 0.199659 0.236276
vt 0.190856 0.228445
vt 0.203805 0.229199
vt 0.210543 0.224709
vt 0.216472 0.226102
vt 0.197634 0.221487
vt 0.213563 0.276300
vt 0.211833 0.265131
vt 0.212862 0.250161
vt 0.216043 0.256495
vt 0.216472 0.239648
vt 0.209020 0.220466
vt 0.654740 0.088501
vt 0.651601 0.052105
vt 0.653674 0.071217
vt 0.665603 0.003906
vt 0.643840 0.005376
vt 0.640510 0.018245
vt 0.665260 0.027244
vt 0.656370 0.020184
vt 0.646648 0.034127
vt 0.646786 0.073918
vt 0.666286 0.047162
vt 0.646617 0.068003
vt 0.640328 0.060469
vt 0.645597 0.023611
vt 0.636719 0.033441
vt 0.638026 0.045868
vt 0.648075 0.046436
vt 0.651652 0.060851
vt 0.643680 0.052707
vt 0.636719 0.055279
vt 0.426713 0.629669
vt 0.438804 0.628998
vt 0.425781 0.644050
vt 0.438804 0.644427
vt 0.014648 0.722132
vt 0.014648 0.732598
vt 0.020456 0.732586
vt 0.019293 0.740802
vt 0.020519 0.728866
vt 0.939655 0.987804
vt 0.933594 0.987804
vt 0.933836 0.995221
vt 0.536093 0.407973
vt 0.545893 0.408308
vt 0.541144 0.409789
vt 0.539941 0.422675
vt 0.529364 0.437050
vt 0.534304 0.403307
vt 0.519531 0.404031
vt 0.522688 0.416436
vt 0.523319 0.433416
vt 0.050484 0.231845
vt 0.046527 0.233081
vt 0.059968 0.212959
vt 0.058032 0.201352
vt 0.049902 0.214971
vt 0.051359 0.196182
vt 0.032391 0.215019
vt 0.049071 0.222381
vt 0.043212 0.217310
vt 0.050181 0.231484
vt 0.049168 0.227608
vt 0.043829 0.230119
vt 0.032227 0.201608
vt 0.041163 0.202807
vt 0.045663 0.196071
vt 0.040175 0.192072
vt 0.032227 0.234916
vt 0.058744 0.225907
vt 0.056368 0.233051
vt 0.054709 0.235801
vt 0.048404 0.237941
vt 0.767444 0.054678
vt 0.778307 0.068336
vt 0.784210 0.068375
vt 0.777714 0.085118
vt 0.763737 0.022690
vt 0.778051 0.014935
vt 0.776132 0.041897
vt 0.767305 0.033728
vt 0.786862 0.050695
vt 0.780099 0.034444
vt 0.795902 0.033490
vt 0.783477 0.023250
vt 0.781468 0.017905
vt 0.793429 0.027073
vt 0.791180 0.048191
vt 0.801507 0.022775
vt 0.804937 0.028761
vt 0.763137 0.018141
vt 0.762695 0.003906
vt 0.781096 0.006045
vt 0.796417 0.005079
vt 0.783991 0.013275
vt 0.792612 0.020060
vt 0.805781 0.013541
vt 0.810145 0.003906
vt 0.490268 0.689883
vt 0.483398 0.679443
vt 0.483398 0.698487
vt 0.492925 0.678452
vt 0.098251 0.222108
vt 0.086657 0.212937
vt 0.092303 0.203730
vt 0.097578 0.211207
vt 0.100538 0.199838
vt 0.092851 0.197623
vt 0.085938 0.197258
vt 0.110511 0.194421
vt 0.099476 0.192829
vt 0.087689 0.189331
vt 0.091436 0.180285
vt 0.103062 0.182456
vt 0.099222 0.174641
vt 0.110760 0.184051
vt 0.109358 0.175385
vt 0.407378 0.718619
vt 0.413953 0.722427
vt 0.412080 0.730992
vt 0.415263 0.737593
vt 0.400391 0.728515
vt 0.410239 0.746649
vt 0.402210 0.742724
vt 0.400391 0.748753
vt 0.990121 0.221894
vt 0.985352 0.213106
vt 0.985352 0.229639
vt 0.539958 0.487162
vt 0.532855 0.494750
vt 0.534241 0.501050
vt 0.539958 0.507663
vt 0.524759 0.491238
vt 0.523438 0.507997
vt 0.535671 0.485719
vt 0.534848 0.515578
vt 0.526296 0.518687
vt 0.151808 0.913833
vt 0.146820 0.915025
vt 0.146484 0.923842
vt 0.151808 0.925957
vt 0.181132 0.556064
vt 0.199382 0.543361
vt 0.177387 0.553684
vt 0.177931 0.564812
vt 0.194344 0.540431
vt 0.187167 0.543771
vt 0.190225 0.547336
vt 0.189653 0.538512
vt 0.184831 0.527423
vt 0.165039 0.557321
vt 0.165478 0.529319
vt 0.419258 0.279601
vt 0.420115 0.285171
vt 0.404618 0.283484
vt 0.420115 0.300818
vt 0.404200 0.301562
vt 0.390970 0.292194
vt 0.397987 0.302920
vt 0.406660 0.316609
vt 0.391149 0.302021
vt 0.390625 0.302287
vt 0.393308 0.305713
vt 0.391217 0.313254
vt 0.838358 0.557743
vt 0.836914 0.540106
vt 0.845309 0.540963
vt 0.841471 0.544339
vt 0.700813 0.939918
vt 0.695313 0.947446
vt 0.700813 0.953688
vt 0.453681 0.548456
vt 0.447266 0.542241
vt 0.447337 0.551084
vt 0.114258 0.802855
vt 0.121751 0.799751
vt 0.115207 0.792406
vt 0.615234 0.522711
vt 0.621673 0.525182
vt 0.619635 0.512087
vt 0.878613 0.935810
vt 0.878309 0.935386
vt 0.877976 0.935483
vt 0.878649 0.931025
vt 0.878179 0.933500
vt 0.876898 0.933612
vt 0.877139 0.930893
vt 0.875977 0.930885
vt 0.878649 0.935056
vt 0.543907 0.843020
vt 0.542969 0.844185
vt 0.543907 0.845340
vt 0.547233 0.565707
vt 0.546875 0.564995
vt 0.547617 0.566060
vt 0.547057 0.566144
vt 0.546875 0.567316
vt 0.547192 0.568299
vt 0.544427 0.803041
vt 0.543312 0.804156
vt 0.543476 0.805010
vt 0.543244 0.804992
vt 0.543545 0.804825
vt 0.543138 0.804784
vt 0.544263 0.804609
vt 0.543023 0.804629
vt 0.542969 0.805021
vt 0.542768 0.883029
vt 0.541992 0.883968
vt 0.542664 0.883822
vt 0.542768 0.884425
vt 0.542520 0.882324
vt 0.542602 0.941043
vt 0.541992 0.941601
vt 0.542672 0.940360
vt 0.542899 0.940681
vt 0.542406 0.940281
vt 0.542465 0.940835
vt 0.541992 0.939655
vt 0.541016 0.995937
vt 0.541894 0.995741
vt 0.542412 0.995937
vt 0.925971 0.995442
vt 0.926570 0.993994
vt 0.926302 0.994606
vt 0.925781 0.994241
vt 0.836527 0.996061
vt 0.836683 0.996088
vt 0.835938 0.996088
vt 0.390687 0.793684
vt 0.390737 0.793305
vt 0.390853 0.793235
vt 0.390862 0.793488
vt 0.391126 0.792598
vt 0.391434 0.793428
vt 0.390700 0.793237
vt 0.391110 0.793718
vt 0.390683 0.792636
vt 0.390850 0.793485
vt 0.391118 0.793697
vt 0.390625 0.792619
vt 0.391402 0.810120
vt 0.391373 0.810738
vt 0.390625 0.810897
vt 0.391452 0.783781
vt 0.391096 0.784786
vt 0.390625 0.784609
vt 0.391452 0.775969
vt 0.391263 0.775564
vt 0.390625 0.775142
vt 0.768555 0.457345
vt 0.777962 0.460716
vt 0.783841 0.456898
vt 0.780340 0.479356
vt 0.768555 0.479541
vt 0.233398 0.485073
vt 0.235547 0.472927
vt 0.242991 0.481100
vt 0.291562 0.459384
vt 0.283236 0.455152
vt 0.279297 0.437811
vt 0.294415 0.451343
vt 0.284167 0.445406
vt 0.294415 0.438564
vt 0.615447 0.931302
vt 0.615125 0.918030
vt 0.607422 0.923276
vt 0.901553 0.724514
vt 0.910097 0.713426
vt 0.900496 0.714472
vt 0.899481 0.710437
vt 0.910097 0.706215
vt 0.906019 0.699424
vt 0.895601 0.702268
vt 0.895508 0.715283
vt 0.964733 0.919348
vt 0.957031 0.929453
vt 0.957031 0.913973
vt 0.958112 0.923189
vt 0.880859 0.352967
vt 0.881150 0.353971
vt 0.880859 0.358620
vt 0.957031 0.753708
vt 0.964746 0.756434
vt 0.965162 0.750681
vt 0.957031 0.766337
vt 0.208984 0.732004
vt 0.210717 0.740127
vt 0.216837 0.740313
vt 0.221495 0.749863
vt 0.210566 0.746438
vt 0.220910 0.756429
vt 0.221495 0.730284
vt 0.372935 0.550856
vt 0.367760 0.540923
vt 0.364258 0.554450
vt 0.801514 0.927740
vt 0.794922 0.939357
vt 0.802890 0.931634
vt 0.794922 0.927846
vt 0.321822 0.792660
vt 0.316864 0.785734
vt 0.320335 0.781781
vt 0.321822 0.770077
vt 0.313984 0.763902
vt 0.312500 0.773323
vt 0.318788 0.757488
vt 0.337445 0.878587
vt 0.339424 0.883815
vt 0.329102 0.880066
vt 0.329102 0.894530
vt 0.395856 0.409557
vt 0.390625 0.417079
vt 0.399098 0.417073
vt 0.399253 0.418169
vt 0.405246 0.433341
vt 0.398103 0.418203
vt 0.397319 0.427878
vt 0.390625 0.442410
vt 0.406567 0.428973
vt 0.406342 0.438328
vt 0.405903 0.426420
vt 0.070002 0.297223
vt 0.065430 0.302701
vt 0.070002 0.311279
vt 0.280273 0.645672
vt 0.280273 0.628438
vt 0.284255 0.633648
vt 0.923828 0.508299
vt 0.931514 0.511419
vt 0.923828 0.498068
vt 0.931129 0.503257
vt 0.528301 0.671743
vt 0.525332 0.688021
vt 0.526468 0.678263
vt 0.523438 0.677087
vt 0.538565 0.665988
vt 0.535185 0.690132
vt 0.538565 0.683197
vt 0.536025 0.678806
vt 0.538425 0.675239
vt 0.719953 0.989936
vt 0.718750 0.983008
vt 0.723416 0.984941
vt 0.508409 0.184575
vt 0.508076 0.178466
vt 0.508409 0.165260
vt 0.499523 0.174326
vt 0.496094 0.163289
vt 0.867383 0.468269
vt 0.863281 0.477947
vt 0.867383 0.485751
vt 0.588867 0.579469
vt 0.595646 0.575898
vt 0.592235 0.571255
vt 0.605682 0.571212
vt 0.605206 0.582861
vt 0.597702 0.585281
vt 0.605682 0.594299
vt 0.536366 0.742272
vt 0.535735 0.752728
vt 0.524414 0.741415
vt 0.525349 0.729821
vt 0.524414 0.752825
vt 0.373896 0.407567
vt 0.366211 0.410750
vt 0.373278 0.419959
vt 0.484375 0.983719
vt 0.492515 0.991634
vt 0.492515 0.974990
vt 0.485461 0.992296
vt 0.527702 0.783399
vt 0.531071 0.778942
vt 0.524651 0.760637
vt 0.532701 0.774679
vt 0.528449 0.772587
vt 0.524414 0.767234
vt 0.532701 0.761152
vt 0.366211 0.514122
vt 0.370491 0.503790
vt 0.372582 0.514069
vt 0.896941 0.535875
vt 0.894531 0.541878
vt 0.905145 0.544026
vt 0.905362 0.532351
vt 0.909152 0.538336
vt 0.915107 0.532351
vt 0.906660 0.554403
vt 0.912999 0.550804
vt 0.895599 0.558089
vt 0.362516 0.300000
vt 0.358457 0.291826
vt 0.362665 0.282336
vt 0.354399 0.285282
vt 0.345242 0.286818
vt 0.358996 0.303853
vt 0.355188 0.307171
vt 0.353405 0.296269
vt 0.362665 0.308387
vt 0.344727 0.289132
vt 0.418518 0.145120
vt 0.402844 0.144800
vt 0.409700 0.147974
vt 0.412196 0.150294
vt 0.402485 0.157115
vt 0.406258 0.156450
vt 0.413488 0.152151
vt 0.415930 0.158776
vt 0.398978 0.144849
vt 0.391091 0.167802
vt 0.390625 0.153803
vt 0.395603 0.160523
vt 0.419896 0.124700
vt 0.418666 0.114509
vt 0.398546 0.125713
vt 0.390625 0.118971
vt 0.410412 0.121599
vt 0.415271 0.110541
vt 0.405039 0.115778
vt 0.399025 0.115806
vt 0.391984 0.148453
vt 0.393890 0.110545
vt 0.396974 0.107266
vt 0.390856 0.111934
vt 0.940776 0.468261
vt 0.940814 0.468101
vt 0.940865 0.467945
vt 0.940750 0.467919
vt 0.940430 0.467991
vt 0.941355 0.466219
vt 0.941355 0.473912
vt 0.542926 0.931571
vt 0.542743 0.931843
vt 0.541992 0.930030
vt 0.822827 0.651866
vt 0.818359 0.651565
vt 0.823192 0.663233
vt 0.367418 0.878469
vt 0.367590 0.879731
vt 0.367024 0.880255
vt 0.366790 0.880431
vt 0.364258 0.874108
vt 0.364258 0.885097
vt 0.985257 0.051072
vt 0.988057 0.038488
vt 0.970703 0.060174
vt 0.974782 0.043280
vt 0.978328 0.035915
vt 0.980132 0.003906
vt 0.995529 0.028392
vt 0.986769 0.034179
vt 0.995942 0.010258
vt 0.970703 0.012374
vt 0.992030 0.020977
vt 0.985155 0.022654
vt 0.606115 0.416203
vt 0.601053 0.426206
vt 0.595344 0.413070
vt 0.599711 0.431189
vt 0.606115 0.437356
vt 0.588867 0.422170
vt 0.593253 0.434170
vt 0.977539 0.848993
vt 0.977539 0.834247
vt 0.989037 0.843885
vt 0.957031 0.713713
vt 0.970749 0.719395
vt 0.969967 0.710078
vt 0.968099 0.701307
vt 0.849041 0.299933
vt 0.843750 0.298279
vt 0.843750 0.317201
vt 0.730469 0.956501
vt 0.737244 0.964643
vt 0.737720 0.960988
vt 0.730469 0.969314
vt 0.427294 0.776188
vt 0.429671 0.782015
vt 0.423828 0.767909
vt 0.430349 0.768880
vt 0.070313 0.948803
vt 0.070313 0.962166
vt 0.072491 0.956628
vt 0.313097 0.713548
vt 0.303711 0.724415
vt 0.323208 0.712596
vt 0.310395 0.726204
vt 0.313401 0.735115
vt 0.323208 0.749676
vt 0.315079 0.726576
vt 0.232422 0.531376
vt 0.236289 0.529298
vt 0.236289 0.539688
vt 0.955892 0.055537
vt 0.949892 0.061457
vt 0.963086 0.049437
vt 0.947266 0.056626
vt 0.957009 0.059667
vt 0.955360 0.067619
vt 0.961552 0.071378
vt 0.975497 0.079399
vt 0.947395 0.069848
vt 0.947976 0.089015
vt 0.947605 0.077123
vt 0.957049 0.075961
vt 0.978235 0.098203
vt 0.965143 0.105572
vt 0.968469 0.089129
vt 0.957076 0.100267
vt 0.966605 0.078574
vt 0.963037 0.083542
vt 0.652344 0.950956
vt 0.661316 0.948363
vt 0.653827 0.967600
vt 0.654140 0.958973
vt 0.661316 0.977165
vt 0.660935 0.965896
vt 0.558594 0.108692
vt 0.558594 0.126854
vt 0.570670 0.107369
vt 0.570299 0.118885
vt 0.930646 0.549703
vt 0.929996 0.548963
vt 0.920898 0.546149
vt 0.920898 0.559474
vt 0.929555 0.548310
vt 0.069218 0.766921
vt 0.065430 0.750722
vt 0.075832 0.755030
vt 0.097656 0.509990
vt 0.104405 0.521134
vt 0.097656 0.537417
vt 0.695313 0.696487
vt 0.699571 0.709790
vt 0.695313 0.710562
vt 0.492952 0.071122
vt 0.481976 0.038514
vt 0.483754 0.031073
vt 0.484642 0.054741
vt 0.482946 0.045043
vt 0.490257 0.064591
vt 0.483614 0.070238
vt 0.478241 0.060465
vt 0.470318 0.055805
vt 0.478856 0.054815
vt 0.474483 0.052404
vt 0.468490 0.066855
vt 0.465231 0.062047
vt 0.460938 0.043147
vt 0.474123 0.037007
vt 0.474699 0.043231
vt 0.467889 0.036037
vt 0.468739 0.047284
vt 0.464776 0.051347
vt 0.489646 0.016951
vt 0.492952 0.007837
vt 0.478393 0.014622
vt 0.469088 0.012049
vt 0.481385 0.003906
vt 0.477766 0.023608
vt 0.471670 0.029970
vt 0.471567 0.021254
vt 0.482125 0.090360
vt 0.471821 0.090478
vt 0.462336 0.079239
vt 0.461298 0.071808
vt 0.484866 0.080506
vt 0.477161 0.085219
vt 0.307629 0.673356
vt 0.307781 0.700301
vt 0.316044 0.704784
vt 0.305447 0.688950
vt 0.313352 0.689557
vt 0.303711 0.682816
vt 0.316643 0.686566
vt 0.316186 0.662194
vt 0.323822 0.663728
vt 0.324209 0.685560
vt 0.322200 0.672248
vt 0.873597 0.323280
vt 0.870878 0.331045
vt 0.873597 0.310096
vt 0.867814 0.314434
vt 0.863281 0.309965
vt 0.865174 0.300044
vt 0.864629 0.321892
vt 0.739249 0.549674
vt 0.738185 0.560460
vt 0.739249 0.537814
vt 0.731445 0.539372
vt 0.731946 0.546991
vt 0.614865 0.860516
vt 0.610352 0.865100
vt 0.614865 0.871875
vt 0.356880 0.367534
vt 0.351563 0.375284
vt 0.359554 0.356261
vt 0.358839 0.349925
vt 0.351563 0.353861
vt 0.225586 0.210313
vt 0.235208 0.204943
vt 0.238506 0.227141
vt 0.235697 0.216100
vt 0.241213 0.215855
vt 0.225586 0.224807
vt 0.226583 0.232538
vt 0.532948 0.103526
vt 0.519531 0.109154
vt 0.529513 0.125969
vt 0.532585 0.134424
vt 0.534572 0.127116
vt 0.525035 0.118344
vt 0.532369 0.113394
vt 0.534108 0.140915
vt 0.525951 0.084267
vt 0.533865 0.088575
vt 0.529657 0.097648
vt 0.524236 0.099937
vt 0.538054 0.103128
vt 0.542215 0.106283
vt 0.540064 0.097867
vt 0.551546 0.098817
vt 0.933594 0.979945
vt 0.940253 0.979991
vt 0.937412 0.973134
vt 0.779729 0.339525
vt 0.778514 0.342778
vt 0.784971 0.341448
vt 0.768852 0.357568
vt 0.768555 0.336959
vt 0.251953 0.935263
vt 0.253294 0.937790
vt 0.251953 0.946060
vt 0.500507 0.397704
vt 0.507001 0.418334
vt 0.508583 0.410095
vt 0.501729 0.406333
vt 0.506261 0.403390
vt 0.494737 0.405680
vt 0.489258 0.416938
vt 0.489258 0.398389
vt 0.370156 0.135892
vt 0.359781 0.120165
vt 0.353499 0.127302
vt 0.349382 0.121810
vt 0.348193 0.102015
vt 0.372921 0.121862
vt 0.367205 0.115606
vt 0.375509 0.107892
vt 0.366716 0.098012
vt 0.354279 0.109984
vt 0.348503 0.103559
vt 0.361337 0.103215
vt 0.359535 0.096814
vt 0.345703 0.096350
vt 0.358851 0.087434
vt 0.363929 0.091120
vt 0.373034 0.089784
vt 0.366866 0.083429
vt 0.354175 0.083615
vt 0.375509 0.080689
vt 0.358627 0.077987
vt 0.361547 0.072046
vt 0.363888 0.075944
vt 0.368596 0.076358
vt 0.355682 0.069657
vt 0.355476 0.139543
vt 0.371987 0.124126
vt 0.209282 0.798118
vt 0.208984 0.805930
vt 0.209427 0.814552
vt 0.220226 0.817479
vt 0.220226 0.798930
vt 0.504592 0.144409
vt 0.501264 0.148261
vt 0.502376 0.147794
vt 0.497239 0.137476
vt 0.508831 0.134170
vt 0.501839 0.148072
vt 0.495117 0.146642
vt 0.508831 0.155476
vt 0.330078 0.830928
vt 0.335213 0.833719
vt 0.335269 0.834112
vt 0.330078 0.846958
vt 0.138672 0.113740
vt 0.142434 0.158112
vt 0.143376 0.149063
vt 0.148839 0.155923
vt 0.153320 0.147080
vt 0.149008 0.138628
vt 0.155089 0.132327
vt 0.138672 0.140466
vt 0.140685 0.134509
vt 0.139604 0.126073
vt 0.149968 0.120180
vt 0.145445 0.109094
vt 0.530906 0.445360
vt 0.541319 0.444863
vt 0.535907 0.449481
vt 0.541319 0.455221
vt 0.536301 0.463747
vt 0.540106 0.472294
vt 0.527019 0.455660
vt 0.522461 0.458359
vt 0.528303 0.467167
vt 0.533306 0.477906
vt 0.417761 0.672608
vt 0.407863 0.670708
vt 0.417761 0.642597
vt 0.415029 0.660777
vt 0.401456 0.666207
vt 0.394885 0.656494
vt 0.396753 0.653101
vt 0.397814 0.653017
vt 0.398946 0.653124
vt 0.400870 0.646871
vt 0.390625 0.653589
vt 0.398249 0.642092
vt 0.400750 0.657852
vt 0.705539 0.885622
vt 0.701887 0.882267
vt 0.704682 0.880688
vt 0.701711 0.878442
vt 0.695313 0.882550
vt 0.696887 0.872567
vt 0.705539 0.871816
vt 0.929288 0.298034
vt 0.929659 0.299111
vt 0.925781 0.292978
vt 0.925781 0.307281
vt 0.768555 0.664578
vt 0.778798 0.650126
vt 0.768555 0.642486
vt 0.770802 0.649861
vt 0.894531 0.609679
vt 0.912473 0.625007
vt 0.905073 0.611518
vt 0.912473 0.599394
vt 0.897928 0.600714
vt 0.589419 0.885349
vt 0.593355 0.883035
vt 0.600878 0.880930
vt 0.600878 0.899098
vt 0.587891 0.876734
vt 0.015625 0.985661
vt 0.020109 0.986710
vt 0.020597 0.986855
vt 0.020570 0.986991
vt 0.020914 0.993768
vt 0.017584 0.979582
vt 0.615234 0.354866
vt 0.621980 0.356752
vt 0.616045 0.364005
vt 0.621980 0.366410
vt 0.015472 0.809157
vt 0.015609 0.800916
vt 0.014648 0.800761
vt 0.015280 0.804937
vt 0.017424 0.809587
vt 0.017820 0.808742
vt 0.022778 0.807142
vt 0.024274 0.812606
vt 0.024274 0.800980
vt 0.021073 0.815346
vt 0.118164 0.758149
vt 0.120093 0.760850
vt 0.118164 0.767474
vt 0.233128 0.989182
vt 0.233128 0.979073
vt 0.229492 0.980925
vt 0.696289 0.628347
vt 0.697793 0.636530
vt 0.696289 0.643239
vt 0.147828 0.623388
vt 0.147929 0.616275
vt 0.147461 0.616113
vt 0.149659 0.611139
vt 0.149659 0.622584
vt 0.267389 0.844858
vt 0.264648 0.838270
vt 0.268006 0.838270
vt 0.239468 0.557879
vt 0.232422 0.548797
vt 0.235397 0.553348
vt 0.239468 0.547501
vt 0.460938 0.155697
vt 0.465121 0.142987
vt 0.469942 0.145291
vt 0.468251 0.127442
vt 0.475674 0.133291
vt 0.477436 0.121802
vt 0.480470 0.144936
vt 0.471297 0.121841
vt 0.466348 0.115201
vt 0.463777 0.106094
vt 0.460938 0.098291
vt 0.489859 0.106258
vt 0.473467 0.111574
vt 0.486419 0.114529
vt 0.483850 0.100639
vt 0.476451 0.102044
vt 0.399414 0.924170
vt 0.403691 0.932775
vt 0.408158 0.920811
vt 0.399414 0.904575
vt 0.281387 0.142715
vt 0.298087 0.155141
vt 0.291331 0.102783
vt 0.280640 0.099589
vt 0.270508 0.120718
vt 0.274826 0.107463
vt 0.305491 0.095519
vt 0.297877 0.104820
vt 0.306298 0.135769
vt 0.288133 0.120635
vt 0.290583 0.149757
vt 0.303381 0.119550
vt 0.316554 0.122048
vt 0.334127 0.098452
vt 0.318206 0.099559
vt 0.325382 0.097035
vt 0.332040 0.114551
vt 0.325021 0.134362
vt 0.313451 0.143573
vt 0.307488 0.152050
vt 0.294993 0.138363
vt 0.276369 0.133282
vt 0.286085 0.143817
vt 0.278434 0.155141
vt 0.286558 0.155113
vt 0.251561 0.321981
vt 0.259756 0.318858
vt 0.250000 0.307519
vt 0.253661 0.293716
vt 0.260230 0.307973
vt 0.260230 0.330751
vt 0.956055 0.364742
vt 0.966793 0.363402
vt 0.958827 0.387941
vt 0.965570 0.391527
vt 0.957122 0.381285
vt 0.956315 0.374611
vt 0.966793 0.378381
vt 0.561523 0.908776
vt 0.567291 0.914847
vt 0.567291 0.902492
vt 0.615572 0.939694
vt 0.607422 0.939114
vt 0.609826 0.945666
vt 0.615572 0.950462
vt 0.292801 0.806316
vt 0.284272 0.802472
vt 0.284180 0.810929
vt 0.292801 0.819248
vt 0.250977 0.808778
vt 0.253452 0.810246
vt 0.253452 0.797975
vt 0.066406 0.549084
vt 0.066406 0.535385
vt 0.071711 0.545745
vt 0.990217 0.811671
vt 0.981699 0.811744
vt 0.989844 0.825069
vt 0.990217 0.820214
vt 0.986140 0.824281
vt 0.982006 0.826435
vt 0.977539 0.822095
vt 0.931567 0.376701
vt 0.923828 0.382304
vt 0.923828 0.368111
vt 0.624480 0.347053
vt 0.618866 0.339603
vt 0.615234 0.340676
vt 0.624480 0.335501
vt 0.292068 0.930956
vt 0.280273 0.942750
vt 0.281577 0.930495
vt 0.280556 0.925222
vt 0.834961 0.694803
vt 0.843017 0.708654
vt 0.834961 0.712696
vt 0.504704 0.454570
vt 0.501623 0.462864
vt 0.504704 0.469740
vt 0.499023 0.460956
vt 0.500939 0.470440
vt 0.502161 0.475173
vt 0.799745 0.792923
vt 0.799391 0.803226
vt 0.794922 0.792437
vt 0.765625 0.747859
vt 0.775100 0.753999
vt 0.775100 0.732039
vt 0.381387 0.229450
vt 0.381030 0.242217
vt 0.373047 0.234233
vt 0.824427 0.169723
vt 0.832434 0.166040
vt 0.826762 0.163629
vt 0.819153 0.153636
vt 0.834996 0.155302
vt 0.818359 0.132388
vt 0.818359 0.119520
vt 0.837892 0.130897
vt 0.771789 0.503550
vt 0.778027 0.509958
vt 0.768555 0.491318
vt 0.778027 0.487354
vt 0.964291 0.821058
vt 0.957031 0.827307
vt 0.964291 0.836688
vt 0.915039 0.836605
vt 0.922946 0.825808
vt 0.915039 0.823454
vt 0.926349 0.832496
vt 0.156731 0.813417
vt 0.145508 0.818066
vt 0.156489 0.825475
vt 0.554688 0.271172
vt 0.563703 0.277132
vt 0.560810 0.284858
vt 0.558327 0.282588
vt 0.554688 0.290118
vt 0.452788 0.653637
vt 0.450676 0.654099
vt 0.453024 0.647260
vt 0.454018 0.646233
vt 0.452752 0.645909
vt 0.446289 0.645909
vt 0.451266 0.836760
vt 0.447266 0.837508
vt 0.451266 0.844881
vt 0.352246 0.150912
vt 0.367676 0.147356
vt 0.356782 0.151382
vt 0.356451 0.157733
vt 0.338603 0.173695
vt 0.342127 0.147356
vt 0.335740 0.156688
vt 0.345768 0.157741
vt 0.332681 0.163689
vt 0.351947 0.167326
vt 0.327793 0.167524
vt 0.333435 0.175957
vt 0.336997 0.183627
vt 0.329781 0.182369
vt 0.349050 0.175816
vt 0.355196 0.183537
vt 0.320313 0.157426
vt 0.320732 0.168431
vt 0.322044 0.182651
vt 0.325198 0.196460
vt 0.340425 0.189374
vt 0.361867 0.169625
vt 0.364663 0.163075
vt 0.355504 0.175177
vt 0.365689 0.176881
vt 0.367338 0.167062
vt 0.363976 0.182961
vt 0.333318 0.199543
vt 0.332654 0.179698
vt 0.755685 0.698923
vt 0.749023 0.703970
vt 0.756042 0.710988
vt 0.930205 0.424942
vt 0.924888 0.412107
vt 0.923828 0.425337
vt 0.799145 0.498078
vt 0.799467 0.509562
vt 0.794922 0.498589
vt 0.671475 0.504039
vt 0.676297 0.522445
vt 0.671343 0.510885
vt 0.663094 0.503481
vt 0.664689 0.511278
vt 0.658203 0.511899
vt 0.658203 0.524747
vt 0.667498 0.522893
vt 0.668553 0.533195
vt 0.493164 0.345112
vt 0.505242 0.338246
vt 0.504114 0.350062
vt 0.500417 0.349555
vt 0.505242 0.358987
vt 0.218527 0.696294
vt 0.215257 0.722472
vt 0.213341 0.699752
vt 0.208984 0.720924
vt 0.208984 0.706481
vt 0.216826 0.711423
vt 0.215475 0.709965
vt 0.215746 0.709898
vt 0.218581 0.699412
vt 0.223363 0.711292
vt 0.825892 0.842222
vt 0.819463 0.847019
vt 0.819170 0.844937
vt 0.819651 0.846028
vt 0.818741 0.846837
vt 0.818359 0.846672
vt 0.825892 0.852674
vt 0.020872 0.332597
vt 0.018555 0.329417
vt 0.019254 0.340815
vt 0.018555 0.350196
vt 0.019525 0.342519
vt 0.559225 0.257309
vt 0.557920 0.263360
vt 0.565172 0.245852
vt 0.554688 0.249326
vt 0.559389 0.304249
vt 0.564313 0.306976
vt 0.554688 0.316854
vt 0.555894 0.307645
vt 0.555445 0.307153
vt 0.554688 0.297930
vt 0.968292 0.955823
vt 0.959515 0.937266
vt 0.957031 0.942593
vt 0.969720 0.941493
vt 0.958877 0.951419
vt 0.549491 0.152380
vt 0.539048 0.149470
vt 0.539664 0.157404
vt 0.544059 0.167295
vt 0.538994 0.163208
vt 0.534259 0.170819
vt 0.530947 0.176084
vt 0.533849 0.148728
vt 0.532660 0.155814
vt 0.527000 0.152640
vt 0.519531 0.185895
vt 0.542272 0.173826
vt 0.541336 0.180663
vt 0.528681 0.165868
vt 0.528790 0.161042
vt 0.522755 0.159451
vt 0.533765 0.180575
vt 0.519531 0.150673
vt 0.528039 0.184193
vt 0.136692 0.692764
vt 0.131489 0.687561
vt 0.130859 0.693123
vt 0.257042 0.386371
vt 0.257530 0.386634
vt 0.257881 0.398220
vt 0.257881 0.379600
vt 0.250977 0.386173
vt 0.251107 0.402148
vt 0.097686 0.612689
vt 0.097656 0.611883
vt 0.100894 0.624043
vt 0.100894 0.605587
vt 0.097656 0.649680
vt 0.097656 0.631856
vt 0.099732 0.641639
vt 0.525391 0.902119
vt 0.527150 0.916621
vt 0.525391 0.917412
vt 0.526213 0.919949
vt 0.533347 0.910626
vt 0.559570 0.692647
vt 0.559570 0.708524
vt 0.562410 0.704260
vt 0.020227 0.425699
vt 0.015625 0.434979
vt 0.015625 0.415103
vt 0.019863 0.414578
vt 0.016196 0.423637
vt 0.799805 0.243290
vt 0.802885 0.231302
vt 0.804072 0.242924
vt 0.804748 0.243290
vt 0.127375 0.354853
vt 0.132667 0.363183
vt 0.123047 0.363183
vt 0.120142 0.827763
vt 0.121825 0.828191
vt 0.114258 0.832289
vt 0.120786 0.838817
vt 0.045604 0.245753
vt 0.033203 0.256120
vt 0.041172 0.256703
vt 0.052309 0.261916
vt 0.049675 0.258742
vt 0.038521 0.262149
vt 0.046711 0.269344
vt 0.048146 0.254604
vt 0.033798 0.272079
vt 0.051240 0.261273
vt 0.047578 0.259895
vt 0.052983 0.267980
vt 0.052339 0.278034
vt 0.054706 0.262584
vt 0.037951 0.269405
vt 0.046267 0.279218
vt 0.033203 0.282867
vt 0.040499 0.291062
vt 0.249023 0.995927
vt 0.256162 0.995927
vt 0.252880 0.990531
vt 0.936523 0.657939
vt 0.941912 0.652551
vt 0.942218 0.661580
vt 0.348759 0.457778
vt 0.341797 0.447345
vt 0.348759 0.440766
vt 0.364258 0.920214
vt 0.372070 0.911701
vt 0.372070 0.922667
vt 0.020098 0.867949
vt 0.020098 0.882529
vt 0.015625 0.875175
vt 0.364258 0.567902
vt 0.372733 0.562263
vt 0.372146 0.575790
vt 0.155453 0.311208
vt 0.147461 0.312864
vt 0.152350 0.316463
vt 0.150426 0.323540
vt 0.156773 0.329068
vt 0.147461 0.333711
vt 0.155701 0.340027
vt 0.148956 0.347059
vt 0.957031 0.524751
vt 0.963780 0.516950
vt 0.968595 0.528303
vt 0.964859 0.534955
vt 0.958665 0.537194
vt 0.957031 0.544637
vt 0.447266 0.026622
vt 0.453045 0.035474
vt 0.452330 0.043951
vt 0.447358 0.042532
vt 0.447266 0.054112
vt 0.527393 0.348693
vt 0.535307 0.354473
vt 0.538105 0.349016
vt 0.535958 0.341476
vt 0.528346 0.343192
vt 0.534383 0.336177
vt 0.535003 0.330391
vt 0.528748 0.331490
vt 0.525391 0.321255
vt 0.542594 0.321255
vt 0.255474 0.545917
vt 0.255474 0.532912
vt 0.250977 0.536078
vt 0.451669 0.079030
vt 0.444286 0.063712
vt 0.450763 0.069247
vt 0.442497 0.080845
vt 0.442109 0.089653
vt 0.439354 0.070163
vt 0.431641 0.064380
vt 0.853516 0.995363
vt 0.853946 0.989080
vt 0.854371 0.988471
vt 0.863196 0.991353
vt 0.097656 0.924606
vt 0.097656 0.935157
vt 0.101836 0.928500
vt 0.066406 0.578396
vt 0.068910 0.583329
vt 0.069622 0.582781
vt 0.069284 0.583398
vt 0.066406 0.592012
vt 0.069223 0.582748
vt 0.698796 0.859542
vt 0.700596 0.864003
vt 0.700764 0.863304
vt 0.698016 0.856419
vt 0.695313 0.851248
vt 0.702939 0.854341
vt 0.131118 0.254734
vt 0.132022 0.253443
vt 0.126953 0.248486
vt 0.126953 0.258179
vt 0.635742 0.717045
vt 0.639297 0.710911
vt 0.639297 0.719531
vt 0.370060 0.368988
vt 0.367188 0.378548
vt 0.370060 0.380233
vt 0.376953 0.212679
vt 0.381545 0.210322
vt 0.381545 0.221638
vt 0.525391 0.945590
vt 0.533636 0.939392
vt 0.530942 0.927761
vt 0.525391 0.937622
vt 0.592125 0.823855
vt 0.589155 0.831372
vt 0.587891 0.838721
vt 0.589012 0.838496
vt 0.590457 0.816218
vt 0.601818 0.816218
vt 0.594475 0.835166
vt 0.604036 0.832707
vt 0.483398 0.916794
vt 0.491289 0.904959
vt 0.491202 0.907194
vt 0.491119 0.908599
vt 0.491355 0.908601
vt 0.483398 0.899300
vt 0.484246 0.905629
vt 0.492821 0.909828
vt 0.491217 0.905143
vt 0.093606 0.166829
vt 0.086761 0.155775
vt 0.091306 0.157316
vt 0.100043 0.158422
vt 0.083984 0.147755
vt 0.114053 0.158359
vt 0.093845 0.143985
vt 0.093986 0.130512
vt 0.092650 0.115490
vt 0.104289 0.131173
vt 0.110299 0.136148
vt 0.106928 0.144188
vt 0.119070 0.134143
vt 0.120171 0.144778
vt 0.104649 0.124597
vt 0.100536 0.112063
vt 0.153150 0.383466
vt 0.151738 0.374771
vt 0.152857 0.382861
vt 0.148438 0.369819
vt 0.153150 0.367741
vt 0.152063 0.354871
vt 0.984375 0.331825
vt 0.992667 0.338287
vt 0.984375 0.347571
vt 0.991165 0.346161
vt 0.464844 0.657300
vt 0.470589 0.635872
vt 0.464844 0.633323
vt 0.469575 0.654765
vt 0.855469 0.896616
vt 0.855469 0.907382
vt 0.860480 0.904154
vt 0.796834 0.842172
vt 0.800022 0.840047
vt 0.794922 0.833277
vt 0.800022 0.830518
vt 0.695313 0.512329
vt 0.695313 0.521262
vt 0.705824 0.519243
vt 0.699435 0.537182
vt 0.870542 0.340148
vt 0.863476 0.338857
vt 0.863281 0.350078
vt 0.863281 0.361071
vt 0.866571 0.369550
vt 0.872986 0.359649
vt 0.871361 0.365396
vt 0.015625 0.939956
vt 0.022478 0.934993
vt 0.018392 0.949491
vt 0.022478 0.945137
vt 0.022196 0.484992
vt 0.015634 0.491158
vt 0.017052 0.477532
vt 0.022196 0.473699
vt 0.010927 0.483046
vt 0.011814 0.470897
vt 0.009766 0.475078
vt 0.390625 0.099453
vt 0.403863 0.098735
vt 0.397739 0.093111
vt 0.419562 0.096334
vt 0.403106 0.082771
vt 0.393224 0.082267
vt 0.407410 0.085639
vt 0.418391 0.084760
vt 0.414097 0.074131
vt 0.405509 0.070634
vt 0.406292 0.063122
vt 0.406487 0.055051
vt 0.402869 0.059973
vt 0.413663 0.062445
vt 0.424296 0.055900
vt 0.421332 0.049946
vt 0.430027 0.042936
vt 0.437404 0.053260
vt 0.432402 0.049550
vt 0.439003 0.037183
vt 0.392640 0.074755
vt 0.410955 0.046899
vt 0.403235 0.054323
vt 0.348819 0.272865
vt 0.344648 0.274428
vt 0.341973 0.266943
vt 0.333653 0.271250
vt 0.337314 0.277469
vt 0.322616 0.271487
vt 0.334862 0.288659
vt 0.324098 0.288998
vt 0.328146 0.298412
vt 0.330669 0.316681
vt 0.308598 0.297018
vt 0.320460 0.276842
vt 0.306641 0.275009
vt 0.320322 0.283845
vt 0.316730 0.290296
vt 0.313713 0.301598
vt 0.319657 0.297924
vt 0.319781 0.310031
vt 0.592625 0.378779
vt 0.596840 0.405258
vt 0.598616 0.391562
vt 0.597885 0.389410
vt 0.591797 0.386946
vt 0.603563 0.387950
vt 0.602332 0.381595
vt 0.606135 0.382816
vt 0.594531 0.388230
vt 0.624818 0.679901
vt 0.624476 0.667901
vt 0.614258 0.675526
vt 0.740234 0.054366
vt 0.759029 0.038849
vt 0.746679 0.055903
vt 0.745739 0.081214
vt 0.741099 0.066196
vt 0.753561 0.049028
vt 0.758794 0.049696
vt 0.755070 0.055657
vt 0.746137 0.062225
vt 0.747070 0.788715
vt 0.750938 0.794381
vt 0.747070 0.798625
vt 0.146484 0.893897
vt 0.153373 0.902031
vt 0.146484 0.906021
vt 0.615234 0.610141
vt 0.618254 0.613227
vt 0.615234 0.621589
vt 0.431641 0.529322
vt 0.434704 0.537170
vt 0.434704 0.519805
vt 0.763040 0.276429
vt 0.763040 0.244252
vt 0.761137 0.244060
vt 0.761932 0.251103
vt 0.762875 0.253448
vt 0.761355 0.259456
vt 0.753644 0.257973
vt 0.759025 0.250965
vt 0.749426 0.259635
vt 0.739258 0.259582
vt 0.755330 0.263077
vt 0.749348 0.265044
vt 0.746666 0.255667
vt 0.739279 0.268163
vt 0.755158 0.247233
vt 0.748824 0.265658
vt 0.252930 0.488248
vt 0.254723 0.501564
vt 0.252930 0.504244
vt 0.902354 0.861922
vt 0.905181 0.885987
vt 0.905181 0.875291
vt 0.895508 0.876260
vt 0.895666 0.866939
vt 0.461914 0.917647
vt 0.463140 0.904452
vt 0.468603 0.917639
vt 0.390637 0.739903
vt 0.391459 0.740201
vt 0.390768 0.740412
vt 0.390725 0.740640
vt 0.390666 0.740508
vt 0.390957 0.740672
vt 0.391314 0.739729
vt 0.391031 0.740934
vt 0.390637 0.740899
vt 0.390625 0.740408
vt 0.541572 0.986988
vt 0.541016 0.986471
vt 0.542734 0.986631
vt 0.541619 0.987928
vt 0.542326 0.987256
vt 0.390625 0.844229
vt 0.391567 0.844454
vt 0.391276 0.844454
vt 0.391321 0.844056
vt 0.390625 0.835859
vt 0.390814 0.836244
vt 0.391600 0.835859
vt 0.501656 0.280871
vt 0.496346 0.280930
vt 0.506600 0.293109
vt 0.506600 0.300696
vt 0.493164 0.301759
vt 0.414171 0.229602
vt 0.413677 0.256325
vt 0.414340 0.261824
vt 0.408067 0.259692
vt 0.413629 0.265707
vt 0.413940 0.265285
vt 0.413410 0.265596
vt 0.399812 0.232237
vt 0.406234 0.225692
vt 0.390625 0.250286
vt 0.393474 0.242971
vt 0.412223 0.235358
vt 0.408371 0.241560
vt 0.417445 0.248479
vt 0.400165 0.245143
vt 0.402719 0.253394
vt 0.413921 0.270791
vt 0.418932 0.264155
vt 0.412128 0.271789
vt 0.410038 0.266589
vt 0.905071 0.513135
vt 0.900057 0.519156
vt 0.899778 0.518977
vt 0.905071 0.494354
vt 0.902286 0.506027
vt 0.897052 0.498872
vt 0.900382 0.513499
vt 0.894531 0.505256
vt 0.895102 0.517830
vt 0.903547 0.520688
vt 0.896759 0.524539
vt 0.878906 0.393287
vt 0.883198 0.394006
vt 0.878906 0.398867
vt 0.283008 0.603372
vt 0.291546 0.605652
vt 0.280273 0.610774
vt 0.284993 0.610951
vt 0.291546 0.617578
vt 0.282130 0.620625
vt 0.194336 0.905447
vt 0.197026 0.905950
vt 0.194336 0.911619
vt 0.016807 0.899320
vt 0.016371 0.898263
vt 0.016786 0.898529
vt 0.016668 0.899734
vt 0.015625 0.893228
vt 0.019449 0.902177
vt 0.018086 0.890342
vt 0.015625 0.904861
vt 0.085938 0.624699
vt 0.086452 0.624501
vt 0.085938 0.620195
vt 0.085938 0.766182
vt 0.086609 0.766511
vt 0.085938 0.770382
vt 0.749023 0.735522
vt 0.750113 0.741073
vt 0.749835 0.741220
vt 0.749023 0.745444
vt 0.361896 0.316199
vt 0.351563 0.342113
vt 0.361896 0.338629
vt 0.351646 0.325537
vt 0.065430 0.275520
vt 0.066206 0.286844
vt 0.079492 0.275520
vt 0.075764 0.289410
vt 0.015568 0.146522
vt 0.006836 0.147493
vt 0.013927 0.156397
vt 0.015530 0.159126
vt 0.023827 0.151355
vt 0.006836 0.169684
vt 0.013701 0.167066
vt 0.010362 0.160287
vt 0.018826 0.161279
vt 0.021238 0.161691
vt 0.016998 0.169824
vt 0.984375 0.424612
vt 0.984375 0.435244
vt 0.991430 0.433311
vt 0.984571 0.439703
vt 0.784581 0.449085
vt 0.779824 0.444443
vt 0.769419 0.438934
vt 0.775194 0.448412
vt 0.784581 0.427757
vt 0.778255 0.426410
vt 0.768555 0.431039
vt 0.777451 0.436009
vt 0.969975 0.435272
vt 0.976297 0.445496
vt 0.958299 0.452385
vt 0.967151 0.463724
vt 0.960833 0.444414
vt 0.955078 0.459324
vt 0.970282 0.448620
vt 0.976049 0.452560
vt 0.968201 0.455383
vt 0.968368 0.473398
vt 0.976333 0.464914
vt 0.810084 0.148981
vt 0.808804 0.155504
vt 0.800781 0.155760
vt 0.809274 0.164253
vt 0.467988 0.745330
vt 0.461914 0.758457
vt 0.461914 0.741493
vt 0.304032 0.841059
vt 0.312287 0.863752
vt 0.306291 0.865077
vt 0.315730 0.854117
vt 0.303711 0.846044
vt 0.315730 0.845381
vt 0.447266 0.517998
vt 0.452735 0.518415
vt 0.453091 0.512172
vt 0.746094 0.967994
vt 0.750088 0.964576
vt 0.750088 0.974377
vt 0.015740 0.544188
vt 0.021344 0.547192
vt 0.019662 0.538683
vt 0.012016 0.539437
vt 0.008903 0.535874
vt 0.017200 0.528332
vt 0.014800 0.539340
vt 0.008789 0.526992
vt 0.008789 0.544526
vt 0.209991 0.479956
vt 0.225000 0.476760
vt 0.219673 0.467027
vt 0.215875 0.465210
vt 0.209696 0.461651
vt 0.208008 0.452998
vt 0.216459 0.483033
vt 0.222107 0.473604
vt 0.225118 0.465115
vt 0.220486 0.455677
vt 0.232751 0.460758
vt 0.213568 0.471423
vt 0.065430 0.886300
vt 0.070257 0.894689
vt 0.072924 0.888217
vt 0.077809 0.881173
vt 0.076481 0.895485
vt 0.512145 0.546332
vt 0.506836 0.550330
vt 0.506836 0.541837
vt 0.990140 0.481526
vt 0.984375 0.470416
vt 0.984375 0.485419
vt 0.559570 0.624256
vt 0.560587 0.625827
vt 0.565279 0.625783
vt 0.563175 0.634621
vt 0.565279 0.616681
vt 0.847547 0.730009
vt 0.846281 0.729983
vt 0.846980 0.730159
vt 0.841629 0.729277
vt 0.834961 0.728694
vt 0.842204 0.720508
vt 0.847127 0.740861
vt 0.099609 0.815115
vt 0.104464 0.814752
vt 0.103663 0.824900
vt 0.569659 0.353334
vt 0.564075 0.369693
vt 0.563795 0.366092
vt 0.561432 0.361197
vt 0.555206 0.362251
vt 0.558627 0.367996
vt 0.553711 0.358226
vt 0.566148 0.362093
vt 0.558652 0.351112
vt 0.569659 0.366842
vt 0.271228 0.866821
vt 0.264648 0.866821
vt 0.268865 0.872847
vt 0.765625 0.853657
vt 0.775022 0.850347
vt 0.775022 0.869080
vt 0.897128 0.591582
vt 0.894531 0.583062
vt 0.894531 0.568732
vt 0.898037 0.575595
vt 0.909715 0.568624
vt 0.906667 0.590158
vt 0.902722 0.578388
vt 0.903389 0.565902
vt 0.901847 0.570780
vt 0.493164 0.322036
vt 0.501131 0.330433
vt 0.494504 0.309572
vt 0.501131 0.318303
vt 0.158061 0.206414
vt 0.151540 0.212483
vt 0.143555 0.211672
vt 0.166937 0.202570
vt 0.167566 0.197034
vt 0.170552 0.188520
vt 0.160052 0.180257
vt 0.169271 0.178725
vt 0.161823 0.173589
vt 0.145140 0.201054
vt 0.160129 0.193668
vt 0.146498 0.191622
vt 0.154570 0.173213
vt 0.147351 0.178830
vt 0.157608 0.165925
vt 0.143555 0.167482
vt 0.288890 0.524234
vt 0.289135 0.536676
vt 0.285112 0.540490
vt 0.283203 0.545351
vt 0.287285 0.524496
vt 0.283203 0.532722
vt 0.917969 0.808339
vt 0.920655 0.802488
vt 0.920655 0.815641
vt 0.652344 0.984977
vt 0.662675 0.995309
vt 0.665018 0.986546
vt 0.834961 0.686991
vt 0.846763 0.684055
vt 0.834961 0.674956
vt 0.847802 0.669004
vt 0.569178 0.134667
vt 0.567474 0.144160
vt 0.569211 0.144722
vt 0.558594 0.135095
vt 0.566041 0.153075
vt 0.880859 0.327966
vt 0.885675 0.325958
vt 0.885675 0.331675
vt 0.923410 0.609305
vt 0.920898 0.612836
vt 0.924751 0.617367
vt 0.920898 0.622566
vt 0.507078 0.222977
vt 0.504055 0.244138
vt 0.495403 0.234192
vt 0.507625 0.226940
vt 0.491211 0.222977
vt 0.308937 0.952094
vt 0.317913 0.942650
vt 0.310037 0.944162
vt 0.303711 0.936416
vt 0.320838 0.936416
vt 0.315974 0.960257
vt 0.567052 0.862133
vt 0.561523 0.865050
vt 0.561523 0.871282
vt 0.568004 0.867548
vt 0.562794 0.874506
vt 0.210614 0.775071
vt 0.212702 0.772756
vt 0.209961 0.768854
vt 0.214416 0.765473
vt 0.216947 0.765720
vt 0.220082 0.769840
vt 0.220082 0.764241
vt 0.213108 0.790305
vt 0.658633 0.315016
vt 0.674522 0.312043
vt 0.674841 0.304753
vt 0.650757 0.301069
vt 0.657950 0.310322
vt 0.673676 0.297732
vt 0.661500 0.297054
vt 0.650391 0.286676
vt 0.654970 0.298708
vt 0.680586 0.290316
vt 0.659922 0.277741
vt 0.659134 0.283977
vt 0.670168 0.276401
vt 0.679488 0.276832
vt 0.650644 0.273586
vt 0.650704 0.262307
vt 0.661100 0.272662
vt 0.685505 0.255097
vt 0.676628 0.269276
vt 0.678772 0.261366
vt 0.690890 0.268138
vt 0.695808 0.260655
vt 0.842074 0.661192
vt 0.842470 0.653763
vt 0.841801 0.653083
vt 0.842028 0.653507
vt 0.834961 0.643185
vt 0.843405 0.650307
vt 0.834961 0.657297
vt 0.318472 0.459593
vt 0.332179 0.475595
vt 0.333311 0.460954
vt 0.325584 0.470339
vt 0.314768 0.466368
vt 0.314605 0.475237
vt 0.321692 0.480351
vt 0.306641 0.484479
vt 0.309071 0.488784
vt 0.333311 0.501213
vt 0.324007 0.489158
vt 0.316384 0.498537
vt 0.314723 0.493736
vt 0.309276 0.469433
vt 0.319622 0.503070
vt 0.202129 0.172832
vt 0.202129 0.114971
vt 0.192408 0.129363
vt 0.190937 0.120889
vt 0.190481 0.138667
vt 0.185608 0.134116
vt 0.181746 0.165398
vt 0.198084 0.157567
vt 0.189289 0.170481
vt 0.184023 0.159447
vt 0.188738 0.151983
vt 0.187947 0.145889
vt 0.175596 0.148981
vt 0.181325 0.155079
vt 0.172697 0.153697
vt 0.173431 0.160354
vt 0.182541 0.144649
vt 0.179575 0.142708
vt 0.178623 0.132228
vt 0.172905 0.139498
vt 0.165039 0.143955
vt 0.860352 0.067741
vt 0.863861 0.074907
vt 0.871984 0.072264
vt 0.873328 0.061051
vt 0.868068 0.048918
vt 0.877452 0.072796
vt 0.867869 0.065052
vt 0.886177 0.067606
vt 0.880592 0.052070
vt 0.886177 0.044927
vt 0.873949 0.042853
vt 0.884391 0.037272
vt 0.608398 0.879687
vt 0.614763 0.882991
vt 0.608398 0.891046
vt 0.484804 0.718219
vt 0.492329 0.716538
vt 0.496563 0.710466
vt 0.483398 0.706299
vt 0.496563 0.726227
vt 0.118057 0.442722
vt 0.117188 0.452307
vt 0.123569 0.452307
vt 0.154374 0.774353
vt 0.148438 0.774353
vt 0.150059 0.786567
vt 0.561332 0.739695
vt 0.567174 0.752105
vt 0.557617 0.752105
vt 0.291094 0.827061
vt 0.291094 0.843829
vt 0.284180 0.839079
vt 0.910156 0.973134
vt 0.913229 0.980550
vt 0.910156 0.986182
vt 0.615234 0.640839
vt 0.615234 0.629402
vt 0.619960 0.634220
vt 0.967405 0.570334
vt 0.962441 0.567571
vt 0.960452 0.579410
vt 0.961400 0.560600
vt 0.967405 0.553803
vt 0.959701 0.552449
vt 0.957031 0.565744
vt 0.959896 0.567318
vt 0.957148 0.557946
vt 0.958901 0.571462
vt 0.333008 0.759349
vt 0.337786 0.762220
vt 0.333008 0.775639
vt 0.985352 0.092385
vt 0.992350 0.102451
vt 0.985352 0.108962
vt 0.364258 0.843650
vt 0.365182 0.843391
vt 0.364725 0.843492
vt 0.366178 0.845590
vt 0.368145 0.839713
vt 0.364258 0.834573
vt 0.752703 0.946951
vt 0.746094 0.946951
vt 0.748199 0.956763
vt 0.631836 0.991843
vt 0.637435 0.991343
vt 0.636859 0.992655
vt 0.640372 0.992655
vt 0.026289 0.505703
vt 0.021355 0.518264
vt 0.008789 0.498971
vt 0.008789 0.519180
vt 0.019455 0.513378
vt 0.484375 0.642784
vt 0.496364 0.622699
vt 0.484846 0.637442
vt 0.488482 0.628003
vt 0.484375 0.623705
vt 0.492439 0.640248
vt 0.993087 0.157728
vt 0.988832 0.152950
vt 0.995268 0.150533
vt 0.990360 0.144577
vt 0.991982 0.143209
vt 0.995282 0.141163
vt 0.992576 0.142899
vt 0.992596 0.143071
vt 0.992650 0.143070
vt 0.986663 0.143767
vt 0.985352 0.141163
vt 0.660468 0.793212
vt 0.660155 0.782973
vt 0.653268 0.785756
vt 0.661357 0.772434
vt 0.656801 0.765339
vt 0.654561 0.775371
vt 0.650391 0.764078
vt 0.650391 0.792142
vt 0.250977 0.621505
vt 0.252467 0.628521
vt 0.252467 0.615752
vt 0.636350 0.358511
vt 0.633789 0.356596
vt 0.633789 0.365402
vt 0.617188 0.242719
vt 0.618520 0.250126
vt 0.618520 0.235142
vt 0.506836 0.631757
vt 0.506836 0.623305
vt 0.509513 0.628443
vt 0.218743 0.871773
vt 0.214230 0.871732
vt 0.215042 0.858516
vt 0.208984 0.855517
vt 0.209450 0.868300
vt 0.218743 0.852441
vt 0.211642 0.864103
vt 0.830293 0.278285
vt 0.829211 0.287353
vt 0.827229 0.304168
vt 0.828245 0.295776
vt 0.823871 0.306878
vt 0.821954 0.283601
vt 0.820778 0.296101
vt 0.818359 0.289936
vt 0.818359 0.271204
vt 0.818406 0.278015
vt 0.952516 0.246474
vt 0.951172 0.276494
vt 0.955764 0.275513
vt 0.952008 0.259235
vt 0.957224 0.246728
vt 0.958289 0.257938
vt 0.962332 0.241887
vt 0.951172 0.233143
vt 0.957960 0.229236
vt 0.967551 0.237101
vt 0.740334 0.736117
vt 0.730469 0.744760
vt 0.730469 0.731804
vt 0.143903 0.245343
vt 0.148003 0.241103
vt 0.143555 0.236431
vt 0.144176 0.228464
vt 0.154954 0.235333
vt 0.147890 0.256239
vt 0.151274 0.266812
vt 0.156593 0.220296
vt 0.156593 0.247464
vt 0.123248 0.503733
vt 0.116211 0.503733
vt 0.122661 0.494243
vt 0.461914 0.955386
vt 0.466026 0.947530
vt 0.466026 0.961788
vt 0.633789 0.811371
vt 0.634591 0.812467
vt 0.633789 0.819936
vt 0.126022 0.347040
vt 0.132833 0.340229
vt 0.125000 0.335265
vt 0.599335 0.917608
vt 0.593242 0.906911
vt 0.599335 0.907570
vt 0.588867 0.913168
vt 0.590063 0.912641
vt 0.597738 0.929236
vt 0.590978 0.920474
vt 0.596031 0.923168
vt 0.179375 0.823108
vt 0.188338 0.823074
vt 0.174592 0.820122
vt 0.168058 0.821465
vt 0.179314 0.833496
vt 0.186918 0.835712
vt 0.177667 0.828678
vt 0.171105 0.833494
vt 0.169632 0.840381
vt 0.165039 0.826495
vt 0.180494 0.843280
vt 0.188338 0.851729
vt 0.333150 0.721643
vt 0.344250 0.711082
vt 0.343819 0.715851
vt 0.344250 0.727434
vt 0.331055 0.718664
vt 0.336958 0.718988
vt 0.985352 0.084572
vt 0.994334 0.067986
vt 0.993761 0.075866
vt 0.985352 0.071315
vt 0.130859 0.738298
vt 0.135874 0.733283
vt 0.136184 0.743331
vt 0.921237 0.868335
vt 0.912109 0.865381
vt 0.914875 0.876841
vt 0.921237 0.878516
vt 0.230429 0.853433
vt 0.229492 0.863542
vt 0.238899 0.859645
vt 0.282227 0.851641
vt 0.292898 0.851641
vt 0.282986 0.861763
vt 0.291969 0.859355
vt 0.290171 0.868369
vt 0.923828 0.447002
vt 0.930090 0.442295
vt 0.923828 0.433150
vt 0.399901 0.995454
vt 0.399414 0.985690
vt 0.404705 0.972915
vt 0.404715 0.985973
vt 0.926598 0.982776
vt 0.924980 0.973134
vt 0.920898 0.980416
vt 0.218031 0.960920
vt 0.208984 0.960811
vt 0.218969 0.965557
vt 0.213140 0.972860
vt 0.208984 0.968194
vt 0.213004 0.979476
vt 0.771553 0.126217
vt 0.761982 0.121271
vt 0.751907 0.118080
vt 0.743164 0.106160
vt 0.764706 0.113602
vt 0.779665 0.095899
vt 0.782171 0.103865
vt 0.759243 0.102676
vt 0.770202 0.099318
vt 0.770969 0.105265
vt 0.769966 0.089275
vt 0.783374 0.112635
vt 0.754319 0.110935
vt 0.752242 0.089232
vt 0.745409 0.089027
vt 0.108398 0.985422
vt 0.116823 0.988911
vt 0.109030 0.994265
vt 0.486735 0.559075
vt 0.495159 0.555310
vt 0.486328 0.549006
vt 0.486328 0.538965
vt 0.497826 0.546239
vt 0.478684 0.536481
vt 0.478363 0.548208
vt 0.473443 0.557160
vt 0.469941 0.546192
vt 0.461914 0.552497
vt 0.463129 0.560969
vt 0.461914 0.538268
vt 0.416348 0.691811
vt 0.404137 0.680420
vt 0.399414 0.707680
vt 0.403121 0.690705
vt 0.402321 0.684696
vt 0.399414 0.695860
vt 0.409640 0.705310
vt 0.410847 0.699595
vt 0.408175 0.694382
vt 0.416500 0.710807
vt 0.699719 0.577423
vt 0.695313 0.590000
vt 0.699719 0.596314
vt 0.573218 0.077709
vt 0.574893 0.099556
vt 0.564824 0.085008
vt 0.558594 0.092805
vt 0.879745 0.165614
vt 0.874160 0.160762
vt 0.863281 0.135676
vt 0.869303 0.128142
vt 0.875017 0.150033
vt 0.864435 0.150219
vt 0.879745 0.133037
vt 0.866884 0.138996
vt 0.035746 0.902378
vt 0.031250 0.902378
vt 0.034091 0.889900
vt 0.928697 0.643132
vt 0.918981 0.647157
vt 0.918945 0.632819
vt 0.525983 0.266125
vt 0.533280 0.272231
vt 0.536797 0.259526
vt 0.531277 0.251521
vt 0.533056 0.256613
vt 0.535964 0.250149
vt 0.519531 0.238601
vt 0.521415 0.255791
vt 0.542163 0.250267
vt 0.547462 0.238601
vt 0.544563 0.269440
vt 0.565758 0.403892
vt 0.560547 0.410202
vt 0.565758 0.422457
vt 0.589844 0.942407
vt 0.598606 0.937049
vt 0.590163 0.952942
vt 0.598606 0.945484
vt 0.598595 0.958801
vt 0.827286 0.203740
vt 0.834786 0.192575
vt 0.821504 0.197138
vt 0.832279 0.177535
vt 0.834858 0.186469
vt 0.823083 0.178150
vt 0.818359 0.210176
vt 0.829744 0.216069
vt 0.820385 0.217670
vt 0.828101 0.190909
vt 0.818359 0.184837
vt 0.086826 0.596304
vt 0.085938 0.595837
vt 0.085938 0.600382
vt 0.252953 0.972254
vt 0.250977 0.974482
vt 0.253478 0.978381
vt 0.253629 0.978105
vt 0.254238 0.978671
vt 0.254668 0.978701
vt 0.254141 0.981889
vt 0.250977 0.982719
vt 0.667806 0.567946
vt 0.662418 0.570690
vt 0.655769 0.570690
vt 0.677020 0.550680
vt 0.669832 0.543422
vt 0.672176 0.553286
vt 0.669821 0.549376
vt 0.664549 0.546648
vt 0.657844 0.543260
vt 0.656600 0.548888
vt 0.663649 0.562932
vt 0.655640 0.563030
vt 0.659633 0.555179
vt 0.650806 0.553269
vt 0.650391 0.541008
vt 0.496922 0.599082
vt 0.497461 0.608514
vt 0.490518 0.614345
vt 0.489210 0.611915
vt 0.484375 0.597268
vt 0.487295 0.595531
vt 0.487662 0.596803
vt 0.488355 0.595242
vt 0.487220 0.596217
vt 0.488717 0.594798
vt 0.488560 0.601414
vt 0.484375 0.614887
vt 0.065430 0.786867
vt 0.065430 0.780703
vt 0.069976 0.774733
vt 0.073519 0.788239
vt 0.073466 0.782620
vt 0.176815 0.692945
vt 0.172623 0.686905
vt 0.180583 0.661500
vt 0.181972 0.670888
vt 0.183211 0.665461
vt 0.178963 0.665602
vt 0.178622 0.659989
vt 0.169922 0.658301
vt 0.184004 0.668974
vt 0.178293 0.681291
vt 0.169922 0.670547
vt 0.589739 0.232651
vt 0.598677 0.258939
vt 0.589054 0.256800
vt 0.599477 0.218852
vt 0.604149 0.241172
vt 0.605762 0.225854
vt 0.596699 0.237292
vt 0.600344 0.250434
vt 0.588867 0.218530
vt 0.590426 0.213982
vt 0.596178 0.224641
vt 0.593846 0.230820
vt 0.588867 0.248680
vt 0.804325 0.705373
vt 0.801855 0.700695
vt 0.798849 0.698018
vt 0.797085 0.701954
vt 0.804325 0.695716
vt 0.794922 0.693571
vt 0.920354 0.899445
vt 0.914063 0.893800
vt 0.920354 0.886329
vt 0.066447 0.523359
vt 0.074885 0.513871
vt 0.065430 0.515165
vt 0.069437 0.517037
vt 0.074885 0.527573
vt 0.795596 0.303923
vt 0.794922 0.290693
vt 0.802481 0.293824
vt 0.490829 0.568685
vt 0.489598 0.574523
vt 0.494827 0.571369
vt 0.492693 0.576452
vt 0.498037 0.566888
vt 0.497450 0.577642
vt 0.498738 0.574260
vt 0.481445 0.579681
vt 0.498738 0.586986
vt 0.487515 0.586515
vt 0.486508 0.571190
vt 0.559570 0.678548
vt 0.562953 0.684835
vt 0.562953 0.668158
vt 0.018100 0.748615
vt 0.018100 0.767224
vt 0.014648 0.758069
vt 0.335409 0.987845
vt 0.337716 0.973439
vt 0.330434 0.979096
vt 0.324219 0.976656
vt 0.954983 0.284306
vt 0.970923 0.313965
vt 0.963954 0.315081
vt 0.965858 0.319651
vt 0.957306 0.312827
vt 0.966327 0.301802
vt 0.950381 0.291579
vt 0.949219 0.312758
vt 0.969331 0.295008
vt 0.972932 0.300535
vt 0.959575 0.294511
vt 0.960674 0.304185
vt 0.951328 0.300221
vt 0.636153 0.525853
vt 0.641132 0.533257
vt 0.633789 0.536299
vt 0.210711 0.498469
vt 0.208984 0.493730
vt 0.208984 0.505909
vt 0.218513 0.500108
vt 0.219604 0.490845
vt 0.224479 0.496613
vt 0.215053 0.513507
vt 0.222301 0.517546
vt 0.224456 0.508705
vt 0.875977 0.905797
vt 0.875996 0.910326
vt 0.879478 0.909298
vt 0.269119 0.980117
vt 0.265437 0.983608
vt 0.269119 0.986448
vt 0.264648 0.980065
vt 0.003906 0.085022
vt 0.005971 0.093434
vt 0.014321 0.105989
vt 0.013228 0.094051
vt 0.014321 0.082404
vt 0.172852 0.968658
vt 0.176628 0.949214
vt 0.176587 0.949215
vt 0.176598 0.949248
vt 0.183726 0.949799
vt 0.176633 0.949222
vt 0.176628 0.949229
vt 0.179747 0.949192
vt 0.172852 0.937723
vt 0.184883 0.944657
vt 0.177433 0.948942
vt 0.266234 0.727457
vt 0.264648 0.722585
vt 0.266234 0.720712
vt 0.863281 0.548374
vt 0.868160 0.541418
vt 0.868160 0.557176
vt 0.796875 0.332883
vt 0.800319 0.341955
vt 0.796875 0.344838
vt 0.006836 0.297371
vt 0.006836 0.318251
vt 0.007878 0.309246
vt 0.451504 0.526450
vt 0.447266 0.526227
vt 0.447266 0.534429
vt 0.148438 0.495046
vt 0.151763 0.507564
vt 0.148438 0.512433
vt 0.881222 0.486584
vt 0.877930 0.489547
vt 0.881767 0.493385
vt 0.268582 0.676984
vt 0.264648 0.680317
vt 0.268582 0.683763
vt 0.935547 0.734908
vt 0.938455 0.741929
vt 0.939080 0.735051
vt 0.605953 0.686664
vt 0.593865 0.676482
vt 0.604924 0.675092
vt 0.600765 0.663736
vt 0.605953 0.664081
vt 0.592773 0.668648
vt 0.640249 0.645742
vt 0.640249 0.654399
vt 0.633789 0.654103
vt 0.664839 0.457835
vt 0.666017 0.452045
vt 0.667362 0.445685
vt 0.652105 0.440359
vt 0.650391 0.428181
vt 0.677272 0.432892
vt 0.677143 0.441801
vt 0.677272 0.458044
vt 0.445313 0.761039
vt 0.452737 0.765795
vt 0.452737 0.757650
vt 0.770681 0.137229
vt 0.767438 0.157233
vt 0.762927 0.142276
vt 0.769107 0.145420
vt 0.762696 0.149625
vt 0.754464 0.134030
vt 0.761138 0.136262
vt 0.754098 0.140176
vt 0.752930 0.146025
vt 0.757001 0.160937
vt 0.768535 0.166403
vt 0.755131 0.167191
vt 0.770681 0.178078
vt 0.961430 0.688078
vt 0.967310 0.693495
vt 0.967936 0.690086
vt 0.968954 0.692400
vt 0.968151 0.674404
vt 0.957031 0.685524
vt 0.508195 0.531312
vt 0.512834 0.525526
vt 0.513039 0.525914
vt 0.506836 0.525526
vt 0.512784 0.534024
vt 0.336315 0.324494
vt 0.333700 0.336477
vt 0.334942 0.349139
vt 0.326601 0.326280
vt 0.317812 0.347091
vt 0.318064 0.324563
vt 0.313424 0.341549
vt 0.306570 0.326909
vt 0.302734 0.338729
vt 0.336315 0.360200
vt 0.336254 0.367070
vt 0.331989 0.373891
vt 0.325954 0.347799
vt 0.323154 0.360765
vt 0.329932 0.359084
vt 0.318072 0.360215
vt 0.327514 0.367669
vt 0.319499 0.373023
vt 0.316049 0.369931
vt 0.308723 0.362573
vt 0.441406 0.097465
vt 0.450770 0.105230
vt 0.441406 0.124756
vt 0.448416 0.118011
vt 0.098225 0.454741
vt 0.093750 0.444581
vt 0.098866 0.434447
vt 0.093750 0.423605
vt 0.102397 0.414614
vt 0.097462 0.453037
vt 0.098959 0.444926
vt 0.109814 0.449347
vt 0.105620 0.434910
vt 0.110892 0.426266
vt 0.949219 0.116538
vt 0.955859 0.164843
vt 0.949219 0.161249
vt 0.956379 0.157620
vt 0.958113 0.149437
vt 0.966513 0.159369
vt 0.969697 0.148709
vt 0.949299 0.148782
vt 0.957218 0.136862
vt 0.961230 0.136013
vt 0.958000 0.127123
vt 0.958105 0.116340
vt 0.966236 0.115767
vt 0.962070 0.144073
vt 0.966644 0.138834
vt 0.966124 0.132287
vt 0.971486 0.126744
vt 0.977372 0.113385
vt 0.837891 0.390422
vt 0.852043 0.399822
vt 0.850891 0.377421
vt 0.748360 0.316136
vt 0.748859 0.334864
vt 0.742597 0.342047
vt 0.735995 0.343199
vt 0.742551 0.316604
vt 0.731398 0.338682
vt 0.730469 0.327859
vt 0.742204 0.347247
vt 0.738238 0.348433
vt 0.730469 0.344755
vt 0.720864 0.366676
vt 0.720312 0.365523
vt 0.716797 0.361351
vt 0.716797 0.371023
vt 0.587891 0.778064
vt 0.587891 0.755528
vt 0.591979 0.768310
vt 0.598638 0.763927
vt 0.589560 0.761517
vt 0.599316 0.766812
vt 0.595349 0.756607
vt 0.600581 0.757296
vt 0.356438 0.391210
vt 0.354062 0.397210
vt 0.355207 0.408125
vt 0.351563 0.387791
vt 0.356438 0.383096
vt 0.264648 0.417096
vt 0.264648 0.409960
vt 0.269683 0.413230
vt 0.922713 0.719582
vt 0.917969 0.727132
vt 0.922713 0.732751
vt 0.983681 0.781279
vt 0.983681 0.767668
vt 0.978880 0.767395
vt 0.979206 0.767353
vt 0.979764 0.766491
vt 0.977539 0.772881
vt 0.207042 0.634310
vt 0.213688 0.628172
vt 0.207031 0.639041
vt 0.223766 0.631983
vt 0.207327 0.647124
vt 0.213323 0.650311
vt 0.214969 0.646484
vt 0.223766 0.650726
vt 0.218045 0.639982
vt 0.217219 0.654489
vt 0.219456 0.647714
vt 0.854137 0.254082
vt 0.849499 0.257400
vt 0.847655 0.252063
vt 0.850800 0.263232
vt 0.843750 0.262796
vt 0.843750 0.243809
vt 0.844853 0.256576
vt 0.032948 0.839573
vt 0.031250 0.830921
vt 0.040253 0.841430
vt 0.040253 0.828900
vt 0.065430 0.346429
vt 0.076224 0.340933
vt 0.069563 0.346932
vt 0.068754 0.352680
vt 0.068811 0.351652
vt 0.069887 0.351260
vt 0.070223 0.351969
vt 0.076224 0.354823
vt 0.068476 0.352031
vt 0.754636 0.503374
vt 0.754636 0.513423
vt 0.749023 0.512134
vt 0.709586 0.346413
vt 0.706284 0.385221
vt 0.709586 0.378030
vt 0.698553 0.375429
vt 0.705984 0.362732
vt 0.695190 0.365807
vt 0.693359 0.351808
vt 0.445313 0.871291
vt 0.448406 0.878760
vt 0.450586 0.870420
vt 0.447761 0.871719
vt 0.633789 0.615238
vt 0.636698 0.621456
vt 0.636698 0.612764
vt 0.695313 0.754122
vt 0.695313 0.741573
vt 0.705087 0.740145
vt 0.702721 0.751187
vt 0.769436 0.673783
vt 0.766602 0.677428
vt 0.774959 0.682594
vt 0.773971 0.682994
vt 0.773363 0.681563
vt 0.772217 0.679824
vt 0.780402 0.673493
vt 0.769964 0.676625
vt 0.780402 0.694438
vt 0.772121 0.672390
vt 0.771574 0.685185
vt 0.040102 0.767704
vt 0.037802 0.777570
vt 0.036133 0.776749
vt 0.040102 0.780310
vt 0.103194 0.549085
vt 0.099168 0.570741
vt 0.097656 0.558499
vt 0.097656 0.545229
vt 0.636349 0.389824
vt 0.633789 0.394895
vt 0.634353 0.395824
vt 0.636349 0.398620
vt 0.195180 0.345192
vt 0.192383 0.351129
vt 0.204897 0.354343
vt 0.197068 0.382442
vt 0.200866 0.359707
vt 0.196784 0.363680
vt 0.201314 0.372676
vt 0.195184 0.375685
vt 0.195548 0.376365
vt 0.201443 0.384392
vt 0.192842 0.384319
vt 0.192383 0.385282
vt 0.839345 0.930941
vt 0.834961 0.941145
vt 0.835611 0.930027
vt 0.835854 0.929480
vt 0.834961 0.923985
vt 0.842341 0.929194
vt 0.992059 0.653308
vt 0.979492 0.653905
vt 0.989368 0.662079
vt 0.982280 0.663068
vt 0.985012 0.667368
vt 0.979492 0.668152
vt 0.286110 0.303808
vt 0.281292 0.304747
vt 0.292464 0.295082
vt 0.282253 0.317264
vt 0.280273 0.293734
vt 0.283193 0.338629
vt 0.281240 0.333983
vt 0.284731 0.326178
vt 0.280273 0.341613
vt 0.287245 0.316191
vt 0.295865 0.297714
vt 0.818359 0.225482
vt 0.821727 0.232262
vt 0.825446 0.243716
vt 0.832355 0.251238
vt 0.830844 0.225988
vt 0.829494 0.235403
vt 0.833157 0.235640
vt 0.818359 0.252544
vt 0.826041 0.246536
vt 0.823112 0.256104
vt 0.822976 0.263392
vt 0.821261 0.244905
vt 0.012640 0.225268
vt 0.016904 0.232015
vt 0.016721 0.222524
vt 0.013955 0.220385
vt 0.010899 0.217288
vt 0.011948 0.211359
vt 0.011652 0.220048
vt 0.008789 0.218779
vt 0.016904 0.208741
vt 0.650391 0.728545
vt 0.650391 0.747878
vt 0.667529 0.746733
vt 0.652895 0.735673
vt 0.657846 0.727595
vt 0.664974 0.727114
vt 0.669901 0.740015
vt 0.657275 0.756266
vt 0.664042 0.754369
vt 0.658698 0.746102
vt 0.663047 0.742241
vt 0.663270 0.739229
vt 0.118513 0.548959
vt 0.116211 0.560155
vt 0.123838 0.556996
vt 0.145508 0.833288
vt 0.148822 0.840033
vt 0.154671 0.844136
vt 0.157651 0.833288
vt 0.673809 0.653072
vt 0.665729 0.663802
vt 0.650391 0.653072
vt 0.662436 0.656151
vt 0.652760 0.672894
vt 0.666246 0.673795
vt 0.656704 0.682324
vt 0.651632 0.681566
vt 0.443190 0.171065
vt 0.439001 0.172815
vt 0.431641 0.165552
vt 0.444231 0.187565
vt 0.441171 0.188561
vt 0.165039 0.476518
vt 0.165039 0.458588
vt 0.178174 0.469464
vt 0.170142 0.458612
vt 0.176474 0.452955
vt 0.180466 0.458738
vt 0.165977 0.446042
vt 0.166387 0.448352
vt 0.175977 0.448431
vt 0.172986 0.441200
vt 0.532796 0.894306
vt 0.525428 0.882398
vt 0.534148 0.886173
vt 0.531973 0.881618
vt 0.529994 0.879528
vt 0.530995 0.875421
vt 0.528758 0.874750
vt 0.525391 0.877982
vt 0.532394 0.887112
vt 0.534148 0.876548
vt 0.501953 0.918834
vt 0.505757 0.919697
vt 0.505204 0.923400
vt 0.505144 0.926537
vt 0.364258 0.612697
vt 0.369097 0.606883
vt 0.364258 0.602556
vt 0.368627 0.613698
vt 0.368545 0.607615
vt 0.173067 0.390722
vt 0.171638 0.382604
vt 0.179871 0.354981
vt 0.166578 0.374744
vt 0.166464 0.378932
vt 0.173756 0.378974
vt 0.176298 0.383479
vt 0.160156 0.354981
vt 0.168427 0.372000
vt 0.176788 0.377126
vt 0.562949 0.177794
vt 0.555664 0.181361
vt 0.572770 0.167435
vt 0.557693 0.168945
vt 0.556963 0.160888
vt 0.733727 0.900159
vt 0.730469 0.894449
vt 0.730469 0.907345
vt 0.730469 0.878877
vt 0.732767 0.873740
vt 0.732767 0.886636
vt 0.334757 0.686853
vt 0.331055 0.692766
vt 0.334757 0.693714
vt 0.331728 0.703270
vt 0.031250 0.869575
vt 0.031250 0.879635
vt 0.032768 0.881131
vt 0.033123 0.881735
vt 0.032464 0.881686
vt 0.032795 0.881727
vt 0.032680 0.881811
vt 0.040280 0.880841
vt 0.035358 0.876497
vt 0.041067 0.876097
vt 0.032672 0.882088
vt 0.547054 0.520540
vt 0.547054 0.524035
vt 0.546875 0.523950
vt 0.265011 0.485930
vt 0.264648 0.486525
vt 0.265011 0.492957
vt 0.071562 0.384315
vt 0.067383 0.388996
vt 0.071562 0.398181
vt 0.818359 0.970002
vt 0.821368 0.975508
vt 0.818359 0.980403
vt 0.945853 0.401142
vt 0.939453 0.401142
vt 0.942444 0.408924
vt 0.589364 0.306115
vt 0.595364 0.299146
vt 0.594581 0.295667
vt 0.599410 0.284600
vt 0.591366 0.287030
vt 0.599410 0.266752
vt 0.593649 0.279414
vt 0.588867 0.277926
vt 0.033203 0.481386
vt 0.037306 0.470970
vt 0.034371 0.473876
vt 0.036114 0.500840
vt 0.041923 0.502832
vt 0.036843 0.492577
vt 0.041557 0.487407
vt 0.036251 0.484418
vt 0.044308 0.492796
vt 0.044308 0.471728
vt 0.636220 0.977027
vt 0.639794 0.975313
vt 0.631836 0.980746
vt 0.640376 0.983530
vt 0.632517 0.975313
vt 0.636404 0.977354
vt 0.136351 0.841646
vt 0.135996 0.842721
vt 0.136351 0.848873
vt 0.130859 0.847986
vt 0.620828 0.473456
vt 0.615234 0.475784
vt 0.618571 0.480858
vt 0.620828 0.484960
vt 0.258746 0.366016
vt 0.250977 0.371787
vt 0.251522 0.365924
vt 0.259003 0.358261
vt 0.258984 0.348963
vt 0.251976 0.359366
vt 0.257437 0.338564
vt 0.250977 0.349325
vt 0.850299 0.271045
vt 0.848176 0.290467
vt 0.850299 0.284525
vt 0.843750 0.278721
vt 0.250977 0.777849
vt 0.255688 0.780045
vt 0.250977 0.790162
vt 0.334595 0.823116
vt 0.341362 0.821180
vt 0.337568 0.816886
vt 0.338438 0.815048
vt 0.339658 0.810900
vt 0.330078 0.807409
vt 0.342783 0.815094
vt 0.346209 0.807409
vt 0.429688 0.442640
vt 0.433919 0.443162
vt 0.432297 0.442312
vt 0.431020 0.441332
vt 0.432245 0.449646
vt 0.435608 0.443970
vt 0.437233 0.438642
vt 0.429688 0.431055
vt 0.440061 0.443445
vt 0.440061 0.426223
vt 0.102927 0.798063
vt 0.102444 0.796795
vt 0.104629 0.806940
vt 0.103445 0.796876
vt 0.102173 0.802051
vt 0.097656 0.796327
vt 0.098981 0.805763
vt 0.104629 0.798852
vt 0.305800 0.877101
vt 0.320683 0.872889
vt 0.320136 0.887640
vt 0.320683 0.895509
vt 0.303711 0.886428
vt 0.311661 0.889426
vt 0.315141 0.896878
vt 0.490973 0.958161
vt 0.484375 0.951054
vt 0.492584 0.967178
vt 0.485918 0.966444
vt 0.492584 0.949850
vt 0.447266 0.902439
vt 0.448339 0.908431
vt 0.447266 0.910468
vt 0.033203 0.403261
vt 0.037589 0.422948
vt 0.035680 0.422521
vt 0.036621 0.417112
vt 0.036811 0.412832
vt 0.038753 0.421901
vt 0.041060 0.417715
vt 0.048421 0.420162
vt 0.044896 0.413444
vt 0.039677 0.410128
vt 0.037594 0.397657
vt 0.048421 0.389694
vt 0.934570 0.910441
vt 0.934570 0.914029
vt 0.936608 0.913423
vt 0.940050 0.911224
vt 0.935357 0.917890
vt 0.940473 0.917897
vt 0.708984 0.982553
vt 0.711302 0.985292
vt 0.708984 0.991450
vt 0.041016 0.979635
vt 0.047017 0.983729
vt 0.046612 0.974039
vt 0.633789 0.548449
vt 0.635783 0.549605
vt 0.636699 0.550777
vt 0.636993 0.551064
vt 0.637030 0.550839
vt 0.637326 0.544111
vt 0.636001 0.549286
vt 0.637326 0.552851
vt 0.636907 0.551036
vt 0.882769 0.406679
vt 0.878906 0.407217
vt 0.882769 0.412253
vt 0.179121 0.650489
vt 0.177648 0.646866
vt 0.176993 0.646892
vt 0.175443 0.644697
vt 0.177517 0.641350
vt 0.184803 0.647346
vt 0.179725 0.644200
vt 0.180907 0.637574
vt 0.166997 0.642677
vt 0.165039 0.636987
vt 0.166260 0.626667
vt 0.184803 0.619524
vt 0.169053 0.615553
vt 0.985029 0.946994
vt 0.982066 0.947897
vt 0.980893 0.951858
vt 0.986689 0.949786
vt 0.976563 0.947218
vt 0.983107 0.961116
vt 0.976563 0.961705
vt 0.068763 0.556897
vt 0.068763 0.570584
vt 0.066406 0.567883
vt 0.853516 0.954654
vt 0.861304 0.952650
vt 0.858290 0.952523
vt 0.858307 0.952201
vt 0.861052 0.962191
vt 0.735858 0.832287
vt 0.735858 0.845203
vt 0.730469 0.838851
vt 0.269909 0.951667
vt 0.269904 0.951255
vt 0.264648 0.951363
vt 0.267109 0.957304
vt 0.195313 0.869236
vt 0.197548 0.869615
vt 0.197548 0.863395
vt 0.995672 0.182098
vt 0.985352 0.171139
vt 0.989685 0.174441
vt 0.985392 0.165540
vt 0.995672 0.168100
vt 0.136146 0.796465
vt 0.130859 0.803668
vt 0.135764 0.803264
vt 0.136146 0.803721
vt 0.718378 0.487039
vt 0.714844 0.492060
vt 0.714844 0.482546
vt 0.432953 0.821914
vt 0.431913 0.828023
vt 0.422852 0.825674
vt 0.422852 0.812852
vt 0.014648 0.582979
vt 0.018868 0.597238
vt 0.014648 0.603019
vt 0.019350 0.587028
vt 0.236589 0.648667
vt 0.232422 0.638345
vt 0.235517 0.639413
vt 0.236454 0.641300
vt 0.235093 0.641694
vt 0.234053 0.643341
vt 0.240298 0.647094
vt 0.240601 0.638345
vt 0.134614 0.493989
vt 0.131836 0.501830
vt 0.135826 0.501830
vt 0.097656 0.474593
vt 0.100355 0.482675
vt 0.105946 0.482521
vt 0.106144 0.477678
vt 0.097656 0.502178
vt 0.099297 0.494770
vt 0.105924 0.496280
vt 0.104278 0.481205
vt 0.105022 0.486603
vt 0.109093 0.477897
vt 0.107319 0.462554
vt 0.100337 0.479393
vt 0.602969 0.717347
vt 0.593850 0.702093
vt 0.596228 0.694476
vt 0.605039 0.709116
vt 0.601563 0.704668
vt 0.600656 0.705349
vt 0.596963 0.705397
vt 0.605039 0.697248
vt 0.598637 0.714028
vt 0.593750 0.699588
vt 0.329102 0.918269
vt 0.341311 0.907664
vt 0.338845 0.903029
vt 0.331074 0.910715
vt 0.343181 0.912709
vt 0.329102 0.911784
vt 0.333988 0.911386
vt 0.329173 0.902343
vt 0.528954 0.287967
vt 0.526312 0.284719
vt 0.525776 0.313442
vt 0.531190 0.294780
vt 0.525391 0.300791
vt 0.534992 0.302428
vt 0.536050 0.280044
vt 0.532201 0.284564
vt 0.538668 0.295615
vt 0.525391 0.290217
vt 0.443132 0.228919
vt 0.451093 0.229481
vt 0.433634 0.252755
vt 0.436586 0.241799
vt 0.429688 0.235664
vt 0.430173 0.248323
vt 0.440123 0.241357
vt 0.444702 0.252755
vt 0.496776 0.814265
vt 0.493533 0.827961
vt 0.483398 0.827642
vt 0.495178 0.838113
vt 0.429688 0.267463
vt 0.439348 0.277168
vt 0.434951 0.274463
vt 0.440270 0.268698
vt 0.436816 0.281811
vt 0.437869 0.260568
vt 0.447150 0.277150
vt 0.447307 0.284386
vt 0.447307 0.263080
vt 0.116211 0.541146
vt 0.123040 0.534570
vt 0.117315 0.528845
vt 0.826539 0.528524
vt 0.818359 0.529408
vt 0.824920 0.538043
vt 0.818359 0.541298
vt 0.445313 0.741688
vt 0.449219 0.749837
vt 0.453100 0.741688
vt 0.554677 0.339482
vt 0.555975 0.339592
vt 0.553711 0.337313
vt 0.560938 0.330545
vt 0.564597 0.324785
vt 0.565341 0.326259
vt 0.564801 0.325097
vt 0.564207 0.324666
vt 0.560473 0.325201
vt 0.565341 0.343300
vt 0.564498 0.334961
vt 0.554546 0.327333
vt 0.556726 0.332153
vt 0.013452 0.289559
vt 0.006836 0.284012
vt 0.009412 0.273124
vt 0.024711 0.292325
vt 0.018824 0.287852
vt 0.024711 0.280543
vt 0.022980 0.270846
vt 0.014424 0.280009
vt 0.414871 0.565244
vt 0.409661 0.567064
vt 0.390774 0.565244
vt 0.390625 0.570564
vt 0.396938 0.574005
vt 0.420355 0.579986
vt 0.413218 0.577016
vt 0.414818 0.582617
vt 0.401626 0.586805
vt 0.397817 0.580337
vt 0.405805 0.583775
vt 0.410270 0.595880
vt 0.403413 0.594604
vt 0.397569 0.567407
vt 0.393358 0.575678
vt 0.390657 0.588416
vt 0.020794 0.200929
vt 0.009332 0.198198
vt 0.020465 0.193420
vt 0.006836 0.188669
vt 0.020794 0.183283
vt 0.010338 0.177636
vt 0.825890 0.761127
vt 0.824660 0.759979
vt 0.822811 0.759804
vt 0.819810 0.754233
vt 0.824450 0.751665
vt 0.822021 0.755739
vt 0.818359 0.762128
vt 0.825890 0.751843
vt 0.822048 0.760749
vt 0.445313 0.862607
vt 0.451882 0.859886
vt 0.448036 0.852694
vt 0.717232 0.396308
vt 0.719077 0.398731
vt 0.716797 0.401499
vt 0.719077 0.405960
vt 0.446837 0.638097
vt 0.446289 0.628998
vt 0.453824 0.632119
vt 0.086296 0.461728
vt 0.085938 0.461567
vt 0.089065 0.460850
vt 0.089065 0.466773
vt 0.943793 0.514871
vt 0.941998 0.516226
vt 0.941714 0.516009
vt 0.942129 0.515995
vt 0.942025 0.515665
vt 0.940458 0.516805
vt 0.939453 0.513678
vt 0.940865 0.521941
vt 0.070609 0.678892
vt 0.070231 0.669313
vt 0.065430 0.666387
vt 0.072146 0.664028
vt 0.895508 0.781317
vt 0.902865 0.786938
vt 0.907352 0.786094
vt 0.905050 0.789545
vt 0.905439 0.783289
vt 0.908846 0.770069
vt 0.895508 0.764947
vt 0.909251 0.775490
vt 0.908678 0.787466
vt 0.731445 0.655201
vt 0.733067 0.659056
vt 0.733067 0.644551
vt 0.067776 0.823128
vt 0.065430 0.830838
vt 0.070196 0.820917
vt 0.065430 0.817367
vt 0.746094 0.931439
vt 0.748477 0.939138
vt 0.748477 0.929306
vt 0.612305 0.809551
vt 0.616917 0.814344
vt 0.616917 0.802972
vt 0.524414 0.704984
vt 0.528074 0.698168
vt 0.531275 0.697945
vt 0.534124 0.706746
vt 0.534682 0.706316
vt 0.533684 0.706992
vt 0.533237 0.705802
vt 0.533664 0.706355
vt 0.530266 0.708423
vt 0.529901 0.704596
vt 0.525121 0.711015
vt 0.528182 0.722008
vt 0.535688 0.699069
vt 0.533172 0.705576
vt 0.148438 0.487234
vt 0.148438 0.471831
vt 0.148547 0.471048
vt 0.149125 0.472327
vt 0.149124 0.471956
vt 0.148879 0.476041
vt 0.152245 0.469665
vt 0.152721 0.478101
vt 0.149330 0.471962
vt 0.034180 0.550172
vt 0.041040 0.555200
vt 0.036773 0.562434
vt 0.034180 0.565718
vt 0.038518 0.579721
vt 0.293700 0.794659
vt 0.293164 0.784312
vt 0.292476 0.777848
vt 0.286813 0.788528
vt 0.280273 0.787685
vt 0.280579 0.777848
vt 0.846680 0.087448
vt 0.846680 0.100110
vt 0.847419 0.118258
vt 0.852763 0.097834
vt 0.818359 0.507934
vt 0.827015 0.507934
vt 0.821319 0.520712
vt 0.620373 0.590877
vt 0.615234 0.598875
vt 0.615613 0.600179
vt 0.620373 0.602329
vt 0.826527 0.347784
vt 0.819781 0.373059
vt 0.826527 0.366012
vt 0.821680 0.367058
vt 0.818359 0.363029
vt 0.754883 0.209039
vt 0.754883 0.185891
vt 0.755464 0.193881
vt 0.756698 0.228213
vt 0.758393 0.221353
vt 0.760957 0.203066
vt 0.765988 0.194210
vt 0.762264 0.220796
vt 0.524414 0.828662
vt 0.524414 0.839320
vt 0.531043 0.833381
vt 0.530801 0.819174
vt 0.473633 0.488343
vt 0.479194 0.476324
vt 0.480111 0.485834
vt 0.476874 0.467593
vt 0.473689 0.474824
vt 0.473633 0.480137
vt 0.474049 0.492256
vt 0.730469 0.752573
vt 0.730739 0.762927
vt 0.739901 0.753766
vt 0.794922 0.908309
vt 0.799425 0.911696
vt 0.794922 0.919928
vt 0.920290 0.907258
vt 0.919699 0.914750
vt 0.910156 0.907258
vt 0.913001 0.920359
vt 0.993758 0.252378
vt 0.985352 0.247772
vt 0.985731 0.253261
vt 0.994623 0.238538
vt 0.985352 0.237452
vt 0.132654 0.282823
vt 0.125977 0.290562
vt 0.132654 0.292512
vt 0.405090 0.955100
vt 0.399527 0.950209
vt 0.407193 0.940588
vt 0.407193 0.965103
vt 0.399414 0.960503
vt 0.512348 0.755210
vt 0.512348 0.763580
vt 0.504883 0.761070
vt 0.434228 0.323750
vt 0.436213 0.332030
vt 0.436213 0.339338
vt 0.430664 0.334537
vt 0.431327 0.347457
vt 0.208123 0.212578
vt 0.215388 0.200210
vt 0.226445 0.191015
vt 0.222036 0.191412
vt 0.218672 0.197130
vt 0.226128 0.185234
vt 0.223227 0.179147
vt 0.220735 0.186521
vt 0.214918 0.186434
vt 0.207089 0.187090
vt 0.211289 0.203988
vt 0.203121 0.204189
vt 0.178711 0.213087
vt 0.190582 0.212521
vt 0.199188 0.212232
vt 0.187347 0.205401
vt 0.180203 0.202253
vt 0.204233 0.197499
vt 0.195569 0.198042
vt 0.200065 0.191075
vt 0.183745 0.213361
vt 0.185037 0.212653
vt 0.194076 0.192525
vt 0.196001 0.187460
vt 0.189177 0.191840
vt 0.178989 0.185377
vt 0.216432 0.176920
vt 0.221128 0.167923
vt 0.209536 0.180644
vt 0.042859 0.462472
vt 0.034773 0.463158
vt 0.033203 0.450086
vt 0.044940 0.450813
vt 0.034306 0.445779
vt 0.041513 0.440910
vt 0.042419 0.440690
vt 0.047195 0.440465
vt 0.042828 0.435865
vt 0.033203 0.430761
vt 0.037785 0.443449
vt 0.038182 0.436109
vt 0.048207 0.436101
vt 0.137636 0.725471
vt 0.130859 0.722664
vt 0.135934 0.716920
vt 0.429582 0.956519
vt 0.427504 0.960221
vt 0.426749 0.960377
vt 0.420898 0.959416
vt 0.423836 0.970391
vt 0.779297 0.150951
vt 0.790679 0.171851
vt 0.791271 0.159744
vt 0.782047 0.161750
vt 0.791271 0.148981
vt 0.780827 0.171253
vt 0.746094 0.858607
vt 0.746094 0.868477
vt 0.755476 0.865013
vt 0.959894 0.415596
vt 0.963493 0.403032
vt 0.959393 0.405367
vt 0.962010 0.417053
vt 0.964950 0.403897
vt 0.964731 0.409087
vt 0.971136 0.407225
vt 0.972897 0.414850
vt 0.964802 0.427459
vt 0.975217 0.425660
vt 0.975775 0.399339
vt 0.956055 0.399339
vt 0.906792 0.840065
vt 0.903009 0.829676
vt 0.895508 0.852779
vt 0.899608 0.854110
vt 0.898033 0.840924
vt 0.895508 0.830461
vt 0.149064 0.871890
vt 0.146484 0.886085
vt 0.150962 0.879065
vt 0.157190 0.881650
vt 0.151680 0.700194
vt 0.155973 0.706416
vt 0.155973 0.694178
vt 0.145508 0.702429
vt 0.654297 0.841782
vt 0.654297 0.859553
vt 0.661002 0.849621
vt 0.664520 0.867251
vt 0.666023 0.838353
vt 0.668203 0.847145
vt 0.650621 0.817578
vt 0.655224 0.823706
vt 0.650391 0.808669
vt 0.658888 0.801024
vt 0.669368 0.811505
vt 0.669717 0.830540
vt 0.568151 0.854320
vt 0.568151 0.841917
vt 0.564277 0.849137
vt 0.561523 0.843928
vt 0.337846 0.670826
vt 0.336085 0.662573
vt 0.331055 0.674038
vt 0.337846 0.679041
vt 0.749023 0.691110
vt 0.750311 0.682451
vt 0.749023 0.681174
vt 0.798254 0.580554
vt 0.801731 0.576590
vt 0.794922 0.576383
vt 0.797196 0.587539
vt 0.775079 0.634673
vt 0.766602 0.614206
vt 0.774617 0.615188
vt 0.770975 0.622557
vt 0.781164 0.613305
vt 0.779544 0.625249
vt 0.778890 0.618291
vt 0.341797 0.474097
vt 0.347830 0.482587
vt 0.347830 0.465590
vt 0.345361 0.474945
vt 0.344744 0.475441
vt 0.343934 0.479702
vt 0.264648 0.522595
vt 0.270393 0.522595
vt 0.267484 0.515595
vt 0.929867 0.281119
vt 0.925781 0.278182
vt 0.927283 0.270826
vt 0.929867 0.276185
vt 0.926460 0.285166
vt 0.841078 0.873406
vt 0.842631 0.883193
vt 0.835247 0.876335
vt 0.834961 0.882278
vt 0.834961 0.890936
vt 0.818359 0.615661
vt 0.823140 0.610637
vt 0.823140 0.623290
vt 0.617188 0.221089
vt 0.619925 0.227330
vt 0.619925 0.211474
vt 0.538976 0.608332
vt 0.534857 0.614014
vt 0.535943 0.599233
vt 0.530356 0.625048
vt 0.523438 0.614289
vt 0.531851 0.618667
vt 0.528657 0.611761
vt 0.523438 0.601117
vt 0.920414 0.857568
vt 0.915039 0.849363
vt 0.920414 0.844417
vt 0.650391 0.691281
vt 0.665995 0.695403
vt 0.663114 0.696940
vt 0.661618 0.702633
vt 0.656089 0.702093
vt 0.661657 0.707978
vt 0.662715 0.719301
vt 0.650391 0.705244
vt 0.674733 0.697205
vt 0.675433 0.690137
vt 0.795898 0.282881
vt 0.801254 0.274662
vt 0.795898 0.270899
vt 0.901592 0.893800
vt 0.895508 0.900578
vt 0.902059 0.908087
vt 0.898434 0.904041
vt 0.902444 0.915354
vt 0.895508 0.917855
vt 0.897712 0.909120
vt 0.847592 0.748673
vt 0.839650 0.749495
vt 0.835022 0.745590
vt 0.834961 0.761304
vt 0.836118 0.751796
vt 0.770722 0.934165
vt 0.765625 0.929947
vt 0.765625 0.947809
vt 0.770136 0.940660
vt 0.368919 0.625471
vt 0.364258 0.621511
vt 0.364258 0.632636
vt 0.738402 0.711015
vt 0.738402 0.723991
vt 0.734375 0.716733
vt 0.460938 0.274305
vt 0.479837 0.290119
vt 0.475887 0.286335
vt 0.471675 0.293463
vt 0.475008 0.302317
vt 0.460938 0.294310
vt 0.473882 0.273175
vt 0.481704 0.268340
vt 0.478789 0.278638
vt 0.472372 0.276310
vt 0.482423 0.285144
vt 0.467049 0.282692
vt 0.481605 0.297529
vt 0.364258 0.644696
vt 0.368784 0.640449
vt 0.368784 0.651574
vt 0.255536 0.517081
vt 0.250977 0.525100
vt 0.250977 0.512057
vt 0.985609 0.600134
vt 0.985609 0.585225
vt 0.979492 0.588755
vt 0.219425 0.426603
vt 0.217045 0.419606
vt 0.217790 0.416637
vt 0.216943 0.418172
vt 0.216917 0.418692
vt 0.223781 0.423250
vt 0.225513 0.418336
vt 0.219226 0.445185
vt 0.224485 0.432591
vt 0.208984 0.420459
vt 0.215661 0.420487
vt 0.216557 0.418832
vt 0.123047 0.398041
vt 0.124511 0.396855
vt 0.123047 0.388428
vt 0.121864 0.430249
vt 0.119141 0.434565
vt 0.119141 0.424970
vt 0.734375 0.703203
vt 0.735884 0.696090
vt 0.735392 0.696131
vt 0.735028 0.700496
vt 0.734375 0.690205
vt 0.252900 0.566728
vt 0.250977 0.559349
vt 0.252900 0.553729
vt 0.370827 0.855451
vt 0.368279 0.866296
vt 0.367316 0.859479
vt 0.372949 0.859451
vt 0.366459 0.859254
vt 0.365880 0.853402
vt 0.364258 0.864342
vt 0.879883 0.371746
vt 0.884261 0.366433
vt 0.884261 0.372066
vt 0.087437 0.794404
vt 0.087218 0.794396
vt 0.087437 0.790207
vt 0.085938 0.792061
vt 0.367188 0.967997
vt 0.369227 0.977179
vt 0.367188 0.978931
vt 0.491211 0.206009
vt 0.506090 0.213506
vt 0.506922 0.193913
vt 0.494447 0.193913
vt 0.495965 0.200942
vt 0.500979 0.207266
vt 0.509877 0.206346
vt 0.510035 0.201462
vt 0.497028 0.215164
vt 0.120993 0.578303
vt 0.116211 0.576322
vt 0.120678 0.567968
vt 0.123047 0.370995
vt 0.126604 0.371360
vt 0.123047 0.380616
vt 0.934570 0.782800
vt 0.937043 0.785581
vt 0.934570 0.790376
vt 0.936523 0.637698
vt 0.938948 0.637331
vt 0.939440 0.644738
vt 0.562500 0.801480
vt 0.567532 0.805701
vt 0.562500 0.813886
vt 0.230469 0.793161
vt 0.234200 0.790175
vt 0.234866 0.788691
vt 0.235138 0.788440
vt 0.234983 0.782953
vt 0.230469 0.782988
vt 0.713867 0.881572
vt 0.720323 0.881760
vt 0.717282 0.873329
vt 0.958008 0.633723
vt 0.962530 0.640944
vt 0.963488 0.630972
vt 0.958008 0.621061
vt 0.640091 0.439648
vt 0.633789 0.445495
vt 0.640002 0.451708
vt 0.368673 0.931219
vt 0.364258 0.930480
vt 0.364258 0.941428
vt 0.818359 0.704045
vt 0.822140 0.699132
vt 0.818359 0.691466
vt 0.364258 0.659386
vt 0.368472 0.663706
vt 0.364258 0.670509
vt 0.633789 0.294096
vt 0.641757 0.290094
vt 0.641757 0.298912
vt 0.865581 0.292232
vt 0.863281 0.281393
vt 0.866276 0.271231
vt 0.872910 0.280336
vt 0.874389 0.266479
vt 0.863281 0.258137
vt 0.465327 0.616694
vt 0.472002 0.625510
vt 0.461914 0.605590
vt 0.472002 0.601058
vt 0.471906 0.616785
vt 0.470404 0.610558
vt 0.880487 0.097636
vt 0.875748 0.085130
vt 0.870695 0.096007
vt 0.870558 0.082719
vt 0.866080 0.087721
vt 0.860372 0.084535
vt 0.880487 0.120330
vt 0.871191 0.104411
vt 0.867710 0.099613
vt 0.872968 0.114684
vt 0.860352 0.105840
vt 0.861780 0.093049
vt 0.114258 0.863667
vt 0.121989 0.868977
vt 0.115949 0.875016
vt 0.022861 0.823158
vt 0.016602 0.831558
vt 0.022861 0.837743
vt 0.622723 0.423571
vt 0.618164 0.417816
vt 0.621432 0.418720
vt 0.622723 0.412046
vt 0.749023 0.663419
vt 0.749023 0.673276
vt 0.749545 0.673362
vt 0.752270 0.670238
vt 0.146484 0.631200
vt 0.146484 0.643444
vt 0.147869 0.637113
vt 0.155670 0.636391
vt 0.151614 0.642654
vt 0.721374 0.353539
vt 0.721374 0.343772
vt 0.717773 0.349800
vt 0.283504 0.516421
vt 0.290362 0.513126
vt 0.283203 0.513871
vt 0.291572 0.501337
vt 0.290736 0.507071
vt 0.289641 0.494930
vt 0.283203 0.498939
vt 0.283791 0.508972
vt 0.857422 0.970003
vt 0.859372 0.980223
vt 0.857422 0.980658
vt 0.264648 0.471046
vt 0.264648 0.478117
vt 0.267286 0.476746
vt 0.734545 0.596984
vt 0.731445 0.602954
vt 0.736357 0.606721
vt 0.731445 0.613147
vt 0.192383 0.961083
vt 0.194861 0.960895
vt 0.192546 0.966484
vt 0.039901 0.644953
vt 0.039371 0.645196
vt 0.039666 0.644630
vt 0.039292 0.644986
vt 0.046051 0.640536
vt 0.037728 0.646572
vt 0.044137 0.655123
vt 0.035156 0.646142
vt 0.039408 0.642512
vt 0.366211 0.446792
vt 0.369199 0.456197
vt 0.369111 0.456450
vt 0.366211 0.457981
vt 0.369709 0.452432
vt 0.880859 0.315632
vt 0.882990 0.318146
vt 0.882990 0.312424
vt 0.852875 0.325013
vt 0.845514 0.327006
vt 0.847095 0.329986
vt 0.852875 0.334657
vt 0.837891 0.332649
vt 0.845262 0.340170
vt 0.852823 0.343410
vt 0.142578 0.302855
vt 0.144403 0.286257
vt 0.150138 0.303396
vt 0.162415 0.302300
vt 0.154260 0.284962
vt 0.145684 0.275618
vt 0.151385 0.275263
vt 0.158558 0.276212
vt 0.173824 0.297708
vt 0.175635 0.303396
vt 0.176091 0.291268
vt 0.165752 0.288449
vt 0.175025 0.283940
vt 0.167150 0.274624
vt 0.175227 0.274208
vt 0.170287 0.267073
vt 0.765625 0.957591
vt 0.770349 0.965550
vt 0.767772 0.971885
vt 0.770349 0.955622
vt 0.935706 0.887456
vt 0.934570 0.880086
vt 0.935706 0.879988
vt 0.877681 0.944320
vt 0.876521 0.945126
vt 0.876364 0.944888
vt 0.875977 0.948436
vt 0.876997 0.943623
vt 0.838796 0.609293
vt 0.840182 0.609343
vt 0.839333 0.609224
vt 0.834961 0.607930
vt 0.838299 0.608642
vt 0.842457 0.594329
vt 0.834961 0.591471
vt 0.841486 0.608968
vt 0.842512 0.601865
vt 0.838313 0.609550
vt 0.633789 0.406433
vt 0.636600 0.411804
vt 0.633789 0.415229
vt 0.882478 0.304612
vt 0.881836 0.303811
vt 0.882478 0.298863
vt 0.304688 0.968069
vt 0.307742 0.977880
vt 0.316347 0.969765
vt 0.317120 0.980962
vt 0.304688 0.987898
vt 0.309143 0.991909
vt 0.314714 0.991688
vt 0.794922 0.811113
vt 0.799962 0.814620
vt 0.794922 0.822706
vt 0.801325 0.811039
vt 0.034180 0.587533
vt 0.037622 0.610294
vt 0.034180 0.610183
vt 0.037339 0.591376
vt 0.229492 0.961134
vt 0.233258 0.966616
vt 0.229492 0.971261
vt 0.238858 0.966000
vt 0.099736 0.942969
vt 0.104292 0.952478
vt 0.097656 0.955226
vt 0.217344 0.952999
vt 0.212891 0.933755
vt 0.218946 0.941289
vt 0.213790 0.944677
vt 0.215932 0.942783
vt 0.215573 0.944324
vt 0.215177 0.943646
vt 0.214545 0.942527
vt 0.215786 0.948430
vt 0.218417 0.950298
vt 0.212891 0.950520
vt 0.841797 0.189030
vt 0.842468 0.195922
vt 0.847203 0.200767
vt 0.854596 0.199734
vt 0.854105 0.190693
vt 0.848027 0.208741
vt 0.841797 0.206539
vt 0.847732 0.204777
vt 0.716227 0.773351
vt 0.716227 0.782347
vt 0.713867 0.781200
vt 0.125913 0.405854
vt 0.119141 0.408287
vt 0.124289 0.414395
vt 0.122815 0.417158
vt 0.445313 0.949729
vt 0.452048 0.953523
vt 0.446404 0.959166
vt 0.264648 0.500770
vt 0.264648 0.507782
vt 0.266355 0.503564
vt 0.097656 0.788515
vt 0.102466 0.784757
vt 0.102473 0.783937
vt 0.103422 0.783419
vt 0.103064 0.783991
vt 0.097656 0.777902
vt 0.614258 0.711501
vt 0.614557 0.718361
vt 0.620272 0.706951
vt 0.620272 0.714619
vt 0.077115 0.969978
vt 0.069336 0.973376
vt 0.076734 0.977041
vt 0.074387 0.985570
vt 0.963729 0.872184
vt 0.961993 0.873002
vt 0.957031 0.868486
vt 0.963132 0.870509
vt 0.963286 0.871824
vt 0.964393 0.872334
vt 0.964180 0.872192
vt 0.963645 0.874304
vt 0.962987 0.882866
vt 0.963960 0.873449
vt 0.963073 0.867885
vt 0.962192 0.870594
vt 0.191406 0.991680
vt 0.193943 0.994152
vt 0.193943 0.988159
vt 0.548587 0.509202
vt 0.548246 0.512728
vt 0.546875 0.509202
vt 0.412109 0.988585
vt 0.414287 0.993214
vt 0.414287 0.987274
vt 0.730469 0.989936
vt 0.730469 0.977127
vt 0.735786 0.986041
vt 0.225171 0.525358
vt 0.225171 0.552025
vt 0.213207 0.533371
vt 0.219667 0.527007
vt 0.225053 0.535449
vt 0.214903 0.540695
vt 0.218336 0.547575
vt 0.207031 0.537950
vt 0.474995 0.310130
vt 0.470298 0.315899
vt 0.481090 0.314106
vt 0.481003 0.338273
vt 0.466720 0.343994
vt 0.472151 0.335031
vt 0.464368 0.335874
vt 0.462891 0.315831
vt 0.466189 0.324498
vt 0.476015 0.332249
vt 0.462891 0.329674
vt 0.470951 0.320404
vt 0.477682 0.323662
vt 0.474625 0.340063
vt 0.929950 0.214564
vt 0.926758 0.218693
vt 0.926758 0.204093
vt 0.366211 0.484792
vt 0.369799 0.487788
vt 0.366211 0.495978
vt 0.945807 0.482039
vt 0.944863 0.482511
vt 0.944901 0.482832
vt 0.941827 0.481725
vt 0.939453 0.485511
vt 0.945807 0.488357
vt 0.939788 0.489403
vt 0.939655 0.484110
vt 0.193834 0.953083
vt 0.192383 0.948552
vt 0.196192 0.947389
vt 0.250977 0.421607
vt 0.257343 0.419543
vt 0.254684 0.425399
vt 0.252100 0.432144
vt 0.250977 0.409960
vt 0.418824 0.919810
vt 0.418952 0.917801
vt 0.416992 0.926046
vt 0.421639 0.923872
vt 0.423934 0.914354
vt 0.416992 0.911011
vt 0.425635 0.915822
vt 0.424258 0.914610
vt 0.322029 0.440332
vt 0.328883 0.450429
vt 0.321289 0.451780
vt 0.322929 0.418884
vt 0.331709 0.414927
vt 0.330837 0.422638
vt 0.326433 0.439134
vt 0.334412 0.431222
vt 0.321289 0.406464
vt 0.071335 0.913404
vt 0.077809 0.908426
vt 0.070684 0.919803
vt 0.065442 0.914812
vt 0.065430 0.903298
vt 0.906579 0.213454
vt 0.894531 0.214202
vt 0.907214 0.224899
vt 0.918192 0.215711
vt 0.917652 0.236145
vt 0.894531 0.226650
vt 0.894934 0.237293
vt 0.903336 0.246984
vt 0.909713 0.249679
vt 0.906791 0.256952
vt 0.896057 0.250472
vt 0.898285 0.254199
vt 0.900910 0.263673
vt 0.914862 0.257449
vt 0.560291 0.761490
vt 0.557617 0.772325
vt 0.557617 0.759918
vt 0.749023 0.620279
vt 0.750152 0.620190
vt 0.749567 0.617742
vt 0.751348 0.617533
vt 0.749023 0.610312
vt 0.967385 0.964778
vt 0.959360 0.978609
vt 0.958008 0.979099
vt 0.968454 0.970045
vt 0.959895 0.972072
vt 0.958008 0.963636
vt 0.963541 0.975068
vt 0.804633 0.646492
vt 0.795143 0.634665
vt 0.804589 0.634665
vt 0.794922 0.642723
vt 0.876992 0.853969
vt 0.875977 0.859009
vt 0.877011 0.859009
vt 0.101329 0.855639
vt 0.099609 0.851105
vt 0.099609 0.861683
vt 0.857253 0.933704
vt 0.853516 0.937927
vt 0.855367 0.936584
vt 0.857253 0.944388
vt 0.289243 0.955335
vt 0.289573 0.953167
vt 0.286373 0.950562
vt 0.288539 0.954410
vt 0.287498 0.953056
vt 0.286643 0.961039
vt 0.289573 0.967204
vt 0.281897 0.963764
vt 0.280273 0.959005
vt 0.280575 0.961567
vt 0.280530 0.955503
vt 0.284407 0.958403
vt 0.287587 0.953974
vt 0.160156 0.925465
vt 0.162094 0.927320
vt 0.160156 0.934328
vt 0.163821 0.929565
vt 0.165035 0.926490
vt 0.100194 0.908654
vt 0.097656 0.916793
vt 0.097656 0.906240
vt 0.462497 0.701294
vt 0.462507 0.701065
vt 0.461914 0.701123
vt 0.464576 0.708887
vt 0.468267 0.698508
vt 0.468096 0.697221
vt 0.464760 0.699040
vt 0.470961 0.693472
vt 0.463198 0.694040
vt 0.463419 0.690007
vt 0.938504 0.629518
vt 0.936523 0.621894
vt 0.943116 0.621894
vt 0.957808 0.497731
vt 0.955078 0.488044
vt 0.968519 0.482354
vt 0.969299 0.490910
vt 0.960267 0.481211
vt 0.964355 0.494223
vt 0.963520 0.509138
vt 0.974195 0.499845
vt 0.975510 0.481211
vt 0.266567 0.647791
vt 0.264648 0.648304
vt 0.267247 0.654577
vt 0.346758 0.496063
vt 0.342773 0.490400
vt 0.342773 0.507385
vt 0.634080 0.484708
vt 0.637477 0.480725
vt 0.633789 0.483921
vt 0.634288 0.484887
vt 0.633789 0.476110
vt 0.491594 0.859984
vt 0.493004 0.856657
vt 0.491092 0.854727
vt 0.493647 0.853148
vt 0.483398 0.864818
vt 0.492039 0.846728
vt 0.483398 0.845926
vt 0.492273 0.854241
vt 0.487982 0.846250
vt 0.410506 0.851262
vt 0.414952 0.850009
vt 0.407268 0.860209
vt 0.400019 0.850986
vt 0.399414 0.832056
vt 0.410347 0.838889
vt 0.286133 0.394354
vt 0.291103 0.394432
vt 0.291539 0.398019
vt 0.294047 0.400557
vt 0.286133 0.378908
vt 0.294511 0.384510
vt 0.561523 0.935000
vt 0.561523 0.922660
vt 0.564512 0.933714
vt 0.713867 0.585842
vt 0.717135 0.591331
vt 0.713867 0.595093
vt 0.111328 0.951528
vt 0.114735 0.955734
vt 0.111328 0.960666
vt 0.633789 0.568179
vt 0.640401 0.570917
vt 0.638478 0.560664
vt 0.129883 0.878923
vt 0.133335 0.874743
vt 0.129883 0.871711
vt 0.220613 0.917288
vt 0.216136 0.925942
vt 0.213058 0.922454
vt 0.216028 0.914709
vt 0.208984 0.918597
vt 0.208984 0.906681
vt 0.215809 0.907414
vt 0.704042 0.769921
vt 0.703333 0.769136
vt 0.704039 0.773419
vt 0.695563 0.767566
vt 0.701394 0.768646
vt 0.703812 0.768016
vt 0.695313 0.761935
vt 0.698784 0.775343
vt 0.333008 0.741040
vt 0.339543 0.735246
vt 0.339543 0.751536
vt 0.607143 0.512216
vt 0.603347 0.511415
vt 0.601642 0.514365
vt 0.606424 0.509222
vt 0.607143 0.532421
vt 0.600510 0.525538
vt 0.592703 0.529036
vt 0.595620 0.519451
vt 0.587891 0.513252
vt 0.591505 0.520591
vt 0.598154 0.509882
vt 0.607098 0.511638
vt 0.132606 0.788653
vt 0.130859 0.786118
vt 0.132606 0.781381
vt 0.071567 0.733664
vt 0.068815 0.733989
vt 0.066312 0.735520
vt 0.070737 0.736692
vt 0.072921 0.736752
vt 0.075381 0.737141
vt 0.065430 0.729386
vt 0.068465 0.738251
vt 0.069965 0.742046
vt 0.073661 0.742442
vt 0.065430 0.742909
vt 0.065527 0.732334
vt 0.154742 0.746507
vt 0.155150 0.734277
vt 0.149414 0.740406
vt 0.155150 0.741384
vt 0.236712 0.675182
vt 0.238428 0.681442
vt 0.232422 0.674614
vt 0.232422 0.684898
vt 0.718240 0.551656
vt 0.713867 0.556805
vt 0.718240 0.560966
vt 0.155937 0.417736
vt 0.148438 0.428176
vt 0.149888 0.436017
vt 0.149513 0.436373
vt 0.155937 0.431345
vt 0.979619 0.795834
vt 0.979300 0.795702
vt 0.979306 0.796250
vt 0.979191 0.795911
vt 0.985556 0.801120
vt 0.977539 0.789092
vt 0.977539 0.803858
vt 0.986427 0.796031
vt 0.617531 0.458553
vt 0.624407 0.458531
vt 0.616597 0.450721
vt 0.615234 0.465643
vt 0.875977 0.713030
vt 0.876229 0.713267
vt 0.875977 0.718195
vt 0.467134 0.815355
vt 0.461914 0.823859
vt 0.467134 0.830014
vt 0.794922 0.723399
vt 0.801021 0.713186
vt 0.803142 0.726804
vt 0.264648 0.740015
vt 0.269394 0.735270
vt 0.269259 0.743668
vt 0.483398 0.878628
vt 0.487967 0.872631
vt 0.488967 0.884178
vt 0.483398 0.891488
vt 0.695313 0.918173
vt 0.695869 0.932105
vt 0.705615 0.922359
vt 0.697358 0.915031
vt 0.561241 0.716337
vt 0.559570 0.722063
vt 0.561241 0.731883
vt 0.977539 0.758679
vt 0.983924 0.749989
vt 0.977539 0.743889
vt 0.730469 0.782995
vt 0.734247 0.770740
vt 0.739200 0.782696
vt 0.224083 0.594036
vt 0.220814 0.620359
vt 0.223562 0.608831
vt 0.223590 0.598756
vt 0.215846 0.615290
vt 0.212157 0.608013
vt 0.216557 0.601374
vt 0.210938 0.594036
vt 0.422852 0.835836
vt 0.429306 0.842985
vt 0.422852 0.850979
vt 0.957031 0.988590
vt 0.966909 0.986912
vt 0.969526 0.993766
vt 0.150083 0.686366
vt 0.154829 0.684993
vt 0.145508 0.675994
vt 0.156817 0.671310
vt 0.256054 0.595157
vt 0.250977 0.601295
vt 0.256054 0.607939
vt 0.695313 0.982394
vt 0.697997 0.988359
vt 0.695313 0.996046
vt 0.849276 0.466074
vt 0.846420 0.470674
vt 0.841276 0.462136
vt 0.851072 0.459951
vt 0.842205 0.475379
vt 0.847510 0.476025
vt 0.851072 0.471214
vt 0.841286 0.473170
vt 0.838867 0.469312
vt 0.844834 0.478258
vt 0.843853 0.476252
vt 0.731445 0.620959
vt 0.734341 0.631848
vt 0.731445 0.636739
vt 0.818359 0.834410
vt 0.819819 0.833352
vt 0.827036 0.834036
vt 0.822360 0.824750
vt 0.370117 0.328651
vt 0.370117 0.339905
vt 0.373243 0.331545
vt 0.713867 0.742837
vt 0.717947 0.748729
vt 0.717947 0.739693
vt 0.065430 0.462983
vt 0.065430 0.449235
vt 0.070244 0.453673
vt 0.147461 0.574565
vt 0.156159 0.583264
vt 0.155674 0.568357
vt 0.156950 0.577279
vt 0.254890 0.638193
vt 0.252615 0.639015
vt 0.250977 0.636334
vt 0.250977 0.648912
vt 0.044014 0.684402
vt 0.044652 0.687616
vt 0.041964 0.683433
vt 0.041571 0.689973
vt 0.039063 0.685103
vt 0.039063 0.696108
vt 0.985984 0.985794
vt 0.985008 0.969517
vt 0.976563 0.981892
vt 0.492180 0.503170
vt 0.505237 0.501378
vt 0.488281 0.490992
vt 0.488329 0.497505
vt 0.491888 0.482986
vt 0.495905 0.496867
vt 0.505038 0.494825
vt 0.498473 0.491090
vt 0.508438 0.482986
vt 0.137494 0.483066
vt 0.131935 0.477507
vt 0.131836 0.486176
vt 0.069185 0.431452
vt 0.072667 0.441422
vt 0.066162 0.439636
vt 0.073152 0.435444
vt 0.070374 0.432432
vt 0.070936 0.434122
vt 0.078077 0.427647
vt 0.065430 0.427647
vt 0.069972 0.427916
vt 0.794922 0.888876
vt 0.796944 0.894294
vt 0.796628 0.900496
vt 0.801490 0.888876
vt 0.390625 0.505056
vt 0.392044 0.499378
vt 0.395990 0.487773
vt 0.404185 0.488135
vt 0.402692 0.494131
vt 0.400612 0.503948
vt 0.404811 0.501732
vt 0.408751 0.489478
vt 0.409053 0.491188
vt 0.410186 0.489000
vt 0.410455 0.498395
vt 0.396294 0.513945
vt 0.409346 0.510375
vt 0.406008 0.515152
vt 0.412205 0.492948
vt 0.418663 0.487881
vt 0.500977 0.941621
vt 0.505206 0.934350
vt 0.506443 0.943885
vt 0.990942 0.324013
vt 0.986501 0.321847
vt 0.990942 0.308265
vt 0.985352 0.313579
vt 0.730469 0.365352
vt 0.731114 0.374688
vt 0.734949 0.356245
vt 0.741527 0.363975
vt 0.746873 0.372142
vt 0.738974 0.374647
vt 0.731964 0.379892
vt 0.737317 0.380046
vt 0.730469 0.383864
vt 0.734282 0.387327
vt 0.743941 0.383039
vt 0.740086 0.388539
vt 0.435587 0.676907
vt 0.425869 0.675439
vt 0.425781 0.682774
vt 0.426118 0.690430
vt 0.433709 0.681834
vt 0.435587 0.690794
vt 0.838998 0.617607
vt 0.842238 0.627190
vt 0.841989 0.630058
vt 0.834961 0.617363
vt 0.834961 0.635373
vt 0.844945 0.633546
vt 0.835775 0.628973
vt 0.847315 0.621224
vt 0.989971 0.901919
vt 0.977539 0.901919
vt 0.986747 0.911844
vt 0.979629 0.905985
vt 0.979740 0.916656
vt 0.500000 0.083273
vt 0.508415 0.075705
vt 0.508952 0.088125
vt 0.500000 0.097126
vt 0.508266 0.094356
vt 0.165039 0.732918
vt 0.185185 0.723948
vt 0.184033 0.716306
vt 0.177207 0.728971
vt 0.173546 0.719178
vt 0.184715 0.701843
vt 0.177642 0.710329
vt 0.174971 0.705025
vt 0.165185 0.700757
vt 0.165039 0.709900
vt 0.824051 0.417727
vt 0.819336 0.413658
vt 0.819336 0.432549
vt 0.430066 0.934280
vt 0.415039 0.935255
vt 0.419547 0.936096
vt 0.426782 0.933905
vt 0.424291 0.947758
vt 0.425623 0.933859
vt 0.430066 0.948707
vt 0.425968 0.941662
vt 0.425541 0.941599
vt 0.421698 0.946329
vt 0.418877 0.942626
vt 0.894531 0.417501
vt 0.897080 0.431344
vt 0.904055 0.442939
vt 0.898474 0.448192
vt 0.899100 0.434745
vt 0.894531 0.445284
vt 0.910382 0.436662
vt 0.912196 0.427786
vt 0.904284 0.435575
vt 0.695339 0.804877
vt 0.705205 0.805527
vt 0.695313 0.811498
vt 0.703615 0.809698
vt 0.705205 0.818703
vt 0.561981 0.486095
vt 0.557617 0.492068
vt 0.568564 0.486809
vt 0.564886 0.493574
vt 0.564647 0.504571
vt 0.568564 0.501075
vt 0.232422 0.696244
vt 0.235772 0.702962
vt 0.235772 0.692711
vt 0.014648 0.714320
vt 0.024548 0.706723
vt 0.014648 0.703218
vt 0.022650 0.695631
vt 0.022584 0.711689
vt 0.877688 0.871843
vt 0.877688 0.866822
vt 0.875977 0.866873
vt 0.818359 0.943959
vt 0.824477 0.939967
vt 0.818359 0.933531
vt 0.286326 0.695679
vt 0.280273 0.691588
vt 0.286326 0.678499
vt 0.166650 0.807712
vt 0.181315 0.812309
vt 0.181315 0.780639
vt 0.165039 0.795840
vt 0.166086 0.780853
vt 0.178500 0.787494
vt 0.179023 0.792009
vt 0.177409 0.792930
vt 0.178159 0.794805
vt 0.177238 0.801645
vt 0.171224 0.809550
vt 0.283913 0.588232
vt 0.283913 0.595560
vt 0.280777 0.578286
vt 0.280273 0.589159
vt 0.195902 0.925591
vt 0.194336 0.925599
vt 0.194336 0.919431
vt 0.533392 0.210595
vt 0.533790 0.210580
vt 0.531563 0.193708
vt 0.529756 0.205770
vt 0.519531 0.200243
vt 0.523052 0.210046
vt 0.528361 0.214422
vt 0.526848 0.224152
vt 0.521234 0.219585
vt 0.519531 0.230789
vt 0.772385 0.774960
vt 0.767118 0.779186
vt 0.770168 0.779753
vt 0.766921 0.778886
vt 0.769042 0.776941
vt 0.768564 0.766867
vt 0.770783 0.763427
vt 0.778004 0.761812
vt 0.767616 0.772645
vt 0.767735 0.783606
vt 0.776129 0.767815
vt 0.765625 0.761812
vt 0.117395 0.586115
vt 0.116519 0.591162
vt 0.116212 0.591102
vt 0.116930 0.591222
vt 0.120716 0.587141
vt 0.120716 0.595534
vt 0.116211 0.590973
vt 0.447064 0.363709
vt 0.447115 0.357551
vt 0.440978 0.355269
vt 0.447115 0.372289
vt 0.445016 0.371654
vt 0.443469 0.374717
vt 0.445775 0.374371
vt 0.439082 0.370529
vt 0.439905 0.361157
vt 0.430664 0.367511
vt 0.438195 0.378962
vt 0.445500 0.378451
vt 0.904599 0.815991
vt 0.906456 0.821864
vt 0.900685 0.808357
vt 0.895508 0.812808
vt 0.899070 0.797357
vt 0.906456 0.802504
vt 0.617188 0.257938
vt 0.622836 0.267552
vt 0.617188 0.269530
vt 0.837454 0.971919
vt 0.837454 0.988248
vt 0.834961 0.982883
vt 0.835109 0.982421
vt 0.346964 0.429166
vt 0.357528 0.415937
vt 0.356273 0.421827
vt 0.355999 0.422447
vt 0.356367 0.422291
vt 0.352860 0.418535
vt 0.347592 0.425148
vt 0.341797 0.415937
vt 0.347402 0.423580
vt 0.342523 0.429412
vt 0.350649 0.432953
vt 0.483398 0.786631
vt 0.485182 0.801440
vt 0.483398 0.800546
vt 0.487597 0.799175
vt 0.487838 0.799500
vt 0.487559 0.798662
vt 0.487027 0.806453
vt 0.489337 0.793353
vt 0.901663 0.925667
vt 0.902297 0.944224
vt 0.902297 0.933068
vt 0.895508 0.936039
vt 0.065430 0.602871
vt 0.074758 0.599824
vt 0.070673 0.600111
vt 0.075187 0.600778
vt 0.074774 0.602719
vt 0.065430 0.613426
vt 0.070239 0.604666
vt 0.073493 0.611520
vt 0.857491 0.668781
vt 0.856445 0.674542
vt 0.856445 0.679676
vt 0.858106 0.678540
vt 0.859566 0.677516
vt 0.208984 0.385058
vt 0.215384 0.386738
vt 0.221580 0.381702
vt 0.221660 0.382597
vt 0.226979 0.386584
vt 0.219481 0.390407
vt 0.211240 0.391986
vt 0.225349 0.393653
vt 0.214613 0.396800
vt 0.214893 0.402286
vt 0.208984 0.408825
vt 0.224156 0.398766
vt 0.369480 0.739153
vt 0.364258 0.735040
vt 0.364258 0.746107
vt 0.720123 0.843588
vt 0.713867 0.839807
vt 0.713867 0.848763
vt 0.493758 0.520385
vt 0.488281 0.531152
vt 0.494413 0.525557
vt 0.489820 0.510983
vt 0.488281 0.520410
vt 0.592520 0.643254
vt 0.587891 0.645459
vt 0.606821 0.632970
vt 0.588469 0.637122
vt 0.592334 0.634195
vt 0.588335 0.644016
vt 0.599675 0.651718
vt 0.601783 0.647003
vt 0.606109 0.649177
vt 0.603820 0.640241
vt 0.600679 0.634728
vt 0.606821 0.655923
vt 0.183303 0.982796
vt 0.180927 0.995967
vt 0.178036 0.982941
vt 0.172852 0.976471
vt 0.895508 0.969302
vt 0.896084 0.960154
vt 0.895508 0.952036
vt 0.900808 0.963029
vt 0.901979 0.956952
vt 0.880551 0.892460
vt 0.880167 0.897985
vt 0.875977 0.894355
vt 0.332031 0.597302
vt 0.340576 0.599952
vt 0.341688 0.600710
vt 0.341350 0.600777
vt 0.339554 0.594619
vt 0.335362 0.586410
vt 0.346172 0.599346
vt 0.340191 0.599657
vt 0.345054 0.590424
vt 0.339576 0.606061
vt 0.341250 0.600755
vt 0.134911 0.514407
vt 0.131836 0.509643
vt 0.131836 0.517436
vt 0.907007 0.361792
vt 0.916621 0.347192
vt 0.905746 0.371073
vt 0.911210 0.340916
vt 0.917700 0.340214
vt 0.900121 0.370354
vt 0.894531 0.366778
vt 0.895717 0.360299
vt 0.894531 0.343304
vt 0.905597 0.368388
vt 0.250977 0.857758
vt 0.250977 0.869678
vt 0.253674 0.867666
vt 0.746094 0.886158
vt 0.748706 0.884296
vt 0.746094 0.876289
vt 0.086895 0.954222
vt 0.086895 0.957852
vt 0.084961 0.956749
vt 0.331055 0.788588
vt 0.331055 0.799596
vt 0.340395 0.796554
vt 0.343918 0.795356
vt 0.336766 0.787429
vt 0.334970 0.783451
vt 0.342616 0.786814
vt 0.343588 0.787352
vt 0.268162 0.694250
vt 0.265613 0.697560
vt 0.264648 0.698334
vt 0.264648 0.691576
vt 0.365614 0.954096
vt 0.365039 0.954692
vt 0.368218 0.952794
vt 0.367431 0.953570
vt 0.363281 0.949241
vt 0.372450 0.957924
vt 0.372450 0.949515
vt 0.371135 0.960184
vt 0.567171 0.821698
vt 0.562500 0.827185
vt 0.567171 0.834104
vt 0.934570 0.957364
vt 0.939201 0.959454
vt 0.934570 0.964789
vt 0.624791 0.583064
vt 0.615234 0.577054
vt 0.624791 0.571590
vt 0.620859 0.769281
vt 0.623420 0.764581
vt 0.618465 0.768649
vt 0.617827 0.769219
vt 0.616938 0.775966
vt 0.621842 0.774673
vt 0.620207 0.767848
vt 0.613281 0.764581
vt 0.145508 0.794380
vt 0.149638 0.799167
vt 0.150157 0.805605
vt 0.155183 0.794625
vt 0.620723 0.277342
vt 0.620723 0.288923
vt 0.617188 0.285392
vt 0.430666 0.737015
vt 0.425781 0.727025
vt 0.430666 0.721721
vt 0.746094 0.921493
vt 0.746094 0.911638
vt 0.750265 0.918497
vt 0.772854 0.823344
vt 0.765625 0.820905
vt 0.773594 0.832760
vt 0.765625 0.842535
vt 0.587891 0.348452
vt 0.596120 0.346130
vt 0.597779 0.355880
vt 0.594378 0.361227
vt 0.606555 0.346945
vt 0.597216 0.370966
vt 0.606940 0.363548
vt 0.599569 0.986755
vt 0.592036 0.982127
vt 0.588867 0.974311
vt 0.599569 0.973700
vt 0.591866 0.966613
vt 0.470840 0.519983
vt 0.480018 0.500069
vt 0.472352 0.514752
vt 0.464677 0.512287
vt 0.469531 0.504849
vt 0.461914 0.507568
vt 0.475256 0.511333
vt 0.475061 0.528669
vt 0.897519 0.273750
vt 0.903458 0.271486
vt 0.894531 0.284511
vt 0.903241 0.282988
vt 0.910012 0.285957
vt 0.912848 0.294121
vt 0.911519 0.300214
vt 0.914307 0.300143
vt 0.915295 0.275632
vt 0.916712 0.284387
vt 0.916712 0.299162
vt 0.914940 0.313471
vt 0.818359 0.590169
vt 0.818359 0.602824
vt 0.824605 0.595933
vt 0.824783 0.602073
vt 0.923828 0.401661
vt 0.927265 0.404295
vt 0.927265 0.390117
vt 0.089178 0.534646
vt 0.085938 0.531919
vt 0.089178 0.528817
vt 0.179078 0.096956
vt 0.177985 0.123898
vt 0.166169 0.049570
vt 0.176729 0.087241
vt 0.170482 0.076834
vt 0.171778 0.083978
vt 0.164690 0.084023
vt 0.176379 0.112046
vt 0.173380 0.112879
vt 0.171716 0.097646
vt 0.167276 0.104156
vt 0.159086 0.101282
vt 0.162719 0.095126
vt 0.162739 0.109309
vt 0.179078 0.071993
vt 0.167097 0.068655
vt 0.176908 0.077906
vt 0.169756 0.057917
vt 0.162234 0.056168
vt 0.155975 0.067818
vt 0.159437 0.070054
vt 0.155102 0.076517
vt 0.168663 0.092613
vt 0.155091 0.088545
vt 0.151775 0.091051
vt 0.148024 0.082265
vt 0.150438 0.095900
vt 0.138464 0.093985
vt 0.140496 0.095936
vt 0.151029 0.052912
vt 0.160435 0.061277
vt 0.141461 0.068359
vt 0.141937 0.085521
vt 0.145404 0.079271
vt 0.164762 0.122612
vt 0.173906 0.122322
vt 0.156000 0.046835
vt 0.142796 0.099537
vt 0.134766 0.075540
vt 0.824579 0.643753
vt 0.818359 0.637653
vt 0.824579 0.631102
vt 0.696565 0.439794
vt 0.700036 0.459652
vt 0.708006 0.469537
vt 0.696746 0.449766
vt 0.695313 0.458359
vt 0.702257 0.448816
vt 0.707336 0.451380
vt 0.700164 0.440900
vt 0.708006 0.438794
vt 0.719586 0.474734
vt 0.714844 0.473987
vt 0.719586 0.465213
vt 0.757139 0.403491
vt 0.750000 0.396352
vt 0.756853 0.398009
vt 0.757496 0.389827
vt 0.735813 0.426179
vt 0.730469 0.410302
vt 0.730870 0.408829
vt 0.737966 0.412449
vt 0.742927 0.424354
vt 0.735688 0.405810
vt 0.736319 0.405783
vt 0.742216 0.401462
vt 0.737095 0.396352
vt 0.742005 0.428542
vt 0.742927 0.402791
vt 0.742197 0.410710
vt 0.068040 0.642644
vt 0.065430 0.649567
vt 0.068040 0.656215
vt 0.633789 0.965584
vt 0.636585 0.967501
vt 0.636585 0.958959
vt 0.116211 0.648456
vt 0.122842 0.641824
vt 0.117076 0.637063
vt 0.425511 0.789828
vt 0.434185 0.790592
vt 0.423828 0.796086
vt 0.428859 0.802130
vt 0.434185 0.805040
vt 0.432094 0.796371
vt 0.878906 0.463899
vt 0.880476 0.460066
vt 0.880476 0.465513
vt 0.879751 0.465091
vt 0.122446 0.682827
vt 0.122822 0.676358
vt 0.118164 0.673455
vt 0.118164 0.681007
vt 0.097656 0.770089
vt 0.105483 0.762907
vt 0.098691 0.756114
vt 0.367089 0.678322
vt 0.367089 0.688977
vt 0.366256 0.689443
vt 0.364258 0.685538
vt 0.917969 0.773708
vt 0.923007 0.761545
vt 0.921121 0.763027
vt 0.921383 0.764879
vt 0.918080 0.763085
vt 0.801520 0.376486
vt 0.799567 0.380359
vt 0.802081 0.380470
vt 0.798320 0.386513
vt 0.802312 0.387194
vt 0.794922 0.381910
vt 0.795340 0.375253
vt 0.801221 0.375277
vt 0.802312 0.376414
vt 0.449219 0.968097
vt 0.447974 0.968302
vt 0.445313 0.966979
vt 0.448361 0.974340
vt 0.264648 0.816048
vt 0.266963 0.810459
vt 0.265839 0.810158
vt 0.266322 0.809560
vt 0.265964 0.809562
vt 0.265832 0.809490
vt 0.264870 0.810363
vt 0.264648 0.439833
vt 0.269148 0.439833
vt 0.265757 0.445864
vt 0.266173 0.446936
vt 0.266134 0.446040
vt 0.240059 0.656480
vt 0.232422 0.659400
vt 0.240059 0.666801
vt 0.232472 0.664015
vt 0.936523 0.709388
vt 0.937104 0.708013
vt 0.936523 0.701785
vt 0.547467 0.542846
vt 0.546875 0.544153
vt 0.548782 0.546020
vt 0.250977 0.818059
vt 0.255417 0.821601
vt 0.254592 0.823120
vt 0.255347 0.823418
vt 0.255462 0.823982
vt 0.250977 0.830097
vt 0.254525 0.824400
vt 0.255485 0.825657
vt 0.264648 0.908969
vt 0.264856 0.909753
vt 0.265562 0.909765
vt 0.264648 0.915440
vt 0.267233 0.909636
vt 0.253498 0.897119
vt 0.253498 0.908712
vt 0.250977 0.903490
vt 0.252952 0.904540
vt 0.262722 0.255305
vt 0.259404 0.247952
vt 0.255151 0.251982
vt 0.261824 0.272030
vt 0.251870 0.285903
vt 0.262127 0.279716
vt 0.250000 0.278552
vt 0.250000 0.251757
vt 0.254990 0.257097
vt 0.676584 0.480773
vt 0.675919 0.493309
vt 0.668281 0.495669
vt 0.670357 0.487466
vt 0.659180 0.488506
vt 0.671096 0.466274
vt 0.659180 0.465856
vt 0.822899 0.440362
vt 0.819336 0.450832
vt 0.822899 0.455865
vt 0.097656 0.887873
vt 0.104589 0.888002
vt 0.097656 0.898428
vt 0.445313 0.806439
vt 0.453057 0.813013
vt 0.445576 0.810486
vt 0.447608 0.809736
vt 0.447607 0.810475
vt 0.448430 0.810144
vt 0.447285 0.811348
vt 0.448044 0.811221
vt 0.453057 0.804890
vt 0.717136 0.765538
vt 0.717136 0.756542
vt 0.715237 0.757651
vt 0.715068 0.761612
vt 0.713867 0.757452
vt 0.086500 0.709561
vt 0.085938 0.706189
vt 0.085938 0.710518
vt 0.879837 0.528330
vt 0.879837 0.533700
vt 0.877930 0.531898
vt 0.512351 0.723185
vt 0.504883 0.729057
vt 0.504883 0.720679
vt 0.033203 0.298874
vt 0.050326 0.312302
vt 0.047607 0.307626
vt 0.035963 0.314367
vt 0.039137 0.317454
vt 0.043494 0.321066
vt 0.035273 0.323956
vt 0.038152 0.335292
vt 0.033203 0.339772
vt 0.236936 0.605095
vt 0.238779 0.607989
vt 0.235352 0.612397
vt 0.235352 0.602051
vt 0.869232 0.426297
vt 0.863281 0.432260
vt 0.870853 0.419144
vt 0.864738 0.421694
vt 0.865224 0.410470
vt 0.870853 0.435039
vt 0.934570 0.816732
vt 0.940408 0.813548
vt 0.939903 0.822064
vt 0.342773 0.532179
vt 0.346337 0.526325
vt 0.342773 0.515197
vt 0.469734 0.733681
vt 0.469734 0.716699
vt 0.461914 0.727680
vt 0.099609 0.832712
vt 0.099609 0.843293
vt 0.100858 0.835261
vt 0.467773 0.417323
vt 0.478136 0.410068
vt 0.474830 0.420350
vt 0.474245 0.420038
vt 0.473979 0.419977
vt 0.468207 0.413341
vt 0.479182 0.404995
vt 0.474740 0.427277
vt 0.467773 0.393461
vt 0.477849 0.414252
vt 0.472844 0.415951
vt 0.366211 0.468561
vt 0.369447 0.476979
vt 0.369447 0.465793
vt 0.333171 0.577695
vt 0.303711 0.601659
vt 0.305129 0.590771
vt 0.311445 0.580806
vt 0.320664 0.597858
vt 0.319571 0.593314
vt 0.312154 0.604744
vt 0.315402 0.587622
vt 0.324744 0.578584
vt 0.303711 0.570420
vt 0.325981 0.568962
vt 0.317560 0.578597
vt 0.323898 0.561845
vt 0.086418 0.861242
vt 0.085938 0.861753
vt 0.086418 0.865262
vt 0.133750 0.174454
vt 0.133779 0.175119
vt 0.133048 0.175145
vt 0.132596 0.178277
vt 0.127930 0.171878
vt 0.127930 0.181601
vt 0.603541 0.611295
vt 0.598136 0.615697
vt 0.598052 0.615310
vt 0.598686 0.615697
vt 0.597656 0.602112
vt 0.597656 0.625158
vt 0.600961 0.622156
vt 0.598277 0.614678
vt 0.598198 0.616189
vt 0.036846 0.753922
vt 0.037165 0.754187
vt 0.037498 0.759891
vt 0.042332 0.748220
vt 0.033203 0.747828
vt 0.037656 0.751215
vt 0.435301 0.867815
vt 0.429392 0.862252
vt 0.434771 0.878183
vt 0.429227 0.880320
vt 0.430272 0.868022
vt 0.421875 0.872968
vt 0.431128 0.861805
vt 0.749023 0.592532
vt 0.752692 0.599998
vt 0.749023 0.602499
vt 0.382418 0.202509
vt 0.374178 0.200594
vt 0.371094 0.191350
vt 0.377019 0.197181
vt 0.382323 0.191350
vt 0.624992 0.327688
vt 0.622631 0.326817
vt 0.617188 0.324712
vt 0.624992 0.316119
vt 0.878898 0.843231
vt 0.877905 0.846157
vt 0.875977 0.841500
vt 0.116134 0.943715
vt 0.116134 0.934556
vt 0.114258 0.941510
vt 0.936523 0.598640
vt 0.942963 0.595427
vt 0.942558 0.597840
vt 0.936523 0.591006
vt 0.450065 0.700640
vt 0.446289 0.701427
vt 0.449413 0.693885
vt 0.229492 0.943187
vt 0.229492 0.953321
vt 0.231310 0.951001
vt 0.839047 0.914786
vt 0.836874 0.916094
vt 0.839187 0.915596
vt 0.840783 0.916172
vt 0.838405 0.898749
vt 0.834961 0.910176
vt 0.840783 0.908965
vt 0.130859 0.812532
vt 0.131181 0.811775
vt 0.132087 0.811534
vt 0.132087 0.818788
vt 0.093750 0.365894
vt 0.107708 0.366510
vt 0.103929 0.375647
vt 0.093750 0.406528
vt 0.108996 0.381095
vt 0.114933 0.381387
vt 0.094023 0.382071
vt 0.106717 0.389903
vt 0.108219 0.406801
vt 0.936523 0.575556
vt 0.941913 0.580494
vt 0.940847 0.580421
vt 0.941442 0.580365
vt 0.941740 0.580193
vt 0.942257 0.580687
vt 0.936523 0.583193
vt 0.941611 0.579749
vt 0.941991 0.579904
vt 0.264648 0.633169
vt 0.265111 0.639689
vt 0.264648 0.639978
vt 0.984070 0.733609
vt 0.978516 0.736077
vt 0.983052 0.721255
vt 0.978516 0.731769
vt 0.280273 0.766853
vt 0.290077 0.761450
vt 0.288539 0.770035
vt 0.280273 0.753185
vt 0.985352 0.123618
vt 0.986714 0.133351
vt 0.991320 0.126997
vt 0.991320 0.116774
vt 0.254264 0.737590
vt 0.254264 0.749912
vt 0.250977 0.744650
vt 0.635365 0.629268
vt 0.633789 0.629268
vt 0.634736 0.630143
vt 0.635140 0.637929
vt 0.264648 0.925940
vt 0.267357 0.923253
vt 0.267357 0.929686
vt 0.039467 0.940261
vt 0.040889 0.940526
vt 0.039987 0.940932
vt 0.030273 0.934993
vt 0.030487 0.938744
vt 0.034603 0.940835
vt 0.035661 0.933529
vt 0.030273 0.945975
vt 0.037202 0.945903
vt 0.038739 0.940654
vt 0.199932 0.823194
vt 0.200506 0.820778
vt 0.199815 0.819380
vt 0.200003 0.820122
vt 0.200605 0.825675
vt 0.196397 0.827418
vt 0.195313 0.823357
vt 0.199582 0.820341
vt 0.868284 0.532649
vt 0.867295 0.533606
vt 0.868106 0.533091
vt 0.868268 0.531362
vt 0.863285 0.530541
vt 0.869087 0.529538
vt 0.868332 0.529604
vt 0.864237 0.530412
vt 0.864281 0.517531
vt 0.863281 0.524432
vt 0.863281 0.531319
vt 0.868963 0.532601
vt 0.115192 0.810667
vt 0.114280 0.811698
vt 0.115192 0.819951
vt 0.114258 0.811905
vt 0.152005 0.766541
vt 0.149414 0.760460
vt 0.153190 0.763222
vt 0.153190 0.754320
vt 0.208126 0.663630
vt 0.212912 0.667510
vt 0.207031 0.669455
vt 0.209462 0.670463
vt 0.214317 0.678715
vt 0.220891 0.688481
vt 0.223685 0.662301
vt 0.217321 0.663579
vt 0.223685 0.671038
vt 0.217645 0.672947
vt 0.212920 0.677546
vt 0.210895 0.679249
vt 0.510807 0.736869
vt 0.510705 0.747397
vt 0.504883 0.742794
vt 0.097656 0.963039
vt 0.100800 0.964912
vt 0.097656 0.973551
vt 0.717517 0.625584
vt 0.713867 0.619953
vt 0.713867 0.629058
vt 0.614888 0.977422
vt 0.611015 0.984503
vt 0.606445 0.977927
vt 0.606445 0.988748
vt 0.749023 0.556953
vt 0.753249 0.560979
vt 0.749023 0.566936
vt 0.374243 0.288213
vt 0.370923 0.301773
vt 0.370117 0.292703
vt 0.375969 0.297896
vt 0.380260 0.297905
vt 0.378631 0.292253
vt 0.938784 0.925709
vt 0.936523 0.928082
vt 0.938784 0.933157
vt 0.015529 0.249263
vt 0.011719 0.239827
vt 0.011719 0.253102
vt 0.014469 0.263034
vt 0.836383 0.769117
vt 0.839876 0.781787
vt 0.834961 0.775263
vt 0.835722 0.780674
vt 0.834961 0.786969
vt 0.230469 0.818980
vt 0.234762 0.819114
vt 0.234368 0.828394
vt 0.919073 0.697021
vt 0.917969 0.711769
vt 0.928462 0.707423
vt 0.730469 0.944779
vt 0.734236 0.948689
vt 0.734236 0.935864
vt 0.450979 0.934536
vt 0.447921 0.941917
vt 0.445313 0.934082
vt 0.256184 0.577599
vt 0.250977 0.587344
vt 0.250977 0.574540
vt 0.633789 0.844125
vt 0.636345 0.853515
vt 0.639618 0.845612
vt 0.922000 0.654969
vt 0.918945 0.664116
vt 0.922000 0.668183
vt 0.633789 0.459520
vt 0.633789 0.468298
vt 0.639335 0.463066
vt 0.104477 0.739869
vt 0.101563 0.737683
vt 0.101563 0.748302
vt 0.634334 0.794992
vt 0.634334 0.803559
vt 0.633789 0.803334
vt 0.153630 0.603327
vt 0.146484 0.591076
vt 0.156843 0.591076
vt 0.148026 0.597942
vt 0.500501 0.374965
vt 0.506138 0.371496
vt 0.501474 0.383002
vt 0.506349 0.385044
vt 0.497721 0.366800
vt 0.491211 0.378035
vt 0.497147 0.381262
vt 0.496122 0.389892
vt 0.801452 0.966723
vt 0.798928 0.969580
vt 0.801452 0.978191
vt 0.793945 0.966592
vt 0.794341 0.973296
vt 0.641461 0.306724
vt 0.633789 0.306724
vt 0.633908 0.315540
vt 0.976563 0.993607
vt 0.980917 0.995945
vt 0.985270 0.993607
vt 0.655306 0.420368
vt 0.654952 0.411451
vt 0.659658 0.411809
vt 0.655393 0.402844
vt 0.660416 0.419790
vt 0.651314 0.386976
vt 0.664473 0.403034
vt 0.650391 0.398253
vt 0.661990 0.397478
vt 0.665449 0.391423
vt 0.650391 0.389708
vt 0.659048 0.385900
vt 0.656516 0.393222
vt 0.509861 0.819719
vt 0.509820 0.830201
vt 0.503906 0.824287
vt 0.824257 0.897012
vt 0.819336 0.902549
vt 0.824257 0.907460
vt 0.430352 0.654837
vt 0.437314 0.652239
vt 0.425784 0.663165
vt 0.429071 0.662059
vt 0.427697 0.659897
vt 0.427514 0.659820
vt 0.429011 0.656335
vt 0.437314 0.662589
vt 0.433906 0.667626
vt 0.425814 0.657278
vt 0.425781 0.661592
vt 0.820638 0.671046
vt 0.818359 0.673778
vt 0.820638 0.683653
vt 0.818359 0.712032
vt 0.820620 0.711857
vt 0.820620 0.724436
vt 0.593693 0.446726
vt 0.590078 0.455386
vt 0.597259 0.452580
vt 0.590207 0.445502
vt 0.590121 0.445169
vt 0.589844 0.445866
vt 0.593995 0.452268
vt 0.602631 0.461012
vt 0.598106 0.469453
vt 0.604726 0.445169
vt 0.791992 0.991004
vt 0.792626 0.994480
vt 0.803568 0.986003
vt 0.803568 0.995583
vt 0.566764 0.467434
vt 0.559570 0.468086
vt 0.559570 0.459781
vt 0.565257 0.477708
vt 0.559739 0.478282
vt 0.434378 0.393802
vt 0.432862 0.386774
vt 0.437652 0.404594
vt 0.440524 0.406637
vt 0.429688 0.401691
vt 0.436257 0.408569
vt 0.437172 0.408990
vt 0.436409 0.409016
vt 0.450130 0.402993
vt 0.434712 0.418411
vt 0.436245 0.409335
vt 0.432687 0.409533
vt 0.747070 0.832258
vt 0.750855 0.823953
vt 0.750855 0.833848
vt 0.039102 0.794982
vt 0.037109 0.800719
vt 0.037109 0.788122
vt 0.899414 0.332401
vt 0.901469 0.315093
vt 0.901331 0.314237
vt 0.901314 0.314320
vt 0.901513 0.314080
vt 0.900478 0.307591
vt 0.901360 0.293770
vt 0.903387 0.314443
vt 0.901011 0.314614
vt 0.899414 0.314164
vt 0.124009 0.477507
vt 0.124980 0.486431
vt 0.118801 0.479353
vt 0.116211 0.482799
vt 0.861262 0.660968
vt 0.856445 0.655816
vt 0.861262 0.650058
vt 0.321610 0.540550
vt 0.322349 0.529473
vt 0.327798 0.519887
vt 0.318149 0.550015
vt 0.303711 0.531372
vt 0.314275 0.533652
vt 0.317538 0.510883
vt 0.325183 0.514859
vt 0.326690 0.548923
vt 0.326514 0.551664
vt 0.327047 0.553368
vt 0.327237 0.554032
vt 0.327871 0.546095
vt 0.332198 0.535930
vt 0.333295 0.513783
vt 0.313313 0.542438
vt 0.314864 0.524969
vt 0.333295 0.552172
vt 0.395508 0.529475
vt 0.405194 0.522965
vt 0.405917 0.530972
vt 0.403448 0.539228
vt 0.409785 0.533004
vt 0.407088 0.557432
vt 0.196289 0.608321
vt 0.196567 0.612772
vt 0.199001 0.606894
vt 0.700723 0.556624
vt 0.699802 0.551793
vt 0.695313 0.557961
vt 0.702503 0.547755
vt 0.696369 0.569610
vt 0.700402 0.546511
vt 0.699528 0.551746
vt 0.695775 0.552090
vt 0.695313 0.544995
vt 0.042021 0.854593
vt 0.042117 0.858950
vt 0.031250 0.861762
vt 0.037420 0.856553
vt 0.031250 0.849242
vt 0.185404 0.740731
vt 0.172643 0.764510
vt 0.179744 0.757953
vt 0.186544 0.753389
vt 0.186897 0.761011
vt 0.178061 0.740731
vt 0.168668 0.772827
vt 0.166480 0.765107
vt 0.165039 0.772166
vt 0.165063 0.752273
vt 0.265382 0.610733
vt 0.264648 0.609796
vt 0.265382 0.603913
vt 0.390625 0.705642
vt 0.391409 0.705857
vt 0.391587 0.704681
vt 0.233398 0.630532
vt 0.233927 0.630237
vt 0.233398 0.620210
vt 0.238663 0.626801
vt 0.840870 0.834095
vt 0.839409 0.833364
vt 0.839656 0.832535
vt 0.840969 0.832477
vt 0.841117 0.832758
vt 0.837737 0.822603
vt 0.834961 0.829729
vt 0.842596 0.840212
vt 0.842596 0.826381
vt 0.839596 0.831724
vt 0.840962 0.832328
vt 0.562459 0.582951
vt 0.560028 0.578889
vt 0.567855 0.577676
vt 0.557617 0.573131
vt 0.561276 0.571069
vt 0.557971 0.565908
vt 0.562978 0.564740
vt 0.567855 0.568980
vt 0.117847 0.882829
vt 0.114258 0.885914
vt 0.117847 0.892046
vt 0.429218 0.586663
vt 0.439124 0.584646
vt 0.434030 0.588169
vt 0.432450 0.581542
vt 0.439435 0.592186
vt 0.425781 0.587798
vt 0.433702 0.597919
vt 0.428164 0.595554
vt 0.130852 0.976952
vt 0.128120 0.983548
vt 0.125000 0.976938
vt 0.305664 0.907216
vt 0.314469 0.904691
vt 0.305664 0.920600
vt 0.313801 0.918786
vt 0.309584 0.918363
vt 0.312340 0.928603
vt 0.317382 0.927323
vt 0.320312 0.909802
vt 0.436338 0.744828
vt 0.423828 0.760097
vt 0.423966 0.752749
vt 0.423828 0.746522
vt 0.433997 0.754749
vt 0.428526 0.750440
vt 0.442280 0.314941
vt 0.447001 0.298517
vt 0.430664 0.315937
vt 0.443754 0.308722
vt 0.441923 0.293652
vt 0.430771 0.307276
vt 0.430664 0.292198
vt 0.461914 0.896639
vt 0.465571 0.882906
vt 0.461914 0.882361
vt 0.015792 0.453543
vt 0.014160 0.442792
vt 0.008789 0.442979
vt 0.017491 0.463084
vt 0.011571 0.455461
vt 0.011865 0.455488
vt 0.012922 0.452379
vt 0.012078 0.456071
vt 0.022887 0.455839
vt 0.021320 0.446496
vt 0.008789 0.459142
vt 0.126953 0.274945
vt 0.130662 0.265991
vt 0.131567 0.275010
vt 0.088386 0.480302
vt 0.088533 0.479834
vt 0.087542 0.480219
vt 0.088334 0.479943
vt 0.086939 0.479074
vt 0.085938 0.474585
vt 0.085938 0.480489
vt 0.088082 0.476684
vt 0.749154 0.727709
vt 0.751663 0.724038
vt 0.753244 0.720012
vt 0.753579 0.718800
vt 0.753740 0.719023
vt 0.749023 0.721222
vt 0.794922 0.852077
vt 0.795624 0.851232
vt 0.797243 0.851083
vt 0.796962 0.850972
vt 0.799066 0.849984
vt 0.796908 0.850863
vt 0.799066 0.861619
vt 0.795821 0.856577
vt 0.796319 0.851443
vt 0.154657 0.724219
vt 0.151755 0.722562
vt 0.151594 0.726465
vt 0.154657 0.715894
vt 0.150589 0.721400
vt 0.151350 0.722910
vt 0.152572 0.722816
vt 0.152545 0.723974
vt 0.150391 0.721394
vt 0.151319 0.714229
vt 0.282476 0.745373
vt 0.280273 0.728480
vt 0.283331 0.734131
vt 0.288262 0.739681
vt 0.291369 0.740192
vt 0.286529 0.735950
vt 0.286583 0.736640
vt 0.285601 0.736393
vt 0.284140 0.744877
vt 0.289470 0.729290
vt 0.280273 0.744296
vt 0.286305 0.739711
vt 0.269192 0.972252
vt 0.264648 0.967708
vt 0.269381 0.965116
vt 0.949704 0.333803
vt 0.954118 0.327463
vt 0.965162 0.327463
vt 0.949219 0.345000
vt 0.954848 0.334421
vt 0.950629 0.343177
vt 0.951541 0.341092
vt 0.958215 0.343434
vt 0.956797 0.346091
vt 0.961126 0.332461
vt 0.963412 0.333663
vt 0.969406 0.343876
vt 0.956062 0.355589
vt 0.962902 0.349421
vt 0.970473 0.351588
vt 0.977007 0.343837
vt 0.975926 0.329771
vt 0.950180 0.344189
vt 0.614258 0.687713
vt 0.617149 0.691588
vt 0.621752 0.688179
vt 0.614258 0.699139
vt 0.639081 0.752988
vt 0.633789 0.748097
vt 0.639081 0.744401
vt 0.841797 0.225532
vt 0.854634 0.233981
vt 0.853571 0.227416
vt 0.850027 0.225550
vt 0.845386 0.218780
vt 0.854634 0.216553
vt 0.847489 0.235997
vt 0.507949 0.104938
vt 0.507949 0.126358
vt 0.500000 0.120262
vt 0.015625 0.927180
vt 0.021225 0.923850
vt 0.016225 0.918237
vt 0.015625 0.912674
vt 0.021920 0.916765
vt 0.514355 0.509191
vt 0.507737 0.513241
vt 0.514355 0.517714
vt 0.506888 0.512139
vt 0.506836 0.513439
vt 0.508887 0.515213
vt 0.613281 0.783778
vt 0.614641 0.792251
vt 0.614788 0.795160
vt 0.616055 0.792309
vt 0.615363 0.792639
vt 0.613281 0.794371
vt 0.614556 0.845151
vt 0.611328 0.852703
vt 0.611328 0.841336
vt 0.754065 0.446717
vt 0.754065 0.456787
vt 0.750000 0.452212
vt 0.907194 0.677972
vt 0.903833 0.691612
vt 0.896524 0.674319
vt 0.901096 0.683236
vt 0.895508 0.681023
vt 0.895508 0.666220
vt 0.903023 0.676629
vt 0.905318 0.671696
vt 0.963065 0.906160
vt 0.968926 0.898238
vt 0.957031 0.904749
vt 0.964706 0.890678
vt 0.957031 0.891230
vt 0.960663 0.899034
vt 0.959341 0.893036
vt 0.716797 0.388496
vt 0.721639 0.385303
vt 0.716797 0.378836
vt 0.717485 0.384072
vt 0.737190 0.234987
vt 0.738425 0.248750
vt 0.730816 0.251770
vt 0.735022 0.225406
vt 0.734373 0.242147
vt 0.723769 0.239411
vt 0.719674 0.243221
vt 0.738950 0.221638
vt 0.738804 0.209154
vt 0.727946 0.229598
vt 0.724252 0.221939
vt 0.731174 0.212346
vt 0.719694 0.229831
vt 0.708984 0.234535
vt 0.858525 0.859430
vt 0.858525 0.870223
vt 0.855469 0.868963
vt 0.024508 0.661161
vt 0.014648 0.642512
vt 0.027715 0.646526
vt 0.017630 0.651037
vt 0.022963 0.658073
vt 0.023575 0.657351
vt 0.022527 0.658146
vt 0.020712 0.657480
vt 0.022052 0.657588
vt 0.014648 0.661261
vt 0.719685 0.891550
vt 0.713867 0.889572
vt 0.719806 0.895996
vt 0.719538 0.897399
vt 0.718081 0.896947
vt 0.718745 0.895959
vt 0.713867 0.898489
vt 0.939453 0.369574
vt 0.945309 0.374709
vt 0.945130 0.371925
vt 0.942621 0.373821
vt 0.942527 0.376452
vt 0.944550 0.377731
vt 0.940482 0.375841
vt 0.818359 0.732248
vt 0.818359 0.743853
vt 0.820205 0.741016
vt 0.637851 0.728747
vt 0.639636 0.728647
vt 0.634766 0.727344
vt 0.636347 0.736589
vt 0.718626 0.422138
vt 0.720672 0.422650
vt 0.715820 0.421158
vt 0.716995 0.413773
vt 0.876297 0.173426
vt 0.863281 0.179716
vt 0.875697 0.185891
vt 0.866123 0.189862
vt 0.878377 0.191836
vt 0.874358 0.196164
vt 0.867876 0.186605
vt 0.863281 0.208008
vt 0.878367 0.541512
vt 0.877930 0.546360
vt 0.878367 0.546861
vt 0.938392 0.839260
vt 0.941338 0.829877
vt 0.934570 0.832680
vt 0.910156 0.928171
vt 0.917086 0.930660
vt 0.910878 0.933564
vt 0.917086 0.941238
vt 0.730469 0.790807
vt 0.731613 0.801885
vt 0.730800 0.803560
vt 0.731343 0.803736
vt 0.730469 0.803360
vt 0.129201 0.327453
vt 0.129201 0.317819
vt 0.125000 0.324068
vt 0.737159 0.589171
vt 0.731445 0.577378
vt 0.734054 0.573313
vt 0.733555 0.577638
vt 0.733696 0.578017
vt 0.733708 0.577785
vt 0.732728 0.583025
vt 0.733198 0.578542
vt 0.736451 0.577694
vt 0.737159 0.568272
vt 0.733223 0.580242
vt 0.733956 0.577569
vt 0.117188 0.460119
vt 0.117784 0.468038
vt 0.118047 0.468113
vt 0.117188 0.469694
vt 0.507803 0.639570
vt 0.506836 0.646574
vt 0.507212 0.646516
vt 0.507803 0.648014
vt 0.589218 0.797536
vt 0.605333 0.798928
vt 0.590971 0.808406
vt 0.587891 0.785876
vt 0.593408 0.790922
vt 0.598160 0.786726
vt 0.605333 0.786493
vt 0.598965 0.802178
vt 0.603491 0.808229
vt 0.223233 0.559837
vt 0.212891 0.561887
vt 0.223991 0.572361
vt 0.212891 0.581541
vt 0.216598 0.586223
vt 0.222786 0.582588
vt 0.619693 0.492773
vt 0.615234 0.498362
vt 0.619693 0.504275
vt 0.212891 0.338943
vt 0.219828 0.335533
vt 0.223549 0.332607
vt 0.228015 0.333641
vt 0.215661 0.331569
vt 0.213511 0.328490
vt 0.222121 0.328399
vt 0.212891 0.311786
vt 0.226031 0.315022
vt 0.230188 0.317331
vt 0.222398 0.337996
vt 0.462263 0.790879
vt 0.466020 0.793758
vt 0.466020 0.807542
vt 0.461914 0.798417
vt 0.941459 0.722574
vt 0.935547 0.727096
vt 0.936085 0.717201
vt 0.370510 0.388045
vt 0.366211 0.398424
vt 0.371042 0.399754
vt 0.233398 0.511092
vt 0.236059 0.515339
vt 0.233398 0.520284
vt 0.233879 0.521485
vt 0.086235 0.521004
vt 0.085938 0.515326
vt 0.086235 0.515174
vt 0.765625 0.702251
vt 0.785667 0.704510
vt 0.784242 0.719626
vt 0.786407 0.713312
vt 0.785316 0.715272
vt 0.785628 0.713804
vt 0.772244 0.724226
vt 0.765625 0.715870
vt 0.776264 0.714507
vt 0.780857 0.708399
vt 0.786095 0.712572
vt 0.501953 0.886523
vt 0.502392 0.892391
vt 0.502728 0.893095
vt 0.501985 0.894871
vt 0.508500 0.886523
vt 0.801667 0.395006
vt 0.797751 0.397881
vt 0.796875 0.397651
vt 0.797337 0.397008
vt 0.797665 0.397117
vt 0.797103 0.406024
vt 0.232932 0.912585
vt 0.233259 0.913464
vt 0.233604 0.912987
vt 0.229492 0.907287
vt 0.229492 0.917428
vt 0.181002 0.335543
vt 0.181377 0.344023
vt 0.177099 0.347169
vt 0.174006 0.341196
vt 0.177566 0.316939
vt 0.173136 0.333975
vt 0.175411 0.321042
vt 0.171143 0.316041
vt 0.172802 0.327130
vt 0.164063 0.311208
vt 0.165792 0.317782
vt 0.182572 0.326336
vt 0.164802 0.336391
vt 0.164063 0.330125
vt 0.171929 0.315235
vt 0.698897 0.679055
vt 0.698624 0.679058
vt 0.696614 0.681051
vt 0.698832 0.679756
vt 0.696949 0.683843
vt 0.695313 0.688675
vt 0.700862 0.683967
vt 0.702534 0.684183
vt 0.695313 0.674508
vt 0.701152 0.675433
vt 0.695453 0.683746
vt 0.472400 0.679843
vt 0.467553 0.679807
vt 0.464619 0.682195
vt 0.461914 0.675598
vt 0.472400 0.669144
vt 0.462835 0.665113
vt 0.088480 0.644814
vt 0.085938 0.644814
vt 0.087127 0.649294
vt 0.130859 0.826813
vt 0.131254 0.826600
vt 0.131254 0.833834
vt 0.876665 0.884648
vt 0.876665 0.879655
vt 0.875977 0.880529
vt 0.863917 0.616762
vt 0.864089 0.617264
vt 0.864910 0.616457
vt 0.864023 0.616344
vt 0.864343 0.616245
vt 0.864917 0.616145
vt 0.863281 0.613755
vt 0.863281 0.617791
vt 0.863494 0.616859
vt 0.864301 0.610241
vt 0.863931 0.623507
vt 0.863683 0.616405
vt 0.194336 0.934243
vt 0.194869 0.933411
vt 0.194869 0.939577
vt 0.253518 0.877491
vt 0.250977 0.879721
vt 0.252462 0.882453
vt 0.252809 0.882803
vt 0.252557 0.881971
vt 0.251904 0.881358
vt 0.252626 0.889306
vt 0.253518 0.882666
vt 0.253225 0.917239
vt 0.250977 0.917911
vt 0.252506 0.921489
vt 0.251415 0.919767
vt 0.254077 0.927450
vt 0.251605 0.920980
vt 0.254077 0.916524
vt 0.543945 0.771586
vt 0.543945 0.774317
vt 0.544225 0.773472
vt 0.875977 0.678551
vt 0.877865 0.675542
vt 0.875977 0.673348
vt 0.840396 0.407634
vt 0.844128 0.414107
vt 0.839477 0.415638
vt 0.844326 0.408471
vt 0.840851 0.424190
vt 0.852135 0.425990
vt 0.852135 0.408310
vt 0.834961 0.409705
vt 0.957031 0.774149
vt 0.957597 0.785639
vt 0.957031 0.789799
vt 0.964993 0.784574
vt 0.961159 0.780855
vt 0.961466 0.774488
vt 0.959617 0.782754
vt 0.794922 0.602569
vt 0.798903 0.598580
vt 0.795522 0.602475
vt 0.797794 0.605591
vt 0.798790 0.604739
vt 0.800283 0.597639
vt 0.802009 0.595351
vt 0.802527 0.605096
vt 0.795739 0.595351
vt 0.801903 0.607201
vt 0.797733 0.605644
vt 0.146484 0.995808
vt 0.150108 0.993751
vt 0.154399 0.995808
vt 0.492656 0.736409
vt 0.492659 0.734040
vt 0.496998 0.739312
vt 0.484978 0.734144
vt 0.483398 0.752911
vt 0.283203 0.467196
vt 0.292810 0.468333
vt 0.284938 0.470333
vt 0.291455 0.487117
vt 0.265412 0.668597
vt 0.264648 0.669171
vt 0.264648 0.662390
vt 0.924805 0.354411
vt 0.927413 0.350098
vt 0.927885 0.349834
vt 0.931478 0.341435
vt 0.930607 0.349455
vt 0.924805 0.340214
vt 0.911711 0.632819
vt 0.903764 0.634524
vt 0.903278 0.634177
vt 0.894531 0.638344
vt 0.899663 0.632819
vt 0.911218 0.647854
vt 0.895870 0.658407
vt 0.900283 0.643161
vt 0.229492 0.838077
vt 0.229892 0.838444
vt 0.229903 0.845621
vt 0.233803 0.836207
vt 0.508513 0.803542
vt 0.508513 0.811907
vt 0.504883 0.806010
vt 0.606690 0.326231
vt 0.602107 0.329887
vt 0.604241 0.320601
vt 0.604482 0.326292
vt 0.597021 0.313928
vt 0.588954 0.318635
vt 0.597252 0.338318
vt 0.587891 0.327429
vt 0.608662 0.331061
vt 0.608662 0.315122
vt 0.606471 0.328867
vt 0.426215 0.990544
vt 0.421875 0.983746
vt 0.422802 0.993214
vt 0.426215 0.978203
vt 0.446289 0.677900
vt 0.449163 0.682745
vt 0.446289 0.686073
vt 0.787011 0.538260
vt 0.775092 0.540338
vt 0.778329 0.534227
vt 0.782552 0.530113
vt 0.783143 0.517770
vt 0.786737 0.525773
vt 0.778001 0.529192
vt 0.774023 0.540066
vt 0.774361 0.540337
vt 0.774083 0.540276
vt 0.771347 0.542992
vt 0.774900 0.545362
vt 0.774327 0.521422
vt 0.767578 0.529781
vt 0.768610 0.534175
vt 0.771127 0.542603
vt 0.136530 0.859224
vt 0.129883 0.856686
vt 0.133471 0.860640
vt 0.129883 0.863898
vt 0.590820 0.994568
vt 0.592813 0.995891
vt 0.599586 0.994568
vt 0.819336 0.863480
vt 0.821609 0.860487
vt 0.821609 0.870938
vt 0.199785 0.852753
vt 0.195313 0.855583
vt 0.195313 0.849652
vt 0.198793 0.852362
vt 0.201006 0.849325
vt 0.197592 0.850377
vt 0.798186 0.753429
vt 0.796561 0.765127
vt 0.796414 0.762098
vt 0.798186 0.763261
vt 0.794922 0.755082
vt 0.069169 0.873360
vt 0.066155 0.870609
vt 0.070263 0.867875
vt 0.071773 0.864919
vt 0.071773 0.859914
vt 0.065430 0.863893
vt 0.071773 0.862841
vt 0.845550 0.452138
vt 0.843455 0.440341
vt 0.844232 0.441823
vt 0.844460 0.440079
vt 0.842997 0.442354
vt 0.842402 0.439140
vt 0.846991 0.443192
vt 0.840820 0.451646
vt 0.842667 0.441662
vt 0.840820 0.433802
vt 0.086547 0.755558
vt 0.085938 0.754160
vt 0.087572 0.755415
vt 0.085938 0.758369
vt 0.941406 0.562309
vt 0.942390 0.562151
vt 0.942512 0.560095
vt 0.942512 0.567743
vt 0.235352 0.565691
vt 0.237393 0.570892
vt 0.235352 0.576059
vt 0.117561 0.775286
vt 0.114258 0.784593
vt 0.122763 0.784593
vt 0.088629 0.583281
vt 0.085938 0.586669
vt 0.088629 0.588024
vt 0.253592 0.838430
vt 0.250977 0.843044
vt 0.252202 0.843930
vt 0.254647 0.849946
vt 0.252824 0.846494
vt 0.254647 0.837910
vt 0.716511 0.704472
vt 0.713867 0.708675
vt 0.716511 0.712505
vt 0.713899 0.713523
vt 0.638470 0.877691
vt 0.633789 0.886071
vt 0.637633 0.882520
vt 0.638470 0.886241
vt 0.634372 0.882855
vt 0.364258 0.776472
vt 0.371214 0.776472
vt 0.365923 0.780475
vt 0.365934 0.783391
vt 0.368465 0.787519
vt 0.232422 0.739065
vt 0.236529 0.732306
vt 0.232422 0.728833
vt 0.752829 0.645850
vt 0.753071 0.655607
vt 0.749023 0.655038
vt 0.029297 0.986458
vt 0.033357 0.977066
vt 0.029297 0.974039
vt 0.818359 0.780131
vt 0.819042 0.779891
vt 0.819241 0.780295
vt 0.819815 0.780399
vt 0.823008 0.775574
vt 0.819217 0.775931
vt 0.818359 0.769941
vt 0.879639 0.699379
vt 0.879119 0.705218
vt 0.875977 0.700896
vt 0.990746 0.516950
vt 0.990746 0.531904
vt 0.979492 0.525299
vt 0.633789 0.282282
vt 0.642540 0.282282
vt 0.638562 0.273460
vt 0.865418 0.587903
vt 0.863281 0.596199
vt 0.865418 0.602429
vt 0.036335 0.910191
vt 0.031250 0.918112
vt 0.036335 0.922642
vt 0.044277 0.662935
vt 0.039063 0.669101
vt 0.044277 0.675620
vt 0.525391 0.971213
vt 0.526784 0.962380
vt 0.527837 0.966318
vt 0.531832 0.961409
vt 0.525391 0.953403
vt 0.530355 0.959160
vt 0.822019 0.463677
vt 0.822019 0.478820
vt 0.819336 0.469792
vt 0.934570 0.749742
vt 0.941168 0.753657
vt 0.934570 0.757329
vt 0.939754 0.857449
vt 0.934570 0.852382
vt 0.939879 0.847073
vt 0.569080 0.780138
vt 0.557617 0.784886
vt 0.565983 0.784921
vt 0.567763 0.793667
vt 0.065430 0.621239
vt 0.075674 0.629912
vt 0.068137 0.626282
vt 0.067631 0.624820
vt 0.066058 0.629451
vt 0.065430 0.634832
vt 0.774734 0.806797
vt 0.775196 0.813093
vt 0.767875 0.802595
vt 0.775196 0.794629
vt 0.765625 0.791418
vt 0.766784 0.810456
vt 0.739304 0.506802
vt 0.739304 0.516935
vt 0.732188 0.519335
vt 0.736213 0.530002
vt 0.730469 0.511587
vt 0.501409 0.273058
vt 0.503303 0.271261
vt 0.503432 0.271157
vt 0.503471 0.263689
vt 0.502631 0.268019
vt 0.501504 0.267534
vt 0.498098 0.260143
vt 0.501565 0.255390
vt 0.495117 0.251950
vt 0.495117 0.269509
vt 0.088805 0.657106
vt 0.087953 0.662220
vt 0.085938 0.658294
vt 0.714844 0.447877
vt 0.715621 0.454257
vt 0.714844 0.457401
vt 0.717809 0.454132
vt 0.447266 0.433199
vt 0.448045 0.431154
vt 0.447642 0.432405
vt 0.448045 0.440094
vt 0.086722 0.732014
vt 0.085938 0.730403
vt 0.085938 0.734647
vt 0.043550 0.724387
vt 0.043642 0.736893
vt 0.034429 0.730137
vt 0.033852 0.733989
vt 0.035685 0.730680
vt 0.037195 0.732787
vt 0.032227 0.729107
vt 0.034642 0.731044
vt 0.035241 0.727829
vt 0.036867 0.740015
vt 0.036480 0.731550
vt 0.910156 0.993994
vt 0.918074 0.993994
vt 0.910690 0.995335
vt 0.534991 0.866937
vt 0.526078 0.866058
vt 0.530591 0.858218
vt 0.534991 0.852487
vt 0.524451 0.860410
vt 0.524414 0.847133
vt 0.467023 0.435089
vt 0.473059 0.437620
vt 0.480965 0.440345
vt 0.474413 0.445590
vt 0.463609 0.445457
vt 0.479665 0.446995
vt 0.480965 0.459781
vt 0.472584 0.458579
vt 0.465615 0.456671
vt 0.460938 0.440155
vt 0.621930 0.726173
vt 0.621930 0.737566
vt 0.613281 0.735597
vt 0.504883 0.704480
vt 0.504883 0.712867
vt 0.508372 0.707358
vt 0.523438 0.637494
vt 0.529562 0.637991
vt 0.528666 0.632860
vt 0.527925 0.650544
vt 0.527784 0.651193
vt 0.528384 0.651154
vt 0.532941 0.646987
vt 0.524870 0.649307
vt 0.523438 0.658175
vt 0.533346 0.644204
vt 0.528077 0.650834
vt 0.370367 0.795331
vt 0.365296 0.799790
vt 0.365234 0.799394
vt 0.365341 0.798813
vt 0.370367 0.806356
vt 0.233398 0.496202
vt 0.234371 0.492886
vt 0.234371 0.503280
vt 0.941460 0.548059
vt 0.942210 0.547649
vt 0.942414 0.547858
vt 0.942948 0.547635
vt 0.943851 0.545523
vt 0.942380 0.552282
vt 0.939453 0.545216
vt 0.543432 0.392052
vt 0.539295 0.382497
vt 0.532157 0.395494
vt 0.527541 0.388300
vt 0.532073 0.383325
vt 0.523690 0.384580
vt 0.522461 0.373594
vt 0.531070 0.362286
vt 0.543432 0.363394
vt 0.154713 0.459877
vt 0.153656 0.451396
vt 0.151907 0.452473
vt 0.148438 0.461853
vt 0.149764 0.448642
vt 0.154070 0.445873
vt 0.148438 0.444185
vt 0.364258 0.814168
vt 0.365851 0.826761
vt 0.367970 0.825309
vt 0.367268 0.825101
vt 0.372856 0.817730
vt 0.900478 0.977115
vt 0.895508 0.988637
vt 0.900478 0.994378
vt 0.468235 0.260527
vt 0.469870 0.248925
vt 0.463543 0.258132
vt 0.462106 0.249460
vt 0.460938 0.241855
vt 0.461075 0.233205
vt 0.465764 0.237163
vt 0.467908 0.244309
vt 0.467326 0.228194
vt 0.465028 0.221566
vt 0.466878 0.228802
vt 0.472651 0.238803
vt 0.478011 0.214628
vt 0.472240 0.221543
vt 0.482759 0.225461
vt 0.473313 0.230900
vt 0.469429 0.216778
vt 0.991844 0.268914
vt 0.985352 0.261073
vt 0.985352 0.276878
vt 0.611328 0.828419
vt 0.618707 0.833524
vt 0.618707 0.822157
vt 0.390625 0.327514
vt 0.392907 0.337132
vt 0.401979 0.337600
vt 0.393000 0.348252
vt 0.398106 0.342298
vt 0.397038 0.324421
vt 0.404276 0.332590
vt 0.404030 0.343450
vt 0.390625 0.355061
vt 0.392126 0.361073
vt 0.398236 0.350362
vt 0.023123 0.634700
vt 0.030811 0.629953
vt 0.026947 0.618107
vt 0.014648 0.633568
vt 0.019176 0.615849
vt 0.014648 0.618273
vt 0.633789 0.910417
vt 0.638774 0.914294
vt 0.633789 0.918967
vt 0.934570 0.770156
vt 0.940281 0.765142
vt 0.939402 0.774988
vt 0.557617 0.518135
vt 0.559086 0.525263
vt 0.563668 0.523122
vt 0.563804 0.521143
vt 0.563163 0.521879
vt 0.563309 0.530790
vt 0.565177 0.512384
vt 0.565177 0.528490
vt 0.280273 0.423604
vt 0.280433 0.411349
vt 0.291642 0.425519
vt 0.285288 0.416603
vt 0.294440 0.420553
vt 0.291183 0.408369
vt 0.294440 0.429998
vt 0.484885 0.760902
vt 0.484894 0.766374
vt 0.483520 0.770673
vt 0.484584 0.765771
vt 0.491636 0.768502
vt 0.485235 0.773102
vt 0.486598 0.778819
vt 0.494858 0.760724
vt 0.487597 0.767326
vt 0.483398 0.761540
vt 0.483725 0.771844
vt 0.753675 0.635983
vt 0.749701 0.634407
vt 0.749023 0.638037
vt 0.749023 0.628092
vt 0.596169 0.488427
vt 0.596072 0.488560
vt 0.596205 0.488523
vt 0.596228 0.488514
vt 0.596226 0.488524
vt 0.598224 0.501410
vt 0.598224 0.477266
vt 0.589844 0.489457
vt 0.596292 0.488377
vt 0.910347 0.949051
vt 0.919579 0.958282
vt 0.910156 0.959842
vt 0.913368 0.958908
vt 0.912422 0.965322
vt 0.039063 0.716575
vt 0.041629 0.705106
vt 0.039063 0.703920
vt 0.042612 0.704707
vt 0.734871 0.682392
vt 0.730469 0.666868
vt 0.735686 0.670270
vt 0.739847 0.670379
vt 0.737163 0.671490
vt 0.736345 0.670274
vt 0.734130 0.671216
vt 0.735645 0.669027
vt 0.735906 0.677400
vt 0.735244 0.670962
vt 0.116999 0.624868
vt 0.116211 0.624463
vt 0.119972 0.629250
vt 0.118951 0.621110
vt 0.119972 0.619855
vt 0.137690 0.664548
vt 0.136086 0.656268
vt 0.130859 0.661719
vt 0.432658 0.546729
vt 0.432395 0.546470
vt 0.431641 0.544983
vt 0.431641 0.560883
vt 0.920380 0.781520
vt 0.917969 0.793264
vt 0.920757 0.785645
vt 0.920851 0.789092
vt 0.920552 0.789037
vt 0.921028 0.789008
vt 0.921028 0.794676
vt 0.990515 0.193369
vt 0.987896 0.205294
vt 0.994000 0.189910
vt 0.994200 0.190076
vt 0.985352 0.192043
vt 0.987616 0.462603
vt 0.987616 0.447515
vt 0.984375 0.455869
vt 0.794922 0.568570
vt 0.794922 0.556719
vt 0.796777 0.561330
vt 0.126953 0.917662
vt 0.133375 0.924747
vt 0.132712 0.924568
vt 0.132172 0.924000
vt 0.133375 0.917556
vt 0.130859 0.751144
vt 0.137558 0.755709
vt 0.137337 0.756398
vt 0.130859 0.758457
vt 0.917969 0.740564
vt 0.923841 0.749574
vt 0.917969 0.753733
vt 0.006984 0.137371
vt 0.007667 0.124291
vt 0.005859 0.131407
vt 0.007754 0.129301
vt 0.013302 0.127218
vt 0.005859 0.113802
vt 0.012478 0.134729
vt 0.030273 0.953788
vt 0.034975 0.957428
vt 0.030273 0.965018
vt 0.035146 0.966226
vt 0.448790 0.412406
vt 0.448242 0.422840
vt 0.448790 0.423342
vt 0.235253 0.871354
vt 0.229492 0.872980
vt 0.234237 0.881516
vt 0.233479 0.880596
vt 0.235253 0.877048
vt 0.232199 0.879718
vt 0.231550 0.879547
vt 0.232097 0.880082
vt 0.231919 0.879665
vt 0.229589 0.877441
vt 0.231505 0.879669
vt 0.697975 0.619869
vt 0.698485 0.620535
vt 0.695313 0.613575
vt 0.698485 0.604126
vt 0.697199 0.613153
vt 0.468168 0.969601
vt 0.468168 0.983841
vt 0.461914 0.979633
vt 0.085938 0.686544
vt 0.086330 0.685982
vt 0.085938 0.682195
vt 0.881836 0.271730
vt 0.882072 0.275694
vt 0.881836 0.277489
vt 0.940612 0.416736
vt 0.941560 0.417513
vt 0.940763 0.417929
vt 0.941448 0.419190
vt 0.940450 0.418278
vt 0.940660 0.419153
vt 0.940548 0.427369
vt 0.941223 0.420303
vt 0.945912 0.422006
vt 0.939453 0.421137
vt 0.944319 0.423511
vt 0.941808 0.417630
vt 0.543721 0.968273
vt 0.541992 0.968273
vt 0.542859 0.969311
vt 0.494667 0.670082
vt 0.497908 0.654701
vt 0.494463 0.655368
vt 0.484685 0.670640
vt 0.493502 0.662170
vt 0.494816 0.657814
vt 0.489722 0.661105
vt 0.483398 0.663835
vt 0.491933 0.654626
vt 0.489907 0.650597
vt 0.483398 0.653197
vt 0.489851 0.661162
vt 0.376284 0.349925
vt 0.376284 0.361175
vt 0.368404 0.351289
vt 0.367188 0.355365
vt 0.365040 0.903889
vt 0.365667 0.899996
vt 0.364258 0.894533
vt 0.364878 0.894021
vt 0.365667 0.893730
vt 0.364882 0.893321
vt 0.364780 0.892909
vt 0.365161 0.893600
vt 0.364447 0.893403
vt 0.365501 0.893174
vt 0.329102 0.996020
vt 0.336014 0.995658
vt 0.336506 0.996020
vt 0.507946 0.692058
vt 0.507727 0.692737
vt 0.508142 0.692276
vt 0.507874 0.692236
vt 0.507601 0.692285
vt 0.504883 0.694399
vt 0.505481 0.688269
vt 0.508142 0.696667
vt 0.717640 0.936124
vt 0.717675 0.935054
vt 0.712891 0.932444
vt 0.712891 0.941350
vt 0.449625 0.886573
vt 0.449625 0.894626
vt 0.447266 0.889174
vt 0.087236 0.698376
vt 0.086305 0.697849
vt 0.087598 0.698366
vt 0.085938 0.694357
vt 0.875977 0.751938
vt 0.876241 0.752110
vt 0.875977 0.757072
vt 0.507300 0.674694
vt 0.508193 0.674345
vt 0.507028 0.674023
vt 0.507536 0.674133
vt 0.507468 0.673103
vt 0.507018 0.673693
vt 0.507542 0.675305
vt 0.507610 0.674487
vt 0.507906 0.675164
vt 0.506836 0.680456
vt 0.506836 0.672050
vt 0.508309 0.674932
vt 0.233812 0.715409
vt 0.232422 0.710774
vt 0.232422 0.721021
vt 0.130556 0.902617
vt 0.129883 0.901751
vt 0.131109 0.902387
vt 0.129883 0.908952
vt 0.636149 0.344794
vt 0.636231 0.344083
vt 0.634837 0.339976
vt 0.637381 0.348783
vt 0.636085 0.345271
vt 0.635310 0.344889
vt 0.637381 0.343271
vt 0.633789 0.345536
vt 0.636411 0.345037
vt 0.636495 0.345756
vt 0.391490 0.731916
vt 0.390625 0.731051
vt 0.391324 0.731212
vt 0.506836 0.609563
vt 0.508916 0.607026
vt 0.508916 0.615492
vt 0.070090 0.418141
vt 0.067383 0.405994
vt 0.067383 0.419834
vt 0.131932 0.158346
vt 0.127930 0.154334
vt 0.131003 0.158122
vt 0.131898 0.157631
vt 0.131343 0.156875
vt 0.130484 0.156653
vt 0.127930 0.163309
vt 0.134269 0.164065
vt 0.133393 0.158939
vt 0.086993 0.633477
vt 0.086530 0.636340
vt 0.085939 0.637001
vt 0.085938 0.632511
vt 0.085938 0.634779
vt 0.461914 0.991654
vt 0.462054 0.994551
vt 0.468704 0.991654
vt 0.566586 0.890192
vt 0.561523 0.882319
vt 0.561523 0.894680
vt 0.880001 0.507325
vt 0.880818 0.501197
vt 0.877930 0.502325
vt 0.960597 0.648842
vt 0.962513 0.648756
vt 0.962450 0.652329
vt 0.961838 0.666592
vt 0.958008 0.658736
vt 0.962513 0.659229
vt 0.234127 0.746878
vt 0.232638 0.748902
vt 0.233613 0.749772
vt 0.234127 0.757105
vt 0.232422 0.747440
vt 0.232764 0.749110
vt 0.058215 0.114265
vt 0.046156 0.111264
vt 0.034516 0.109585
vt 0.023438 0.115182
vt 0.024693 0.119690
vt 0.023566 0.117625
vt 0.025752 0.121312
vt 0.043079 0.130186
vt 0.024012 0.122779
vt 0.025596 0.123832
vt 0.026770 0.128386
vt 0.029085 0.130744
vt 0.027716 0.131162
vt 0.031618 0.138710
vt 0.077856 0.122526
vt 0.084550 0.121779
vt 0.081188 0.131198
vt 0.074819 0.131919
vt 0.071181 0.124207
vt 0.064959 0.121629
vt 0.064529 0.133408
vt 0.068643 0.143320
vt 0.052831 0.123244
vt 0.058761 0.140147
vt 0.052644 0.141347
vt 0.044867 0.138017
vt 0.032125 0.140221
vt 0.032449 0.144995
vt 0.046125 0.147213
vt 0.043057 0.152550
vt 0.052408 0.156133
vt 0.041977 0.159530
vt 0.051797 0.163765
vt 0.062285 0.166171
vt 0.056132 0.187141
vt 0.060344 0.181519
vt 0.045528 0.168215
vt 0.053035 0.183584
vt 0.057318 0.188259
vt 0.804485 0.191887
vt 0.799805 0.197366
vt 0.804485 0.203896
vt 0.563922 0.962963
vt 0.561523 0.973108
vt 0.563922 0.975300
vt 0.227380 0.296625
vt 0.230692 0.303028
vt 0.231820 0.298524
vt 0.231957 0.301797
vt 0.224609 0.286589
vt 0.232359 0.295162
vt 0.234204 0.289446
vt 0.236411 0.288588
vt 0.236357 0.286382
vt 0.234842 0.283967
vt 0.224609 0.275640
vt 0.236173 0.282784
vt 0.235874 0.278960
vt 0.234724 0.278160
vt 0.717580 0.523752
vt 0.718067 0.517184
vt 0.715904 0.522505
vt 0.716177 0.520370
vt 0.714844 0.526682
vt 0.714844 0.517752
vt 0.088643 0.609011
vt 0.087672 0.612382
vt 0.085938 0.608194
vt 0.446289 0.990101
vt 0.447316 0.986568
vt 0.446289 0.982152
vt 0.715875 0.687581
vt 0.713867 0.693810
vt 0.715875 0.696659
vt 0.561052 0.189173
vt 0.555664 0.197014
vt 0.561052 0.202034
vt 0.557314 0.208577
vt 0.065430 0.686705
vt 0.071686 0.692796
vt 0.065430 0.700235
vt 0.615234 0.532994
vt 0.616991 0.538429
vt 0.615950 0.538579
vt 0.616666 0.538369
vt 0.615234 0.544490
vt 0.614258 0.652488
vt 0.618457 0.660089
vt 0.618457 0.648652
vt 0.447266 0.447906
vt 0.449285 0.456171
vt 0.454076 0.447906
vt 0.271484 0.858752
vt 0.264648 0.859009
vt 0.268965 0.852670
vt 0.116211 0.521032
vt 0.119781 0.515973
vt 0.116211 0.511545
vt 0.746094 0.893970
vt 0.751383 0.899750
vt 0.746094 0.903826
vt 0.332031 0.638228
vt 0.338819 0.645800
vt 0.338091 0.654761
vt 0.332031 0.652415
vt 0.720458 0.915031
vt 0.712891 0.918166
vt 0.720559 0.924632
vt 0.292520 0.670045
vt 0.292520 0.653566
vt 0.280273 0.663633
vt 0.282862 0.653485
vt 0.284113 0.664009
vt 0.286515 0.670686
vt 0.201163 0.687062
vt 0.196289 0.689168
vt 0.200785 0.693664
vt 0.713867 0.662867
vt 0.717900 0.656857
vt 0.717037 0.657288
vt 0.713867 0.653776
vt 0.869279 0.502174
vt 0.868942 0.493563
vt 0.863281 0.499666
vt 0.863281 0.509719
vt 0.031250 0.821087
vt 0.039582 0.821087
vt 0.036027 0.808532
vt 0.029297 0.995663
vt 0.031272 0.994270
vt 0.037201 0.994270
vt 0.034698 0.996082
vt 0.825294 0.325056
vt 0.818359 0.322257
vt 0.830952 0.330542
vt 0.830602 0.334204
vt 0.821686 0.339971
vt 0.830952 0.314726
vt 0.824176 0.314691
vt 0.818605 0.329613
vt 0.508415 0.875039
vt 0.501953 0.870355
vt 0.502046 0.878228
vt 0.501953 0.878711
vt 0.700348 0.783155
vt 0.700348 0.797064
vt 0.698242 0.790279
vt 0.329102 0.961294
vt 0.331488 0.949760
vt 0.336131 0.957666
vt 0.336131 0.965627
vt 0.568749 0.377505
vt 0.567622 0.388430
vt 0.561133 0.395825
vt 0.568749 0.396080
vt 0.557617 0.385025
vt 0.146484 0.656658
vt 0.149314 0.651257
vt 0.149314 0.663497
vt 0.609375 0.969610
vt 0.612412 0.967427
vt 0.609375 0.958274
vt 0.878372 0.447217
vt 0.879507 0.448348
vt 0.881850 0.446775
vt 0.879845 0.447759
vt 0.879949 0.450700
vt 0.877930 0.450674
vt 0.881850 0.452253
vt 0.165217 0.995967
vt 0.165532 0.993917
vt 0.164063 0.994734
vt 0.170643 0.991272
vt 0.164382 0.985011
vt 0.608398 0.903697
vt 0.613056 0.898859
vt 0.613056 0.910217
vt 0.819336 0.878750
vt 0.819336 0.889199
vt 0.824329 0.884365
vt 0.802442 0.223490
vt 0.801231 0.216342
vt 0.799805 0.211708
vt 0.807036 0.212399
vt 0.149040 0.853979
vt 0.149569 0.853291
vt 0.150801 0.853526
vt 0.148438 0.851949
vt 0.148438 0.864078
vt 0.435786 0.488662
vt 0.435786 0.511992
vt 0.430664 0.493680
vt 0.433829 0.500910
vt 0.432111 0.504395
vt 0.637330 0.951147
vt 0.633789 0.943140
vt 0.640599 0.943254
vt 0.876348 0.611605
vt 0.876348 0.606349
vt 0.875977 0.607321
vt 0.964229 0.811355
vt 0.962366 0.812920
vt 0.957793 0.812330
vt 0.961247 0.808349
vt 0.957031 0.803978
vt 0.965517 0.804053
vt 0.958482 0.812258
vt 0.960576 0.797612
vt 0.965517 0.813245
vt 0.620799 0.378690
vt 0.621268 0.378872
vt 0.615234 0.385676
vt 0.618810 0.374223
vt 0.618010 0.381876
vt 0.623138 0.385762
vt 0.622262 0.384639
vt 0.615234 0.376993
vt 0.622774 0.376578
vt 0.633789 0.578730
vt 0.634394 0.588431
vt 0.640286 0.581421
vt 0.991590 0.408834
vt 0.991667 0.412294
vt 0.987632 0.407543
vt 0.988147 0.406386
vt 0.987697 0.407171
vt 0.987279 0.406580
vt 0.987549 0.405520
vt 0.989124 0.404939
vt 0.984375 0.416800
vt 0.988799 0.407778
vt 0.989419 0.405575
vt 0.984375 0.401708
vt 0.751907 0.774642
vt 0.747070 0.770987
vt 0.747070 0.780902
vt 0.265171 0.801677
vt 0.264648 0.795637
vt 0.265171 0.794999
vt 0.113402 0.968479
vt 0.113402 0.977609
vt 0.110352 0.973169
vt 0.834961 0.814790
vt 0.836399 0.802325
vt 0.841789 0.805177
vt 0.841897 0.797135
vt 0.847477 0.802275
vt 0.835532 0.794781
vt 0.282170 0.978739
vt 0.281250 0.978970
vt 0.284677 0.979818
vt 0.287087 0.975016
vt 0.287087 0.991606
vt 0.929076 0.327109
vt 0.925964 0.325957
vt 0.928059 0.326385
vt 0.927935 0.327116
vt 0.926079 0.326542
vt 0.928253 0.328841
vt 0.929876 0.329316
vt 0.929876 0.315094
vt 0.925781 0.327475
vt 0.546875 0.531848
vt 0.548763 0.532463
vt 0.548195 0.535033
vt 0.544922 0.711558
vt 0.544922 0.708768
vt 0.545649 0.710679
vt 0.547797 0.711068
vt 0.864838 0.789362
vt 0.857158 0.792754
vt 0.857149 0.793440
vt 0.856776 0.793110
vt 0.855613 0.791352
vt 0.856894 0.791928
vt 0.857327 0.792677
vt 0.855469 0.795779
vt 0.864391 0.792165
vt 0.855469 0.784950
vt 0.857974 0.792861
vt 0.876619 0.828646
vt 0.875977 0.829896
vt 0.876619 0.833688
vt 0.770508 0.251821
vt 0.776113 0.253032
vt 0.777807 0.244273
vt 0.781749 0.248093
vt 0.784154 0.240992
vt 0.791479 0.241008
vt 0.781731 0.258159
vt 0.785632 0.255399
vt 0.791538 0.251002
vt 0.788318 0.246185
vt 0.786538 0.267851
vt 0.941276 0.902628
vt 0.939846 0.895269
vt 0.934570 0.900545
vt 0.849830 0.486071
vt 0.845547 0.492356
vt 0.840820 0.488845
vt 0.842841 0.502942
vt 0.542969 0.825218
vt 0.543870 0.823041
vt 0.543734 0.824847
vt 0.544697 0.782130
vt 0.543945 0.782696
vt 0.544697 0.784783
vt 0.544322 0.782383
vt 0.875977 0.686363
vt 0.876095 0.686714
vt 0.876332 0.686935
vt 0.875977 0.691566
vt 0.855295 0.921256
vt 0.855395 0.921089
vt 0.855442 0.920708
vt 0.853516 0.925891
vt 0.853516 0.915194
vt 0.862566 0.920501
vt 0.855118 0.921857
vt 0.862440 0.919954
vt 0.265920 0.897690
vt 0.266097 0.897624
vt 0.265625 0.897756
vt 0.266658 0.894682
vt 0.266658 0.901156
vt 0.229492 0.935375
vt 0.229492 0.925241
vt 0.232093 0.927254
vt 0.819800 0.394740
vt 0.825212 0.398865
vt 0.824610 0.399244
vt 0.824609 0.398944
vt 0.824091 0.398410
vt 0.819714 0.397985
vt 0.826138 0.380872
vt 0.818359 0.384818
vt 0.825912 0.393231
vt 0.824591 0.405846
vt 0.826138 0.394200
vt 0.824346 0.398392
vt 0.023841 0.406765
vt 0.016222 0.404884
vt 0.006836 0.400833
vt 0.007632 0.387250
vt 0.022961 0.386344
vt 0.023841 0.396739
vt 0.264710 0.596101
vt 0.265386 0.595878
vt 0.264648 0.595414
vt 0.265386 0.589276
vt 0.102355 0.729583
vt 0.102982 0.729870
vt 0.102529 0.723455
vt 0.105244 0.719250
vt 0.097656 0.719250
vt 0.100056 0.725575
vt 0.104841 0.725708
vt 0.103756 0.729323
vt 0.714534 0.645963
vt 0.718210 0.641177
vt 0.717633 0.641275
vt 0.713867 0.636871
vt 0.713867 0.644813
vt 0.717510 0.641012
vt 0.543827 0.950210
vt 0.541992 0.950815
vt 0.541992 0.949414
vt 0.087483 0.825850
vt 0.085938 0.829963
vt 0.088808 0.829963
vt 0.716292 0.799127
vt 0.716292 0.790160
vt 0.713867 0.791248
vt 0.819336 0.486633
vt 0.820452 0.488131
vt 0.819336 0.500121
vt 0.237679 0.583871
vt 0.237679 0.594238
vt 0.235352 0.592643
vt 0.750707 0.574749
vt 0.750707 0.584720
vt 0.749023 0.577710
vt 0.134390 0.228495
vt 0.126953 0.233800
vt 0.133826 0.240673
vt 0.364258 0.768659
vt 0.372219 0.760970
vt 0.365168 0.753920
vt 0.097656 0.711437
vt 0.097656 0.700814
vt 0.106819 0.704682
vt 0.367226 0.716159
vt 0.364258 0.724621
vt 0.367226 0.727228
vt 0.756189 0.428819
vt 0.756189 0.438904
vt 0.750000 0.432185
vt 0.877930 0.516183
vt 0.878268 0.515138
vt 0.878268 0.520518
vt 0.256205 0.705221
vt 0.250977 0.709635
vt 0.250977 0.697304
vt 0.825250 0.920981
vt 0.818359 0.925718
vt 0.818359 0.915273
vt 0.708984 0.968444
vt 0.716526 0.965880
vt 0.715280 0.974740
vt 0.880390 0.584790
vt 0.879959 0.580566
vt 0.877930 0.585466
vt 0.502770 0.992266
vt 0.500977 0.991869
vt 0.502770 0.983959
vt 0.501259 0.985693
vt 0.501165 0.988054
vt 0.881836 0.291051
vt 0.881836 0.285302
vt 0.885418 0.287897
vt 0.507159 0.771393
vt 0.505247 0.773815
vt 0.507159 0.779758
vt 0.504883 0.776753
vt 0.461914 0.837827
vt 0.465620 0.845485
vt 0.461914 0.852457
vt 0.504883 0.787571
vt 0.506194 0.795729
vt 0.509395 0.788001
vt 0.747925 0.753257
vt 0.751890 0.757121
vt 0.750196 0.753778
vt 0.752487 0.763174
vt 0.747070 0.763174
vt 0.799685 0.317644
vt 0.797485 0.325071
vt 0.801642 0.315035
vt 0.796260 0.315690
vt 0.794922 0.324531
vt 0.795271 0.311736
vt 0.373047 0.250029
vt 0.374182 0.252850
vt 0.373047 0.261311
vt 0.067383 0.376503
vt 0.075385 0.367435
vt 0.067383 0.362636
vt 0.875977 0.593278
vt 0.880590 0.593278
vt 0.879682 0.598536
vt 0.713867 0.602906
vt 0.713867 0.612140
vt 0.715123 0.606817
vt 0.428273 0.605731
vt 0.428273 0.621186
vt 0.425781 0.613572
vt 0.939453 0.502634
vt 0.944528 0.505866
vt 0.944872 0.497216
vt 0.280273 0.704143
vt 0.283651 0.703492
vt 0.283270 0.711843
vt 0.283651 0.720667
vt 0.637630 0.373214
vt 0.633789 0.377553
vt 0.637630 0.382012
vt 0.863674 0.706154
vt 0.859438 0.717005
vt 0.862192 0.713726
vt 0.855469 0.706154
vt 0.506836 0.562136
vt 0.510237 0.558143
vt 0.510237 0.566634
vt 0.981496 0.869358
vt 0.977539 0.856805
vt 0.977539 0.871550
vt 0.980572 0.871331
vt 0.730469 0.862141
vt 0.735385 0.856693
vt 0.735433 0.853015
vt 0.735433 0.865928
vt 0.981743 0.879362
vt 0.981743 0.894107
vt 0.977539 0.892287
vt 0.439433 0.985553
vt 0.433594 0.982220
vt 0.433594 0.990101
vt 0.377435 0.309585
vt 0.377435 0.320839
vt 0.370117 0.318834
vt 0.374472 0.310368
vt 0.696223 0.407801
vt 0.708490 0.418986
vt 0.703216 0.430981
vt 0.694336 0.413679
vt 0.703666 0.422247
vt 0.697570 0.420347
vt 0.701182 0.414396
vt 0.705635 0.402795
vt 0.706609 0.398774
vt 0.706217 0.398877
vt 0.699812 0.396075
vt 0.708490 0.393796
vt 0.705147 0.413380
vt 0.704310 0.405052
vt 0.706161 0.399019
vt 0.702109 0.393034
vt 0.703730 0.397453
vt 0.923828 0.461519
vt 0.929682 0.454815
vt 0.926181 0.468655
vt 0.929682 0.468563
vt 0.278320 0.553164
vt 0.282078 0.558815
vt 0.282856 0.558430
vt 0.284410 0.559672
vt 0.284090 0.559049
vt 0.286225 0.561858
vt 0.284919 0.570473
vt 0.288404 0.556088
vt 0.293530 0.560932
vt 0.285246 0.553164
vt 0.293957 0.553992
vt 0.280798 0.563935
vt 0.984375 0.356504
vt 0.991457 0.355383
vt 0.991011 0.360732
vt 0.984375 0.367736
vt 0.987606 0.371097
vt 0.504933 0.845035
vt 0.503906 0.844112
vt 0.506069 0.838013
vt 0.506069 0.846374
vt 0.542750 0.894067
vt 0.541992 0.892238
vt 0.542799 0.893861
vt 0.287915 0.876182
vt 0.282227 0.882005
vt 0.282776 0.889624
vt 0.283351 0.889186
vt 0.283413 0.889732
vt 0.283456 0.889618
vt 0.286289 0.885782
vt 0.287915 0.892898
vt 0.285204 0.891958
vt 0.938250 0.672044
vt 0.937627 0.672209
vt 0.936523 0.669393
vt 0.936523 0.677001
vt 0.875977 0.918156
vt 0.876096 0.918138
vt 0.876257 0.918701
vt 0.875977 0.923073
vt 0.390625 0.690053
vt 0.391424 0.696868
vt 0.391424 0.688985
vt 0.864416 0.575910
vt 0.863281 0.577521
vt 0.866298 0.576134
vt 0.865044 0.580090
vt 0.863281 0.564989
vt 0.266370 0.551206
vt 0.266384 0.551087
vt 0.267959 0.552128
vt 0.266994 0.552123
vt 0.264648 0.551487
vt 0.264679 0.549508
vt 0.267959 0.545176
vt 0.264663 0.551581
vt 0.085938 0.877050
vt 0.086464 0.875681
vt 0.087347 0.873074
vt 0.085938 0.873612
vt 0.088238 0.875854
vt 0.087874 0.873089
vt 0.086720 0.876599
vt 0.085949 0.780928
vt 0.086207 0.780576
vt 0.086107 0.780509
vt 0.085938 0.782394
vt 0.087563 0.779482
vt 0.085938 0.778195
vt 0.878630 0.726008
vt 0.876116 0.729080
vt 0.875977 0.729442
vt 0.878630 0.731169
vt 0.390843 0.860345
vt 0.391371 0.860736
vt 0.390625 0.860872
vt 0.880859 0.339487
vt 0.881146 0.339693
vt 0.880859 0.345155
vt 0.391419 0.828047
vt 0.390646 0.827433
vt 0.390671 0.827299
vt 0.390625 0.827424
vt 0.390631 0.827810
vt 0.390670 0.827738
vt 0.390769 0.827501
vt 0.963794 0.605780
vt 0.962124 0.603313
vt 0.962054 0.607243
vt 0.961434 0.607024
vt 0.961406 0.607386
vt 0.958084 0.605614
vt 0.958008 0.587222
vt 0.966407 0.599875
vt 0.964999 0.605627
vt 0.964355 0.607314
vt 0.958008 0.613248
vt 0.963547 0.604137
vt 0.549206 0.579305
vt 0.549206 0.576112
vt 0.546875 0.578872
vt 0.940430 0.458407
vt 0.940430 0.450711
vt 0.942095 0.455736
vt 0.879883 0.379879
vt 0.881441 0.380579
vt 0.879883 0.385475
vt 0.264648 0.576424
vt 0.266675 0.574628
vt 0.264693 0.578614
vt 0.266675 0.581463
vt 0.633789 0.760801
vt 0.635502 0.770793
vt 0.640298 0.763497
vt 0.426746 0.893819
vt 0.422705 0.895465
vt 0.421875 0.888133
vt 0.421875 0.902866
vt 0.424706 0.903199
vt 0.367971 0.697256
vt 0.367971 0.708347
vt 0.364258 0.706593
vt 0.880554 0.425621
vt 0.880554 0.420066
vt 0.878906 0.421107
vt 0.717166 0.807080
vt 0.717299 0.815224
vt 0.713867 0.806940
vt 0.086885 0.544863
vt 0.085938 0.548270
vt 0.085938 0.542458
vt 0.267656 0.559941
vt 0.264648 0.560543
vt 0.267656 0.566815
vt 0.638298 0.862002
vt 0.633789 0.861328
vt 0.633789 0.869878
vt 0.131493 0.773568
vt 0.133194 0.766269
vt 0.130859 0.766269
vt 0.390625 0.818710
vt 0.390632 0.819038
vt 0.391402 0.819486
vt 0.719090 0.670679
vt 0.713867 0.674397
vt 0.714505 0.675272
vt 0.719090 0.678316
vt 0.713972 0.675510
vt 0.714176 0.679769
vt 0.748371 0.982190
vt 0.746094 0.988153
vt 0.746165 0.986923
vt 0.746570 0.986634
vt 0.746564 0.986974
vt 0.748371 0.991986
vt 0.877164 0.776618
vt 0.875977 0.776618
vt 0.876659 0.777359
vt 0.876793 0.781705
vt 0.979492 0.690804
vt 0.979492 0.677970
vt 0.985041 0.683920
vt 0.984792 0.675965
vt 0.633789 0.332164
vt 0.633789 0.323352
vt 0.640535 0.331033
vt 0.943106 0.435182
vt 0.942359 0.436720
vt 0.943106 0.442899
vt 0.941681 0.441139
vt 0.939453 0.439479
vt 0.264648 0.830458
vt 0.264648 0.823860
vt 0.266998 0.826388
vt 0.876673 0.660727
vt 0.878665 0.665535
vt 0.875977 0.665017
vt 0.067870 0.721573
vt 0.065430 0.721131
vt 0.067870 0.708047
vt 0.263672 0.994261
vt 0.269641 0.994261
vt 0.267414 0.995778
vt 0.875977 0.981153
vt 0.875977 0.985898
vt 0.877560 0.983283
vt 0.717092 0.499872
vt 0.717092 0.509371
vt 0.714844 0.509113
vt 0.801585 0.251102
vt 0.799805 0.254737
vt 0.801585 0.263086
vt 0.947233 0.361761
vt 0.939453 0.356786
vt 0.947233 0.353904
vt 0.747070 0.850795
vt 0.750854 0.841660
vt 0.747427 0.841961
vt 0.615234 0.563777
vt 0.619223 0.560323
vt 0.615234 0.552303
vt 0.097656 0.880060
vt 0.097656 0.869496
vt 0.103799 0.879493
vt 0.106273 0.873678
vt 0.870472 0.460457
vt 0.864089 0.442851
vt 0.863281 0.450410
vt 0.870472 0.444560
vt 0.112305 0.918986
vt 0.119701 0.926743
vt 0.119701 0.917556
vt 0.114026 0.920859
vt 0.114612 0.924323
vt 0.254622 0.960111
vt 0.250977 0.964441
vt 0.253716 0.959780
vt 0.250977 0.959709
vt 0.251212 0.953873
vt 0.129883 0.888151
vt 0.134621 0.893939
vt 0.134621 0.886735
vt 0.208984 0.993703
vt 0.221412 0.987904
vt 0.217238 0.991115
vt 0.214874 0.994442
vt 0.213138 0.987288
vt 0.097656 0.657493
vt 0.099298 0.661184
vt 0.097656 0.673790
vt 0.118164 0.690947
vt 0.122436 0.690640
vt 0.121749 0.699602
vt 0.633789 0.497707
vt 0.635945 0.501472
vt 0.635945 0.492699
vt 0.856465 0.840820
vt 0.855469 0.845391
vt 0.856465 0.851617
vt 0.983522 0.702294
vt 0.981504 0.701912
vt 0.981960 0.701906
vt 0.982094 0.702071
vt 0.978516 0.705013
vt 0.980382 0.713442
vt 0.984729 0.706019
vt 0.979799 0.698616
vt 0.984729 0.699030
vt 0.855469 0.878035
vt 0.856172 0.881681
vt 0.855469 0.883548
vt 0.859472 0.881401
vt 0.861012 0.882876
vt 0.860887 0.882586
vt 0.858562 0.888804
vt 0.860550 0.878262
vt 0.200082 0.883640
vt 0.200089 0.877428
vt 0.194336 0.881260
vt 0.717587 0.534495
vt 0.714844 0.543787
vt 0.717587 0.543844
vt 0.778550 0.598396
vt 0.778117 0.592381
vt 0.775025 0.595453
vt 0.781181 0.592488
vt 0.775266 0.584915
vt 0.766602 0.583302
vt 0.781181 0.605493
vt 0.769879 0.595243
vt 0.769634 0.598473
vt 0.766623 0.597901
vt 0.775190 0.602657
vt 0.118164 0.707414
vt 0.120008 0.711363
vt 0.118164 0.716763
vt 0.695769 0.974581
vt 0.701838 0.970606
vt 0.695313 0.968295
vt 0.702107 0.961500
vt 0.541992 0.903490
vt 0.542820 0.903709
vt 0.542062 0.901880
vt 0.633789 0.785468
vt 0.634814 0.784689
vt 0.635633 0.784760
vt 0.635233 0.787179
vt 0.633789 0.778606
vt 0.125000 0.962516
vt 0.130750 0.962861
vt 0.127737 0.969125
vt 0.721680 0.299773
vt 0.722172 0.309564
vt 0.721680 0.310707
vt 0.880685 0.795495
vt 0.879703 0.795176
vt 0.880124 0.794559
vt 0.880007 0.792555
vt 0.879237 0.794566
vt 0.880293 0.790349
vt 0.879959 0.789939
vt 0.879725 0.789947
vt 0.879383 0.789631
vt 0.875977 0.793037
vt 0.878591 0.790679
vt 0.879513 0.789517
vt 0.233808 0.889328
vt 0.232109 0.897934
vt 0.231445 0.897835
vt 0.231914 0.897858
vt 0.232482 0.897676
vt 0.233808 0.898865
vt 0.231994 0.899475
vt 0.543277 0.833070
vt 0.542969 0.833031
vt 0.543870 0.835207
vt 0.085938 0.673908
vt 0.086772 0.674382
vt 0.086772 0.670033
vt 0.132660 0.525552
vt 0.132302 0.525939
vt 0.132509 0.525558
vt 0.132228 0.525697
vt 0.132273 0.525248
vt 0.132551 0.526065
vt 0.131942 0.525994
vt 0.131836 0.526034
vt 0.132032 0.528074
vt 0.132561 0.532987
vt 0.132099 0.525279
vt 0.132561 0.525345
vt 0.390625 0.868849
vt 0.390898 0.869204
vt 0.390661 0.868684
vt 0.391314 0.868788
vt 0.390770 0.893482
vt 0.390625 0.893184
vt 0.390968 0.893184
vt 0.100761 0.981443
vt 0.100445 0.981364
vt 0.100049 0.982254
vt 0.099537 0.983744
vt 0.100106 0.983216
vt 0.100500 0.983903
vt 0.100365 0.984465
vt 0.097656 0.991525
vt 0.097723 0.983373
vt 0.101079 0.983262
vt 0.099949 0.984066
vt 0.501953 0.902683
vt 0.502256 0.905893
vt 0.502568 0.905872
vt 0.501953 0.911022
vt 0.503021 0.905645
vt 0.752711 0.521825
vt 0.749023 0.531284
vt 0.749023 0.521235
vt 0.881836 0.258137
vt 0.881836 0.263918
vt 0.886201 0.263870
vt 0.461914 0.860270
vt 0.461914 0.874549
vt 0.467130 0.867375
vt 0.085842 0.969283
vt 0.084961 0.967753
vt 0.085842 0.965664
vt 0.714818 0.856576
vt 0.713867 0.863345
vt 0.714818 0.865516
vt 0.979492 0.924468
vt 0.985959 0.927588
vt 0.979492 0.939182
vt 0.713867 0.724476
vt 0.719627 0.731880
vt 0.721447 0.721336
vt 0.755500 0.464600
vt 0.756138 0.477693
vt 0.749023 0.470578
vt 0.818359 0.996065
vt 0.828119 0.996065
vt 0.826826 0.988216
vt 0.827881 0.990966
vt 0.827783 0.993033
vt 0.794922 0.478361
vt 0.794922 0.490265
vt 0.798030 0.485169
vt 0.363281 0.986744
vt 0.371603 0.986980
vt 0.363973 0.994609
vt 0.546660 0.697945
vt 0.544922 0.700956
vt 0.547536 0.700956
vt 0.501953 0.862543
vt 0.501953 0.854186
vt 0.503659 0.854461
vt 0.504052 0.859320
vt 0.505152 0.858091
vt 0.801089 0.615014
vt 0.801089 0.626852
vt 0.797779 0.624194
vt 0.795898 0.622820
vt 0.696041 0.651052
vt 0.695313 0.666695
vt 0.705725 0.662382
vt 0.118164 0.741009
vt 0.121829 0.747323
vt 0.118164 0.750336
vt 0.086358 0.943030
vt 0.087363 0.946409
vt 0.084961 0.946403
vt 0.713867 0.568778
vt 0.714820 0.572392
vt 0.713867 0.578030
vt 0.714887 0.569562
vt 0.123762 0.656268
vt 0.116997 0.662044
vt 0.119927 0.663565
vt 0.123762 0.665643
vt 0.116211 0.660473
vt 0.120534 0.899858
vt 0.120734 0.909743
vt 0.112305 0.903267
vt 0.802455 0.458644
vt 0.794922 0.458644
vt 0.795759 0.470549
vt 0.622579 0.393575
vt 0.618164 0.404234
vt 0.623043 0.403430
vt 0.447266 0.496112
vt 0.450450 0.504360
vt 0.453977 0.496112
vt 0.451558 0.828948
vt 0.448287 0.826074
vt 0.448168 0.824723
vt 0.447266 0.822380
vt 0.451558 0.820825
vt 0.116211 0.603347
vt 0.119707 0.603920
vt 0.119813 0.612042
vt 0.012351 0.038487
vt 0.007991 0.051424
vt 0.012530 0.058131
vt 0.003906 0.041854
vt 0.009599 0.068395
vt 0.003906 0.074591
vt 0.004648 0.065588
vt 0.730469 0.481335
vt 0.740513 0.480409
vt 0.735076 0.488021
vt 0.734629 0.494335
vt 0.739125 0.475952
vt 0.732817 0.498990
vt 0.500977 0.954168
vt 0.503775 0.951698
vt 0.503775 0.960027
vt 0.877907 0.816173
vt 0.880829 0.820787
vt 0.875977 0.820833
vt 0.291904 0.915457
vt 0.282357 0.917410
vt 0.292146 0.905859
vt 0.280273 0.900711
vt 0.280273 0.907777
vt 0.524414 0.805382
vt 0.527563 0.803725
vt 0.525481 0.811362
vt 0.530729 0.800793
vt 0.524414 0.791211
vt 0.524959 0.797051
vt 0.533202 0.807145
vt 0.535854 0.799900
vt 0.532689 0.791488
vt 0.529709 0.807405
vt 0.525288 0.806503
vt 0.208984 0.831219
vt 0.222185 0.825291
vt 0.213536 0.825636
vt 0.222552 0.833454
vt 0.208984 0.844629
vt 0.214701 0.837208
vt 0.220845 0.840814
vt 0.876217 0.768805
vt 0.879816 0.765206
vt 0.875977 0.764884
vt 0.264648 0.706147
vt 0.264648 0.712767
vt 0.267276 0.708148
vt 0.267098 0.712900
vt 0.445313 0.733876
vt 0.445313 0.725725
vt 0.446999 0.731123
vt 0.447083 0.727524
vt 0.634322 0.827748
vt 0.633789 0.828585
vt 0.634322 0.836313
vt 0.264648 0.426790
vt 0.270502 0.424909
vt 0.270502 0.432020
vt 0.979492 0.622836
vt 0.984923 0.617618
vt 0.988351 0.610310
vt 0.979492 0.607947
vt 0.734925 0.457993
vt 0.730469 0.452119
vt 0.741463 0.468139
vt 0.741463 0.452669
vt 0.738955 0.437993
vt 0.731165 0.436355
vt 0.500977 0.967840
vt 0.503798 0.969714
vt 0.500977 0.972453
vt 0.501243 0.972445
vt 0.501541 0.976147
vt 0.818890 0.808271
vt 0.818359 0.816938
vt 0.818359 0.806483
vt 0.132261 0.932559
vt 0.132261 0.939726
vt 0.128906 0.937175
vt 0.198897 0.897635
vt 0.196634 0.896204
vt 0.194336 0.896146
vt 0.195121 0.895253
vt 0.194919 0.894467
vt 0.194592 0.894451
vt 0.195743 0.894705
vt 0.198897 0.891452
vt 0.196100 0.895525
vt 0.195442 0.893797
vt 0.195276 0.893665
vt 0.265590 0.620640
vt 0.264648 0.618546
vt 0.264648 0.625357
vt 0.196289 0.703074
vt 0.197103 0.701476
vt 0.197103 0.707814
vt 0.008592 0.366401
vt 0.006836 0.373781
vt 0.012106 0.375991
vt 0.017949 0.375072
vt 0.012109 0.371462
vt 0.006836 0.359845
vt 0.017530 0.363576
vt 0.019811 0.358009
vt 0.023179 0.367842
vt 0.025242 0.358948
vt 0.010866 0.378532
vt 0.147693 0.959455
vt 0.148302 0.958321
vt 0.148596 0.958184
vt 0.148784 0.959070
vt 0.149108 0.953684
vt 0.147382 0.966056
vt 0.146564 0.960153
vt 0.146484 0.960018
vt 0.151232 0.959205
vt 0.149216 0.558911
vt 0.149341 0.559337
vt 0.149358 0.559043
vt 0.148438 0.560544
vt 0.148438 0.544514
vt 0.149715 0.558965
vt 0.839376 0.952753
vt 0.837458 0.949340
vt 0.841638 0.948957
vt 0.834961 0.949535
vt 0.835363 0.964107
vt 0.150969 0.520246
vt 0.150654 0.534579
vt 0.148438 0.532443
vt 0.148839 0.536702
vt 0.150380 0.534653
vt 0.150195 0.534597
vt 0.150969 0.536555
vt 0.564989 0.555293
vt 0.557617 0.545948
vt 0.566741 0.547220
vt 0.562383 0.538602
vt 0.557617 0.556928
vt 0.637758 0.518041
vt 0.635799 0.517836
vt 0.633789 0.513901
vt 0.637758 0.509285
vt 0.003906 0.020472
vt 0.012957 0.010383
vt 0.008681 0.026557
vt 0.006633 0.022698
vt 0.011964 0.026786
vt 0.020497 0.022884
vt 0.006170 0.025201
vt 0.018937 0.030674
vt 0.016466 0.015865
vt 0.024225 0.012032
vt 0.026950 0.036358
vt 0.025124 0.034478
vt 0.036526 0.022683
vt 0.035083 0.012954
vt 0.044348 0.012079
vt 0.038465 0.003906
vt 0.037476 0.044221
vt 0.048598 0.050878
vt 0.052471 0.052832
vt 0.065547 0.060386
vt 0.069599 0.061877
vt 0.068223 0.053856
vt 0.073138 0.060465
vt 0.081917 0.062115
vt 0.084417 0.062227
vt 0.086354 0.060313
vt 0.029512 0.037435
vt 0.036910 0.042464
vt 0.042108 0.045296
vt 0.047089 0.048360
vt 0.043736 0.034060
vt 0.048975 0.029538
vt 0.044700 0.021794
vt 0.052764 0.037893
vt 0.055666 0.053538
vt 0.059245 0.031684
vt 0.058413 0.021017
vt 0.067617 0.014248
vt 0.047068 0.011526
vt 0.055133 0.005397
vt 0.053085 0.015627
vt 0.060788 0.012835
vt 0.061050 0.049398
vt 0.065773 0.037794
vt 0.070885 0.048034
vt 0.076459 0.050368
vt 0.075413 0.031955
vt 0.077772 0.043162
vt 0.084228 0.043130
vt 0.080749 0.036368
vt 0.090642 0.028489
vt 0.073494 0.022606
vt 0.084831 0.016357
vt 0.078036 0.013124
vt 0.094256 0.017206
vt 0.089090 0.059388
vt 0.091533 0.057346
vt 0.095444 0.055673
vt 0.091959 0.046281
vt 0.097532 0.055022
vt 0.098990 0.053881
vt 0.100440 0.053014
vt 0.102883 0.051937
vt 0.092993 0.038715
vt 0.104265 0.036773
vt 0.109877 0.049492
vt 0.104737 0.051601
vt 0.111332 0.047533
vt 0.113769 0.041689
vt 0.115891 0.048069
vt 0.112928 0.047654
vt 0.100024 0.026129
vt 0.103189 0.009697
vt 0.109791 0.013940
vt 0.114845 0.026771
vt 0.119720 0.044428
vt 0.126445 0.044648
vt 0.128734 0.043852
vt 0.131511 0.041825
vt 0.122304 0.044762
vt 0.117468 0.034596
vt 0.131797 0.033240
vt 0.137250 0.038387
vt 0.137878 0.037313
vt 0.128957 0.025099
vt 0.137498 0.022156
vt 0.141844 0.035825
vt 0.140736 0.029047
vt 0.146641 0.020227
vt 0.106819 0.003906
vt 0.044161 0.011810
vt 0.085938 0.816561
vt 0.086856 0.818038
vt 0.086856 0.813897
vt 0.265092 0.780499
vt 0.264648 0.783505
vt 0.265092 0.787186
vt 0.697366 0.718374
vt 0.702732 0.731327
vt 0.695313 0.732333
vt 0.417135 0.179487
vt 0.413479 0.190399
vt 0.407828 0.187888
vt 0.403666 0.191432
vt 0.405398 0.197244
vt 0.403664 0.207080
vt 0.397558 0.212013
vt 0.402451 0.217023
vt 0.394010 0.217879
vt 0.400387 0.196593
vt 0.393745 0.205534
vt 0.416434 0.168336
vt 0.407701 0.180834
vt 0.403681 0.175735
vt 0.399255 0.185154
vt 0.392578 0.193870
vt 0.592307 0.540233
vt 0.601866 0.550609
vt 0.601333 0.555092
vt 0.591797 0.550231
vt 0.601866 0.563399
vt 0.592264 0.560607
vt 0.266602 0.006216
vt 0.279914 0.006158
vt 0.288235 0.003906
vt 0.278326 0.014213
vt 0.286672 0.017658
vt 0.294596 0.022600
vt 0.301765 0.031628
vt 0.307721 0.006001
vt 0.295743 0.009285
vt 0.302340 0.021507
vt 0.307781 0.031099
vt 0.313157 0.031440
vt 0.309572 0.031199
vt 0.311183 0.023659
vt 0.315619 0.030699
vt 0.320495 0.024814
vt 0.319378 0.017506
vt 0.329205 0.017041
vt 0.320069 0.030282
vt 0.322812 0.030139
vt 0.332293 0.026911
vt 0.340043 0.016964
vt 0.342613 0.021945
vt 0.344973 0.020773
vt 0.334982 0.008119
vt 0.348942 0.017590
vt 0.358266 0.011224
vt 0.348486 0.009011
vt 0.337029 0.025093
vt 0.338218 0.024041
vt 0.352471 0.015563
vt 0.357039 0.012657
vt 0.354893 0.003906
vt 0.362657 0.008193
vt 0.576759 0.006265
vt 0.563477 0.009874
vt 0.573808 0.013632
vt 0.582946 0.014425
vt 0.570956 0.020862
vt 0.577591 0.026415
vt 0.625804 0.012836
vt 0.593193 0.010754
vt 0.586991 0.004044
vt 0.595343 0.003906
vt 0.597177 0.015238
vt 0.607650 0.007964
vt 0.583478 0.021899
vt 0.595203 0.025031
vt 0.617778 0.009883
vt 0.610613 0.017616
vt 0.621002 0.020815
vt 0.607271 0.025088
vt 0.621290 0.025365
vt 0.629714 0.020960
vt 0.625525 0.024097
vt 0.610026 0.034697
vt 0.623246 0.044855
vt 0.589842 0.030687
vt 0.587148 0.043575
vt 0.577581 0.035644
vt 0.594339 0.052374
vt 0.601818 0.037777
vt 0.613256 0.044577
vt 0.616609 0.055855
vt 0.621592 0.057428
vt 0.604164 0.055757
vt 0.610208 0.063104
vt 0.616960 0.070581
vt 0.624977 0.075262
vt 0.584072 0.059597
vt 0.590198 0.067309
vt 0.600818 0.066866
vt 0.607726 0.078531
vt 0.615540 0.081265
vt 0.543608 0.795228
vt 0.543608 0.792634
vt 0.542969 0.792595
vt 0.543095 0.793743
vt 0.543793 0.872970
vt 0.542251 0.874512
vt 0.541992 0.873387
vt 0.542889 0.873882
vt 0.085938 0.722590
vt 0.086563 0.720586
vt 0.085938 0.718331
vt 0.087658 0.719915
vt 0.085938 0.837776
vt 0.085938 0.841886
vt 0.086550 0.839365
vt 0.087829 0.839706
vt 0.087545 0.838687
vt 0.087296 0.839368
vt 0.086934 0.839770
vt 0.124023 0.991361
vt 0.130850 0.991706
vt 0.127429 0.991683
vt 0.124330 0.994407
vt 0.800781 0.184074
vt 0.805311 0.172067
vt 0.800781 0.172065
vt 0.926141 0.579583
vt 0.922970 0.580410
vt 0.920898 0.580029
vt 0.921048 0.567287
vt 0.641949 0.249002
vt 0.635742 0.242796
vt 0.642511 0.237068
vt 0.068359 0.993382
vt 0.070339 0.995605
vt 0.076299 0.993382
vt 0.239230 0.775140
vt 0.230469 0.770987
vt 0.239230 0.764917
vt 0.405431 0.767434
vt 0.399414 0.768899
vt 0.415224 0.756565
vt 0.410557 0.764040
vt 0.401537 0.760480
vt 0.408093 0.773737
vt 0.415224 0.773218
vt 0.415034 0.786521
vt 0.794922 0.517375
vt 0.794922 0.529238
vt 0.800638 0.520275
vt 0.449142 0.482637
vt 0.447266 0.480047
vt 0.449219 0.486349
vt 0.447266 0.488299
vt 0.450941 0.463983
vt 0.450941 0.472235
vt 0.447266 0.464060
vt 0.069104 0.496079
vt 0.065430 0.492333
vt 0.065430 0.506058
vt 0.563636 0.983112
vt 0.561523 0.988319
vt 0.563636 0.995446
vt 0.131836 0.548194
vt 0.133607 0.545111
vt 0.131836 0.540799
vt 0.366211 0.427772
vt 0.369435 0.431815
vt 0.366211 0.438980
vt 0.636326 0.256899
vt 0.636859 0.257969
vt 0.635742 0.256815
vt 0.635742 0.265647
vt 0.734194 0.824474
vt 0.734194 0.811548
vt 0.730469 0.823852
vt 0.928978 0.253487
vt 0.925781 0.248671
vt 0.925781 0.263013
vt 0.097656 0.681603
vt 0.098240 0.681812
vt 0.097656 0.693001
vt 0.266084 0.943442
vt 0.268546 0.937499
vt 0.264648 0.937989
vt 0.939453 0.533875
vt 0.942533 0.537403
vt 0.942533 0.529753
vt 0.564432 0.642434
vt 0.559570 0.652803
vt 0.564432 0.660345
vt 0.937744 0.684813
vt 0.938258 0.685543
vt 0.937161 0.685695
vt 0.938502 0.685805
vt 0.938321 0.686251
vt 0.943121 0.690190
vt 0.936523 0.693972
vt 0.117756 0.849737
vt 0.116640 0.851981
vt 0.118271 0.851806
vt 0.116212 0.850609
vt 0.116247 0.855855
vt 0.122138 0.846629
vt 0.114258 0.846629
vt 0.121543 0.854569
vt 0.254892 0.717783
vt 0.255272 0.721501
vt 0.255245 0.723496
vt 0.254501 0.723566
vt 0.252115 0.722698
vt 0.254459 0.729778
vt 0.250977 0.728690
vt 0.250977 0.717448
vt 0.085938 0.501525
vt 0.086377 0.506962
vt 0.085938 0.507362
vt 0.725751 0.070802
vt 0.724934 0.076856
vt 0.713592 0.079720
vt 0.712165 0.070256
vt 0.718527 0.068479
vt 0.715450 0.089091
vt 0.726463 0.091508
vt 0.718863 0.111873
vt 0.716684 0.099558
vt 0.698388 0.119049
vt 0.704764 0.070909
vt 0.704010 0.080925
vt 0.704325 0.092647
vt 0.696718 0.078829
vt 0.693115 0.091916
vt 0.687527 0.069031
vt 0.704851 0.105788
vt 0.690218 0.113108
vt 0.679144 0.108726
vt 0.701754 0.137936
vt 0.698007 0.127965
vt 0.689474 0.135994
vt 0.688215 0.123965
vt 0.685956 0.133197
vt 0.684815 0.132831
vt 0.693406 0.140192
vt 0.677192 0.124856
vt 0.679871 0.127036
vt 0.678209 0.126964
vt 0.671401 0.118919
vt 0.676742 0.071598
vt 0.665171 0.068479
vt 0.681849 0.079364
vt 0.664258 0.075007
vt 0.663541 0.082093
vt 0.663799 0.073730
vt 0.663463 0.084373
vt 0.668512 0.088241
vt 0.681526 0.094979
vt 0.662739 0.089562
vt 0.662368 0.092036
vt 0.662124 0.097234
vt 0.664958 0.112219
vt 0.669140 0.116282
vt 0.661133 0.104891
vt 0.935385 0.872176
vt 0.938248 0.865262
vt 0.934570 0.865865
vt 0.131218 0.947538
vt 0.131218 0.954704
vt 0.128967 0.954006
vt 0.125000 0.951365
vt 0.635701 0.894054
vt 0.635701 0.902604
vt 0.633789 0.900959
vt 0.548698 0.587118
vt 0.547688 0.590305
vt 0.546875 0.587118
vt 0.660691 0.331095
vt 0.652579 0.338147
vt 0.658392 0.344217
vt 0.666588 0.341788
vt 0.662842 0.322828
vt 0.668323 0.337741
vt 0.669554 0.333895
vt 0.651244 0.348194
vt 0.666207 0.354965
vt 0.667023 0.351744
vt 0.650391 0.362382
vt 0.664643 0.363089
vt 0.662093 0.369137
vt 0.661165 0.371003
vt 0.664688 0.364418
vt 0.663035 0.365961
vt 0.663222 0.367559
vt 0.658684 0.357119
vt 0.666437 0.358187
vt 0.665703 0.360328
vt 0.653516 0.373288
vt 0.659725 0.372908
vt 0.660048 0.374691
vt 0.657688 0.378088
vt 0.666757 0.343547
vt 0.667981 0.350178
vt 0.667567 0.347195
vt 0.667161 0.356307
vt 0.650391 0.325478
vt 0.964140 0.727208
vt 0.957031 0.736492
vt 0.964140 0.742868
vt 0.877930 0.556979
vt 0.878937 0.560012
vt 0.878937 0.554674
vt 0.859453 0.046991
vt 0.859632 0.056422
vt 0.852877 0.047513
vt 0.842745 0.033153
vt 0.837618 0.109568
vt 0.825841 0.111708
vt 0.838326 0.092894
vt 0.830500 0.097717
vt 0.833862 0.086559
vt 0.839276 0.079636
vt 0.851849 0.072911
vt 0.839721 0.070934
vt 0.817794 0.074118
vt 0.820536 0.101645
vt 0.818374 0.089915
vt 0.818152 0.085808
vt 0.825929 0.081381
vt 0.819019 0.080566
vt 0.847321 0.064603
vt 0.845181 0.054060
vt 0.834720 0.059195
vt 0.828727 0.068930
vt 0.841135 0.045837
vt 0.828291 0.045582
vt 0.835042 0.037359
vt 0.817383 0.062166
vt 0.819176 0.053105
vt 0.818096 0.070486
vt 0.937983 0.614082
vt 0.937983 0.606453
vt 0.936523 0.608055
vt 0.047505 0.996033
vt 0.047505 0.991541
vt 0.045898 0.994584
vt 0.146484 0.941009
vt 0.150660 0.933770
vt 0.150660 0.945871
vt 0.071278 0.155755
vt 0.070461 0.152119
vt 0.070635 0.157913
vt 0.069336 0.151132
vt 0.069336 0.167782
vt 0.937603 0.798189
vt 0.934570 0.805736
vt 0.941264 0.805736
vt 0.863785 0.724818
vt 0.863950 0.734004
vt 0.859303 0.738419
vt 0.855469 0.729162
vt 0.852281 0.126070
vt 0.854708 0.134058
vt 0.849340 0.140664
vt 0.854708 0.149763
vt 0.846680 0.136141
vt 0.132944 0.679749
vt 0.137571 0.672361
vt 0.130859 0.672361
vt 0.065430 0.796051
vt 0.069533 0.808234
vt 0.067426 0.809555
vt 0.065430 0.809119
vt 0.446851 0.797077
vt 0.446289 0.790609
vt 0.449964 0.789562
vt 0.391519 0.664307
vt 0.390625 0.672590
vt 0.391519 0.681172
vt 0.990977 0.289863
vt 0.989768 0.293746
vt 0.985352 0.284690
vt 0.985352 0.300437
vt 0.988636 0.297452
vt 0.987043 0.300453
vt 0.255650 0.464138
vt 0.253852 0.467836
vt 0.250977 0.470309
vt 0.255650 0.480435
vt 0.732701 0.915157
vt 0.730469 0.918567
vt 0.732701 0.928052
vt 0.639439 0.683269
vt 0.639313 0.682801
vt 0.639593 0.687314
vt 0.635742 0.678681
vt 0.635742 0.687173
vt 0.015625 0.957303
vt 0.021879 0.964128
vt 0.015625 0.971769
vt 0.254621 0.770037
vt 0.252308 0.770030
vt 0.254621 0.757724
vt 0.250977 0.767818
vt 0.014648 0.775037
vt 0.015931 0.785309
vt 0.014648 0.792948
vt 0.151744 0.979536
vt 0.146484 0.985938
vt 0.146484 0.973868
vt 0.638140 0.670746
vt 0.639705 0.670869
vt 0.640385 0.662212
vt 0.633789 0.662212
vt 0.068119 0.319092
vt 0.065430 0.325026
vt 0.068119 0.333120
vt 0.818359 0.555864
vt 0.821517 0.549110
vt 0.821517 0.561832
vt 0.266079 0.530407
vt 0.266079 0.537364
vt 0.264648 0.534680
vt 0.089517 0.493712
vt 0.087275 0.488301
vt 0.085938 0.493197
vt 0.439018 0.457459
vt 0.428711 0.463919
vt 0.430747 0.473237
vt 0.436933 0.467437
vt 0.439018 0.475622
vt 0.431730 0.480850
vt 0.719434 0.436710
vt 0.716797 0.430462
vt 0.716797 0.440065
vt 0.118164 0.733196
vt 0.121826 0.732963
vt 0.121735 0.724576
vt 0.920898 0.601492
vt 0.927308 0.601389
vt 0.926869 0.594065
vt 0.928233 0.588223
vt 0.920898 0.589558
vt 0.085938 0.556082
vt 0.087682 0.560128
vt 0.085938 0.561878
vt 0.876222 0.957155
vt 0.877825 0.956249
vt 0.875977 0.960710
vt 0.818359 0.569645
vt 0.822316 0.578368
vt 0.818359 0.582357
vt 0.633789 0.423042
vt 0.634231 0.423344
vt 0.633789 0.431835
vt 0.169226 0.590551
vt 0.175777 0.572624
vt 0.166675 0.575150
vt 0.168394 0.585993
vt 0.192193 0.580019
vt 0.192852 0.586008
vt 0.182164 0.575184
vt 0.191591 0.572624
vt 0.178168 0.593521
vt 0.177716 0.595457
vt 0.180953 0.587384
vt 0.165039 0.600519
vt 0.195340 0.589164
vt 0.184861 0.599082
vt 0.171859 0.607740
vt 0.332031 0.630416
vt 0.336499 0.626225
vt 0.332031 0.613874
vt 0.340264 0.620192
vt 0.822614 0.797719
vt 0.822333 0.798670
vt 0.818359 0.794570
vt 0.822614 0.788212
vt 0.855469 0.822211
vt 0.856796 0.826653
vt 0.857122 0.827700
vt 0.855469 0.833008
vt 0.862633 0.823956
vt 0.172852 0.898652
vt 0.179504 0.900245
vt 0.179113 0.901256
vt 0.174907 0.916154
vt 0.186297 0.904872
vt 0.186391 0.916934
vt 0.172852 0.929911
vt 0.178863 0.921438
vt 0.176270 0.904970
vt 0.793945 0.947796
vt 0.793945 0.958779
vt 0.802226 0.958493
vt 0.803223 0.951726
vt 0.800039 0.947169
vt 0.942980 0.385543
vt 0.939453 0.393330
vt 0.944871 0.393330
vt 0.940113 0.949552
vt 0.934570 0.947256
vt 0.938806 0.940969
vt 0.374531 0.003946
vt 0.394415 0.025563
vt 0.402911 0.032362
vt 0.387286 0.031263
vt 0.403256 0.019499
vt 0.412428 0.032834
vt 0.408770 0.026537
vt 0.382413 0.004117
vt 0.404430 0.004163
vt 0.420437 0.004101
vt 0.431809 0.003994
vt 0.377142 0.011308
vt 0.385275 0.013621
vt 0.395862 0.004114
vt 0.384849 0.022595
vt 0.414625 0.016740
vt 0.425740 0.011733
vt 0.422515 0.029240
vt 0.440209 0.003906
vt 0.437034 0.014323
vt 0.449577 0.005985
vt 0.453909 0.008562
vt 0.442748 0.018809
vt 0.460955 0.012615
vt 0.402029 0.039087
vt 0.370117 0.003906
vt 0.711914 0.214118
vt 0.712115 0.194616
vt 0.711914 0.184359
vt 0.712402 0.179917
vt 0.716630 0.201341
vt 0.716019 0.185628
vt 0.727786 0.195082
vt 0.724279 0.185786
vt 0.712113 0.175434
vt 0.724140 0.174635
vt 0.526864 0.557722
vt 0.523838 0.548316
vt 0.523438 0.537138
vt 0.528548 0.529086
vt 0.530419 0.541835
vt 0.535784 0.536187
vt 0.536872 0.526499
vt 0.878593 0.740614
vt 0.878497 0.742576
vt 0.875977 0.744125
vt 0.875977 0.738982
vt 0.130859 0.706772
vt 0.135945 0.700935
vt 0.136500 0.709108
vt 0.794922 0.673939
vt 0.796819 0.675584
vt 0.794922 0.685758
vt 0.266218 0.751480
vt 0.265010 0.753787
vt 0.265323 0.755383
vt 0.265464 0.755301
vt 0.265736 0.755374
vt 0.266218 0.758186
vt 0.264648 0.754618
vt 0.252985 0.666154
vt 0.253329 0.666010
vt 0.253523 0.666063
vt 0.255316 0.662694
vt 0.250977 0.656725
vt 0.250977 0.669282
vt 0.253563 0.666158
vt 0.264648 0.766094
vt 0.264994 0.765998
vt 0.264994 0.772686
vt 0.865180 0.775457
vt 0.865433 0.775285
vt 0.865573 0.775391
vt 0.858999 0.775443
vt 0.864042 0.777138
vt 0.865082 0.766547
vt 0.855469 0.766288
vt 0.855469 0.771702
vt 0.864456 0.770135
vt 0.866062 0.775854
vt 0.086231 0.569872
vt 0.085938 0.569690
vt 0.085938 0.575468
vt 0.635031 0.926779
vt 0.633789 0.931258
vt 0.635031 0.935327
vt 0.149482 0.407919
vt 0.153702 0.401913
vt 0.156878 0.409924
vt 0.151226 0.391278
vt 0.156878 0.392813
vt 0.148438 0.396411
vt 0.084961 0.935217
vt 0.087682 0.933681
vt 0.084961 0.931528
vt 0.250977 0.677095
vt 0.252162 0.680155
vt 0.250977 0.689492
vt 0.264927 0.454749
vt 0.269943 0.459765
vt 0.267916 0.461554
vt 0.264648 0.463234
vt 0.712891 0.949162
vt 0.715192 0.957334
vt 0.712891 0.958067
vt 0.879966 0.995710
vt 0.875977 0.996059
vt 0.876949 0.993710
vt 0.548175 0.553833
vt 0.549640 0.557183
vt 0.546875 0.557183
vt 0.445313 0.714846
vt 0.453104 0.709239
vt 0.452715 0.717912
vt 0.878906 0.433433
vt 0.879803 0.433832
vt 0.878906 0.438963
vt 0.750000 0.421007
vt 0.752848 0.411303
vt 0.756707 0.420620
vt 0.713867 0.831994
vt 0.719483 0.827902
vt 0.718393 0.829639
vt 0.718505 0.825687
vt 0.716327 0.829191
vt 0.713867 0.823037
vt 0.546875 0.499562
vt 0.549372 0.497065
vt 0.549648 0.501390
vt 0.798384 0.880228
vt 0.794922 0.872352
vt 0.795892 0.875054
vt 0.797641 0.877169
vt 0.799394 0.881063
vt 0.799394 0.869432
vt 0.088498 0.803110
vt 0.085938 0.802217
vt 0.087540 0.806085
vt 0.547841 0.686302
vt 0.545898 0.687271
vt 0.547841 0.689418
vt 0.548974 0.488831
vt 0.546875 0.485719
vt 0.546875 0.489253
vt 0.860921 0.696528
vt 0.856542 0.694209
vt 0.856776 0.694203
vt 0.856097 0.694391
vt 0.861492 0.693110
vt 0.858406 0.687488
vt 0.855469 0.690070
vt 0.861854 0.690210
vt 0.855469 0.698341
vt 0.861601 0.693029
vt 0.861260 0.697429
vt 0.856264 0.694628
vt 0.636288 0.604951
vt 0.636288 0.596244
vt 0.633789 0.601032
vt 0.445313 0.777148
vt 0.450939 0.773607
vt 0.450939 0.781750
vt 0.447338 0.781425
vt 0.014648 0.669073
vt 0.020801 0.672947
vt 0.014648 0.687818
vt 0.917969 0.675995
vt 0.922119 0.684294
vt 0.917969 0.689209
vt 0.875977 0.968523
vt 0.877781 0.971198
vt 0.875977 0.973341
vt 0.875977 0.622719
vt 0.877458 0.619418
vt 0.877458 0.624661
vt 0.821432 0.953197
vt 0.818359 0.962189
vt 0.818359 0.951772
vt 0.043811 0.525698
vt 0.034180 0.524105
vt 0.034180 0.542359
vt 0.038121 0.510644
vt 0.085823 0.988076
vt 0.085823 0.991670
vt 0.084961 0.990920
vt 0.230469 0.800973
vt 0.239208 0.807404
vt 0.230469 0.811168
vt 0.065799 0.838651
vt 0.069245 0.841931
vt 0.073902 0.838651
vt 0.072262 0.851102
vt 0.074332 0.846990
vt 0.065430 0.852102
vt 0.074508 0.938982
vt 0.075398 0.937089
vt 0.073721 0.940991
vt 0.072087 0.938360
vt 0.070313 0.937371
vt 0.077065 0.932618
vt 0.076001 0.934012
vt 0.072813 0.937017
vt 0.074124 0.936110
vt 0.070313 0.927616
vt 0.071097 0.939931
vt 0.931346 0.123528
vt 0.928168 0.116610
vt 0.928099 0.102279
vt 0.922964 0.110314
vt 0.924565 0.123619
vt 0.912592 0.119907
vt 0.917930 0.113525
vt 0.911369 0.133338
vt 0.903725 0.126528
vt 0.903659 0.134745
vt 0.925315 0.079613
vt 0.915367 0.067489
vt 0.932984 0.088824
vt 0.921313 0.087069
vt 0.912373 0.099606
vt 0.914317 0.084847
vt 0.907577 0.090535
vt 0.896727 0.120507
vt 0.904915 0.102900
vt 0.897794 0.110031
vt 0.894531 0.101619
vt 0.907472 0.074204
vt 0.900704 0.087589
vt 0.901306 0.076122
vt 0.894531 0.073037
vt 0.917089 0.104371
vt 0.917383 0.097635
vt 0.908849 0.111071
vt 0.903185 0.118602
vt 0.896605 0.141557
vt 0.895376 0.132682
vt 0.238371 0.185714
vt 0.237048 0.178598
vt 0.253817 0.192113
vt 0.243510 0.186468
vt 0.246264 0.187358
vt 0.250503 0.190320
vt 0.240069 0.184080
vt 0.252451 0.181421
vt 0.260698 0.186268
vt 0.265273 0.191788
vt 0.257689 0.176013
vt 0.234375 0.170219
vt 0.242861 0.177403
vt 0.245817 0.167887
vt 0.252476 0.167256
vt 0.251446 0.156071
vt 0.241899 0.154917
vt 0.257894 0.166589
vt 0.247723 0.148936
vt 0.260663 0.157181
vt 0.255898 0.148804
vt 0.268172 0.183190
vt 0.269607 0.168598
vt 0.446289 0.926270
vt 0.449528 0.921160
vt 0.446289 0.918280
vt 0.957031 0.844500
vt 0.968886 0.852398
vt 0.962596 0.853012
vt 0.964700 0.859717
vt 0.957031 0.860072
vt 0.850094 0.356308
vt 0.844727 0.351222
vt 0.844727 0.369609
vt 0.449331 0.661912
vt 0.449331 0.670088
vt 0.447797 0.662971
vt 0.446289 0.665447
vt 0.447837 0.666644
vt 0.373047 0.270352
vt 0.377847 0.269124
vt 0.378425 0.271366
vt 0.373047 0.280400
vt 0.192383 0.976585
vt 0.195106 0.974297
vt 0.195106 0.980347
vt 0.506836 0.580176
vt 0.509095 0.582924
vt 0.509095 0.574447
vt 0.877930 0.568919
vt 0.878785 0.572754
vt 0.880827 0.567824
vt 0.087483 0.853429
vt 0.085938 0.849699
vt 0.087421 0.850648
vt 0.747070 0.815582
vt 0.750858 0.806437
vt 0.750117 0.816141
vt 0.399414 0.634279
vt 0.402949 0.624198
vt 0.399414 0.603693
vt 0.409988 0.627271
vt 0.413946 0.615534
vt 0.464869 0.930077
vt 0.463053 0.933695
vt 0.461914 0.939718
vt 0.461914 0.925459
vt 0.786531 0.179663
vt 0.779297 0.184791
vt 0.792274 0.189374
vt 0.780770 0.193076
vt 0.790075 0.202156
vt 0.779297 0.202517
vt 0.085938 0.884990
vt 0.086447 0.884862
vt 0.086447 0.888829
vt 0.855782 0.746232
vt 0.855469 0.758476
vt 0.863141 0.750803
vt 0.852461 0.181217
vt 0.853818 0.165969
vt 0.848633 0.157576
vt 0.848633 0.171566
vt 0.644837 0.225361
vt 0.647333 0.228026
vt 0.645184 0.224042
vt 0.643555 0.212044
vt 0.662558 0.250136
vt 0.664290 0.253554
vt 0.659965 0.244966
vt 0.658754 0.242344
vt 0.649845 0.229256
vt 0.658906 0.224007
vt 0.671463 0.248077
vt 0.670938 0.241176
vt 0.666265 0.230712
vt 0.674989 0.232243
vt 0.681397 0.226853
vt 0.651817 0.213114
vt 0.657642 0.215894
vt 0.655747 0.205879
vt 0.648680 0.204893
vt 0.684529 0.216899
vt 0.671712 0.213857
vt 0.666199 0.192614
vt 0.666648 0.203456
vt 0.675524 0.203942
vt 0.681867 0.194096
vt 0.684219 0.241540
vt 0.691861 0.239884
vt 0.686602 0.234514
vt 0.693531 0.238016
vt 0.694902 0.227073
vt 0.693624 0.216464
vt 0.685065 0.205501
vt 0.694328 0.205682
vt 0.701199 0.213334
vt 0.694799 0.198814
vt 0.702285 0.202704
vt 0.654116 0.191224
vt 0.691309 0.188830
vt 0.683268 0.183745
vt 0.699661 0.189416
vt 0.703250 0.194296
vt 0.693621 0.175808
vt 0.697431 0.180246
vt 0.644483 0.223617
vt 0.533886 0.979026
vt 0.525391 0.991935
vt 0.533886 0.995286
vt 0.979492 0.539716
vt 0.985046 0.551286
vt 0.979492 0.554661
vt 0.907028 0.745229
vt 0.908143 0.738931
vt 0.903646 0.732327
vt 0.895508 0.741202
vt 0.908143 0.757135
vt 0.898427 0.748905
vt 0.897544 0.756481
vt 0.925781 0.226505
vt 0.931623 0.235095
vt 0.925781 0.240858
vt 0.216517 0.048187
vt 0.202326 0.052214
vt 0.223614 0.053563
vt 0.223414 0.057027
vt 0.211498 0.065494
vt 0.225174 0.071024
vt 0.195367 0.063145
vt 0.188477 0.079779
vt 0.224100 0.068971
vt 0.201232 0.069616
vt 0.204744 0.079830
vt 0.223018 0.083237
vt 0.222738 0.085684
vt 0.196632 0.078028
vt 0.208615 0.089045
vt 0.218655 0.092169
vt 0.214474 0.095673
vt 0.211040 0.101160
vt 0.220709 0.089747
vt 0.220261 0.091142
vt 0.212952 0.098335
vt 0.197603 0.093486
vt 0.189129 0.096331
vt 0.203156 0.107159
vt 0.191356 0.103583
vt 0.207609 0.104378
vt 0.561523 0.942813
vt 0.561523 0.955151
vt 0.564626 0.952566
vt 0.772458 0.993206
vt 0.770231 0.993746
vt 0.767385 0.992759
vt 0.765625 0.992564
vt 0.766863 0.979698
vt 0.905918 0.034821
vt 0.906539 0.016574
vt 0.922032 0.010480
vt 0.928683 0.007402
vt 0.931511 0.006820
vt 0.933921 0.005567
vt 0.937323 0.011395
vt 0.927563 0.008576
vt 0.936250 0.005086
vt 0.938651 0.003906
vt 0.894531 0.058416
vt 0.910175 0.059676
vt 0.901305 0.048056
vt 0.918930 0.056622
vt 0.923848 0.048499
vt 0.921158 0.058559
vt 0.930507 0.055320
vt 0.926172 0.028757
vt 0.930949 0.036897
vt 0.945114 0.047163
vt 0.944527 0.041542
vt 0.951151 0.041624
vt 0.918548 0.036584
vt 0.934232 0.024511
vt 0.945176 0.018488
vt 0.946502 0.033044
vt 0.953336 0.033842
vt 0.949330 0.007225
vt 0.961134 0.012082
vt 0.957832 0.022532
vt 0.938582 0.047059
vt 0.963237 0.029861
vt 0.616494 0.745378
vt 0.613281 0.751549
vt 0.616494 0.756769
vt 0.429688 0.134336
vt 0.437444 0.144502
vt 0.445335 0.132569
vt 0.449369 0.135203
vt 0.429688 0.152260
vt 0.432381 0.156293
vt 0.441027 0.151181
vt 0.448488 0.143598
vt 0.444278 0.157739
vt 0.451653 0.137250
vt 0.749023 0.539097
vt 0.749023 0.549141
vt 0.751120 0.541826
vt 0.164580 0.917653
vt 0.161908 0.913833
vt 0.160156 0.916796
vt 0.163550 0.908603
vt 0.878906 0.473326
vt 0.878906 0.478771
vt 0.879329 0.475924
vt 0.086149 0.908446
vt 0.085938 0.908258
vt 0.085938 0.912127
vt 0.952574 0.184201
vt 0.949219 0.191855
vt 0.956260 0.191226
vt 0.950101 0.201932
vt 0.954272 0.209945
vt 0.961419 0.198332
vt 0.963694 0.208976
vt 0.968196 0.213684
vt 0.967900 0.221424
vt 0.971140 0.205781
vt 0.955288 0.220277
vt 0.955288 0.172656
vt 0.963122 0.177425
vt 0.962191 0.186589
vt 0.971140 0.184313
vt 0.969406 0.195832
vt 0.639388 0.703098
vt 0.635742 0.702679
vt 0.636086 0.695126
vt 0.803584 0.734617
vt 0.799410 0.745616
vt 0.794922 0.734780
vt 0.774414 0.213485
vt 0.776258 0.210329
vt 0.782222 0.216391
vt 0.782895 0.217421
vt 0.787847 0.221545
vt 0.775137 0.222631
vt 0.783688 0.222811
vt 0.791061 0.229016
vt 0.774414 0.233179
vt 0.786210 0.231257
vt 0.790432 0.219266
vt 0.782343 0.216361
vt 0.507155 0.593173
vt 0.506836 0.599213
vt 0.506836 0.590736
vt 0.127644 0.303189
vt 0.128820 0.304100
vt 0.127363 0.301224
vt 0.125977 0.310006
vt 0.127158 0.305846
vt 0.125977 0.300325
vt 0.925848 0.480202
vt 0.925048 0.477641
vt 0.924129 0.483361
vt 0.923828 0.476467
vt 0.923828 0.490255
vt 0.652577 0.915444
vt 0.656852 0.939301
vt 0.654845 0.936735
vt 0.654245 0.934669
vt 0.658249 0.940550
vt 0.653074 0.933173
vt 0.662202 0.921811
vt 0.661743 0.930792
vt 0.652344 0.930673
vt 0.653680 0.917211
vt 0.657595 0.924285
vt 0.652344 0.911747
vt 0.660649 0.913426
vt 0.264648 0.881088
vt 0.267682 0.886870
vt 0.267244 0.881057
vt 0.268274 0.881687
vt 0.267222 0.880967
vt 0.265796 0.883858
vt 0.267032 0.880660
vt 0.878415 0.632473
vt 0.876348 0.634653
vt 0.876097 0.634523
vt 0.875977 0.633946
vt 0.876452 0.634406
vt 0.876230 0.635062
vt 0.879766 0.633250
vt 0.877839 0.637902
vt 0.091104 0.077623
vt 0.082940 0.073925
vt 0.076688 0.082042
vt 0.073869 0.070556
vt 0.034442 0.053836
vt 0.066972 0.069927
vt 0.069057 0.070861
vt 0.064738 0.071660
vt 0.067741 0.084296
vt 0.054997 0.071402
vt 0.040715 0.074979
vt 0.056102 0.088518
vt 0.053354 0.079741
vt 0.050614 0.097054
vt 0.054477 0.100083
vt 0.027909 0.058742
vt 0.025240 0.059680
vt 0.021760 0.061784
vt 0.023007 0.062792
vt 0.022940 0.063619
vt 0.023821 0.074376
vt 0.026938 0.066674
vt 0.033009 0.069368
vt 0.020286 0.069050
vt 0.043146 0.084063
vt 0.032757 0.082308
vt 0.038355 0.088793
vt 0.042911 0.094227
vt 0.044437 0.100226
vt 0.024430 0.088892
vt 0.033850 0.099559
vt 0.086596 0.085461
vt 0.089796 0.091614
vt 0.089648 0.101442
vt 0.077745 0.091923
vt 0.078133 0.104250
vt 0.065639 0.090024
vt 0.063301 0.098452
vt 0.061191 0.103452
vt 0.019531 0.065604
vt 0.054676 0.100515
vt 0.224623 0.346756
vt 0.222449 0.365716
vt 0.222111 0.356769
vt 0.224623 0.373890
vt 0.212642 0.365328
vt 0.211914 0.355817
vt 0.876139 0.652915
vt 0.877845 0.651208
vt 0.879659 0.649397
vt 0.875977 0.645714
vt 0.799666 0.772940
vt 0.794922 0.782181
vt 0.799666 0.784624
f 22/9158/22 8/9154/8 25/9159/25
f 14/9080/14 12/9078/12 13/9079/13
f 14/9275/14 13/9274/13 29/9282/29
f 18/9155/18 19/9156/19 22/9158/22
f 20/9157/20 18/9155/18 22/9158/22
f 17/9278/17 16/9277/16 26/9280/26
f 27/9281/27 29/9282/29 2/9271/2
f 30/8064/30 27/8067/27 37/8065/37
f 39/8971/39 38/8970/38 37/8969/37
f 45/8973/45 40/8972/40 39/8971/39
f 42/9240/42 40/9239/40 47/9243/47
f 43/9289/43 32/9284/32 33/9285/33
f 43/9289/43 33/9285/33 44/9290/44
f 44/9290/44 33/9285/33 42/9288/42
f 66/8686/66 64/8684/64 63/8683/63
f 67/8689/67 64/8687/64 66/8688/66
f 95/9231/95 94/9230/94 97/9238/97
f 102/9099/102 103/9094/103 104/9095/104
f 104/8082/104 287/8083/287 102/8081/102
f 102/8916/102 287/8919/287 105/8917/105
f 106/9097/106 104/9095/104 103/9094/103
f 105/8713/105 287/8714/287 103/8712/103
f 287/8922/287 106/8921/106 103/8920/103
f 111/9633/111 109/9632/109 112/9634/112
f 116/9308/116 114/9306/114 83/9304/83
f 125/9601/125 126/9602/126 127/9603/127
f 119/9318/119 129/9317/129 128/9316/128
f 125/9403/125 137/9407/137 142/9408/142
f 139/9608/139 140/9609/140 145/9611/145
f 148/2986/148 145/2984/145 140/2982/140
f 142/9408/142 137/9407/137 143/9409/143
f 143/3034/143 144/3035/144 142/3033/142
f 152/3594/152 148/3593/148 153/3595/153
f 154/7215/154 152/7214/152 155/7216/155
f 159/7209/159 156/7207/156 155/7206/155
f 161/8439/161 165/8443/165 162/8440/162
f 168/7411/168 167/7410/167 163/7409/163
f 168/8444/168 163/8441/163 164/8442/164
f 174/6845/174 171/6844/171 164/6843/164
f 160/4663/160 183/4658/183 222/4661/222
f 494/6523/494 222/6518/222 185/6516/185
f 190/3623/190 188/3622/188 236/3625/236
f 191/896/191 144/892/144 192/897/192
f 198/6780/198 203/6782/203 193/6778/193
f 199/6781/199 198/6780/198 193/6778/193
f 193/2396/193 207/2397/207 220/2398/220
f 218/6226/218 215/6223/215 217/6232/217
f 217/6232/217 215/6223/215 216/6224/216
f 226/1229/226 221/1225/221 219/1223/219
f 228/1230/228 201/1221/201 221/1225/221
f 223/4687/223 220/4686/220 190/4689/190
f 233/5726/233 235/5720/235 232/5718/232
f 241/1244/241 219/1238/219 243/1245/243
f 247/2833/247 246/2832/246 231/2829/231
f 255/3613/255 250/3614/250 253/3612/253
f 254/2405/254 250/2404/250 255/2406/255
f 2421/1260/2421 256/1251/256 254/1249/254
f 257/1252/257 241/1244/241 248/1247/248
f 260/2838/260 247/2833/247 249/2834/249
f 271/9363/271 58/9357/58 266/9359/266
f 270/8711/270 262/8710/262 3/8709/3
f 278/9370/278 279/9371/279 302/9389/302
f 273/9365/273 270/9362/270 281/9373/281
f 292/9381/292 289/9380/289 294/9382/294
f 296/9384/296 284/9376/284 285/9377/285
f 297/9385/297 296/9384/296 300/9387/300
f 299/9386/299 294/9382/294 295/9383/295
f 297/9385/297 300/9387/300 301/9388/301
f 305/9254/305 304/9253/304 306/9255/306
f 334/9511/334 312/9509/312 313/9510/313
f 311/9508/311 313/9510/313 312/9509/312
f 315/9260/315 306/9255/306 316/9261/316
f 319/3010/319 322/3012/322 364/3014/364
f 364/921/364 322/920/322 318/919/318
f 321/8326/321 318/8327/318 319/8318/319
f 364/3014/364 320/3011/320 319/3010/319
f 320/2999/320 321/3000/321 319/2998/319
f 112/9621/112 140/9609/140 111/9594/111
f 343/5073/343 346/5074/346 288/5072/288
f 346/6878/346 347/6879/347 288/6877/288
f 351/1294/351 379/1299/379 352/1295/352
f 350/6525/350 357/6527/357 353/6526/353
f 358/3676/358 349/3673/349 370/3677/370
f 361/3693/361 360/3689/360 497/3692/497
f 360/2501/360 361/2502/361 496/2503/496
f 368/4143/368 503/4148/503 363/4150/363
f 374/1271/374 369/1269/369 384/1272/384
f 361/5776/361 371/5778/371 496/5781/496
f 372/5779/372 371/5778/371 361/5776/361
f 374/1271/374 372/1270/372 369/1269/369
f 383/4631/383 378/4628/378 392/4632/392
f 383/4631/383 392/4632/392 393/4633/393
f 573/3652/573 397/3646/397 398/3647/398
f 44/9242/44 404/9264/404 43/9241/43
f 406/9266/406 311/9258/311 310/9257/310
f 627/9269/627 308/9256/308 56/9247/56
f 410/2013/410 408/2012/408 421/2014/421
f 435/2015/435 421/2014/421 408/2012/408
f 421/1109/421 444/1121/444 448/1125/448
f 558/3662/558 423/3658/423 426/3659/426
f 426/2484/426 412/2483/412 558/2485/558
f 412/2474/412 427/2477/427 3219/2482/3219
f 427/2477/427 426/2476/426 3219/2482/3219
f 426/2476/426 559/2478/559 3219/2482/3219
f 559/3663/559 558/3662/558 3219/3664/3219
f 558/3666/558 412/3665/412 3219/3667/3219
f 412/2437/412 426/2442/426 425/2441/425
f 431/2444/431 426/2455/426 562/2454/562
f 428/7219/428 431/7222/431 432/7223/432
f 438/1115/438 439/1116/439 437/1114/437
f 448/1125/448 436/1113/436 443/1120/443
f 447/1124/447 429/1110/429 446/1123/446
f 446/1079/446 471/1081/471 447/1080/447
f 446/7583/446 451/7584/451 452/7585/452
f 471/7587/471 452/7585/452 453/7586/453
f 460/2428/460 458/2426/458 459/2427/459
f 469/2430/469 460/2428/460 459/2427/459
f 472/5496/472 581/5499/581 476/5497/476
f 471/5501/471 472/5496/472 476/5497/476
f 472/5496/472 471/5501/471 586/5500/586
f 478/8143/478 586/8144/586 471/8142/471
f 476/8404/476 581/8406/581 473/8401/473
f 775/8396/775 927/8398/927 453/8390/453
f 460/2428/460 601/2432/601 461/2429/461
f 465/1284/465 479/1285/479 603/1287/603
f 341/1917/341 481/1919/481 480/1918/480
f 341/7450/341 345/7453/345 481/7452/481
f 480/3617/480 483/3618/483 141/3615/141
f 490/6506/490 483/6504/483 481/6496/481
f 483/6519/483 485/6520/485 185/6516/185
f 491/2420/491 492/2421/492 484/2418/484
f 511/65/511 509/63/509 507/61/507
f 506/50/506 512/56/512 513/57/513
f 510/64/510 506/60/506 511/69/511
f 513/57/513 511/55/511 506/50/506
f 238/5731/238 234/5730/234 233/5729/233
f 233/1149/233 515/1152/515 238/1151/238
f 516/4645/516 235/4643/235 514/4644/514
f 515/1152/515 235/1150/235 516/1153/516
f 523/4640/523 517/4638/517 394/4634/394
f 533/1163/533 538/1165/538 534/1164/534
f 401/2458/401 536/2460/536 535/2459/535
f 539/1166/539 542/1169/542 2462/1175/2462
f 2442/1188/2442 2462/1193/2462 2440/1187/2440
f 550/372/550 544/371/544 543/370/543
f 547/385/547 550/386/550 552/388/552
f 544/371/544 550/372/550 553/373/553
f 544/70/544 553/74/553 547/72/547
f 553/84/553 550/81/550 554/83/554
f 554/83/554 550/81/550 545/79/545
f 550/386/550 547/385/547 545/383/545
f 544/78/544 554/83/554 545/79/545
f 554/75/554 544/70/544 547/72/547
f 558/3662/558 557/3661/557 556/3660/556
f 555/2491/555 556/2492/556 557/2493/557
f 563/7227/563 561/7226/561 560/7225/560
f 574/2462/574 578/2464/578 575/2463/575
f 604/5770/604 578/5769/578 577/5768/577
f 605/5771/605 578/5769/578 604/5770/604
f 468/6386/468 580/6385/580 467/6382/467
f 582/4502/582 583/4503/583 585/4504/585
f 587/5469/587 584/5468/584 582/5467/582
f 927/6378/927 593/6377/593 588/6376/588
f 581/5466/581 477/5465/477 582/5467/582
f 589/6302/589 588/6301/588 593/6306/593
f 592/6329/592 590/6337/590 598/6332/598
f 597/6321/597 591/6317/591 592/6318/592
f 598/6332/598 597/6331/597 592/6329/592
f 597/6331/597 598/6332/598 599/6333/599
f 591/6317/591 599/6323/599 592/6318/592
f 597/6311/597 596/6310/596 600/6312/600
f 479/2254/479 602/2261/602 603/2262/603
f 606/7059/606 585/7057/585 592/7058/592
f 2579/7056/2579 2580/7055/2580 605/7053/605
f 2579/5511/2579 606/5509/606 608/5510/608
f 613/9035/613 626/9048/626 624/9046/624
f 623/8960/623 52/8959/52 51/8958/51
f 619/9041/619 625/9047/625 624/9046/624
f 52/8897/52 626/8899/626 611/8898/611
f 628/9049/628 629/9050/629 630/9051/630
f 632/4210/632 631/4209/631 617/4208/617
f 636/8309/636 637/8310/637 638/8311/638
f 642/9447/642 691/9464/691 834/9469/834
f 646/7772/646 648/7774/648 652/7775/652
f 649/7470/649 650/7471/650 652/7472/652
f 651/9448/651 652/9449/652 691/9464/691
f 654/9451/654 657/9454/657 653/9450/653
f 612/9516/612 672/9517/672 307/9505/307
f 612/7800/612 615/7801/615 669/7802/669
f 670/7803/670 612/7800/612 669/7802/669
f 668/9530/668 671/9531/671 673/9533/673
f 614/9036/614 617/9039/617 670/9058/670
f 670/7786/670 617/7785/617 705/7787/705
f 704/8896/704 680/8893/680 681/8894/681
f 681/8894/681 680/8893/680 682/8895/682
f 718/8058/718 707/8057/707 682/8056/682
f 681/3100/681 683/3101/683 718/3103/718
f 338/9219/338 677/9220/677 684/9221/684
f 889/9196/889 696/9194/696 694/9195/694
f 694/5086/694 696/5087/696 693/5085/693
f 1087/9478/1087 872/9473/872 1083/9476/1083
f 678/4232/678 679/4233/679 700/4237/700
f 728/4255/728 729/4256/729 698/4235/698
f 701/3522/701 702/3523/702 739/3530/739
f 742/4583/742 722/4582/722 752/4584/752
f 701/3107/701 703/3109/703 714/3110/714
f 724/4254/724 723/4253/723 711/4245/711
f 723/5205/723 725/5199/725 721/5198/721
f 726/2021/726 725/2020/725 749/2022/749
f 755/2025/755 726/2023/726 748/2024/748
f 729/2019/729 440/2018/440 340/2016/340
f 729/1129/729 728/1128/728 735/1130/735
f 737/7626/737 736/7625/736 735/7624/735
f 729/1129/729 735/1130/735 736/1131/736
f 731/3535/731 728/3533/728 730/3534/730
f 738/3529/738 740/3531/740 733/3527/733
f 738/3529/738 733/3527/733 734/3528/734
f 767/4586/767 752/4584/752 787/4589/787
f 765/7194/765 778/7195/778 746/7193/746
f 726/5200/726 863/5203/863 757/5202/757
f 778/2305/778 777/2304/777 776/2303/776
f 780/2306/780 781/2307/781 777/2304/777
f 781/2307/781 782/2308/782 808/2309/808
f 781/6343/781 958/6357/958 946/6351/946
f 825/3125/825 785/3122/785 772/3117/772
f 802/5665/802 787/5662/787 788/5663/788
f 772/5661/772 802/5665/802 788/5663/788
f 790/3547/790 792/3549/792 787/3551/787
f 792/3549/792 790/3547/790 791/3548/791
f 790/3547/790 794/3552/794 791/3548/791
f 794/3552/794 787/3546/787 791/3548/791
f 791/3548/791 787/3546/787 772/3545/772
f 772/3545/772 792/3549/792 791/3548/791
f 797/7925/797 789/7924/789 802/7926/802
f 754/4293/754 761/4295/761 752/4291/752
f 771/3553/771 787/3554/787 796/3555/796
f 801/7180/801 771/7177/771 799/7179/799
f 802/5647/802 806/5649/806 801/5646/801
f 754/4293/754 815/4298/815 761/4295/761
f 814/6918/814 810/6919/810 756/6917/756
f 756/5144/756 811/5148/811 812/5149/812
f 812/5149/812 760/5146/760 756/5144/756
f 821/6913/821 813/6910/813 814/6911/814
f 824/6915/824 823/6914/823 821/6913/821
f 824/4226/824 830/4227/830 823/4225/823
f 833/3328/833 977/3331/977 831/3327/831
f 832/3314/832 829/3311/829 2697/3320/2697
f 835/8739/835 837/8740/837 689/8746/689
f 835/8364/835 836/8365/836 837/8366/837
f 849/9321/849 835/9320/835 689/9319/689
f 686/8362/686 689/8363/689 836/8365/836
f 689/7500/689 682/7502/682 836/7501/836
f 835/8364/835 686/8362/686 836/8365/836
f 836/6037/836 682/6036/682 849/6038/849
f 682/9200/682 686/9201/686 849/9202/849
f 686/7788/686 835/7789/835 849/7790/849
f 688/115/688 843/120/843 841/118/841
f 858/8745/858 847/8742/847 846/8741/846
f 850/8732/850 848/8731/848 851/8733/851
f 848/8731/848 850/8732/850 853/8734/853
f 856/2190/856 873/2198/873 859/2192/859
f 874/2199/874 880/2203/880 859/2192/859
f 859/2192/859 870/2197/870 875/2200/875
f 891/7461/891 869/7460/869 693/7458/693
f 859/2192/859 875/2200/875 876/2201/876
f 887/995/887 904/999/904 906/1001/906
f 900/5137/900 891/5135/891 902/5139/902
f 894/6130/894 892/6128/892 896/6131/896
f 898/6133/898 896/6131/896 892/6128/892
f 901/5138/901 882/5133/882 902/5139/902
f 903/3085/903 912/3088/912 909/3087/909
f 911/2220/911 912/2221/912 908/2219/908
f 920/5190/920 917/5187/917 915/5185/915
f 916/5196/916 922/5197/922 824/5195/824
f 927/7580/927 928/7581/928 934/7582/934
f 934/4512/934 932/4511/932 931/4510/931
f 931/4510/931 932/4511/932 928/4509/928
f 935/6368/935 932/6367/932 937/6372/937
f 928/6344/928 932/6358/932 938/6349/938
f 932/5479/932 935/5482/935 933/5480/933
f 932/6358/932 933/6346/933 938/6349/938
f 942/6463/942 777/6465/777 939/6462/939
f 943/7620/943 939/7611/939 777/7619/777
f 943/7620/943 940/7612/940 939/7611/939
f 940/7612/940 943/7620/943 945/7617/945
f 777/4560/777 945/4561/945 946/4562/946
f 935/7045/935 949/7046/949 607/7042/607
f 607/7042/607 951/7047/951 609/7044/609
f 954/7021/954 957/7024/957 950/7020/950
f 958/6357/958 955/6356/955 948/6352/948
f 962/1360/962 960/1358/960 959/1357/959
f 961/1359/961 959/1357/959 960/1358/960
f 967/1350/967 963/1353/963 962/1347/962
f 964/46/964 966/47/966 969/48/969
f 966/366/966 968/367/968 969/368/969
f 970/369/970 968/367/968 966/366/966
f 2719/4458/2719 982/4456/982 990/4457/990
f 991/4442/991 989/4441/989 992/4451/992
f 1004/966/1004 911/964/911 1007/968/1007
f 1042/4374/1042 1275/4379/1275 1014/4373/1014
f 1023/1037/1023 1022/1036/1022 1021/1035/1021
f 1025/1038/1025 1021/1035/1021 886/1024/886
f 1026/3349/1026 1025/3348/1025 1024/3347/1024
f 980/3323/980 1029/3324/1029 978/3322/978
f 923/1027/923 1029/1040/1029 980/1031/980
f 1030/6273/1030 1031/6274/1031 1032/6275/1032
f 1032/3454/1032 1033/3455/1033 2812/3461/2812
f 1046/279/1046 1049/282/1049 1047/280/1047
f 1051/1466/1051 1075/1470/1075 1053/1468/1053
f 2822/566/2822 2093/562/2093 3199/574/3199
f 1057/5795/1057 1056/5803/1056 1062/5799/1062
f 1061/3767/1061 1056/3765/1056 1070/3769/1070
f 1062/3768/1062 1058/3766/1058 1061/3767/1061
f 1074/3771/1074 1070/3769/1070 2835/3772/2835
f 1078/9484/1078 1077/9483/1077 1076/9482/1076
f 1077/9483/1077 1078/9484/1078 1089/9489/1089
f 1091/9491/1091 1089/9489/1089 1082/9485/1082
f 1092/9134/1092 1089/9132/1089 1091/9133/1091
f 1092/9134/1092 1093/9135/1093 1089/9132/1089
f 1095/9415/1095 1090/9414/1090 1089/9413/1089
f 1098/9444/1098 1096/9442/1096 1097/9443/1097
f 1095/9415/1095 1096/9416/1096 1100/9417/1100
f 1107/4192/1107 1109/4193/1109 1210/4196/1210
f 1122/9428/1122 1119/9425/1119 1125/9431/1125
f 1130/8939/1130 1213/8940/1213 1111/8938/1111
f 1148/9004/1148 1142/9002/1142 1143/9003/1143
f 1141/9434/1141 1121/9427/1121 1146/9436/1146
f 1158/6246/1158 1159/6247/1159 1157/6245/1157
f 1167/4400/1167 1168/4403/1168 1162/4398/1162
f 1160/6234/1160 1168/6236/1168 1170/6237/1170
f 1170/6237/1170 1168/6236/1168 1171/6238/1171
f 1176/5093/1176 1165/5089/1165 1182/5094/1182
f 1184/6052/1184 1192/6055/1192 1190/6054/1190
f 1187/8659/1187 1200/8660/1200 1201/8661/1201
f 1212/3064/1212 1217/3067/1217 1211/3063/1211
f 913/965/913 908/963/908 1222/979/1222
f 1130/8356/1130 1224/8359/1224 1213/8358/1213
f 1229/6937/1229 1225/6933/1225 1226/6934/1226
f 1221/5380/1221 1230/5383/1230 1226/5381/1226
f 1231/5384/1231 1230/5383/1230 1221/5380/1221
f 1225/5373/1225 1230/5375/1230 1239/5378/1239
f 1239/5378/1239 1230/5375/1230 1231/5376/1231
f 1240/4387/1240 1312/4391/1312 1241/4388/1241
f 1240/5346/1240 1244/5347/1244 1245/5348/1245
f 1243/5363/1243 1244/5364/1244 1242/5362/1242
f 1244/5352/1244 1246/5354/1246 1245/5353/1245
f 1246/5354/1246 1243/5351/1243 1245/5353/1245
f 1246/5354/1246 1249/5357/1249 1248/5356/1248
f 1042/4374/1042 1242/4376/1242 1249/4378/1249
f 1275/5358/1275 1249/5357/1249 1247/5355/1247
f 1275/5358/1275 1247/5355/1247 1248/5359/1248
f 1256/3283/1256 1258/3284/1258 1158/3280/1158
f 1166/6248/1166 1255/6249/1255 1158/6246/1158
f 1272/5309/1272 1271/5308/1271 1287/5313/1287
f 1270/5319/1270 1287/5321/1287 1271/5320/1271
f 1278/2063/1278 1277/2062/1277 1284/2064/1284
f 1279/4363/1279 1285/4365/1285 1284/4364/1284
f 1284/5312/1284 1282/5311/1282 1288/5316/1288
f 1289/5300/1289 1288/5299/1288 1287/5298/1287
f 1291/7509/1291 1290/7504/1290 1293/7506/1293
f 1300/9187/1300 1298/9189/1298 1297/9180/1297
f 1309/9119/1309 1298/9118/1298 1294/9117/1294
f 1306/6891/1306 1307/6892/1307 1308/6893/1308
f 1302/7828/1302 1306/7830/1306 1308/7831/1308
f 1314/2066/1314 1284/2064/1284 1288/2065/1288
f 1320/8455/1320 1342/8466/1342 1347/8471/1347
f 1347/6822/1347 1324/6820/1324 1323/6819/1323
f 1326/7709/1326 1324/7708/1324 1327/7710/1327
f 1343/8467/1343 1339/8463/1339 175/8449/175
f 1343/8467/1343 1342/8466/1342 1341/8465/1341
f 1368/8479/1368 1347/8471/1347 1346/8470/1346
f 1356/3211/1356 1357/3212/1357 1351/3214/1351
f 211/3233/211 1358/3240/1358 180/3231/180
f 1361/3224/1361 1442/3228/1442 1505/3229/1505
f 1360/926/1360 1444/931/1444 1365/927/1365
f 1352/3242/1352 1365/3246/1365 1364/3245/1364
f 1386/8493/1386 1336/8462/1336 1371/8482/1371
f 1460/790/1460 1382/775/1382 1379/773/1379
f 1389/8495/1389 1398/8500/1398 1401/8503/1401
f 1409/8510/1409 1411/8511/1411 1407/8508/1407
f 1407/8508/1407 1408/8509/1408 1409/8510/1409
f 1427/8521/1427 1422/8517/1422 1411/8511/1411
f 1434/6841/1434 1436/6842/1436 1433/6840/1433
f 1433/8232/1433 1437/8234/1437 1832/8236/1832
f 1361/3224/1361 1359/3222/1359 1441/3227/1441
f 1442/930/1442 1440/929/1440 1444/931/1444
f 230/2048/230 1474/2052/1474 1452/2051/1452
f 246/5277/246 1453/5284/1453 1454/5285/1454
f 1453/5284/1453 1452/5283/1452 1454/5285/1454
f 1462/809/1462 1461/808/1461 1447/807/1447
f 1461/791/1461 1458/788/1458 1447/784/1447
f 1460/790/1460 1496/797/1496 1410/779/1410
f 1472/1899/1472 1461/1896/1461 1471/1898/1471
f 1484/1889/1484 1468/1888/1468 1466/1886/1466
f 1492/1891/1492 1467/1887/1467 1468/1888/1468
f 1471/814/1471 1491/818/1491 1469/813/1469
f 1483/2868/1483 1456/2861/1456 1476/2862/1476
f 1480/2865/1480 1482/2867/1482 1481/2866/1481
f 1482/3981/1482 1584/3986/1584 1483/3982/1483
f 1488/816/1488 1490/817/1490 1492/819/1492
f 1489/2875/1489 1613/2887/1613 1490/2876/1490
f 1473/794/1473 1470/793/1470 1469/792/1469
f 1500/801/1500 1496/797/1496 1473/794/1473
f 1695/806/1695 1501/802/1501 1503/804/1503
f 1473/794/1473 1491/795/1491 1494/796/1494
f 1519/8605/1519 1515/8603/1515 1520/8606/1520
f 1524/8610/1524 1520/8606/1520 1515/8603/1515
f 1523/7717/1523 1529/7718/1529 1530/7719/1530
f 1529/864/1529 1527/863/1527 1511/856/1511
f 1524/8553/1524 1531/8554/1531 1533/8556/1533
f 1841/8575/1841 1838/8572/1838 1536/8566/1536
f 1541/8621/1541 1544/8624/1544 1540/8620/1540
f 1541/8621/1541 1534/8615/1534 1542/8622/1542
f 1756/4166/1756 1543/4164/1543 1534/4163/1534
f 1544/8624/1544 1541/8621/1541 1545/8625/1545
f 1546/8626/1546 1542/8622/1542 1543/8623/1543
f 1554/4155/1554 1550/4152/1550 1553/4154/1553
f 1551/5056/1551 1550/5055/1550 1554/5057/1554
f 1862/8549/1862 1548/8538/1548 1549/8539/1549
f 1558/8545/1558 1555/8543/1555 1556/8544/1556
f 1558/5995/1558 1556/5993/1556 1557/5994/1557
f 1507/852/1507 1669/874/1669 1561/866/1561
f 1669/4110/1669 1566/4108/1566 1671/4111/1671
f 1671/2966/1671 1674/2969/1674 1567/2964/1567
f 1568/3973/1568 1478/3970/1478 1479/3978/1479
f 1568/3973/1568 1569/3974/1569 1585/3977/1585
f 1479/3978/1479 1584/3976/1584 1583/3975/1583
f 1582/2880/1582 1584/2881/1584 1580/2878/1580
f 1584/3976/1584 1585/3979/1585 1583/3975/1583
f 2843/3997/2843 1603/3989/1603 2848/3991/2848
f 1696/4118/1696 1669/4117/1669 1567/4116/1567
f 1615/1706/1615 1614/1705/1614 1586/1700/1586
f 1618/1707/1618 1623/1712/1623 1619/1708/1619
f 1610/1703/1610 1618/1707/1618 1620/1709/1620
f 1617/839/1617 1626/842/1626 1625/841/1625
f 1607/1701/1607 1628/1714/1628 1609/1702/1609
f 1609/1702/1609 1628/1714/1628 1698/1725/1698
f 1635/717/1635 1631/716/1631 2888/729/2888
f 2888/729/2888 2889/730/2889 1635/717/1635
f 1780/3953/1780 1640/3947/1640 1795/3954/1795
f 1643/3950/1643 1642/3949/1642 1795/3954/1795
f 1645/3952/1645 1644/3951/1644 1643/3950/1643
f 1644/3951/1644 1642/3949/1642 1643/3950/1643
f 1640/3947/1640 1645/3952/1645 1643/3950/1643
f 1795/3967/1795 1642/3960/1642 1645/3961/1645
f 1642/2822/1642 1644/2823/1644 1640/2820/1640
f 1659/2561/1659 1984/2572/1984 1975/2569/1975
f 1657/7308/1657 1663/7314/1663 2988/7313/2988
f 1654/3920/1654 1665/3922/1665 1656/3921/1656
f 1659/4809/1659 1656/4807/1656 2981/4814/2981
f 2981/2682/2981 1656/2680/1656 1665/2681/1665
f 1659/133/1659 1660/134/1660 1665/135/1665
f 2982/5886/2982 1662/5882/1662 1661/5881/1661
f 1662/5888/1662 1664/5889/1664 1653/5887/1653
f 1663/7315/1663 1666/7317/1666 1653/7319/1653
f 1666/5883/1666 1662/5882/1662 1653/5880/1653
f 1664/7310/1664 1662/7309/1662 1657/7308/1657
f 1662/7309/1662 1663/7314/1663 1657/7308/1657
f 1673/4112/1673 1671/4111/1671 1566/4108/1566
f 1673/2968/1673 1667/2965/1667 1672/2967/1672
f 1608/834/1608 1675/844/1675 1673/843/1673
f 1678/879/1678 1510/855/1510 1681/882/1681
f 1683/670/1683 1526/660/1526 1679/667/1679
f 1668/873/1668 1681/882/1681 1510/855/1510
f 1686/673/1686 1684/671/1684 1681/668/1681
f 1684/671/1684 1686/673/1686 1685/672/1685
f 1687/1721/1687 1701/1726/1701 1688/1722/1688
f 1695/846/1695 1504/830/1504 1605/831/1605
f 1699/723/1699 1698/722/1698 1636/718/1636
f 1713/725/1713 1699/723/1699 1715/727/1715
f 1717/1860/1717 1705/1856/1705 1715/1858/1715
f 1722/6728/1722 1734/6731/1734 1731/6730/1731
f 1724/7688/1724 1725/7689/1725 1720/7690/1720
f 1789/7696/1789 1781/7693/1781 1725/7698/1725
f 1721/6743/1721 1727/6744/1727 1782/6745/1782
f 1727/7701/1727 1721/7699/1721 1781/7702/1781
f 1721/4953/1721 1725/4954/1725 1781/4955/1781
f 1736/6733/1736 1734/6731/1734 1728/6729/1728
f 1740/1385/1740 1751/1386/1751 1737/1384/1737
f 1751/1375/1751 1744/1374/1744 1737/1372/1737
f 1737/1387/1737 1741/1390/1741 1740/1389/1740
f 1744/2535/1744 1747/2538/1747 1743/2534/1743
f 1738/1377/1738 1747/1379/1747 1748/1380/1748
f 1694/677/1694 1754/680/1754 1693/676/1693
f 1765/691/1765 1759/685/1759 1755/681/1755
f 1758/684/1758 1757/683/1757 1755/681/1755
f 1762/688/1762 1552/666/1552 1761/687/1761
f 1762/688/1762 1761/687/1761 1763/689/1763
f 1776/1681/1776 1735/1676/1735 1736/1677/1736
f 1768/1671/1768 1769/1672/1769 1767/1670/1767
f 1558/2002/1558 1770/2003/1770 2146/2008/2146
f 1790/6735/1790 1728/6729/1728 1783/6734/1783
f 1717/2805/1717 1640/2803/1640 1780/2806/1780
f 1796/4942/1796 1798/4943/1798 1795/4941/1795
f 1795/4941/1795 1798/4943/1798 1800/4944/1800
f 1818/5895/1818 1830/5898/1830 1802/5893/1802
f 1810/462/1810 1790/460/1790 1805/461/1805
f 1809/1479/1809 1811/1481/1811 1790/1476/1790
f 1815/144/1815 1816/145/1816 1831/148/1831
f 1822/4931/1822 1800/4929/1800 1823/4932/1823
f 1822/5905/1822 1823/5906/1823 1817/5901/1817
f 1824/6721/1824 1826/6722/1826 1828/6723/1828
f 1828/147/1828 2196/163/2196 1831/148/1831
f 1736/136/1736 1790/138/1790 2191/160/2191
f 1840/8574/1840 1842/8576/1842 1847/8579/1847
f 1862/8549/1862 1865/8550/1865 1547/8537/1547
f 1868/7389/1868 1866/7387/1866 1865/7386/1865
f 1878/7384/1878 1875/7383/1875 1879/7385/1879
f 1875/7343/1875 1880/7345/1880 1879/7344/1879
f 1891/6968/1891 1890/6967/1890 1893/6969/1893
f 2358/3269/2358 2357/3268/2357 2274/3264/2274
f 1899/6848/1899 1896/6846/1896 1898/6847/1898
f 1904/8002/1904 1900/7998/1900 1902/7999/1902
f 1902/6849/1902 1899/6848/1899 1898/6847/1898
f 1903/5998/1903 1905/5999/1905 1899/5997/1899
f 1903/8000/1903 1899/8001/1899 1902/7999/1902
f 1904/6019/1904 1905/6020/1905 1896/6018/1896
f 1905/6852/1905 1898/6847/1898 1896/6846/1896
f 1903/2005/1903 1895/2004/1895 2146/2008/2146
f 1908/7359/1908 1895/7355/1895 1907/7358/1907
f 1909/7360/1909 1908/7359/1908 1907/7358/1907
f 2406/1993/2406 1919/1971/1919 2235/1991/2235
f 1920/934/1920 1929/938/1929 1922/936/1922
f 1943/8762/1943 1928/8755/1928 1937/8758/1937
f 1930/905/1930 2217/913/2217 2219/914/2219
f 2219/2120/2219 1935/2101/1935 1930/2099/1930
f 1938/8846/1938 1933/8845/1933 2298/8865/2298
f 1946/1953/1946 1944/1952/1944 1948/1955/1948
f 1954/1505/1954 1998/1503/1998 2000/1504/2000
f 1964/2565/1964 1961/2563/1961 1965/2566/1965
f 1965/2566/1965 1992/2577/1992 1964/2565/1964
f 1965/2582/1965 1966/2583/1966 1992/2587/1992
f 1968/531/1968 1970/533/1970 3147/539/3147
f 1968/531/1968 1969/532/1969 1970/533/1970
f 1968/526/1968 3147/529/3147 1972/528/1972
f 3147/536/3147 1969/532/1969 1972/535/1972
f 3153/537/3153 1969/532/1969 3147/536/3147
f 2006/495/2006 1972/493/1972 2132/498/2132
f 1977/441/1977 1983/444/1983 1995/446/1995
f 1960/1517/1960 1986/1519/1986 1962/1518/1962
f 1988/2576/1988 1987/2575/1987 1985/2573/1985
f 1990/1416/1990 1991/1417/1991 2011/1418/2011
f 1988/2585/1988 1963/2581/1963 1992/2587/1992
f 1993/2588/1993 1992/2587/1992 3168/2589/3168
f 1995/2676/1995 1994/2675/1994 1979/2671/1979
f 1994/2675/1994 1995/2676/1995 1983/2674/1983
f 2126/2652/2126 1957/2646/1957 1997/2647/1997
f 1996/1502/1996 1956/1498/1956 1998/1503/1998
f 2001/655/2001 1983/652/1983 2012/656/2012
f 2007/514/2007 2011/515/2011 2006/513/2006
f 2010/497/2010 2006/495/2006 2132/498/2132
f 2015/6188/2015 2331/6190/2331 2332/6196/2332
f 2331/4339/2331 2016/4337/2016 2332/4340/2332
f 2350/6193/2350 2332/6191/2332 2016/6189/2016
f 2331/4339/2331 2027/4338/2027 2016/4337/2016
f 2027/6200/2027 2015/6197/2015 2016/6198/2016
f 2015/6188/2015 2332/6196/2332 3223/6194/3223
f 2332/4346/2332 2027/4343/2027 3223/4347/3223
f 2027/4343/2027 2331/4345/2331 3223/4347/3223
f 2331/6195/2331 2350/6193/2350 3223/6194/3223
f 2350/6193/2350 2016/6189/2016 3223/6194/3223
f 2016/6189/2016 2015/6188/2015 3223/6194/3223
f 2018/7525/2018 2020/7527/2020 2023/7529/2023
f 2022/7528/2022 2020/7527/2020 2019/7526/2019
f 2026/7864/2026 2020/7856/2020 2022/7858/2022
f 2020/7866/2020 2024/7867/2024 1015/7865/1015
f 2024/7860/2024 2026/7862/2026 2106/7863/2106
f 2106/5222/2106 2026/5218/2026 2029/5220/2029
f 2027/4343/2027 2332/4346/2332 2028/4344/2028
f 2017/3143/2017 2065/3152/2065 2035/3150/2035
f 2038/3151/2038 2032/3147/2032 2017/3143/2017
f 2043/4420/2043 2044/4421/2044 2070/4429/2070
f 2046/3/2046 2055/6/2055 2125/11/2125
f 2041/485/2041 2042/486/2042 2053/489/2053
f 2057/6978/2057 2059/6980/2059 2060/6981/2060
f 2065/6976/2065 2060/6972/2060 2058/6970/2058
f 2059/6980/2059 2057/6978/2057 2058/6979/2058
f 2057/6978/2057 2065/6982/2065 2058/6979/2058
f 2062/4414/2062 2060/4413/2060 2065/4415/2065
f 2062/4433/2062 2065/4434/2065 2059/4432/2059
f 2065/6975/2065 2064/6974/2064 2059/6971/2059
f 2063/6205/2063 2065/6206/2065 2037/6204/2037
f 2068/2105/2068 2066/2103/2066 1892/2098/1892
f 2073/2107/2073 2052/2102/2052 2068/2105/2068
f 1894/3195/1894 2072/3202/2072 1890/3193/1890
f 1890/3193/1890 2063/3199/2063 1894/3195/1894
f 2030/5420/2030 2040/5421/2040 2075/5422/2075
f 2079/5418/2079 2052/5410/2052 2076/5415/2076
f 2080/3288/2080 2084/3292/2084 2083/3291/2083
f 2086/8381/2086 2088/8377/2088 2013/8380/2013
f 2103/589/2103 2093/584/2093 2095/586/2095
f 2103/589/2103 2095/586/2095 2101/588/2101
f 2109/2032/2109 1051/2027/1051 2104/2029/2104
f 2033/3148/2033 2032/3147/2032 2031/3146/2031
f 2112/5257/2112 2141/5259/2141 2102/5255/2102
f 2119/2662/2119 2045/2656/2045 2126/2663/2126
f 2121/2636/2121 2120/2635/2120 2123/2637/2123
f 2123/480/2123 2131/482/2131 2130/481/2130
f 2124/5242/2124 2128/5243/2128 2141/5248/2141
f 2143/4324/2143 2144/4325/2144 2128/4321/2128
f 2122/10/2122 2136/17/2136 2137/18/2137
f 2137/3166/2137 2134/3164/2134 2138/3167/2138
f 2137/3159/2137 2136/3158/2136 2134/3157/2134
f 2140/5247/2140 2139/5246/2139 2141/5248/2141
f 2142/4323/2142 2124/4320/2124 2139/4322/2139
f 2128/4321/2128 2124/4320/2124 2143/4324/2143
f 2155/32/2155 2169/36/2169 2149/30/2149
f 2174/636/2174 1775/615/1775 2154/632/2154
f 2151/152/2151 2154/153/2154 2190/159/2190
f 2169/36/2169 2155/32/2155 2175/39/2175
f 1911/25/1911 1912/26/1912 1913/27/1913
f 1912/26/1912 1917/28/1917 1913/27/1913
f 1917/28/1917 1912/26/1912 2169/36/2169
f 1917/28/1917 2169/36/2169 2171/38/2171
f 2175/1977/2175 2176/1978/2176 2170/1973/2170
f 2183/155/2183 2184/156/2184 2182/154/2182
f 2186/638/2186 2187/639/2187 2188/640/2188
f 1981/620/1981 2187/639/2187 1994/621/1994
f 1815/144/1815 2192/161/2192 2193/162/2193
f 2191/160/2191 2193/162/2193 2190/159/2190
f 2195/42/2195 2194/41/2194 2157/34/2157
f 2203/942/2203 2210/945/2210 2204/943/2204
f 2219/914/2219 2217/913/2217 2207/908/2207
f 2238/5033/2238 2223/5031/2223 2230/5034/2230
f 2223/5031/2223 2238/5033/2238 2229/5032/2229
f 2231/237/2231 2236/241/2236 2234/240/2234
f 2235/1991/2235 2177/1979/2177 2232/1989/2232
f 2241/8673/2241 2244/8676/2244 2240/8672/2240
f 2245/4188/2245 2244/4187/2244 2333/4189/2333
f 2254/7843/2254 2239/7839/2239 2248/7840/2248
f 2246/4174/2246 2253/4176/2253 2256/4178/2256
f 1189/6896/1189 2247/6898/2247 2250/6899/2250
f 2257/8819/2257 2261/8823/2261 2263/8825/2263
f 2271/8852/2271 2267/8849/2267 2269/8851/2269
f 2273/3263/2273 2272/3262/2272 2274/3264/2274
f 2269/8851/2269 2278/8857/2278 2286/8859/2286
f 2278/8034/2278 2279/8035/2279 2280/8036/2280
f 2283/8831/2283 2277/8828/2277 2281/8829/2281
f 2274/3264/2274 2294/3265/2294 2360/3270/2360
f 2310/8870/2310 2301/8868/2301 2297/8864/2297
f 2299/8251/2299 2303/8252/2303 2306/8253/2306
f 2299/8268/2299 2308/8271/2308 2305/8270/2305
f 2276/8261/2276 2309/8262/2309 2310/8263/2310
f 2328/7756/2328 2327/7755/2327 2329/7757/2329
f 2356/6083/2356 2337/6080/2337 2336/6079/2336
f 2343/5330/2343 2339/5328/2339 2338/5327/2338
f 2349/3189/2349 2351/3191/2351 2331/3188/2331
f 1314/6183/1314 2352/6184/2352 1286/6182/1286
f 2352/2069/2352 1314/2066/1314 2347/2067/2347
f 1287/5298/1287 2334/5301/2334 1289/5300/1289
f 2345/2070/2345 2350/2072/2350 2352/2073/2352
f 2358/3269/2358 1894/3258/1894 2357/3268/2357
f 2363/7368/2363 2362/7367/2362 2361/7366/2361
f 2172/5051/2172 2366/5054/2366 2364/5053/2364
f 2376/7377/2376 2373/7374/2373 2375/7376/2375
f 2408/1963/2408 2179/1956/2179 2379/1959/2379
f 2379/1959/2379 2382/1960/2382 2408/1963/2408
f 2389/8668/2389 2388/8667/2388 2385/8666/2385
f 2386/8785/2386 2381/8781/2381 2384/8783/2384
f 2391/8789/2391 2389/8787/2389 2392/8790/2392
f 2393/8020/2393 2399/8022/2399 2401/8023/2401
f 2399/7769/2399 2396/7768/2396 2404/7770/2404
f 2447/1189/2447 2415/1180/2415 2414/1179/2414
f 2421/1260/2421 254/1249/254 255/1250/255
f 2427/2843/2427 261/2839/261 259/2837/259
f 2433/1182/2433 2451/1192/2451 2435/1184/2435
f 2440/1187/2440 2437/1185/2437 2442/1188/2442
f 2443/1308/2443 2444/1309/2444 2494/1315/2494
f 2424/1181/2424 2447/1189/2447 2448/1190/2448
f 2461/176/2461 2460/175/2460 2854/179/2854
f 541/1177/541 2462/1193/2462 2466/1194/2466
f 2467/1195/2467 2462/1193/2462 2442/1188/2442
f 2466/1194/2466 2462/1193/2462 2467/1195/2467
f 2449/3703/2449 2469/3702/2469 2463/3698/2463
f 2463/3698/2463 2465/3700/2465 2450/3697/2450
f 2465/3708/2465 2464/3707/2464 2450/3706/2450
f 2463/3698/2463 2469/3702/2469 2464/3699/2464
f 2469/3702/2469 2450/3704/2450 2464/3699/2464
f 2468/2513/2468 2466/2511/2466 2467/2512/2467
f 2474/2517/2474 2468/2513/2468 2467/2512/2467
f 2467/2512/2467 2441/2507/2441 2474/2517/2474
f 2459/1831/2459 2479/1807/2479 2844/1832/2844
f 2478/2520/2478 2471/2516/2471 2476/2518/2476
f 2476/2518/2476 2471/2516/2471 2470/2515/2470
f 2468/2513/2468 2476/2518/2476 2470/2515/2470
f 2490/5958/2490 2482/5952/2482 2513/5960/2513
f 2868/4063/2868 2492/4054/2492 2488/4053/2488
f 2500/303/2500 2494/301/2494 2496/302/2496
f 2495/2931/2495 2500/2934/2500 2496/2932/2496
f 2502/206/2502 2636/211/2636 2498/205/2498
f 2502/206/2502 2506/210/2506 2503/207/2503
f 2445/197/2445 2504/195/2504 2503/194/2503
f 2499/2928/2499 2504/2929/2504 2445/2927/2445
f 2999/8199/2999 2514/8200/2514 2511/8195/2511
f 2530/1801/2530 2534/1803/2534 2507/1798/2507
f 2656/758/2656 2534/754/2534 2533/753/2533
f 2536/756/2536 2522/745/2522 2535/755/2535
f 2438/2468/2438 2436/2467/2436 2538/2470/2538
f 2438/298/2438 2538/304/2538 2548/306/2548
f 2539/305/2539 2548/306/2548 2538/304/2538
f 2549/307/2549 2557/310/2557 2611/312/2611
f 2636/315/2636 2496/302/2496 2444/300/2444
f 2623/5525/2623 2557/5522/2557 2556/5521/2556
f 2558/7897/2558 2545/7901/2545 2560/7899/2560
f 2564/7902/2564 2574/7907/2574 2568/7904/2568
f 2562/7597/2562 2566/7598/2566 2561/7596/2561
f 2560/6454/2560 2559/6453/2559 2566/6455/2566
f 2562/7597/2562 2567/7602/2567 2566/7598/2566
f 2558/7897/2558 2560/7899/2560 2572/7900/2572
f 2563/7917/2563 2574/7922/2574 2565/7919/2565
f 2563/7589/2563 2623/7592/2623 2574/7591/2574
f 2569/7905/2569 2564/7902/2564 2565/7903/2565
f 2569/7590/2569 2623/7592/2623 2563/7589/2563
f 2558/8433/2558 2574/8435/2574 2576/8436/2576
f 2573/7121/2573 2574/7122/2574 2625/7124/2625
f 2575/7081/2575 2571/7079/2571 2598/7083/2598
f 2637/7088/2637 2575/7081/2575 2598/7083/2598
f 2541/1103/2541 2543/1104/2543 2577/1105/2577
f 2583/2291/2583 2594/2292/2594 2578/2290/2578
f 2604/2356/2604 2583/2354/2583 2578/2353/2578
f 2592/5553/2592 2593/5554/2593 2580/5551/2580
f 2591/6451/2591 2589/6449/2589 2586/6448/2586
f 2591/6451/2591 2560/6446/2560 2546/6445/2546
f 2591/4534/2591 2598/4535/2598 2560/4533/2560
f 2604/2352/2604 2591/2350/2591 2593/2351/2593
f 2602/3572/2602 2604/3573/2604 2597/3571/2597
f 2639/4539/2639 2631/4537/2631 2633/4538/2633
f 2545/5550/2545 2567/5546/2567 2608/5549/2608
f 2609/7912/2609 2567/7914/2567 2624/7913/2624
f 2612/3558/2612 2622/3559/2622 2636/3560/2636
f 2619/4613/2619 2605/4612/2605 2628/4616/2628
f 2622/3568/2622 2619/3567/2619 2628/3569/2628
f 2620/4606/2620 2622/4610/2622 2628/4611/2628
f 2620/4617/2620 2628/4619/2628 2621/4618/2621
f 2618/4604/2618 2619/4605/2619 2617/4603/2617
f 2619/4605/2619 2622/4607/2622 2617/4603/2617
f 2624/7913/2624 2567/7914/2567 2568/7911/2568
f 2629/2295/2629 2597/2294/2597 2596/2293/2596
f 2629/4549/2629 2596/4548/2596 2630/4550/2630
f 2632/4551/2632 2634/4552/2634 2635/4553/2635
f 2652/296/2652 2523/290/2523 2643/294/2643
f 2638/6423/2638 2644/6427/2644 2637/6422/2637
f 2651/265/2651 2643/264/2643 2640/263/2640
f 2999/7333/2999 2508/7329/2508 2646/7330/2646
f 2646/4974/2646 2518/4973/2518 2517/4972/2517
f 2517/4042/2517 2521/4043/2521 3041/4049/3041
f 2651/295/2651 2527/291/2527 2652/296/2652
f 2662/7166/2662 2659/7164/2659 2666/7169/2666
f 2653/332/2653 2664/333/2664 2665/334/2665
f 2660/3413/2660 2645/3405/2645 2667/3414/2667
f 2675/6475/2675 2665/6473/2665 2677/6476/2677
f 2676/335/2676 2665/334/2665 2681/336/2681
f 2682/1569/2682 2787/1575/2787 2686/1573/2686
f 2689/4830/2689 2687/4829/2687 3080/4834/3080
f 2710/3321/2710 2696/3319/2696 2697/3320/2697
f 2702/3385/2702 2716/3389/2716 2703/3386/2703
f 2699/5517/2699 2700/5518/2700 2596/5516/2596
f 2706/5565/2706 2707/5566/2707 2708/5567/2708
f 2706/5565/2706 2708/5567/2708 2738/5582/2738
f 2715/2186/2715 2712/2184/2712 2714/2185/2714
f 2712/4448/2712 989/4441/989 2716/4449/2716
f 2712/3303/2712 2717/3304/2717 989/3302/989
f 2716/2154/2716 2713/2152/2713 2718/2156/2718
f 2717/3307/2717 2716/3308/2716 2715/3306/2715
f 2743/5583/2743 2705/5564/2705 2720/5570/2720
f 2723/5573/2723 2722/5572/2722 2748/5587/2748
f 2734/4559/2734 2709/4556/2709 2732/4558/2732
f 2735/5579/2735 2734/5578/2734 2759/5591/2759
f 2732/5576/2732 2706/5565/2706 2738/5582/2738
f 2791/5614/2791 2754/5612/2754 2756/5613/2756
f 2755/5589/2755 2748/5587/2748 2756/5598/2756
f 2753/1082/2753 2754/1088/2754 2798/1087/2798
f 2754/5610/2754 2796/5609/2796 2795/5608/2795
f 2763/1336/2763 2765/1338/2765 2764/1337/2764
f 2766/6578/2766 2772/6582/2772 2770/6581/2770
f 2766/6564/2766 2764/6563/2764 2772/6567/2772
f 2770/6581/2770 2772/6582/2772 2768/6579/2768
f 2768/6584/2768 2772/6586/2772 2771/6585/2771
f 2766/6564/2766 2784/6570/2784 2764/6563/2764
f 2767/3712/2767 2769/3713/2769 2765/3710/2765
f 2769/6574/2769 2767/6573/2767 2764/6577/2764
f 2770/6575/2770 2769/6574/2769 2764/6577/2764
f 2766/3711/2766 2765/3710/2765 2769/3713/2769
f 2782/5618/2782 2761/5615/2761 2779/5617/2779
f 2779/5617/2779 2761/5615/2761 2762/5616/2762
f 2779/5625/2779 2760/5620/2760 2778/5624/2778
f 2778/5624/2778 2761/5621/2761 2789/5627/2789
f 2837/2530/2837 2783/2528/2783 2786/2529/2786
f 2788/1054/2788 2787/1053/2787 2786/1052/2786
f 2797/1093/2797 2749/1092/2749 2801/1094/2801
f 2804/260/2804 2797/256/2797 2801/258/2801
f 2799/257/2799 2803/259/2803 2807/262/2807
f 2817/3477/2817 2811/3471/2811 2812/3472/2812
f 2813/285/2813 1048/281/1048 2814/286/2814
f 2825/3441/2825 2826/3442/2826 2828/3444/2828
f 2827/3443/2827 2824/3440/2824 2825/3441/2825
f 2827/3443/2827 2833/3447/2833 2749/3432/2749
f 2829/3445/2829 2830/3446/2830 2825/3441/2825
f 3162/465/3162 3140/464/3140 3197/466/3197
f 2819/463/2819 3140/464/3140 3211/467/3211
f 3162/472/3162 3212/473/3212 2819/471/2819
f 3212/4769/3212 3197/4770/3197 3211/4768/3211
f 2427/2843/2427 2426/2842/2426 2839/2846/2839
f 2850/4004/2850 2846/4001/2846 2838/3999/2838
f 2847/4002/2847 2846/4001/2846 2849/4003/2849
f 1599/5974/1599 1600/5975/1600 2855/5983/2855
f 1600/5970/1600 1597/5968/1597 2855/5971/2855
f 2856/5986/2856 1599/5984/1599 2855/5985/2855
f 2856/2954/2856 1598/2953/1598 1597/2952/1597
f 1598/5969/1598 2855/5971/2855 1597/5968/1597
f 1599/1796/1599 2856/1797/2856 1597/1795/1597
f 2856/4987/2856 2475/4985/2475 2479/4986/2479
f 2858/1812/2858 2873/1817/2873 2859/1813/2859
f 2860/1814/2860 2859/1813/2859 2873/1817/2873
f 2861/6748/2861 2859/6746/2859 2860/6747/2860
f 1604/1771/1604 2864/1781/2864 2890/1785/2890
f 2888/1783/2888 1604/1771/1604 2890/1785/2890
f 2890/6758/2890 2864/6750/2864 2867/6752/2867
f 2861/6748/2861 2867/6752/2867 2863/6749/2863
f 2878/4965/2878 2877/4964/2877 2879/4966/2879
f 2881/1822/2881 2880/1821/2880 2884/1823/2884
f 2891/4014/2891 2883/4012/2883 2882/4011/2882
f 1637/710/1637 2894/713/2894 2892/711/2892
f 2943/4016/2943 2891/4014/2891 2882/4011/2882
f 2881/4010/2881 2885/4013/2885 2883/4012/2883
f 2884/1823/2884 2900/1825/2900 2881/1822/2881
f 3032/1562/3032 2904/1556/2904 2901/1555/2901
f 3030/1560/3030 2901/1555/2901 3036/1563/3036
f 3032/3836/3032 3030/3835/3030 2903/3831/2903
f 2906/5851/2906 2915/5849/2915 2905/5846/2905
f 2902/3830/2902 2904/3832/2904 2907/3834/2907
f 2902/3830/2902 2907/3834/2907 3032/3836/3032
f 2920/4850/2920 2905/4848/2905 2901/4846/2901
f 2910/6279/2910 3105/6285/3105 2925/6280/2925
f 2912/1549/2912 2911/1548/2911 2908/1546/2908
f 2908/1546/2908 2911/1548/2911 2909/1547/2909
f 2921/7653/2921 3127/7658/3127 2924/7656/2924
f 3127/7665/3127 2921/7661/2921 2922/7662/2922
f 2926/3845/2926 2928/3847/2928 3060/3848/3060
f 2940/1621/2940 3075/1625/3075 2967/1622/2967
f 2985/1623/2985 3075/1625/3075 2940/1621/2940
f 2941/1761/2941 2929/1759/2929 2965/1763/2965
f 2951/2740/2951 2957/2742/2957 2953/2741/2953
f 2946/4874/2946 2938/4873/2938 2956/4876/2956
f 2937/4884/2937 2955/4875/2955 2946/4883/2946
f 2946/4874/2946 2956/4876/2956 2959/4882/2959
f 2960/4868/2960 2964/4870/2964 2962/4869/2962
f 2975/6636/2975 2970/6633/2970 1648/6630/1648
f 2975/7294/2975 2973/7292/2973 2970/7291/2970
f 2969/7295/2969 2970/7291/2970 1647/7287/1647
f 2970/7291/2970 2973/7292/2973 1647/7287/1647
f 2973/7292/2973 1648/7288/1648 1647/7287/1647
f 2971/6634/2971 1648/6630/1648 2970/6633/2970
f 2969/6641/2969 2983/6639/2983 2970/6633/2970
f 2972/5865/2972 1649/5866/1649 1651/5864/1651
f 1650/6653/1650 2972/6658/2972 2975/6656/2975
f 2968/2720/2968 2978/2722/2978 2982/2725/2982
f 2978/2722/2978 2976/2721/2976 2982/2725/2982
f 2983/1545/2983 2968/1543/2968 2982/1544/2982
f 2925/4859/2925 2995/4860/2995 2924/4858/2924
f 2990/4909/2990 3076/4912/3076 2986/4906/2986
f 2997/1618/2997 2984/1613/2984 2988/1616/2988
f 2991/4910/2991 2990/4909/2990 2988/4907/2988
f 2998/1619/2998 2966/1612/2966 2996/1617/2996
f 2992/2737/2992 3037/2738/3037 2916/2730/2916
f 3031/4070/3031 3002/4068/3002 3039/4071/3039
f 3001/4067/3001 3039/4071/3039 3002/4068/3002
f 3004/4069/3004 3039/4071/3039 3001/4067/3001
f 3011/7937/3011 3010/7936/3010 3012/7938/3012
f 3010/7936/3010 3007/7934/3007 3012/7938/3012
f 3002/1826/3002 3031/1830/3031 3025/1827/3025
f 2903/3790/2903 3033/3791/3033 3036/3792/3036
f 3036/1563/3036 3031/1561/3031 3030/1560/3030
f 3038/1600/3038 3033/1599/3033 3054/1601/3054
f 3032/2776/3032 3034/2777/3034 3054/2780/3054
f 3037/3827/3037 3040/3829/3040 3036/3826/3036
f 3039/2756/3039 3004/2755/3004 3042/2758/3042
f 3081/2769/3081 2664/2759/2664 2688/2760/2688
f 3049/6700/3049 3054/6701/3054 3055/6702/3055
f 3055/7668/3055 2913/7666/2913 3051/7667/3051
f 3058/347/3058 3059/348/3059 3057/346/3057
f 3056/1579/3056 3061/1583/3061 3059/1581/3059
f 3070/6672/3070 2960/6667/2960 2962/6669/2962
f 3071/1743/3071 3045/1741/3045 3070/1742/3070
f 2989/164/2989 2196/163/2196 3078/165/3078
f 3082/2770/3082 3087/2771/3087 3081/2769/3081
f 3085/3720/3085 2693/3715/2693 3084/3719/3084
f 3086/5830/3086 3217/5836/3217 3093/5833/3093
f 3094/5841/3094 3093/5840/3093 3217/5844/3217
f 3091/5831/3091 3094/5837/3094 3217/5838/3217
f 3216/5842/3216 3093/5840/3093 3092/5839/3092
f 3093/5840/3093 3094/5841/3094 3092/5839/3092
f 3217/5843/3217 3216/5842/3216 3092/5839/3092
f 3091/5831/3091 3217/5838/3217 3092/5832/3092
f 3093/5833/3093 3216/5835/3216 3091/5831/3091
f 3094/1628/3094 3216/1629/3216 3089/1627/3089
f 3126/4491/3126 3118/4488/3118 3117/4487/3117
f 3101/2602/3101 3152/2603/3152 3100/2601/3100
f 3098/3797/3098 3102/3799/3102 3128/3802/3128
f 3128/3730/3128 3102/3729/3102 3152/3731/3152
f 3106/2234/3106 2980/2231/2980 3095/2232/3095
f 3105/5458/3105 3103/5457/3103 2980/5456/2980
f 3116/5786/3116 3112/5785/3112 3128/5787/3128
f 2739/4484/2739 3120/4489/3120 3174/4492/3174
f 3101/5791/3101 3150/5793/3150 3141/5792/3141
f 3166/1439/3166 3149/1434/3149 3141/1432/3141
f 3166/1439/3166 3154/1435/3154 3149/1434/3149
f 1973/519/1973 1971/517/1971 3155/521/3155
f 3147/454/3147 1970/448/1970 3172/456/3172
f 1962/1518/1962 1986/1519/1986 3108/1520/3108
f 3109/1521/3109 1962/1518/1962 3108/1520/3108
f 2781/2240/2781 2789/2241/2789 2762/2239/2762
f 2751/5447/2751 3192/5453/3192 2801/5450/2801
f 3192/5453/3192 3194/5454/3194 2800/5449/2800
f 3193/4767/3193 3165/4766/3165 2802/4763/2802
f 3199/574/3199 3198/573/3198 3201/576/3201
f 3198/573/3198 3207/577/3207 3201/576/3201
f 3200/575/3200 3201/576/3201 3214/579/3214
f 3202/554/3202 3205/557/3205 3215/561/3215
f 3202/554/3202 3203/555/3203 3206/558/3206
f 3205/524/3205 3204/523/3204 1973/519/1973
f 3201/541/3201 3207/542/3207 3210/544/3210
f 3193/4767/3193 2832/4764/2832 3212/4769/3212
f 2832/571/2832 2831/570/2831 3212/578/3212
f 3217/3728/3217 3069/3724/3069 3216/3727/3216
f 15/9276/15 29/9282/29 10/9273/10
f 35/9062/35 46/9065/46 34/9061/34
f 48/9067/48 45/9064/45 46/9065/46
f 40/8948/40 45/8949/45 47/8950/47
f 35/9062/35 36/9063/36 46/9065/46
f 49/9068/49 46/9065/46 36/9063/36
f 48/9071/48 51/9072/51 55/9074/55
f 75/9568/75 88/9571/88 72/9566/72
f 77/9577/77 88/9580/88 74/9574/74
f 88/9504/88 75/9503/75 74/9502/74
f 75/9575/75 73/9573/73 74/9574/74
f 73/9567/73 75/9568/75 76/9569/76
f 75/9568/75 77/9570/77 76/9569/76
f 77/9577/77 74/9574/74 76/9576/76
f 74/9574/74 78/9578/78 76/9576/76
f 72/9566/72 78/9572/78 75/9568/75
f 88/9345/88 77/9343/77 78/9344/78
f 75/9568/75 78/9572/78 77/9570/77
f 76/9217/76 78/9218/78 72/9216/72
f 73/9143/73 76/9144/76 72/9142/72
f 89/9561/89 83/9557/83 82/9556/82
f 80/9554/80 81/9555/81 83/9557/83
f 88/9579/88 78/9578/78 73/9573/73
f 74/9574/74 73/9573/73 78/9578/78
f 86/9560/86 91/9563/91 85/9559/85
f 95/9231/95 92/9228/92 94/9230/94
f 100/9235/100 97/9232/97 101/9236/101
f 68/9583/68 286/9615/286 102/9589/102
f 290/9083/290 102/9081/102 106/9082/106
f 344/7448/344 290/7447/290 106/7446/106
f 109/9592/109 110/9593/110 97/9588/97
f 110/9593/110 108/9591/108 107/9590/107
f 113/9305/113 116/9308/116 83/9304/83
f 83/9622/83 86/9624/86 127/9627/127
f 113/9596/113 83/9585/83 127/9603/127
f 125/9601/125 127/9603/127 137/9606/137
f 134/3031/134 135/3032/135 191/3039/191
f 139/9608/139 136/9605/136 109/9592/109
f 148/2986/148 140/2982/140 141/2983/141
f 143/7442/143 146/7443/146 178/7445/178
f 177/9300/177 146/9298/146 147/9299/147
f 150/1206/150 148/1205/148 160/1207/160
f 148/5701/148 154/5703/154 159/5707/159
f 152/5702/152 154/5703/154 148/5701/148
f 342/5700/342 154/5699/154 153/5698/153
f 147/2985/147 148/2986/148 158/2987/158
f 342/5708/342 158/5706/158 159/5707/159
f 342/7211/342 160/7212/160 158/7208/158
f 169/8445/169 162/8440/162 132/8437/132
f 162/8440/162 163/8441/163 161/8439/161
f 169/8445/169 170/8446/170 164/8442/164
f 191/3039/191 176/3037/176 170/3036/170
f 207/2979/207 177/2972/177 158/2971/158
f 183/4658/183 184/4659/184 151/4657/151
f 152/7203/152 160/7210/160 159/7209/159
f 186/1264/186 185/1263/185 222/1265/222
f 192/4119/192 193/4120/193 200/4122/200
f 200/2991/200 203/2990/203 198/2989/198
f 182/6790/182 195/6794/195 200/6796/200
f 199/6793/199 197/6792/197 194/6791/194
f 197/6792/197 199/6793/199 200/6796/200
f 199/6781/199 195/6779/195 198/6780/198
f 195/899/195 194/898/194 198/900/198
f 196/1934/196 182/1933/182 200/1935/200
f 182/1920/182 208/1923/208 210/1925/210
f 217/6218/217 229/6220/229 218/6219/218
f 218/6219/218 229/6220/229 1451/6221/1451
f 220/1224/220 221/1225/221 201/1221/201
f 230/2828/230 227/2827/227 231/2829/231
f 255/2402/255 520/2403/520 237/2400/237
f 243/3602/243 225/3598/225 236/3599/236
f 243/1245/243 248/1247/248 241/1244/241
f 257/1252/257 248/1247/248 249/1248/249
f 254/1249/254 249/1248/249 248/1247/248
f 254/1249/254 248/1247/248 243/1245/243
f 239/3600/239 254/3606/254 243/3608/243
f 243/3610/243 251/3611/251 239/3609/239
f 252/3605/252 255/3607/255 251/3604/251
f 251/3611/251 255/3613/255 253/3612/253
f 251/3604/251 250/3603/250 254/3606/254
f 251/3604/251 254/3606/254 252/3605/252
f 2421/1260/2421 2425/1261/2425 259/1253/259
f 271/9363/271 266/9359/266 272/9364/272
f 286/9615/286 271/9612/271 272/9613/272
f 274/9366/274 272/9364/272 273/9365/273
f 275/9367/275 274/9366/274 281/9373/281
f 284/9376/284 283/9375/283 282/9374/282
f 292/9381/292 288/9379/288 289/9380/289
f 299/7796/299 295/7794/295 298/7795/298
f 298/4180/298 497/4185/497 299/4181/299
f 311/9258/311 312/9259/312 310/9257/310
f 313/9510/313 309/9507/309 675/9518/675
f 409/8281/409 317/8280/317 316/8279/316
f 314/9390/314 327/9395/327 318/9392/318
f 320/8319/320 318/8317/318 413/8323/413
f 364/3007/364 321/3002/321 413/3005/413
f 321/7805/321 320/7804/320 413/7806/413
f 339/7779/339 337/7778/337 335/7776/335
f 437/9225/437 337/9223/337 438/9226/438
f 441/8303/441 442/8305/442 338/8300/338
f 438/8302/438 338/8300/338 340/8301/340
f 292/7449/292 346/7451/346 345/7453/345
f 360/3689/360 359/3688/359 497/3692/497
f 496/3691/496 362/3694/362 360/3689/360
f 371/3681/371 497/3683/497 496/3684/496
f 363/3013/363 301/3009/301 364/3014/364
f 368/2435/368 412/2437/412 367/2434/367
f 373/3678/373 358/3676/358 370/3677/370
f 377/4627/377 378/4628/378 380/4629/380
f 383/4631/383 380/4629/380 378/4628/378
f 396/3645/396 398/3647/398 397/3646/397
f 403/4623/403 402/4622/402 393/4620/393
f 304/9253/304 405/9265/405 404/9264/404
f 304/9253/304 406/9266/406 310/9257/310
f 311/9258/311 406/9266/406 407/9267/407
f 435/4200/435 433/4199/433 411/4198/411
f 412/2437/412 413/2438/413 555/2453/555
f 416/2488/416 412/2486/412 555/2491/555
f 423/2475/423 559/2478/559 426/2476/426
f 427/2490/427 559/2494/559 423/2489/423
f 427/7218/427 431/7222/431 428/7219/428
f 455/2446/455 431/2444/431 562/2454/562
f 434/1111/434 436/1113/436 444/1121/444
f 443/1120/443 434/1111/434 336/1107/336
f 444/1121/444 435/1112/435 434/1111/434
f 444/1121/444 436/1113/436 448/1125/448
f 459/4708/459 457/4706/457 450/4705/450
f 446/272/446 452/273/452 471/274/471
f 747/7588/747 453/7586/453 451/7584/451
f 425/6539/425 454/6540/454 572/6544/572
f 463/6543/463 454/6540/454 462/6542/462
f 464/2451/464 462/2450/462 456/2447/456
f 466/2248/466 469/2251/469 459/2247/459
f 467/6382/467 466/6381/466 468/6386/468
f 355/4674/355 484/4677/484 346/4672/346
f 492/6529/492 491/6528/491 493/6530/493
f 503/4137/503 502/4136/502 500/4134/500
f 233/4646/233 514/4644/514 235/4643/235
f 526/5693/526 527/5694/527 523/5691/523
f 400/3643/400 398/3634/398 572/3640/572
f 528/1160/528 533/1163/533 525/1159/525
f 528/4648/528 530/4649/530 527/4647/527
f 532/5684/532 531/5683/531 528/5685/528
f 538/2363/538 532/2360/532 528/2359/528
f 535/4626/535 526/4625/526 403/4623/403
f 538/2363/538 526/2357/526 542/2364/542
f 537/2461/537 574/2462/574 575/2463/575
f 537/1176/537 2437/1185/2437 542/1178/542
f 2462/1193/2462 542/1178/542 2440/1187/2440
f 1571/2840/1571 258/2836/258 261/2839/261
f 552/381/552 548/377/548 549/378/549
f 548/377/548 550/379/550 549/378/549
f 547/376/547 552/381/552 549/378/549
f 546/71/546 547/72/547 551/73/551
f 427/2490/427 412/2486/412 559/2494/559
f 427/2477/427 561/2480/561 562/2481/562
f 2543/2473/2543 578/2464/578 605/2465/605
f 468/2250/468 579/2255/579 470/2252/470
f 582/2258/582 470/2252/470 581/2257/581
f 584/2243/584 587/2245/587 583/2242/583
f 587/2245/587 585/2244/585 583/2242/583
f 592/6329/592 584/6334/584 583/6326/583
f 587/6335/587 590/6328/590 585/6327/585
f 590/6339/590 584/6340/584 585/6338/585
f 584/2264/584 592/2266/592 585/2265/585
f 590/6337/590 592/6329/592 583/6326/583
f 585/2268/585 602/2269/602 582/2267/582
f 600/5472/600 587/5469/587 594/5471/594
f 596/5475/596 589/5473/589 594/5474/594
f 596/6310/596 594/6315/594 588/6307/588
f 477/5465/477 587/5469/587 582/5467/582
f 598/6322/598 591/6317/591 593/6319/593
f 602/7052/602 585/7051/585 2579/7056/2579
f 605/2263/605 603/2262/603 602/2261/602
f 2579/7056/2579 605/7053/605 602/7052/602
f 610/7065/610 609/7064/609 952/7067/952
f 632/6869/632 617/6868/617 680/6870/680
f 620/9042/620 621/9043/621 628/9049/628
f 628/9049/628 621/9043/621 629/9050/629
f 635/9053/635 634/9052/634 636/9054/636
f 638/9055/638 651/9057/651 641/9056/641
f 652/7775/652 645/7771/645 646/7772/646
f 657/9454/657 654/9451/654 656/9453/656
f 656/9453/656 652/9449/652 657/9454/657
f 652/9449/652 656/9453/656 867/9470/867
f 868/9471/868 656/9453/656 1076/9474/1076
f 685/9459/685 682/9458/682 680/9457/680
f 693/9477/693 687/9461/687 692/9465/692
f 692/9465/692 834/9469/834 691/9464/691
f 692/9465/692 871/9472/871 695/9467/695
f 732/3526/732 703/3524/703 734/3528/734
f 701/3107/701 719/3111/719 702/3108/702
f 712/4246/712 674/4230/674 705/4239/705
f 632/5158/632 709/5162/709 631/5157/631
f 709/5162/709 632/5158/632 708/5161/708
f 709/4243/709 708/4242/708 710/4244/710
f 708/5173/708 711/5174/711 717/5175/717
f 724/5168/724 854/5169/854 862/5170/862
f 721/4260/721 722/4261/722 719/4259/719
f 721/4252/721 720/4251/720 723/4253/723
f 726/4267/726 749/4268/749 748/4262/748
f 724/5206/724 863/5209/863 726/5207/726
f 698/5069/698 727/5070/727 677/5066/677
f 733/3527/733 732/3526/732 734/3528/734
f 732/3536/732 737/3539/737 730/3534/730
f 728/3533/728 731/3535/731 735/3538/735
f 733/4574/733 739/4577/739 737/4576/737
f 739/2326/739 733/2325/733 740/2327/740
f 734/3528/734 739/3530/739 740/3532/740
f 741/4578/741 734/4575/734 737/4576/737
f 747/6375/747 446/6373/446 746/6374/746
f 745/2315/745 746/2316/746 774/2319/774
f 744/7631/744 778/7634/778 743/7630/743
f 722/4261/722 748/4262/748 749/4268/749
f 751/4290/751 754/4293/754 722/4288/722
f 739/6482/739 722/6481/722 742/6483/742
f 762/3114/762 772/3117/772 752/3113/752
f 785/1134/785 808/1136/808 772/1133/772
f 778/2305/778 776/2303/776 774/2301/774
f 777/2304/777 778/2305/778 780/2306/780
f 784/3121/784 773/3118/773 779/3119/779
f 783/3120/783 785/3122/785 825/3125/825
f 772/3545/772 787/3546/787 752/3544/752
f 801/8156/801 800/8155/800 802/8158/802
f 801/7180/801 803/7182/803 779/7178/779
f 813/6157/813 756/6154/756 760/6155/760
f 813/6157/813 815/6156/815 756/6154/756
f 819/1138/819 818/1137/818 808/1136/808
f 958/2299/958 818/2297/818 820/2298/820
f 764/3136/764 817/3137/817 827/3139/827
f 2696/3319/2696 832/3314/832 2697/3320/2697
f 831/3327/831 829/3325/829 833/3328/833
f 843/120/843 839/116/839 840/117/840
f 844/1398/844 841/1397/841 840/1396/840
f 843/120/843 840/117/840 841/118/841
f 839/116/839 843/120/843 844/121/844
f 856/7798/856 690/7797/690 873/7799/873
f 866/3095/866 865/3094/865 863/3092/863
f 867/9470/867 656/9453/656 868/9471/868
f 884/992/884 887/995/887 877/985/877
f 881/989/881 882/990/882 884/992/884
f 885/993/885 877/985/877 888/996/888
f 874/3083/874 891/3084/891 870/3082/870
f 890/6126/890 892/6128/892 894/6130/894
f 898/6133/898 893/6137/893 896/6131/896
f 893/6137/893 898/6133/898 894/6135/894
f 896/6110/896 893/6107/893 899/6113/899
f 907/6994/907 905/6993/905 909/6995/909
f 913/965/913 911/964/911 908/963/908
f 917/5187/917 916/5186/916 915/5185/915
f 919/1021/919 1022/1022/1022 917/1019/917
f 833/3328/833 925/3329/925 926/3330/926
f 934/6361/934 930/6360/930 776/6359/776
f 935/6362/935 776/6359/776 930/6360/930
f 776/4508/776 935/4513/935 931/4510/931
f 928/4509/928 776/4508/776 931/4510/931
f 946/6351/946 934/6347/934 929/6345/929
f 934/6347/934 946/6351/946 937/6348/937
f 944/7154/944 946/7155/946 940/7153/940
f 946/7155/946 944/7154/944 781/7151/781
f 941/6466/941 945/6468/945 781/6469/781
f 946/6351/946 958/6357/958 948/6352/948
f 935/7045/935 607/7042/607 609/7044/609
f 950/6354/950 949/6353/949 938/6349/938
f 956/7023/956 2702/7028/2702 957/7024/957
f 956/7023/956 2716/7032/2716 2702/7028/2702
f 2716/7032/2716 956/7023/956 988/7027/988
f 2702/7036/2702 953/7035/953 947/7034/947
f 959/351/959 963/352/963 966/354/966
f 971/6401/971 975/6404/975 976/6405/976
f 973/7026/973 2711/7030/2711 971/7025/971
f 973/6403/973 976/6405/976 972/6402/972
f 972/5502/972 988/5505/988 973/5503/973
f 975/5504/975 973/5503/973 988/5505/988
f 975/6404/975 988/6406/988 976/6405/976
f 979/5427/979 831/5424/831 977/5425/977
f 1030/7561/1030 990/7560/990 978/7559/978
f 979/2172/979 981/2173/981 2714/2175/2714
f 983/4460/983 990/4462/990 987/4461/987
f 2719/4463/2719 983/4460/983 987/4461/987
f 987/4461/987 981/4459/981 2719/4463/2719
f 2715/7885/2715 986/7882/986 983/7880/983
f 2715/7885/2715 983/7880/983 2719/7884/2719
f 888/996/888 906/1001/906 1001/1007/1001
f 1010/7544/1010 1011/7545/1011 1012/7546/1012
f 1011/7545/1011 1260/7548/1260 1012/7546/1012
f 1013/5386/1013 1260/5391/1260 1011/5385/1011
f 2023/6199/2023 2349/6201/2349 2027/6200/2027
f 2023/4331/2023 1020/4330/1020 2349/4332/2349
f 2351/4333/2351 2349/4332/2349 1020/4330/1020
f 1033/1010/1033 1034/1011/1034 1036/1012/1036
f 1034/1011/1034 1040/1013/1040 1046/1015/1046
f 1038/970/1038 1041/972/1041 1037/969/1037
f 1313/962/1313 1014/954/1014 1041/955/1041
f 1044/958/1044 1041/955/1041 1043/957/1043
f 1048/1472/1048 1049/1473/1049 1071/1474/1071
f 1015/6161/1015 2013/6169/2013 1050/6164/1050
f 1054/1469/1054 1053/1468/1053 1075/1470/1075
f 1054/581/1054 2094/585/2094 2822/599/2822
f 1063/3178/1063 1043/3176/1043 1016/3174/1016
f 1068/6166/1068 1056/6165/1056 1069/6177/1069
f 1066/2042/1066 1069/2043/1069 1056/2040/1056
f 2835/5819/2835 1053/5811/1053 2820/5817/2820
f 1071/1474/1071 1049/1473/1049 1073/1475/1073
f 1075/582/1075 1051/580/1051 2114/591/2114
f 1090/8045/1090 1086/8044/1086 1084/8043/1084
f 1084/9487/1084 1088/9488/1088 1090/9490/1090
f 1112/8903/1112 1101/8901/1101 1102/8902/1102
f 1108/9419/1108 1090/9414/1090 1113/9422/1113
f 1115/8286/1115 1116/8287/1116 1118/8289/1118
f 1121/9427/1121 1114/9423/1114 1118/9424/1118
f 1122/9428/1122 1121/9427/1121 1118/9424/1118
f 1124/9440/1124 1121/9439/1121 1128/9441/1128
f 1130/9025/1130 1110/9023/1110 1142/9027/1142
f 1139/8087/1139 1163/8089/1163 1149/8088/1149
f 1146/9141/1146 1144/9139/1144 1145/9140/1145
f 1152/8992/1152 1181/8996/1181 1143/8987/1143
f 1148/8988/1148 1143/8987/1143 1181/8996/1181
f 1153/8993/1153 1150/8990/1150 1152/8992/1152
f 1155/6244/1155 1159/6247/1159 1158/6246/1158
f 1163/6043/1163 1162/6042/1162 1168/6044/1168
f 1173/2093/1173 1172/2092/1172 1171/2091/1171
f 1171/5091/1171 1164/5088/1164 1169/5090/1169
f 1171/3054/1171 1169/3052/1169 1170/3053/1170
f 1177/7512/1177 1294/7514/1294 1175/7510/1175
f 1294/7514/1294 1176/7511/1176 1175/7510/1175
f 1177/5103/1177 1175/5102/1175 1295/5105/1295
f 1295/8943/1295 1176/8941/1176 1294/8944/1294
f 1175/7510/1175 1176/7511/1176 1182/7513/1182
f 1294/6885/1294 1177/6883/1177 1182/6884/1182
f 1180/4172/1180 1178/4171/1178 1140/4170/1140
f 1188/8937/1188 1140/8935/1140 1179/8936/1179
f 1188/8348/1188 1179/8347/1179 1178/8346/1178
f 1178/3046/1178 1180/3047/1180 1188/3048/1188
f 1202/8804/1202 1191/8802/1191 1201/8803/1201
f 1206/8260/1206 1191/8258/1191 1204/8259/1204
f 895/6121/895 1211/6124/1211 1220/6125/1220
f 1218/3068/1218 1220/3069/1220 1217/3067/1217
f 1108/6021/1108 1216/6023/1216 1212/6022/1212
f 1222/5370/1222 1238/5371/1238 913/5368/913
f 1225/5373/1225 1239/5378/1239 1226/5374/1226
f 1236/6954/1236 1233/6952/1233 1234/6953/1234
f 1235/8360/1235 1131/8357/1131 1237/8361/1237
f 1238/5377/1238 1221/5372/1221 1239/5378/1239
f 1007/3285/1007 1238/3286/1238 1241/3287/1241
f 1249/4378/1249 1242/4376/1242 1248/4377/1248
f 1254/6102/1254 1250/6101/1250 1295/6103/1295
f 1250/6104/1250 1253/6105/1253 1295/6106/1295
f 1253/5121/1253 1252/5120/1252 1295/5122/1295
f 1251/6100/1251 1254/6095/1254 1295/6098/1295
f 1010/7544/1010 1009/7543/1009 1011/7545/1011
f 1155/4405/1155 1236/4407/1236 1256/4408/1256
f 1155/5387/1155 1258/5390/1258 1013/5386/1013
f 1261/8131/1261 1257/8130/1257 1266/8132/1266
f 1257/5398/1257 1166/5397/1166 1264/5399/1264
f 1257/3057/1257 1264/3058/1264 1266/3059/1266
f 1301/8123/1301 1263/8118/1263 1302/8124/1302
f 1279/5396/1279 1258/5390/1258 1261/5392/1261
f 1301/5117/1301 1305/5118/1305 1265/5115/1265
f 1272/5309/1272 1268/5305/1268 1270/5307/1270
f 1236/6954/1236 1274/6958/1274 1275/6959/1275
f 1279/4363/1279 1284/4364/1284 1277/4362/1277
f 1285/3274/1285 1281/3273/1281 1287/3275/1287
f 1020/6163/1020 1286/6168/1286 2351/6175/2351
f 1285/4365/1285 1279/4363/1279 1288/4366/1288
f 1287/3275/1287 1279/3271/1279 1280/3272/1280
f 1288/5299/1288 1279/5297/1279 1287/5298/1287
f 1169/5090/1169 1165/5089/1165 1291/5096/1291
f 1298/8749/1298 1295/8747/1295 1297/8748/1297
f 2354/6901/2354 2247/6898/2247 1304/6897/1304
f 1303/6065/1303 2354/6067/2354 1304/6066/1304
f 1301/7834/1301 1306/7837/1306 1305/7836/1305
f 1311/6058/1311 1303/6057/1303 1184/6052/1184
f 1311/6058/1311 1184/6052/1184 1190/6054/1190
f 1328/7711/1328 1331/7713/1331 1329/7712/1329
f 1331/7962/1331 1332/7963/1332 1330/7961/1330
f 1338/7403/1338 1337/7402/1337 1340/7405/1340
f 1341/8465/1341 1340/8464/1340 1343/8467/1343
f 1352/8476/1352 1362/8477/1362 1351/8475/1351
f 1367/928/1367 1360/926/1360 1505/932/1505
f 1373/8484/1373 1371/8482/1371 1369/8480/1369
f 1372/8483/1372 1375/8486/1375 1369/8480/1369
f 1374/8485/1374 1371/8482/1371 1373/8484/1373
f 1389/8495/1389 1388/8494/1388 1374/8485/1374
f 1374/8485/1374 1373/8484/1373 1375/8486/1375
f 1375/8486/1375 1398/8500/1398 1374/8485/1374
f 1460/790/1460 1384/777/1384 1382/775/1382
f 1394/8650/1394 1391/8647/1391 1393/8649/1393
f 1391/8647/1391 1387/8645/1387 1393/8649/1393
f 1388/8633/1388 1393/8636/1393 1392/8635/1392
f 1387/8642/1387 1388/8643/1388 3221/8644/3221
f 1388/8646/1388 1391/8647/1391 3221/8651/3221
f 1391/8647/1391 1394/8650/1394 3221/8651/3221
f 1394/8650/1394 1392/8648/1392 3221/8651/3221
f 1392/8638/1392 1393/8639/1393 3221/8640/3221
f 1393/8639/1393 1387/8637/1387 3221/8640/3221
f 1388/8494/1388 1389/8495/1389 1395/8497/1395
f 1397/8499/1397 1389/8495/1389 1401/8503/1401
f 1404/8505/1404 1422/8517/1422 1421/8516/1421
f 1410/779/1410 1408/778/1408 1383/776/1383
f 1411/8594/1411 1409/8593/1409 1412/8595/1412
f 1411/8511/1411 1422/8517/1422 1399/8501/1399
f 1423/8518/1423 1421/8516/1421 1422/8517/1422
f 1431/8524/1431 1423/8518/1423 1428/8522/1428
f 1439/3241/1439 1358/3240/1358 211/3233/211
f 1440/3226/1440 1441/3227/1441 1439/3225/1439
f 1450/2859/1450 1449/2858/1449 1448/2857/1448
f 1476/2862/1476 1450/2859/1450 1448/2857/1448
f 230/2048/230 1452/2051/1452 1451/2050/1451
f 1452/4351/1452 231/4348/231 1451/4350/1451
f 1450/2859/1450 1456/2861/1456 1455/2860/1455
f 1485/2898/1485 1484/2897/1484 1464/2894/1464
f 1486/1890/1486 1492/1891/1492 1468/1888/1468
f 1483/2868/1483 1479/2864/1479 1456/2861/1456
f 1478/2896/1478 1486/2899/1486 1477/2895/1477
f 1568/2902/1568 1489/2901/1489 1487/2900/1487
f 1491/818/1491 1490/817/1490 1616/822/1616
f 1493/820/1493 1491/818/1491 1616/822/1616
f 1502/803/1502 1499/800/1499 1500/801/1500
f 1503/829/1503 1504/830/1504 1695/846/1695
f 1503/829/1503 1605/831/1605 1504/830/1504
f 1512/8600/1512 1517/8604/1517 1515/8603/1515
f 1517/8225/1517 1512/8223/1512 1514/8224/1514
f 1510/855/1510 1518/860/1518 1564/869/1564
f 1523/8609/1523 1527/8612/1527 1528/8613/1528
f 1541/8558/1541 1533/8556/1533 1531/8554/1531
f 1533/8614/1533 1541/8621/1541 1540/8620/1540
f 1534/663/1534 1683/670/1683 1685/672/1685
f 1543/8623/1543 1542/8622/1542 1534/8615/1534
f 1545/7735/1545 1546/7736/1546 1855/7737/1855
f 1875/8552/1875 1559/8546/1559 1560/8547/1560
f 1554/8542/1554 1555/8543/1555 1560/8547/1560
f 1555/8543/1555 1558/8545/1558 1560/8547/1560
f 1575/4098/1575 1573/4096/1573 1574/4097/1574
f 2838/2855/2838 1576/2852/1576 1573/2850/1573
f 1576/2852/1576 2838/2855/2838 1575/2851/1575
f 2838/2855/2838 1581/2854/1581 1575/2851/1575
f 1576/4099/1576 1575/4098/1575 1574/4097/1574
f 1581/4101/1581 1576/4099/1576 1574/4097/1574
f 1578/2853/1578 1581/2854/1581 2838/2855/2838
f 1578/1750/1578 1589/1747/1589 1572/1744/1572
f 1579/5944/1579 1592/5951/1592 1591/5946/1591
f 2849/3992/2849 2843/3997/2843 2848/3991/2848
f 1589/1747/1589 2845/1748/2845 1588/1746/1588
f 1598/5973/1598 1599/5974/1599 1593/5972/1593
f 1596/4998/1596 1603/5004/1603 1602/5003/1602
f 1579/5944/1579 1602/5948/1602 1603/5949/1603
f 1619/1708/1619 1620/1709/1620 1618/1707/1618
f 1621/1710/1621 1629/1715/1629 1620/1709/1620
f 1607/833/1607 1608/834/1608 1612/837/1612
f 1608/834/1608 1607/833/1607 1609/835/1609
f 1615/1706/1615 1618/1707/1618 1614/1705/1614
f 1614/1753/1614 1626/1755/1626 1617/1754/1617
f 1616/838/1616 1624/840/1624 1495/828/1495
f 1628/1714/1628 1627/1713/1627 1630/1716/1630
f 1648/7280/1648 2979/7282/2979 1650/7281/1650
f 2991/3919/2991 1665/3917/1665 2989/3918/2989
f 1696/4114/1696 1567/4109/1567 1566/4108/1566
f 1673/2968/1673 1672/2967/1672 1671/2966/1671
f 1674/876/1674 1667/872/1667 1565/870/1565
f 1682/669/1682 1686/673/1686 1690/674/1690
f 1687/1721/1687 1697/1724/1697 1701/1726/1701
f 1694/677/1694 1682/669/1682 1691/675/1691
f 1785/696/1785 1764/690/1764 1694/677/1694
f 1677/1720/1677 1675/1719/1675 1687/1721/1687
f 1703/1854/1703 1701/1853/1701 1700/1852/1700
f 1712/1841/1712 1708/1839/1708 1707/1844/1707
f 1712/1841/1712 1788/1842/1788 1709/1840/1709
f 1788/1849/1788 1707/1846/1707 1709/1848/1709
f 1709/1687/1709 1710/1688/1710 3222/1690/3222
f 1710/3944/1710 1707/3943/1707 3222/3946/3222
f 1707/1838/1707 1788/1845/1788 3222/1843/3222
f 1788/1845/1788 1708/1839/1708 3222/1843/3222
f 1708/1839/1708 1712/1841/1712 3222/1843/3222
f 1712/1841/1712 1709/1840/1709 3222/1843/3222
f 1704/1866/1704 1705/1867/1705 1788/1871/1788
f 1711/2809/1711 1788/2813/1788 1705/2808/1705
f 1638/1850/1638 1717/1860/1717 1716/1859/1716
f 1721/6739/1721 1731/6740/1731 1732/6742/1732
f 1721/6738/1721 1722/6728/1722 1720/6736/1720
f 1724/7671/1724 1720/7678/1720 1782/7674/1782
f 1720/7669/1720 1789/7677/1789 1726/7672/1726
f 1720/5921/1720 1718/5920/1718 1729/5922/1729
f 1787/7686/1787 1720/7681/1720 1729/7682/1729
f 1731/6730/1731 1735/6732/1735 1732/6737/1732
f 1735/1664/1735 1774/1674/1774 1766/1669/1766
f 1742/1369/1742 1740/1364/1740 1739/1363/1739
f 1752/1678/1752 1776/1681/1776 1775/1680/1775
f 1756/682/1756 1757/683/1757 1758/684/1758
f 1771/613/1771 1778/617/1778 2174/636/2174
f 1768/693/1768 1762/688/1762 1773/695/1773
f 1773/1673/1773 1777/1675/1777 1769/1672/1769
f 1780/2811/1780 1779/2810/1779 1705/2808/1705
f 1795/2791/1795 1800/2793/1800 1801/2794/1801
f 1792/3748/1792 1806/3744/1806 1803/3741/1803
f 1792/3748/1792 1803/3741/1803 1790/3739/1790
f 1803/1444/1803 1807/1445/1807 1810/1446/1810
f 1803/3741/1803 1806/3744/1806 1807/3745/1807
f 1829/1654/1829 1813/1652/1813 1792/1651/1792
f 1816/1653/1816 1813/1652/1813 1829/1654/1829
f 1820/5903/1820 1823/5906/1823 1819/5902/1819
f 1800/5900/1800 1820/5903/1820 1819/5902/1819
f 1824/6714/1824 1823/6713/1823 3079/6720/3079
f 1828/6716/1828 1825/6715/1825 1824/6714/1824
f 1825/1655/1825 1830/1656/1830 3079/1657/3079
f 1826/6709/1826 1825/6708/1825 3079/6712/3079
f 1826/6709/1826 3079/6712/3079 1828/6710/1828
f 1843/8577/1843 1840/8574/1840 1844/8578/1844
f 1849/8580/1849 1850/8581/1850 1858/8588/1858
f 1862/8549/1862 1549/8539/1549 1869/8551/1869
f 1872/7393/1872 1871/7392/1871 1874/7395/1874
f 1880/7345/1880 1875/7343/1875 1882/7347/1882
f 1888/7353/1888 1887/7352/1887 1889/7354/1889
f 2373/3023/2373 1919/3018/1919 2372/3022/2372
f 1927/8754/1927 1922/8751/1922 1924/8752/1924
f 1940/8760/1940 1925/8753/1925 1924/8752/1924
f 1941/222/1941 1926/219/1926 1925/218/1925
f 1936/3198/1936 1932/3196/1932 1934/3197/1934
f 1930/2099/1930 1935/2101/1935 1934/2100/1934
f 1930/8843/1930 1933/8845/1933 1938/8846/1938
f 1939/5083/1939 1938/5082/1938 2298/5084/2298
f 1948/1955/1948 1944/1952/1944 1947/1954/1947
f 1948/1972/1948 2179/1981/2179 2235/1991/2235
f 1944/8763/1944 1945/8764/1945 1947/8765/1947
f 1945/8764/1945 1938/8759/1938 1950/8767/1950
f 2327/8779/2327 1951/8768/1951 2322/8776/2322
f 2000/1504/2000 1956/1498/1956 1958/1499/1958
f 1955/2654/1955 2049/2659/2049 1952/2653/1952
f 1956/1462/1956 2050/1464/2050 1959/1463/1959
f 1959/3775/1959 1955/3774/1955 2000/3780/2000
f 1960/2562/1960 1961/2563/1961 1963/2564/1963
f 1991/445/1991 1983/444/1983 1976/440/1976
f 1960/2562/1960 1963/2564/1963 1988/2576/1988
f 2185/157/2185 1978/150/1978 1979/151/1979
f 1980/3776/1980 1982/3778/1982 2199/3781/2199
f 2200/3782/2200 1999/3779/1999 1955/3774/1955
f 1989/4736/1989 2003/4737/2003 2005/4738/2005
f 1989/2556/1989 2005/2558/2005 2011/2560/2011
f 2005/452/2005 2004/451/2004 2006/453/2006
f 2132/498/2132 2009/496/2009 2010/497/2010
f 2035/3150/2035 2065/3152/2065 2034/3149/2034
f 2024/7860/2024 2021/7857/2021 2019/7855/2019
f 2023/6927/2023 2022/6926/2022 2018/6925/2018
f 2022/7858/2022 2023/7859/2023 2026/7864/2026
f 2021/7857/2021 2024/7860/2024 2020/7856/2020
f 2024/7860/2024 2106/7863/2106 2025/7861/2025
f 2107/6160/2107 2024/6158/2024 2025/6159/2025
f 2104/5262/2104 2107/5261/2107 2025/5260/2025
f 2023/7534/2023 1018/7533/1018 1020/7531/1020
f 2028/4344/2028 2332/4346/2332 2017/4341/2017
f 2036/6203/2036 2344/6209/2344 2037/6204/2037
f 2038/3151/2038 2031/3146/2031 2032/3147/2032
f 2032/3147/2032 2029/3144/2029 2017/3143/2017
f 2069/6260/2069 2074/6259/2074 2057/6258/2057
f 2057/6265/2057 2061/6267/2061 2039/6264/2039
f 2061/2134/2061 2074/2135/2074 2039/2133/2039
f 2074/5413/2074 2069/5412/2069 2039/5408/2039
f 2057/2128/2057 2040/2127/2040 2069/2129/2069
f 2057/5411/2057 2039/5408/2039 2040/5409/2040
f 2041/485/2041 2053/489/2053 2205/492/2205
f 2126/2663/2126 2045/2656/2045 2051/2661/2051
f 2213/2147/2213 2220/2148/2220 2056/2146/2056
f 2062/6973/2062 2059/6977/2059 2058/6970/2058
f 2030/6255/2030 2034/6256/2034 2074/6259/2074
f 2064/3200/2064 2065/3201/2065 2063/3199/2063
f 2071/6207/2071 1894/6202/1894 2063/6205/2063
f 2030/6255/2030 2074/6259/2074 2040/6257/2040
f 2033/4316/2033 2030/4314/2030 2140/4319/2140
f 2087/6171/2087 2091/6172/2091 1050/6164/1050
f 2104/8389/2104 2014/8387/2014 2091/8388/2091
f 2014/8384/2014 2104/8386/2104 2086/8385/2086
f 2088/8377/2088 2087/8376/2087 2089/8378/2089
f 2087/8376/2087 2086/8375/2086 2089/8378/2089
f 2088/8377/2088 2090/8379/2090 2087/8376/2087
f 2090/8379/2090 2013/8373/2013 2087/8376/2087
f 3202/459/3202 2096/457/2096 2100/458/2100
f 3202/2611/3202 2100/2608/2100 2097/2605/2097
f 2097/2605/2097 2098/2606/2098 2096/2604/2096
f 3206/558/3206 2100/552/2100 2098/550/2098
f 2110/5225/2110 2113/5224/2113 2107/5223/2107
f 2113/5234/2113 2108/5231/2108 2107/5230/2107
f 2108/5231/2108 2112/5233/2112 2107/5230/2107
f 2029/3168/2029 2032/3169/2032 2110/3170/2110
f 2113/5252/2113 2111/5251/2111 2092/5249/2092
f 2102/5255/2102 2141/5259/2141 2135/5258/2135
f 2094/585/2094 2114/591/2114 2115/592/2115
f 2115/592/2115 2114/591/2114 2118/595/2118
f 2130/2640/2130 2121/2636/2121 2008/2639/2008
f 2123/2637/2123 2009/2633/2009 2121/2636/2121
f 2008/2639/2008 2121/2636/2121 2131/2638/2131
f 1973/2641/1973 2130/2643/2130 2009/2642/2009
f 2133/1460/2133 2130/1459/2130 1973/1458/1973
f 2138/3167/2138 2129/3163/2129 2137/3166/2137
f 2143/2116/2143 2142/2115/2142 2083/2111/2083
f 2148/29/2148 2149/30/2149 1912/26/1912
f 2149/627/2149 2148/626/2148 2145/623/2145
f 2154/632/2154 2145/623/2145 2174/636/2174
f 2155/32/2155 2149/30/2149 2156/33/2156
f 2161/226/2161 2164/227/2164 1926/219/1926
f 2167/645/2167 2198/647/2198 2165/644/2165
f 2215/236/2215 2168/230/2168 2166/229/2166
f 2168/508/2168 2167/507/2167 2166/506/2166
f 2171/1974/2171 2170/1973/2170 2173/1976/2173
f 2180/1982/2180 2178/1980/2178 2176/1978/2176
f 2178/1980/2178 2371/1992/2371 2172/1975/2172
f 2180/1982/2180 2235/1991/2235 2178/1980/2178
f 2177/1979/2177 2235/1991/2235 2180/1982/2180
f 2184/156/2184 2190/159/2190 2192/161/2192
f 2184/637/2184 2186/638/2186 2188/640/2188
f 2185/157/2185 2196/163/2196 1660/134/1660
f 2199/642/2199 2197/641/2197 2152/630/2152
f 2198/232/2198 2189/231/2189 2165/228/2165
f 2168/646/2168 2198/647/2198 2167/645/2167
f 2203/510/2203 2163/504/2163 2205/511/2205
f 2207/908/2207 1920/903/1920 2206/907/2206
f 2043/2136/2043 2070/2138/2070 2209/2140/2209
f 1941/222/1941 2161/226/2161 1926/219/1926
f 2212/910/2212 2216/912/2216 2206/907/2206
f 2214/2142/2214 2212/2141/2212 2220/2143/2220
f 2221/915/2221 2216/912/2216 2214/911/2214
f 2220/2143/2220 2209/2140/2209 2070/2138/2070
f 2073/2107/2073 1935/2101/1935 2219/2120/2219
f 2083/3291/2083 2085/3293/2085 2213/3295/2213
f 2245/7849/2245 2333/7850/2333 2239/7852/2239
f 2267/8678/2267 2266/8677/2266 2243/8675/2243
f 2245/7849/2245 2239/7852/2239 3224/7851/3224
f 2239/7848/2239 2249/7841/2249 3224/7846/3224
f 2249/7841/2249 2248/7840/2248 3224/7846/3224
f 2248/7840/2248 2353/7845/2353 3224/7846/3224
f 2353/7845/2353 2250/7842/2250 3224/7846/3224
f 2250/7519/2250 2245/7518/2245 3224/7520/3224
f 2253/8665/2253 2242/8663/2242 2250/8664/2250
f 2263/8825/2263 2264/8826/2264 2265/8827/2265
f 2294/8861/2294 2272/8853/2272 2275/8854/2275
f 2273/3263/2273 2274/3264/2274 2357/3268/2357
f 2271/8852/2271 2269/8851/2269 2275/8854/2275
f 2283/8831/2283 2281/8829/2281 2282/8830/2282
f 2298/8865/2298 2295/8862/2295 2296/8863/2296
f 2275/8854/2275 2297/8864/2297 2296/8863/2296
f 2310/8247/2310 2311/8248/2311 2312/8249/2312
f 1950/8767/1950 2300/8770/2300 2316/8772/2316
f 2299/8268/2299 2304/8269/2304 2319/8272/2319
f 2320/7760/2320 2315/7758/2315 2319/7759/2319
f 2327/7755/2327 2322/7753/2322 2329/7757/2329
f 2336/6079/2336 2334/6077/2334 1268/6073/1268
f 1268/6073/1268 1273/6074/1273 2336/6079/2336
f 2347/5303/2347 1289/5300/1289 2334/5301/2334
f 2339/5328/2339 2330/5324/2330 2338/5327/2338
f 2342/3252/2342 2341/3251/2341 2340/3250/2340
f 2344/3254/2344 2343/3253/2343 2342/3252/2342
f 2344/3254/2344 2342/3252/2342 2359/3257/2359
f 2239/6076/2239 2356/6083/2356 2353/6081/2353
f 2356/6083/2356 2239/6076/2239 2355/6082/2355
f 1887/7352/1887 1883/7348/1883 1889/7354/1889
f 2370/7373/2370 2369/7372/2369 2366/7371/2366
f 2382/8015/2382 2380/8014/2380 2387/8016/2387
f 2396/8792/2396 1951/8768/1951 2397/8793/2397
f 2403/8655/2403 2396/8652/2396 2398/8654/2398
f 2407/1962/2407 2409/1964/2409 2410/1965/2410
f 2415/2373/2415 2446/2372/2446 2418/2367/2418
f 2418/2367/2418 2424/2371/2424 2417/2366/2417
f 2415/2365/2415 2419/2368/2419 2420/2369/2420
f 2418/2367/2418 2422/2370/2422 2420/2369/2420
f 2420/2369/2420 2419/2368/2419 2418/2367/2418
f 2419/2368/2419 2415/2365/2415 2424/2371/2424
f 2419/2368/2419 2424/2371/2424 2418/2367/2418
f 2422/2376/2422 2417/2375/2417 2424/2378/2424
f 2420/2391/2420 2446/2394/2446 2415/2390/2415
f 2424/2393/2424 2420/2391/2420 2422/2392/2422
f 2423/2377/2423 2422/2376/2422 2455/2385/2455
f 2428/1695/2428 2839/1696/2839 2426/1694/2426
f 2451/1192/2451 2439/1186/2439 541/1177/541
f 2438/1320/2438 2441/1321/2441 2437/1319/2437
f 2443/1308/2443 2470/1311/2470 2441/1306/2441
f 2449/1191/2449 2435/1184/2435 2451/1192/2451
f 2449/3703/2449 2463/3698/2463 2450/3697/2450
f 2875/4041/2875 2483/4030/2483 2482/4029/2482
f 2486/5955/2486 2489/5957/2489 2482/5963/2482
f 2486/5955/2486 2490/5958/2490 2489/5957/2489
f 2487/2924/2487 2492/2925/2492 2513/2926/2513
f 2491/4077/2491 2875/4080/2875 2492/4078/2492
f 2502/206/2502 2445/202/2445 2496/203/2496
f 2515/7959/2515 2517/7960/2517 2514/7958/2514
f 2509/4970/2509 2514/4971/2514 2517/4976/2517
f 2509/4970/2509 2508/4969/2508 2514/4971/2514
f 2514/8200/2514 2508/8192/2508 2510/8194/2510
f 2515/8197/2515 2512/8196/2512 2509/8193/2509
f 2524/747/2524 2528/750/2528 2522/745/2522
f 2536/756/2536 2530/751/2530 2522/745/2522
f 2429/2466/2429 2538/2470/2538 2542/2472/2542
f 2429/297/2429 2539/305/2539 2538/304/2538
f 2548/306/2548 2552/308/2552 2549/307/2549
f 2557/310/2557 2549/307/2549 2556/309/2556
f 2545/8420/2545 2568/8417/2568 2559/8416/2559
f 2569/7905/2569 2565/7903/2565 2623/7908/2623
f 2570/5557/2570 2625/5556/2625 2574/5555/2574
f 2572/7087/2572 2560/7078/2560 2575/7081/2575
f 2560/7078/2560 2576/7082/2576 2575/7081/2575
f 2576/7082/2576 2571/7079/2571 2575/7081/2575
f 2576/7082/2576 2560/7078/2560 2637/7085/2637
f 2571/7079/2571 2576/7082/2576 2572/7080/2572
f 2637/7092/2637 2560/7089/2560 2571/7090/2571
f 2637/7092/2637 2571/7090/2571 2572/7091/2572
f 2572/7087/2572 2575/7081/2575 2637/7088/2637
f 2591/1097/2591 2580/1095/2580 2581/1096/2581
f 2582/6444/2582 2589/6442/2589 2546/6435/2546
f 2582/7112/2582 2587/7116/2587 2584/7113/2584
f 2590/7110/2590 2584/7108/2584 2585/7109/2585
f 2590/7118/2590 2585/7114/2585 2587/7116/2587
f 2587/7116/2587 2585/7114/2585 2586/7115/2586
f 2582/7112/2582 2586/7120/2586 2589/7117/2589
f 2594/7077/2594 2595/7073/2595 2699/7075/2699
f 2591/3401/2591 2599/3403/2599 2598/3402/2598
f 2604/3580/2604 2600/3576/2600 2603/3579/2603
f 2601/3577/2601 2603/3584/2603 2597/3575/2597
f 2601/3577/2601 2600/3576/2600 2632/3582/2632
f 2632/3582/2632 2603/3584/2603 2601/3577/2601
f 2637/6422/2637 2599/6420/2599 2639/6424/2639
f 2612/3558/2612 2605/3557/2605 2622/3559/2622
f 2615/4594/2615 2613/4593/2613 2616/4595/2616
f 2606/5673/2606 2607/5674/2607 2616/5668/2616
f 2615/4601/2615 2605/4602/2605 2606/4600/2606
f 2617/4603/2617 2622/4607/2622 2605/4609/2605
f 2626/5534/2626 2625/5533/2625 2576/5531/2576
f 2630/4550/2630 2596/4548/2596 2701/4555/2701
f 2632/4551/2632 2629/4549/2629 2634/4552/2634
f 2518/4973/2518 2646/4974/2646 2509/4970/2509
f 2642/293/2642 2643/294/2643 2651/295/2651
f 2656/5642/2656 2651/5641/2651 2655/5645/2655
f 2659/6471/2659 2677/6476/2677 2665/6473/2665
f 2644/6427/2644 2638/6423/2638 2667/6430/2667
f 2669/6431/2669 2667/6430/2667 2638/6423/2638
f 2644/6427/2644 2667/6430/2667 2645/6428/2645
f 2675/3487/2675 2668/3483/2668 2669/3484/2669
f 2673/3494/2673 2672/3493/2672 2678/3495/2678
f 2674/3425/2674 2767/3427/2767 2671/3423/2671
f 2682/3421/2682 2671/3417/2671 2767/3422/2767
f 2764/3508/2764 2674/3505/2674 2678/3506/2678
f 2681/336/2681 3065/343/3065 2693/341/2693
f 2709/4556/2709 2701/4555/2701 2732/4558/2732
f 2704/3387/2704 2705/3388/2705 2703/3386/2703
f 1030/2177/1030 2726/2180/2726 990/2176/990
f 2708/5567/2708 2723/5573/2723 2744/5584/2744
f 2732/4558/2732 2701/4555/2701 2731/4557/2731
f 2759/5591/2759 2734/5578/2734 2732/5576/2732
f 2750/2696/2750 2741/2694/2741 2742/2703/2742
f 2791/5593/2791 2745/5585/2745 2754/5588/2754
f 2758/5597/2758 2735/5579/2735 2757/5590/2757
f 2762/316/2762 2764/318/2764 2768/320/2768
f 2764/318/2764 2762/316/2762 2771/321/2771
f 2770/6565/2770 2771/6566/2771 2765/6572/2765
f 2771/6566/2771 2772/6567/2772 2765/6572/2765
f 2772/6567/2772 2764/6563/2764 2765/6572/2765
f 2766/6559/2766 2770/6560/2770 2765/6561/2765
f 2771/6576/2771 2770/6575/2770 2764/6577/2764
f 2775/4482/2775 3177/4483/3177 2739/4481/2739
f 3177/5439/3177 2776/5435/2776 2739/5441/2739
f 3177/5455/3177 2775/5448/2775 3173/5451/3173
f 2767/6571/2767 2784/6570/2784 2783/6569/2783
f 2788/328/2788 2780/325/2780 3191/331/3191
f 2791/5593/2791 2760/5599/2760 2792/5594/2792
f 2807/3451/2807 2798/3448/2798 2799/3449/2799
f 2805/3450/2805 2798/3448/2798 2807/3451/2807
f 2816/3476/2816 2815/3475/2815 2811/3471/2811
f 2821/604/2821 2820/603/2820 2818/602/2818
f 2820/565/2820 2831/570/2831 2829/568/2829
f 2826/3442/2826 2825/3441/2825 2824/3440/2824
f 3162/167/3162 3197/168/3197 3212/169/3212
f 2833/3447/2833 2827/3443/2827 2830/3446/2830
f 2840/5011/2840 2841/5012/2841 2842/5013/2842
f 2839/2846/2839 2453/2844/2453 2844/2848/2844
f 2849/2908/2849 2850/2909/2850 2843/2911/2843
f 2848/3991/2848 2866/3996/2866 2851/3993/2851
f 2849/4003/2849 2846/4001/2846 2845/4000/2845
f 2865/6751/2865 2863/6749/2863 2867/6752/2867
f 2874/1818/2874 2860/1814/2860 2873/1817/2873
f 2871/4960/2871 2861/4959/2861 2877/4961/2877
f 2877/6765/2877 2861/6763/2861 2872/6764/2872
f 2881/4024/2881 2883/4025/2883 2879/4023/2879
f 2894/713/2894 2893/712/2893 2892/711/2892
f 2513/4040/2513 2517/4037/2517 2493/4032/2493
f 2897/4065/2897 2513/4059/2513 2507/4058/2507
f 2534/1803/2534 2897/1805/2897 2507/1798/2507
f 2876/1820/2876 2899/1824/2899 3002/1826/3002
f 2881/4010/2881 2900/4015/2900 2885/4013/2885
f 2913/1550/2913 2911/1548/2911 2912/1549/2912
f 2917/3814/2917 2916/3813/2916 2909/3812/2909
f 2993/3816/2993 2918/3815/2918 2917/3814/2917
f 2917/3814/2917 2909/3812/2909 2993/3816/2993
f 2918/3815/2918 2993/3816/2993 2916/3818/2916
f 2917/3814/2917 2995/3819/2995 2916/3813/2916
f 2995/3819/2995 2917/3814/2917 2918/3815/2918
f 2994/1540/2994 2916/1536/2916 2995/1541/2995
f 2923/7655/2923 3121/7657/3121 3127/7660/3127
f 2932/87/2932 2931/86/2931 2934/89/2934
f 2935/102/2935 2931/95/2931 2933/97/2933
f 2938/3855/2938 2946/3856/2946 2957/3859/2957
f 2942/6674/2942 2963/6678/2963 2962/6680/2962
f 2947/6683/2947 2945/6681/2945 2946/6682/2946
f 2947/6683/2947 2949/6685/2949 2945/6681/2945
f 2945/6692/2945 2948/6693/2948 2961/6694/2961
f 2947/6683/2947 2961/6688/2961 2948/6684/2948
f 2950/2731/2950 2953/2733/2953 2952/2732/2952
f 2950/2731/2950 2952/2732/2952 2957/2739/2957
f 2952/3867/2952 2951/3866/2951 2954/3868/2954
f 2957/3870/2957 2952/3867/2952 2954/3868/2954
f 2956/4876/2956 2938/4873/2938 2955/4875/2955
f 2959/2729/2959 2937/2727/2937 2946/2728/2946
f 2961/6668/2961 2958/6666/2958 2960/6667/2960
f 2962/4879/2962 2964/4881/2964 2958/4877/2958
f 2971/6634/2971 1652/6631/1652 1648/6630/1648
f 1652/6631/1652 2971/6634/2971 2969/6632/2969
f 2971/7271/2971 2977/7275/2977 2969/7270/2969
f 2977/7275/2977 2971/7271/2971 2968/7269/2968
f 2982/5886/2982 2988/5885/2988 2983/5884/2983
f 2980/4815/2980 2981/4816/2981 2982/4817/2982
f 2980/4854/2980 2983/4855/2983 2925/4851/2925
f 2984/1533/2984 2995/1535/2995 2983/1532/2983
f 2940/1609/2940 2987/1615/2987 2986/1614/2986
f 2987/1615/2987 2997/1618/2997 2986/1614/2986
f 3076/4912/3076 2990/4909/2990 3077/4913/3077
f 3001/4047/3001 3041/4049/3041 3004/4048/3004
f 3018/3903/3018 3016/3902/3016 3024/3904/3024
f 3057/6703/3057 3055/6702/3055 3054/6701/3054
f 3024/3904/3024 3016/3902/3016 3031/3905/3031
f 3032/3824/3032 3033/3825/3033 3038/3828/3038
f 3044/2754/3044 3042/2752/3042 2666/2749/2666
f 3081/2769/3081 3047/2764/3047 3046/2763/3046
f 3057/7946/3057 3059/7947/3059 3055/7945/3055
f 3068/1588/3068 3056/1579/3056 3058/1580/3058
f 3089/3725/3089 3216/3727/3216 3069/3724/3069
f 3089/2773/3089 3068/2767/3068 3087/2771/3087
f 3036/764/3036 3040/765/3040 3045/766/3045
f 3074/707/3074 3075/708/3075 3073/706/3073
f 2693/3715/2693 3085/3720/3085 2692/3714/2692
f 3084/3719/3084 3217/3723/3217 3085/3720/3085
f 3091/2712/3091 3216/2714/3216 3094/2713/3094
f 3095/3369/3095 3126/3371/3126 3096/3370/3096
f 3152/3734/3152 3115/3732/3115 3128/3733/3128
f 3124/2596/3124 3152/2597/3152 3102/2595/3102
f 2910/6279/2910 3127/6288/3127 3126/6287/3126
f 3109/3801/3109 3107/3800/3107 3171/3804/3171
f 3128/6599/3128 3115/6596/3115 3114/6595/3114
f 3119/2699/3119 3118/2698/3118 2739/2692/2739
f 3120/4489/3120 2927/4485/2927 3174/4492/3174
f 2740/2693/2740 3118/2698/3118 3119/2699/3119
f 3119/2699/3119 3123/2700/3123 2740/2693/2740
f 3119/2699/3119 2741/2694/2741 3123/2700/3123
f 3124/2688/3124 3119/2685/3119 3125/2689/3125
f 3122/2686/3122 3123/2687/3123 3124/2688/3124
f 3121/4493/3121 3126/4494/3126 3127/4495/3127
f 3138/4776/3138 2819/4774/2819 3197/4784/3197
f 3141/7257/3141 3111/7255/3111 3110/7254/3110
f 3145/4745/3145 3141/4742/3141 3143/4744/3143
f 3141/7253/3141 3144/7249/3144 3143/7248/3143
f 3141/7253/3141 3142/7247/3142 3144/7249/3144
f 3142/7247/3142 3145/7250/3145 3144/7249/3144
f 3145/7250/3145 3110/7246/3110 3144/7249/3144
f 3150/4746/3150 3142/4743/3142 3110/4739/3110
f 3142/4743/3142 3141/4750/3141 3110/4739/3110
f 3150/4746/3150 3110/4739/3110 3145/4745/3145
f 3150/4746/3150 3145/4745/3145 3143/4744/3143
f 3141/6615/3141 3150/6617/3150 3146/6616/3146
f 3151/3736/3151 3150/3735/3150 3152/3737/3152
f 3151/6618/3151 3166/6619/3166 3141/6615/3141
f 3157/1438/3157 3156/1437/3156 3154/1435/3154
f 3159/4779/3159 3162/4780/3162 3138/4776/3138
f 3162/4780/3162 3164/4782/3164 3165/4783/3165
f 3171/3804/3171 3169/3803/3169 3109/3801/3109
f 3173/5436/3173 2739/5432/2739 3174/5437/3174
f 3175/3843/3175 3174/3842/3174 3060/3839/3060
f 3173/5451/3173 3178/5452/3178 3192/5453/3192
f 3180/7564/3180 2789/7570/2789 3184/7567/3184
f 3188/1060/3188 3189/1061/3189 3175/1057/3175
f 3191/3400/3191 2790/3395/2790 2806/3399/2806
f 3194/1065/3194 3195/1066/3195 2805/1062/2805
f 3187/1070/3187 3195/1074/3195 3194/1073/3194
f 3199/574/3199 2093/562/2093 3198/573/3198
f 3201/576/3201 3200/575/3200 2823/567/2823
f 3214/579/3214 2823/567/2823 3200/575/3200
f 23/9166/23 24/9167/24 5/9163/5
f 7/8052/7 25/8054/25 8/8053/8
f 2/9271/2 29/9282/29 15/9276/15
f 7/9272/7 14/9275/14 16/9277/16
f 16/9277/16 14/9275/14 29/9282/29
f 26/9280/26 16/9277/16 32/9284/32
f 26/9280/26 279/9291/279 17/9278/17
f 28/9060/28 34/9061/34 45/9064/45
f 32/9284/32 31/9283/31 33/9285/33
f 3218/8066/3218 28/8063/28 37/8065/37
f 44/9242/44 42/9240/42 54/9245/54
f 42/9240/42 47/9243/47 54/9245/54
f 406/9266/406 54/9245/54 53/9244/53
f 52/9073/52 57/9075/57 55/9074/55
f 61/9544/61 69/9546/69 70/9547/70
f 70/9547/70 69/9546/69 67/9545/67
f 70/9584/70 67/9582/67 68/9583/68
f 100/9235/100 101/9236/101 93/9229/93
f 100/9235/100 92/9228/92 95/9231/95
f 106/8918/106 102/8916/102 105/8917/105
f 85/9623/85 107/9625/107 108/9626/108
f 123/9149/123 126/9150/126 121/9148/121
f 126/9602/126 122/9600/122 121/9599/121
f 122/9600/122 128/9620/128 121/9599/121
f 119/9087/119 124/9091/124 121/9088/121
f 124/9091/124 123/9090/123 121/9088/121
f 119/9629/119 126/9631/126 123/9630/123
f 124/9091/124 128/9092/128 122/9089/122
f 123/9090/123 124/9091/124 122/9089/122
f 119/9093/119 123/9090/123 122/9089/122
f 128/9092/128 124/9091/124 119/9087/119
f 129/9604/129 122/9600/122 126/9602/126
f 126/9602/126 118/9597/118 113/9596/113
f 126/9602/126 113/9596/113 127/9603/127
f 131/9294/131 129/9293/129 133/9295/133
f 133/9405/133 129/9404/129 134/9406/134
f 125/9403/125 142/9408/142 134/9406/134
f 142/3033/142 135/3032/135 134/3031/134
f 136/9605/136 139/9608/139 138/9607/138
f 141/1200/141 183/1204/183 148/1201/148
f 135/3032/135 142/3033/142 144/3035/144
f 143/9610/143 138/9607/138 145/9611/145
f 151/4652/151 150/4651/150 160/4653/160
f 156/7207/156 342/7211/342 155/7206/155
f 160/4670/160 157/4668/157 159/4669/159
f 157/5705/157 342/5708/342 159/5707/159
f 176/8450/176 175/8449/175 170/8446/170
f 494/6523/494 190/6524/190 222/6518/222
f 494/1237/494 223/1226/223 189/1217/189
f 495/3631/495 187/3621/187 190/3623/190
f 144/892/144 203/901/203 192/897/192
f 182/895/182 191/896/191 192/897/192
f 201/1221/201 213/1222/213 200/1220/200
f 201/1221/201 193/1219/193 220/1224/220
f 196/6805/196 208/6807/208 195/6804/195
f 213/3216/213 1440/3226/1440 212/3215/212
f 229/6227/229 217/6225/217 214/6231/214
f 216/6216/216 214/6215/214 218/6217/218
f 221/1225/221 226/1229/226 228/1230/228
f 227/1240/227 226/1239/226 219/1238/219
f 225/1228/225 221/1225/221 224/1227/224
f 228/1230/228 230/1232/230 229/1231/229
f 247/2833/247 231/2829/231 245/2831/245
f 239/3600/239 252/3605/252 254/3606/254
f 247/2833/247 260/2838/260 261/2839/261
f 270/9362/270 6/9354/6 24/9355/24
f 280/9372/280 281/9373/281 284/9376/284
f 284/9376/284 282/9374/282 285/9377/285
f 291/9618/291 112/9595/112 109/9592/109
f 346/7451/346 292/7449/292 347/7454/347
f 280/9372/280 284/9376/284 296/9384/296
f 295/9383/295 275/9367/275 280/9372/280
f 280/9372/280 297/9385/297 295/9383/295
f 405/9265/405 305/9254/305 303/9252/303
f 285/9250/285 282/9249/282 303/9252/303
f 313/9510/313 338/9514/338 334/9511/334
f 318/9392/318 320/9393/320 300/9387/300
f 325/407/325 324/406/324 323/414/323
f 327/8322/327 326/8321/326 417/8325/417
f 332/109/332 330/108/330 329/107/329
f 334/9511/334 336/9513/336 433/9515/433
f 338/9224/338 337/9223/337 334/9222/334
f 339/7779/339 438/7781/438 337/7778/337
f 340/8301/340 338/8300/338 684/8304/684
f 353/2415/353 491/2420/491 355/2417/355
f 491/6528/491 353/6526/353 357/6527/357
f 358/3676/358 354/3675/354 349/3673/349
f 367/2434/367 419/2439/419 420/2440/420
f 497/3692/497 359/3688/359 348/3686/348
f 362/1267/362 367/1268/367 372/1270/372
f 364/3007/364 413/3005/413 368/3004/368
f 385/1273/385 384/1272/384 369/1269/369
f 373/3682/373 370/3680/370 371/3681/371
f 373/6553/373 372/6552/372 374/6554/374
f 373/3678/373 382/3679/382 358/3676/358
f 384/1272/384 395/1275/395 374/1271/374
f 373/7233/373 387/7236/387 388/7237/388
f 393/4730/393 388/4727/388 387/4726/387
f 387/4726/387 374/4725/374 393/4730/393
f 387/7236/387 391/7240/391 374/7234/374
f 389/7238/389 391/7240/391 387/7236/387
f 387/7236/387 386/7235/386 389/7238/389
f 393/1274/393 374/1271/374 395/1275/395
f 397/1277/397 399/1278/399 395/1275/395
f 399/1278/399 393/1274/393 395/1275/395
f 402/4622/402 403/4623/403 526/4625/526
f 53/9244/53 407/9267/407 406/9266/406
f 407/9267/407 56/9247/56 308/9256/308
f 334/9511/334 433/9515/433 312/9509/312
f 417/8333/417 409/8330/409 410/8331/410
f 410/8331/410 418/8334/418 417/8333/417
f 408/3028/408 433/3029/433 435/3030/435
f 448/1125/448 410/1108/410 421/1109/421
f 429/1110/429 410/1108/410 448/1125/448
f 558/3662/558 414/3654/414 418/3656/418
f 559/2494/559 412/2486/412 416/2488/416
f 430/7231/430 423/7229/423 432/7232/432
f 428/6549/428 432/6550/432 562/6551/562
f 434/6051/434 433/6050/433 336/6048/336
f 443/1120/443 441/1118/441 437/1114/437
f 429/1110/429 448/1125/448 449/1126/449
f 456/2447/456 425/2441/425 455/2446/455
f 376/3644/376 571/3650/571 398/3647/398
f 572/6548/572 376/6545/376 397/6546/397
f 455/2446/455 458/2448/458 456/2447/456
f 457/4706/457 459/4708/459 458/4707/458
f 462/5764/462 576/5767/576 463/5765/463
f 462/5764/462 577/5768/577 576/5767/576
f 465/1284/465 577/1286/577 462/1282/462
f 466/6381/466 471/6383/471 468/6386/468
f 581/2257/581 470/2252/470 586/2259/586
f 586/5500/586 468/5494/468 472/5496/472
f 474/8138/474 473/8137/473 477/8141/477
f 473/7894/473 586/7896/586 477/7895/477
f 476/8139/476 474/8138/474 477/8141/477
f 476/8404/476 475/8403/475 586/8409/586
f 475/8392/475 477/8393/477 586/8400/586
f 478/8405/478 474/8402/474 586/8407/586
f 474/8138/474 476/8139/476 586/8140/586
f 475/8403/475 476/8404/476 473/8401/473
f 475/8403/475 474/8402/474 478/8405/478
f 186/3616/186 141/3615/141 483/3618/483
f 484/2410/484 482/2408/482 483/2409/483
f 363/4150/363 503/4148/503 500/4146/500
f 363/4150/363 500/4146/500 499/4151/499
f 498/4132/498 363/4141/363 499/4133/499
f 504/1946/504 363/1944/363 501/1945/501
f 502/4136/502 501/4135/501 363/4141/363
f 507/51/507 513/57/513 512/56/512
f 522/1212/522 237/1208/237 521/1211/521
f 2432/1216/2432 2431/1215/2431 237/1208/237
f 523/5691/523 527/5694/527 525/5692/525
f 401/2458/401 400/2457/400 536/2460/536
f 538/2363/538 528/2359/528 527/2358/527
f 526/2357/526 535/2361/535 537/2362/537
f 538/1165/538 542/1169/542 539/1166/539
f 2462/1175/2462 540/1167/540 539/1166/539
f 543/77/543 545/79/545 546/80/546
f 551/380/551 548/377/548 552/381/552
f 552/388/552 550/386/550 551/387/551
f 545/383/545 547/385/547 553/389/553
f 553/82/553 546/80/546 545/79/545
f 553/76/553 554/75/554 546/71/546
f 560/7225/560 432/7228/432 563/7227/563
f 569/5758/569 564/5759/564 457/5757/457
f 566/5744/566 565/5743/565 563/5741/563
f 570/4701/570 563/4703/563 568/4699/568
f 565/4696/565 568/4699/568 563/4703/563
f 568/4699/568 564/4695/564 567/4698/567
f 567/4698/567 570/4701/570 568/4699/568
f 565/5743/565 562/5748/562 567/5745/567
f 562/5748/562 569/5747/569 567/5745/567
f 569/5756/569 570/5755/570 567/5754/567
f 569/4700/569 568/4699/568 565/4696/565
f 567/5745/567 564/5742/564 565/5743/565
f 564/5750/564 570/5752/570 565/5751/565
f 570/5752/570 569/5753/569 565/5751/565
f 566/5744/566 569/5746/569 457/5740/457
f 457/5740/457 565/5743/565 566/5744/566
f 570/4701/570 562/4702/562 563/4703/563
f 454/4716/454 571/4717/571 572/4718/572
f 574/5766/574 463/5765/463 576/5767/576
f 574/5766/574 576/5767/576 578/5769/578
f 575/2463/575 578/2464/578 2542/2472/2542
f 466/6381/466 467/6382/467 579/6384/579
f 590/6337/590 583/6326/583 582/6336/582
f 473/8401/473 581/8406/581 586/8408/586
f 478/8394/478 927/8398/927 477/8393/477
f 593/3379/593 587/3378/587 596/3380/596
f 593/6314/593 596/6310/596 595/6309/595
f 587/6325/587 593/6319/593 591/6317/591
f 595/6320/595 587/6325/587 591/6317/591
f 598/6332/598 593/6330/593 599/6333/599
f 593/3382/593 592/3381/592 599/3383/599
f 952/6415/952 609/6414/609 2595/6417/2595
f 680/9331/680 617/9328/617 630/9329/630
f 52/8959/52 623/8960/623 624/8961/624
f 616/9038/616 620/9042/620 628/9049/628
f 629/9050/629 635/9053/635 630/9051/630
f 630/9329/630 635/9330/635 685/9332/685
f 635/9053/635 622/9044/622 634/9052/634
f 634/8964/634 633/8963/633 636/8965/636
f 638/9055/638 641/9056/641 636/9054/636
f 640/8308/640 638/8306/638 639/8307/639
f 635/9197/635 641/9198/641 685/9199/685
f 641/9212/641 642/9213/642 685/9215/685
f 658/8076/658 1076/8080/1076 666/8079/666
f 309/9507/309 307/9505/307 675/9518/675
f 615/9037/615 614/9036/614 670/9058/670
f 667/8908/667 612/8907/612 670/8909/670
f 670/8705/670 669/8704/669 668/8703/668
f 669/8704/669 667/8702/667 668/8703/668
f 669/6047/669 615/6045/615 667/6046/667
f 670/9537/670 668/9530/668 615/9528/615
f 678/4232/678 699/4236/699 676/4231/676
f 682/8056/682 707/8057/707 681/8055/681
f 683/3105/683 681/3104/681 707/3106/707
f 686/9460/686 685/9459/685 687/9461/687
f 849/9327/849 689/9325/689 690/9326/690
f 699/4236/699 697/4234/697 676/4231/676
f 712/4246/712 705/4239/705 706/4240/706
f 709/4243/709 710/4244/710 713/4247/713
f 715/5164/715 716/5165/716 708/5161/708
f 711/5172/711 707/5171/707 716/5165/716
f 707/5171/707 718/5167/718 716/5165/716
f 718/5167/718 708/5161/708 716/5165/716
f 716/5165/716 717/5166/717 711/5172/711
f 711/5163/711 718/5167/718 854/5169/854
f 727/5070/727 698/5069/698 729/5071/729
f 734/5650/734 740/5653/740 737/5651/737
f 738/4580/738 734/4579/734 741/4581/741
f 767/7633/767 766/7632/766 738/7627/738
f 738/7627/738 739/7628/739 767/7633/767
f 738/7627/738 743/7630/743 736/7625/736
f 725/5199/725 757/5202/757 755/5204/755
f 783/3120/783 825/3125/825 764/3116/764
f 769/2330/769 773/2332/773 768/2329/768
f 773/2332/773 744/2328/744 768/2329/768
f 744/2328/744 770/2331/770 768/2329/768
f 770/2323/770 766/2321/766 768/2322/768
f 773/6487/773 769/6486/769 766/6485/766
f 766/4585/766 771/4588/771 768/4587/768
f 770/2323/770 773/2324/773 766/2321/766
f 765/2317/765 774/2319/774 744/2314/744
f 775/2320/775 745/2315/745 774/2319/774
f 773/3541/773 782/3543/782 778/3542/778
f 785/3122/785 784/3121/784 779/3119/779
f 819/3135/819 784/3133/784 786/3134/786
f 793/8171/793 790/8170/790 787/8172/787
f 793/8150/793 792/8149/792 797/8152/797
f 789/8165/789 793/8166/793 795/8163/795
f 799/5659/799 802/5660/802 798/5658/798
f 826/4286/826 813/4285/813 830/4287/830
f 781/2307/781 808/2309/808 958/2310/958
f 2694/3126/2694 784/3121/784 783/3120/783
f 828/3140/828 826/3138/826 830/3141/830
f 689/5080/689 855/5081/855 683/5079/683
f 855/3102/855 718/3103/718 683/3101/683
f 688/115/688 841/118/841 839/123/839
f 839/1402/839 841/1403/841 838/1395/838
f 842/113/842 838/111/838 841/112/841
f 844/1411/844 688/1409/688 839/1410/839
f 688/1412/688 844/1414/844 3220/1413/3220
f 844/1408/844 842/1406/842 3220/1407/3220
f 842/419/842 839/421/839 3220/420/3220
f 839/1402/839 838/1395/838 3220/1400/3220
f 838/1395/838 688/1394/688 3220/1400/3220
f 842/113/842 844/114/844 838/111/838
f 844/1398/844 840/1396/840 838/1395/838
f 840/1396/840 688/1394/688 838/1395/838
f 842/1401/842 841/1397/841 845/1399/845
f 845/122/845 843/120/843 842/119/842
f 858/7826/858 846/7825/846 689/7827/689
f 689/8746/689 837/8740/837 847/8742/847
f 689/8746/689 847/8742/847 848/8743/848
f 846/8741/846 847/8742/847 837/8740/837
f 848/8743/848 847/8742/847 855/8744/855
f 853/8096/853 850/8093/850 856/8098/856
f 855/2189/855 854/2188/854 718/2187/718
f 870/2211/870 880/2213/880 860/2209/860
f 862/2194/862 855/2189/855 864/2195/864
f 863/3092/863 864/3093/864 866/3095/866
f 864/2195/864 858/2191/858 876/2201/876
f 866/2196/866 879/2202/879 914/2204/914
f 867/9470/867 868/9471/868 871/9472/871
f 891/8955/891 889/8954/889 694/8956/694
f 694/7459/694 869/7460/869 891/7461/891
f 871/9472/871 868/9471/868 872/9473/872
f 873/2198/873 874/2199/874 859/2192/859
f 884/992/884 877/985/877 881/989/881
f 878/986/878 885/993/885 921/1006/921
f 1208/8299/1208 891/8296/891 696/8294/696
f 892/6128/892 897/6132/897 898/6133/898
f 894/6139/894 897/6140/897 893/6138/893
f 902/5139/902 905/5140/905 901/5138/901
f 922/4277/922 916/4274/916 919/4276/919
f 886/994/886 920/1005/920 921/1006/921
f 926/1030/926 923/1027/923 980/1031/980
f 928/5477/928 930/5478/930 934/5481/934
f 935/6368/935 937/6372/937 936/6369/936
f 936/5483/936 937/5484/937 933/5480/933
f 934/5489/934 937/5490/937 932/5488/932
f 781/7610/781 944/7616/944 943/7615/943
f 2698/7074/2698 2699/7075/2699 2595/7073/2595
f 989/4441/989 2704/4446/2704 2716/4449/2716
f 967/43/967 968/44/968 970/45/970
f 958/6400/958 972/6402/972 955/6399/955
f 972/6402/972 976/6405/976 955/6399/955
f 990/7893/990 985/7890/985 987/7892/987
f 990/6991/990 984/6987/984 986/6988/986
f 984/6987/984 987/6989/987 986/6988/986
f 987/7892/987 985/7890/985 986/7891/986
f 2715/6990/2715 990/6991/990 986/6988/986
f 984/6987/984 990/6991/990 982/6986/982
f 982/6986/982 2715/6992/2715 984/6987/984
f 2715/7888/2715 982/7886/982 985/7887/985
f 982/7879/982 986/7882/986 985/7881/985
f 990/7889/990 2715/7888/2715 985/7887/985
f 988/6406/988 955/6399/955 976/6405/976
f 955/7022/955 988/7027/988 956/7023/956
f 991/4442/991 2704/4446/2704 989/4441/989
f 993/2163/993 989/2160/989 2705/2166/2705
f 1006/3340/1006 1004/3339/1004 999/3338/999
f 911/3337/911 1004/3339/1004 1006/3340/1006
f 1034/3352/1034 1024/3347/1024 1028/3351/1028
f 1034/3355/1034 1027/3350/1027 1005/3346/1005
f 1005/6276/1005 1027/6278/1027 1024/6277/1024
f 1027/3356/1027 1039/3353/1039 1024/3347/1024
f 1037/969/1037 1044/973/1044 1040/971/1040
f 1041/955/1041 1014/954/1014 1043/957/1043
f 1072/975/1072 1045/974/1045 1044/973/1044
f 1050/1465/1050 1051/1466/1051 1052/1467/1052
f 2835/5819/2835 1070/5815/1070 1053/5811/1053
f 2822/599/2822 2094/585/2094 2093/584/2093
f 1072/959/1072 1044/958/1044 1043/957/1043
f 1065/244/1065 1056/248/1056 1067/246/1067
f 1056/248/1056 1068/247/1068 1067/246/1067
f 1068/247/1068 1066/245/1066 1067/246/1067
f 1056/242/1056 1057/243/1057 1066/245/1066
f 1057/243/1057 1067/246/1067 1066/245/1066
f 1069/6177/1069 1283/6167/1283 1286/6168/1286
f 1286/6168/1286 1020/6163/1020 1069/6177/1069
f 1073/3770/1073 1074/3771/1074 2835/3772/2835
f 2094/585/2094 1075/582/1075 2114/591/2114
f 1076/9474/1076 1077/9475/1077 868/9471/868
f 659/8911/659 1076/8912/1076 658/8910/658
f 1078/9484/1078 1082/9485/1082 1089/9489/1089
f 1083/9479/1083 1088/9481/1088 1086/9480/1086
f 1100/9446/1100 1098/9444/1098 1099/9445/1099
f 1104/9130/1104 1118/9131/1118 1103/9129/1103
f 1087/9338/1087 1090/9339/1090 1107/9340/1107
f 1120/9426/1120 1108/9419/1108 1113/9422/1113
f 1100/9417/1100 1112/9421/1112 1114/9423/1114
f 1118/8292/1118 1104/8290/1104 1105/8291/1105
f 1140/9107/1140 1163/9112/1163 1137/9104/1137
f 1139/9106/1139 1149/9108/1149 1138/9105/1138
f 1137/9104/1137 1138/9105/1138 1149/9108/1149
f 1149/8925/1149 1174/8927/1174 1137/8923/1137
f 1152/9437/1152 1143/9435/1143 1141/9434/1141
f 1181/8996/1181 1149/8989/1149 1148/8988/1148
f 1154/8344/1154 1153/8343/1153 1198/8345/1198
f 1159/7474/1159 1255/7479/1255 1156/7473/1156
f 1167/4400/1167 1162/4398/1162 1157/4397/1157
f 1164/2089/1164 1171/2091/1171 1172/2092/1172
f 1182/8997/1182 1179/8994/1179 1180/8995/1180
f 1179/8994/1179 1181/8996/1181 1180/8995/1180
f 1183/6061/1183 1294/6063/1294 1182/6060/1182
f 1192/8809/1192 1191/8808/1191 1193/8810/1193
f 1192/6055/1192 2354/6059/2354 1190/6054/1190
f 1191/8798/1191 1202/8799/1202 1203/8800/1203
f 868/9471/868 1077/9475/1077 1083/9476/1083
f 868/9471/868 1083/9476/1083 872/9473/872
f 1209/4195/1209 1208/4194/1208 1107/4192/1107
f 893/6107/893 1211/6116/1211 895/6109/895
f 1212/4197/1212 1106/4191/1106 1109/4193/1109
f 1238/5371/1238 1222/5370/1222 1221/5369/1221
f 1221/978/1221 908/963/908 1218/976/1218
f 1221/978/1221 1219/977/1219 1240/982/1240
f 1130/8356/1130 1131/8357/1131 1224/8359/1224
f 1232/2086/1232 1234/2088/1234 1233/2087/1233
f 1007/4384/1007 1241/4388/1241 1312/4391/1312
f 1247/5355/1247 1246/5354/1246 1042/5349/1042
f 1247/5355/1247 1249/5357/1249 1246/5354/1246
f 1292/6096/1292 1252/6094/1252 1254/6095/1254
f 1295/6097/1295 1252/6094/1252 1292/6096/1292
f 1256/2075/1256 1236/2074/1236 1258/2076/1258
f 1257/5389/1257 1261/5392/1261 1258/5390/1258
f 1273/5116/1273 1265/5115/1265 1305/5118/1305
f 1267/8133/1267 1261/8131/1261 1266/8132/1266
f 2334/5322/2334 1271/5320/1271 1268/5317/1268
f 1277/5394/1277 1278/5395/1278 1276/5393/1276
f 1284/4359/1284 1285/4360/1285 1282/4358/1282
f 1294/6068/1294 1300/6070/1300 1296/6069/1296
f 1296/9179/1296 1297/9180/1297 1294/9186/1294
f 1300/9182/1300 1295/9188/1295 1296/9179/1296
f 1295/9188/1295 1298/9181/1298 1296/9179/1296
f 1296/9179/1296 1298/9181/1298 1309/9184/1309
f 1310/7838/1310 1306/7837/1306 1304/7835/1304
f 1312/4391/1312 1246/4389/1246 1248/4390/1248
f 1312/961/1312 1313/962/1313 1041/955/1041
f 1317/6815/1317 1316/6814/1316 1341/6816/1341
f 1327/7979/1327 1328/7980/1328 1329/7981/1329
f 1344/8468/1344 1343/8467/1343 175/8449/175
f 1344/8215/1344 175/8214/175 1345/8216/1345
f 179/8230/179 1345/8231/1345 175/8229/175
f 1345/8469/1345 1362/8477/1362 1349/8473/1349
f 1342/8466/1342 1343/8467/1343 1346/8470/1346
f 1348/8472/1348 1369/8480/1369 1346/8470/1346
f 179/3230/179 180/3231/180 1358/3240/1358
f 1441/3227/1441 1359/3222/1359 1358/3221/1358
f 1370/8481/1370 1328/8458/1328 1369/8480/1369
f 1388/8494/1388 1386/8493/1386 1374/8485/1374
f 1372/8483/1372 1378/8489/1378 1376/8487/1376
f 1398/8500/1398 1375/8486/1375 1376/8487/1376
f 1383/5050/1383 1378/5047/1378 1382/5049/1382
f 1397/8499/1397 1396/8498/1396 1389/8495/1389
f 1401/8503/1401 1398/8500/1398 1403/8504/1403
f 1416/8512/1416 1406/8507/1406 1404/8505/1404
f 1409/8593/1409 1413/8596/1413 1412/8595/1412
f 1414/8560/1414 1427/8562/1427 1411/8559/1411
f 1418/8529/1418 1417/8528/1417 1421/8530/1421
f 1422/8517/1422 1427/8521/1427 1423/8518/1423
f 1421/8516/1421 1423/8518/1423 1420/8515/1420
f 1425/7992/1425 1423/7991/1423 1426/7993/1426
f 1427/8562/1427 1414/8560/1414 1428/8563/1428
f 1430/7986/1430 1429/7985/1429 1431/7987/1431
f 1505/932/1505 1442/930/1442 1506/933/1506
f 1444/781/1444 1449/785/1449 1446/783/1446
f 1455/1873/1455 1462/1875/1462 1447/1872/1447
f 1454/5285/1454 1452/5283/1452 1474/5286/1474
f 1460/790/1460 1458/788/1458 1459/789/1459
f 1461/1896/1461 1472/1899/1472 1469/1897/1469
f 1464/1884/1464 1471/1881/1471 1462/1875/1462
f 1465/1878/1465 1484/1882/1484 1471/1881/1471
f 1465/1878/1465 1466/1879/1466 1464/1877/1464
f 1448/5280/1448 1451/5282/1451 1474/5286/1474
f 1477/2895/1477 1485/2898/1485 1478/2896/1478
f 1484/2897/1484 1477/2895/1477 1486/2899/1486
f 1491/818/1491 1492/819/1492 1490/817/1490
f 1498/851/1498 1516/859/1516 1497/850/1497
f 1497/798/1497 1499/800/1499 1498/799/1498
f 1502/803/1502 1500/801/1500 1501/802/1501
f 1503/829/1503 1494/827/1494 1605/831/1605
f 1514/6010/1514 1508/6009/1508 1517/6011/1517
f 1512/8600/1512 1513/8601/1513 1514/8602/1514
f 1518/860/1518 1521/861/1521 1508/853/1508
f 1521/861/1521 1518/860/1518 1510/855/1510
f 1511/856/1511 1678/879/1678 1530/865/1530
f 1532/662/1532 1531/661/1531 1683/670/1683
f 1542/8622/1542 1545/8625/1545 1541/8621/1541
f 1852/8630/1852 1539/8619/1539 1544/8624/1544
f 1546/8626/1546 1545/8625/1545 1542/8622/1542
f 1561/866/1561 1562/867/1562 1507/852/1507
f 1483/3982/1483 1584/3986/1584 1569/3983/1569
f 1569/3983/1569 1583/3985/1583 1483/3982/1483
f 1583/3985/1583 1585/3987/1585 1483/3982/1483
f 1581/4093/1581 1573/4091/1573 1576/4092/1576
f 1585/2882/1585 1587/2884/1587 1613/2887/1613
f 1589/2886/1589 1588/2885/1588 1587/2884/1587
f 2862/3995/2862 2848/3991/2848 1603/3989/1603
f 1594/4996/1594 1596/4998/1596 1601/5002/1601
f 1593/4995/1593 1596/4998/1596 1594/4996/1594
f 1595/4997/1595 1597/5006/1597 1594/4996/1594
f 1595/4997/1595 2841/5005/2841 1597/5006/1597
f 1597/4999/1597 1603/5004/1603 1596/4998/1596
f 1603/5949/1603 1592/5951/1592 1579/5944/1579
f 1629/1715/1629 1607/1701/1607 1612/1704/1612
f 1612/837/1612 1611/836/1611 1625/841/1625
f 1613/2887/1613 1614/2888/1614 1490/2876/1490
f 1623/1712/1623 1618/1707/1618 1622/1711/1622
f 1626/1755/1626 1610/1751/1610 1612/1752/1612
f 1633/1718/1633 1619/1708/1619 1623/1712/1623
f 1627/1773/1627 1634/1777/1634 1631/1775/1631
f 1634/1777/1634 1623/1772/1623 2866/1782/2866
f 1630/1774/1630 1631/1775/1631 1698/1778/1698
f 1631/716/1631 1635/717/1635 1637/719/1637
f 1635/709/1635 2894/713/2894 1637/710/1637
f 1645/3956/1645 1640/3955/1640 1793/3957/1793
f 1657/6705/1657 2988/6706/2988 1653/6704/1653
f 2981/4811/2981 1665/4810/1665 1658/4808/1658
f 1665/135/1665 1827/146/1827 2989/164/2989
f 1674/2969/1674 1671/2966/1671 1667/2965/1667
f 1673/875/1673 1676/877/1676 1667/872/1667
f 1668/873/1668 1680/881/1680 1681/882/1681
f 1692/886/1692 1688/883/1688 1676/877/1676
f 1688/1862/1688 1706/1868/1706 1707/1869/1707
f 1785/696/1785 1694/677/1694 1691/675/1691
f 1609/835/1609 1675/844/1675 1608/834/1608
f 1710/3944/1710 1785/3945/1785 1707/3943/1707
f 1702/1864/1702 1704/1866/1704 1712/1870/1712
f 1715/1858/1715 1705/1856/1705 1704/1855/1704
f 1719/1659/1719 1733/1663/1733 1753/1666/1753
f 1722/2797/1722 1728/2798/1728 1720/2796/1720
f 1736/6733/1736 1735/6732/1735 1734/6731/1734
f 1740/1364/1740 1742/1369/1742 1749/1367/1749
f 1737/2544/1737 1742/2547/1742 1739/2545/1739
f 1753/1692/1753 1764/1693/1764 1730/1691/1730
f 1785/7685/1785 1730/7683/1730 1764/7684/1764
f 1765/1668/1765 1733/1663/1733 1766/1669/1766
f 1765/1668/1765 1777/1675/1777 1763/1667/1763
f 1770/612/1770 1771/613/1771 2146/624/2146
f 1762/688/1762 1768/693/1768 1772/694/1772
f 1774/1674/1774 1769/1672/1769 1777/1675/1777
f 1784/7695/1784 1781/7693/1781 1789/7696/1789
f 1781/7693/1781 1784/7695/1784 1783/7694/1783
f 1786/5917/1786 1787/5918/1787 1710/5916/1710
f 1790/1649/1790 1783/1648/1783 1792/1651/1792
f 1795/4941/1795 3072/4945/3072 3073/4946/3073
f 1638/1850/1638 2893/1861/2893 1717/1860/1717
f 1799/2792/1799 1801/2794/1801 1800/2793/1800
f 1795/4941/1795 3073/4946/3073 1796/4942/1796
f 1799/4928/1799 1797/4933/1797 1798/4927/1798
f 1798/4927/1798 1801/4930/1801 1799/4928/1799
f 1797/4933/1797 1799/4928/1799 1818/4934/1818
f 1802/5893/1802 1791/5891/1791 1801/5892/1801
f 1790/2618/1790 1803/2619/1803 1804/2620/1804
f 1805/3743/1805 1790/3747/1790 1806/3744/1806
f 1790/3747/1790 1804/3742/1804 1806/3744/1806
f 1804/3742/1804 1807/3745/1807 1806/3744/1806
f 1792/3750/1792 1805/3751/1805 1806/3752/1806
f 1792/3740/1792 1810/3746/1810 1807/3745/1807
f 1805/3749/1805 1792/3740/1792 1807/3745/1807
f 1809/1479/1809 1790/1476/1790 1808/1478/1808
f 1790/1476/1790 1810/1484/1810 1808/1478/1808
f 1812/1482/1812 2191/1483/2191 1790/1476/1790
f 1812/607/1812 1808/606/1808 2191/608/2191
f 1810/1480/1810 1809/1479/1809 1812/1486/1812
f 1792/139/1792 1813/142/1813 1812/141/1812
f 1811/1488/1811 1792/1487/1792 1812/1489/1812
f 2193/162/2193 2191/160/2191 1810/140/1810
f 1816/145/1816 1815/144/1815 1814/143/1814
f 1810/140/1810 1812/141/1812 2193/162/2193
f 1828/6726/1828 1830/6727/1830 1825/6725/1825
f 1830/5898/1830 1831/5899/1831 1816/5894/1816
f 1831/4920/1831 1830/4919/1830 1828/4918/1828
f 1835/8570/1835 1840/8574/1840 1839/8573/1839
f 1840/8574/1840 1843/8577/1843 1839/8573/1839
f 1840/8211/1840 1845/8213/1845 1844/8212/1844
f 1845/6823/1845 1847/6825/1847 1846/6824/1846
f 1842/8576/1842 1849/8580/1849 1847/8579/1847
f 1858/8588/1858 1847/8579/1847 1849/8580/1849
f 1853/8584/1853 1856/8586/1856 1859/8589/1859
f 1854/8585/1854 1861/8591/1861 1863/8592/1863
f 1856/8586/1856 1853/8584/1853 1849/8580/1849
f 1865/7386/1865 1870/7391/1870 1867/7388/1867
f 1876/7397/1876 1874/7395/1874 1878/7399/1878
f 1893/5405/1893 2066/5407/2066 1891/5403/1891
f 1892/4417/1892 1893/4418/1893 1890/4416/1890
f 1890/3193/1890 2072/3202/2072 1892/3194/1892
f 1894/3258/1894 2358/3269/2358 2274/3264/2274
f 1895/7997/1895 1903/8000/1903 1902/7999/1902
f 1905/23/1905 2148/29/2148 1912/26/1912
f 1910/7361/1910 1909/7360/1909 1907/7358/1907
f 2146/2008/2146 1895/2004/1895 1908/2006/1908
f 1907/24/1907 1911/25/1911 1913/27/1913
f 1905/23/1905 1912/26/1912 1911/25/1911
f 1910/7361/1910 1915/7364/1915 1909/7360/1909
f 2361/7366/2361 1915/7364/1915 1916/7365/1916
f 1921/8750/1921 1922/8751/1922 1927/8754/1927
f 1934/7432/1934 1932/7431/1932 1931/7430/1931
f 1949/8766/1949 1943/8762/1943 1937/8758/1937
f 1946/223/1946 1918/216/1918 1940/221/1940
f 1918/216/1918 1941/222/1941 1925/218/1925
f 1924/8752/1924 1928/8755/1928 1942/8761/1942
f 1942/8761/1942 1928/8755/1928 1943/8762/1943
f 1944/8763/1944 1942/8761/1942 1943/8762/1943
f 1948/1955/1948 1947/1954/1947 2179/1956/2179
f 1951/8768/1951 1950/8767/1950 2316/8772/2316
f 2000/1504/2000 1998/1503/1998 1956/1498/1956
f 2000/3787/2000 1958/3784/1958 1953/3783/1953
f 1961/2563/1961 1960/2562/1960 3168/2578/3168
f 1972/528/1972 1970/527/1970 3153/530/3153
f 1974/2568/1974 1984/2572/1984 1987/2575/1987
f 1974/438/1974 1978/442/1978 1975/439/1975
f 1985/2573/1985 1986/2574/1986 1988/2576/1988
f 2981/1512/2981 1986/1511/1986 1984/1510/1984
f 2002/477/2002 1956/474/1956 1996/475/1996
f 2000/3780/2000 1999/3779/1999 1982/3778/1982
f 2000/3780/2000 1955/3774/1955 1999/3779/1999
f 2003/450/2003 1967/447/1967 3148/455/3148
f 3148/455/3148 3172/456/3172 2003/450/2003
f 1015/7872/1015 2022/7873/2022 2019/7870/2019
f 1015/6161/1015 2106/6174/2106 2104/6173/2104
f 2106/2039/2106 1015/2036/1015 2025/2037/2025
f 2105/2030/2105 2104/2029/2104 2025/2028/2025
f 1015/2036/1015 2105/2038/2105 2025/2037/2025
f 1015/7865/1015 2024/7867/2024 2105/7868/2105
f 2105/7868/2105 2024/7867/2024 2107/7869/2107
f 2106/5222/2106 2107/5223/2107 2104/5221/2104
f 2026/5218/2026 2023/5217/2023 2029/5220/2029
f 2043/4420/2043 2208/4431/2208 2053/4422/2053
f 2055/6/2055 2048/4/2048 2045/2/2045
f 2056/7/2056 2055/6/2055 2127/12/2127
f 2051/2661/2051 2045/2656/2045 2048/2658/2048
f 2049/2659/2049 2051/2661/2051 2041/2655/2041
f 2056/2131/2056 2052/2130/2052 2079/2132/2079
f 2060/6266/2060 2062/6268/2062 2057/6265/2057
f 2074/6259/2074 2034/6256/2034 2065/6262/2065
f 2063/6205/2063 2037/6204/2037 2071/6207/2071
f 1935/2101/1935 2073/2107/2073 2068/2105/2068
f 2075/5422/2075 2139/5423/2139 2030/5420/2030
f 2078/5417/2078 2077/5416/2077 2076/5415/2076
f 2083/2111/2083 2078/2108/2078 2080/2109/2080
f 2083/2111/2083 2142/2115/2142 2078/2108/2078
f 2086/7536/2086 2104/7537/2104 1050/7535/1050
f 2091/8382/2091 2088/8377/2088 2089/8378/2089
f 2086/8136/2086 2090/8135/2090 2088/8134/2088
f 2013/6169/2013 2014/6170/2014 1050/6164/1050
f 2133/1442/2133 3204/1443/3204 2100/1441/2100
f 3209/600/3209 2103/589/2103 2134/597/2134
f 2140/5247/2140 2141/5248/2141 2110/5240/2110
f 2113/5234/2113 2114/5235/2114 2116/5236/2116
f 2101/588/2101 2095/586/2095 2118/595/2118
f 2045/2/2045 2119/8/2119 2125/11/2125
f 1997/2647/1997 2123/2651/2123 2120/2650/2120
f 2009/2633/2009 2131/2638/2131 2121/2636/2121
f 2138/5245/2138 2141/5248/2141 2128/5243/2128
f 2133/16/2133 2136/17/2136 2130/15/2130
f 2143/4324/2143 2124/4320/2124 2142/4323/2142
f 2153/631/2153 2150/628/2150 2151/629/2151
f 2184/637/2184 2153/631/2153 2151/629/2151
f 2159/224/2159 2202/234/2202 1906/215/1906
f 2159/224/2159 1906/215/1906 1926/219/1926
f 2172/1975/2172 2173/1976/2173 2178/1980/2178
f 2232/1989/2232 2177/1979/2177 2181/1983/2181
f 2183/155/2183 2186/158/2186 2184/156/2184
f 2201/233/2201 2189/231/2189 2198/232/2198
f 1955/648/1955 2167/649/2167 2200/650/2200
f 2205/511/2205 2163/504/2163 2158/501/2158
f 2203/942/2203 2054/940/2054 2208/944/2208
f 2206/907/2206 2210/909/2210 2212/910/2212
f 2229/1938/2229 2221/1936/2221 2223/1937/2223
f 2230/5027/2230 2221/5029/2221 2224/5025/2224
f 2225/5026/2225 2224/5025/2224 2221/5029/2221
f 2225/5036/2225 2230/5037/2230 2223/5035/2223
f 2227/2122/2227 2085/2113/2085 2226/2121/2226
f 2085/3293/2085 2229/3296/2229 2238/3297/2238
f 1948/1972/1948 2235/1991/2235 2233/1990/2233
f 2240/8672/2240 2244/8676/2244 2243/8675/2243
f 2267/8849/2267 2242/8847/2242 2268/8850/2268
f 1192/8809/1192 1193/8810/1193 2246/8815/2246
f 2252/8817/2252 2251/8816/2251 1193/8810/1193
f 2253/8818/2253 2246/8815/2246 2263/8825/2263
f 2277/8856/2277 2268/8850/2268 2253/8848/2253
f 2250/6040/2250 2242/6039/2242 2254/6041/2254
f 2255/4177/2255 2256/4178/2256 2253/4176/2253
f 2262/8824/2262 2258/8820/2258 2261/8823/2261
f 2265/8827/2265 2257/8819/2257 2263/8825/2263
f 2275/8854/2275 2269/8851/2269 2286/8859/2286
f 2310/8870/2310 2297/8864/2297 2286/8859/2286
f 2285/8841/2285 2284/8840/2284 2287/8842/2287
f 1932/8240/1932 2294/8241/2294 2295/8242/2295
f 2360/3270/2360 2294/3265/2294 1936/3260/1936
f 2299/8866/2299 2298/8865/2298 2296/8863/2296
f 2300/8867/2300 2298/8865/2298 2299/8866/2299
f 2300/8770/2300 1950/8767/1950 1938/8759/1938
f 2319/8775/2319 2300/8770/2300 2299/8769/2299
f 2317/8773/2317 2316/8772/2316 2315/8771/2315
f 2317/8875/2317 2315/8874/2315 2321/8876/2321
f 2300/7749/2300 1938/7747/1938 1939/7748/1939
f 2337/6085/2337 2355/6086/2355 2239/6084/2239
f 2342/3252/2342 2343/3253/2343 2338/3249/2338
f 2348/5304/2348 2347/5303/2347 2346/5302/2346
f 2340/3266/2340 2341/3267/2341 2270/3261/2270
f 1894/3258/1894 2274/3264/2274 2360/3270/2360
f 2364/7369/2364 2365/7370/2365 2361/7366/2361
f 2363/7368/2363 2361/7366/2361 2365/7370/2365
f 1919/3018/1919 2407/3025/2407 2375/3024/2375
f 2379/8780/2379 1947/8765/1947 2383/8782/2383
f 2384/8783/2384 2381/8781/2381 2390/8788/2390
f 2392/8028/2392 2393/8029/2393 2394/8030/2394
f 2411/1966/2411 2410/1965/2410 2409/1964/2409
f 2411/1966/2411 2409/1964/2409 2408/1963/2408
f 240/1243/240 2413/1255/2413 2414/1256/2414
f 2415/1257/2415 240/1243/240 2414/1256/2414
f 2416/1258/2416 2421/1260/2421 2417/1259/2417
f 2422/2376/2422 2446/2380/2446 2455/2385/2455
f 2439/1174/2439 539/1166/539 541/1168/541
f 2444/300/2444 2441/299/2441 2611/312/2611
f 2448/2381/2448 2452/2383/2452 2446/2380/2446
f 2455/2385/2455 2446/2380/2446 2452/2383/2452
f 2448/2381/2448 2459/2388/2459 2452/2383/2452
f 2457/2387/2457 2455/2385/2455 2456/2386/2456
f 2461/176/2461 2456/171/2456 2459/174/2459
f 2472/1325/2472 2442/1322/2442 2441/1321/2441
f 2475/5976/2475 2844/5980/2844 2480/5977/2480
f 2479/185/2479 2471/184/2471 2844/186/2844
f 2480/1791/2480 2844/1793/2844 2471/1794/2471
f 2468/2513/2468 2474/2517/2474 2476/2518/2476
f 2500/4055/2500 2481/4051/2481 2478/4050/2478
f 2868/4063/2868 2481/4051/2481 2520/4060/2520
f 2520/4060/2520 2492/4054/2492 2868/4063/2868
f 2484/5953/2484 2487/5956/2487 2482/5952/2482
f 2487/5010/2487 2485/5007/2485 2869/5009/2869
f 2520/4060/2520 2513/4059/2513 2492/4054/2492
f 2444/300/2444 2496/302/2496 2494/301/2494
f 2506/2938/2506 2501/2935/2501 2499/2933/2499
f 2520/4060/2520 2481/4051/2481 2501/4056/2501
f 2520/4060/2520 2531/4062/2531 2507/4058/2507
f 2514/8200/2514 2510/8194/2510 2511/8195/2511
f 2522/745/2522 2528/750/2528 2525/748/2525
f 2528/750/2528 2652/757/2652 2535/755/2535
f 2522/1799/2522 2530/1801/2530 2529/1800/2529
f 2656/1836/2656 2521/1835/2521 2897/1837/2897
f 2430/1101/2430 2540/1102/2540 2541/1103/2541
f 2540/2471/2540 2542/2472/2542 2543/2473/2543
f 2546/5544/2546 2547/5545/2547 2545/5543/2545
f 2438/298/2438 2549/307/2549 2441/299/2441
f 2551/7094/2551 2548/7093/2548 2553/7095/2553
f 2558/8429/2558 2550/8428/2550 2545/8432/2545
f 2570/8430/2570 2550/8428/2550 2558/8429/2558
f 2560/7595/2560 2561/7596/2561 2567/7599/2567
f 2560/6454/2560 2566/6455/2566 2546/6452/2546
f 2564/7902/2564 2569/7905/2569 2572/7909/2572
f 2559/7898/2559 2558/7897/2558 2572/7900/2572
f 2592/2278/2592 2580/2276/2580 2591/2277/2591
f 2582/6438/2582 2577/6436/2577 2580/6437/2580
f 2584/7108/2584 2580/7107/2580 2585/7109/2585
f 2585/7114/2585 2591/7119/2591 2586/7115/2586
f 2604/2356/2604 2593/2355/2593 2583/2354/2583
f 2597/3585/2597 2600/3586/2600 2602/3587/2602
f 2622/5670/2622 2614/5667/2614 2616/5668/2616
f 2626/5534/2626 2627/5535/2627 2625/5533/2625
f 2630/4550/2630 2701/4555/2701 2709/4556/2709
f 2502/206/2502 2496/203/2496 2636/211/2636
f 2497/3556/2497 2636/3560/2636 2643/3562/2643
f 2654/2272/2654 2640/2270/2640 2641/2271/2641
f 2648/3406/2648 2641/3404/2641 2649/3407/2649
f 2648/3406/2648 2655/3411/2655 2654/3410/2654
f 2650/4563/2650 2659/4565/2659 2658/4564/2658
f 2663/7176/2663 2662/7175/2662 2655/7174/2655
f 2659/7164/2659 2664/7167/2664 2666/7169/2666
f 2653/1630/2653 2688/1632/2688 2664/1631/2664
f 2675/3487/2675 2670/3485/2670 2682/3489/2682
f 3080/4834/3080 2687/4829/2687 2690/4831/2690
f 2690/4831/2690 2692/4833/2692 3082/4835/3082
f 2692/340/2692 2681/336/2681 2693/341/2693
f 2695/3318/2695 832/3314/832 2694/3317/2694
f 2696/3319/2696 786/3309/786 2694/3317/2694
f 2713/7031/2713 2711/7030/2711 2710/7029/2710
f 2711/7030/2711 2713/7031/2713 2716/7032/2716
f 2715/2186/2715 2714/2185/2714 981/2182/981
f 2718/2156/2718 2713/2152/2713 3225/2157/3225
f 2713/2152/2713 2712/2158/2712 3225/2157/3225
f 2712/2158/2712 2716/2159/2716 3225/2157/3225
f 2716/2159/2716 2717/2155/2717 3225/2157/3225
f 2717/2155/2717 2718/2156/2718 3225/2157/3225
f 2715/2153/2715 2718/2156/2718 2712/2151/2712
f 2718/2156/2718 2717/2155/2717 2712/2151/2712
f 2705/5564/2705 989/5561/989 2720/5570/2720
f 1030/2177/1030 2725/2179/2725 2726/2180/2726
f 2808/3458/2808 2725/3457/2725 1030/3453/1030
f 2730/3467/2730 2728/3465/2728 2729/3466/2729
f 2722/3463/2722 2728/3465/2728 2730/3467/2730
f 2707/5566/2707 2733/5577/2733 2705/5564/2705
f 2757/5590/2757 2735/5579/2735 2759/5591/2759
f 2751/2697/2751 3158/2701/3158 2750/2696/2750
f 2753/1082/2753 2755/1084/2755 2756/1085/2756
f 2798/5611/2798 2795/5608/2795 2756/5603/2756
f 2763/5623/2763 2757/5619/2757 2762/5622/2762
f 2769/6580/2769 2768/6579/2768 2784/6583/2784
f 2784/1335/2784 2768/1334/2768 2764/1333/2764
f 2760/5631/2760 2782/5633/2782 2778/5632/2778
f 2739/5432/2739 3173/5436/3173 2773/5433/2773
f 2776/5435/2776 2774/5434/2774 2739/5441/2739
f 2774/3364/2774 3176/3365/3176 2739/3363/2739
f 2777/324/2777 2780/325/2780 2788/328/2788
f 2762/5622/2762 2760/5620/2760 2779/5625/2779
f 2786/1574/2786 2787/1575/2787 2837/1576/2837
f 2792/6460/2792 2760/6459/2760 3226/6461/3226
f 2760/7146/2760 2746/7145/2746 3226/7147/3226
f 2746/7148/2746 2761/7149/2761 3226/7150/3226
f 2761/7140/2761 2793/7142/2793 3226/7143/3226
f 2793/7136/2793 2792/7135/2792 3226/7138/3226
f 2761/5604/2761 2795/5608/2795 2796/5609/2796
f 2751/1516/2751 2750/1515/2750 2742/1514/2742
f 2801/2622/2801 2833/2624/2833 3193/2625/3193
f 2801/1043/2801 2800/1042/2800 2804/1044/2804
f 2808/3458/2808 1032/3454/1032 2810/3460/2810
f 2816/3437/2816 2817/3438/2817 2826/3442/2826
f 2820/598/2820 1054/581/1054 2822/599/2822
f 2826/3442/2826 2817/3438/2817 2828/3444/2828
f 3197/3763/3197 2819/3762/2819 3211/3764/3211
f 3211/467/3211 3140/464/3140 3162/465/3162
f 2832/2623/2832 3193/2625/3193 2833/2624/2833
f 261/2839/261 2427/2843/2427 2838/2845/2838
f 2841/5979/2841 2844/5980/2844 2855/5981/2855
f 2845/2907/2845 1578/2910/1578 2849/2908/2849
f 2853/741/2853 2839/739/2839 2852/740/2852
f 2857/2918/2857 2859/2919/2859 2863/2920/2863
f 2865/4028/2865 2864/4027/2864 2862/4026/2862
f 2862/5924/2862 2863/5925/2863 2865/5926/2865
f 2864/1781/2864 1604/1771/1604 2866/1782/2866
f 2857/2915/2857 2863/2917/2863 2862/2916/2862
f 2873/1817/2873 2479/1807/2479 2868/1815/2868
f 2872/6755/2872 2870/6753/2870 2871/6754/2871
f 2879/6760/2879 2867/6752/2867 2870/6753/2870
f 2870/6753/2870 2860/6761/2860 2879/6760/2879
f 2879/2914/2879 2871/2913/2871 2867/2912/2867
f 2871/6754/2871 2879/6757/2879 2872/6755/2872
f 2879/6757/2879 2877/6756/2877 2872/6755/2872
f 2943/4016/2943 2882/4011/2882 2885/4013/2885
f 2889/730/2889 2891/731/2891 2896/735/2896
f 2965/703/2965 2896/702/2896 2895/701/2895
f 2517/1834/2517 2513/1833/2513 2897/1837/2897
f 2906/3833/2906 2902/3830/2902 2903/3831/2903
f 2901/4845/2901 2906/4843/2906 3037/4844/3037
f 2907/3823/2907 3033/3825/3033 3032/3824/3032
f 2924/1552/2924 2995/1554/2995 2909/1547/2909
f 2909/1547/2909 2911/1548/2911 2924/1552/2924
f 2916/5857/2916 3037/5859/3037 2920/5858/2920
f 2940/1621/2940 2967/1622/2967 2939/1620/2939
f 2951/3866/2951 2950/3865/2950 2954/3868/2954
f 2950/3871/2950 2951/3872/2951 2953/3873/2953
f 2951/3857/2951 2992/3862/2992 2957/3859/2957
f 2956/3858/2956 2957/3859/2957 2959/3860/2959
f 2958/4877/2958 2959/4878/2959 2962/4879/2962
f 2944/5870/2944 2962/5871/2962 2963/5872/2963
f 2975/7293/2975 1647/7287/1647 1649/7289/1649
f 2972/7272/2972 2968/7269/2968 2971/7271/2971
f 2968/7283/2968 2983/7286/2983 2969/7284/2969
f 2979/4857/2979 2968/4852/2968 2972/4853/2972
f 2980/2724/2980 2982/2725/2982 2979/2723/2979
f 2990/4909/2990 2991/4910/2991 2989/4908/2989
f 2997/1618/2997 2998/1619/2998 2984/1613/2984
f 2966/3861/2966 2993/3863/2993 2996/3864/2996
f 2998/1619/2998 2996/1617/2996 2984/1613/2984
f 2999/7333/2999 3000/7334/3000 2899/7332/2899
f 3007/7934/3007 3008/7935/3008 3013/7939/3013
f 3012/7938/3012 3007/7934/3007 3013/7939/3013
f 3030/4795/3030 3014/4792/3014 3015/4793/3015
f 3016/4794/3016 3003/4791/3003 3014/4792/3014
f 3015/4793/3015 3031/4796/3031 3033/4797/3033
f 3031/2678/3031 3014/2677/3014 3033/2679/3033
f 3016/4794/3016 3014/4792/3014 3031/4798/3031
f 3033/5829/3033 3013/5825/3013 3016/5827/3016
f 3019/3892/3019 3024/3893/3024 3017/3890/3017
f 3033/3906/3033 3018/3903/3018 3024/3904/3024
f 3019/3878/3019 3035/3883/3035 3020/3879/3020
f 2884/1823/2884 2876/1820/2876 3026/1828/3026
f 3029/1769/3029 2898/1764/2898 3027/1767/3027
f 3031/3905/3031 3039/3907/3039 3024/3904/3024
f 3025/762/3025 3031/763/3031 3036/764/3036
f 2907/3823/2907 3036/3826/3036 3033/3825/3033
f 3038/3896/3038 3047/3899/3047 3057/3900/3057
f 2656/2746/2656 3042/2752/3042 3041/2751/3041
f 3042/2752/3042 2657/2747/2657 2666/2749/2666
f 3046/2763/3046 3043/2762/3043 3081/2769/3081
f 3055/7945/3055 3052/7943/3052 3053/7944/3053
f 3059/4891/3059 2914/4892/2914 3052/4890/3052
f 3055/7945/3055 3059/7947/3059 3052/7943/3052
f 3048/7940/3048 3055/7948/3055 3051/7942/3051
f 3175/3843/3175 3061/3840/3061 3063/3841/3063
f 3059/1581/3059 3061/1583/3061 3060/1582/3060
f 3056/1579/3056 2679/1566/2679 2686/1573/2686
f 3047/2764/3047 3081/2769/3081 3062/2765/3062
f 3066/2766/3066 3062/2765/3062 3068/2767/3068
f 3066/3901/3066 3057/3900/3057 3047/3899/3047
f 3047/2764/3047 3062/2765/3062 3066/2766/3066
f 3068/1588/3068 3067/1586/3067 3063/1584/3063
f 3068/350/3068 3058/347/3058 3066/349/3066
f 3069/1587/3069 3067/1586/3067 3068/1588/3068
f 3029/1740/3029 3045/1741/3045 3071/1743/3071
f 3082/2770/3082 3081/2769/3081 3080/2768/3080
f 3082/4835/3082 2692/4833/2692 3085/4837/3085
f 3090/4840/3090 3088/4839/3088 3083/4836/3083
f 3094/2774/3094 3089/2773/3089 3087/2771/3087
f 3088/3809/3088 3090/3810/3090 3094/3811/3094
f 3113/6607/3113 3100/6605/3100 3099/6604/3099
f 3098/3797/3098 3101/3798/3101 3102/3799/3102
f 3124/2707/3124 3115/2706/3115 3098/2704/3098
f 3096/1049/3096 2980/1048/2980 2910/1047/2910
f 3111/7262/3111 3101/7264/3101 3110/7261/3110
f 3115/6596/3115 3102/6603/3102 3101/6593/3101
f 3122/2686/3122 2741/2683/2741 3119/2691/3119
f 3124/2688/3124 3125/2689/3125 3122/2686/3122
f 3146/4755/3146 3150/4756/3150 3143/4754/3143
f 3146/4752/3146 3143/4751/3143 3101/4753/3101
f 3147/536/3147 3155/538/3155 3153/537/3153
f 3205/524/3205 1973/519/1973 3155/521/3155
f 3123/2687/3123 3160/2690/3160 3124/2688/3124
f 3123/2700/3123 3158/2701/3158 3160/2702/3160
f 3165/4766/3165 3211/4768/3211 3162/4765/3162
f 3163/1455/3163 3156/1453/3156 3157/1454/3157
f 3164/4782/3164 2801/4773/2801 3165/4783/3165
f 3152/3737/3152 3167/3738/3167 3151/3736/3151
f 3167/2600/3167 3160/2598/3160 3161/2599/3161
f 3152/2597/3152 3160/2598/3160 3167/2600/3167
f 2981/4816/2981 2980/4815/2980 3108/4821/3108
f 3109/1521/3109 3169/1523/3169 3168/1522/3168
f 3176/3358/3176 3177/3359/3177 2742/3357/2742
f 3173/5451/3173 2742/5446/2742 3177/5455/3177
f 2742/5446/2742 3173/5451/3173 3192/5453/3192
f 3179/7572/3179 2781/7562/2781 2782/7563/2782
f 3186/7569/3186 3179/7571/3179 3180/7564/3180
f 3183/7566/3183 3186/7569/3186 3180/7564/3180
f 2762/3372/2762 3179/3373/3179 3186/3374/3186
f 3185/6297/3185 3183/6296/3183 3182/6295/3182
f 3185/6297/3185 3186/6298/3186 3183/6296/3183
f 3184/7567/3184 3182/7565/3182 3183/7566/3183
f 3187/1070/3187 3192/1072/3192 3186/1069/3186
f 3188/1060/3188 3065/1056/3065 3189/1061/3189
f 2789/1055/2789 3189/1061/3189 2788/1054/2788
f 3191/1071/3191 3196/1075/3196 3186/1069/3186
f 3192/5453/3192 2800/5449/2800 2801/5450/2801
f 3140/464/3140 3213/469/3213 3215/470/3215
f 3202/554/3202 3215/561/3215 3203/555/3203
f 3205/524/3205 3156/522/3156 3215/525/3215
f 3210/544/3210 3208/543/3208 3215/548/3215
f 2103/553/2103 3206/558/3206 3207/559/3207
f 3208/560/3208 3207/559/3207 3203/555/3203
f 3193/4767/3193 3212/4769/3212 3165/4766/3165
f 23/9166/23 21/9165/21 25/9168/25
f 25/9356/25 279/9371/279 24/9396/24
f 276/9368/276 24/9396/24 279/9371/279
f 279/9291/279 25/9279/25 17/9278/17
f 31/9283/31 39/9286/39 33/9285/33
f 26/9280/26 41/9287/41 302/9292/302
f 37/8277/37 28/8276/28 45/8278/45
f 46/9065/46 45/9064/45 34/9061/34
f 48/9067/48 46/9065/46 51/9069/51
f 51/9072/51 52/9073/52 55/9074/55
f 53/9244/53 54/9245/54 47/9243/47
f 47/9243/47 55/9246/55 53/9244/53
f 61/9544/61 59/9542/59 69/9546/69
f 66/8686/66 63/8683/63 65/8685/65
f 89/9551/89 72/9548/72 88/9550/88
f 91/9563/91 89/9561/89 90/9562/90
f 98/9233/98 99/9234/99 107/9237/107
f 107/9590/107 97/9588/97 110/9593/110
f 130/9160/130 131/9161/131 133/9162/133
f 125/9601/125 129/9604/129 126/9602/126
f 136/9605/136 138/9607/138 137/9606/137
f 109/9410/109 111/9411/111 139/9412/139
f 139/9608/139 111/9594/111 140/9609/140
f 144/3035/144 143/3034/143 178/3038/178
f 342/4667/342 148/4665/148 150/4666/150
f 159/5707/159 154/5703/154 156/5704/156
f 156/5710/156 154/5709/154 157/5711/157
f 160/5712/160 156/5710/156 157/5711/157
f 156/7207/156 160/7212/160 342/7211/342
f 162/8440/162 164/8442/164 163/8441/163
f 179/8451/179 176/8450/176 180/8452/180
f 211/3233/211 180/3231/180 182/3232/182
f 149/4650/149 150/4651/150 184/4654/184
f 184/4654/184 150/4651/150 151/4652/151
f 222/2414/222 183/2412/183 186/2413/186
f 495/1235/495 190/1236/190 189/1217/189
f 494/6523/494 485/6520/485 187/6517/187
f 198/4121/198 192/4119/192 200/4122/200
f 203/2994/203 199/2993/199 192/2992/192
f 182/2057/182 181/2056/181 191/2058/191
f 1440/6228/1440 214/6231/214 216/6224/216
f 215/6223/215 1440/6228/1440 216/6224/216
f 494/4688/494 220/4686/220 223/4687/223
f 224/1227/224 495/1235/495 189/1217/189
f 220/1224/220 495/1235/495 224/1227/224
f 224/1227/224 189/1217/189 223/1226/223
f 190/1218/190 224/1227/224 223/1226/223
f 234/5730/234 188/5727/188 232/5728/232
f 515/3592/515 233/3589/233 381/3591/381
f 239/4683/239 250/4684/250 238/4682/238
f 247/2833/247 245/2831/245 244/2830/244
f 266/8976/266 58/8974/58 264/8975/264
f 277/9369/277 270/9362/270 24/9355/24
f 276/9368/276 279/9371/279 278/9370/278
f 278/9370/278 283/9375/283 281/9373/281
f 275/9367/275 295/9383/295 294/9382/294
f 347/4183/347 294/4179/294 343/4186/343
f 306/9255/306 310/9257/310 316/9261/316
f 312/9259/312 316/9261/316 310/9257/310
f 677/9526/677 313/9524/313 675/9525/675
f 326/9263/326 315/9260/315 317/9262/317
f 315/9391/315 326/9394/326 314/9390/314
f 317/8073/317 409/8075/409 326/8074/326
f 314/9390/314 318/9392/318 300/9387/300
f 319/8318/319 318/8327/318 327/8322/327
f 332/411/332 324/406/324 325/407/325
f 336/7777/336 335/7776/335 337/7778/337
f 141/2983/141 140/2982/140 112/2981/112
f 343/3672/343 349/3673/349 354/3675/354
f 349/3687/349 343/3685/343 359/3688/359
f 292/9085/292 345/9086/345 288/9084/288
f 345/4182/345 347/4183/347 343/4186/343
f 288/3049/288 345/3051/345 343/3050/343
f 343/3685/343 348/3686/348 359/3688/359
f 350/3626/350 379/3629/379 356/3627/356
f 353/2415/353 355/2417/355 354/2416/354
f 358/3676/358 350/3674/350 354/3675/354
f 497/4185/497 348/4184/348 299/4181/299
f 370/3690/370 359/3688/359 360/3689/360
f 497/1292/497 370/1291/370 361/1290/361
f 385/1273/385 369/1269/369 367/1268/367
f 385/3632/385 420/3636/420 396/3633/396
f 424/6538/424 376/6535/376 375/6534/375
f 380/5724/380 379/5723/379 377/5722/377
f 232/5718/232 356/5721/356 233/5726/233
f 394/4634/394 517/4638/517 383/4631/383
f 393/4633/393 394/4634/394 383/4631/383
f 396/1276/396 397/1277/397 395/1275/395
f 312/9349/312 433/9352/433 316/9350/316
f 410/8331/410 409/8330/409 408/8329/408
f 326/8328/326 409/8330/409 417/8333/417
f 415/7809/415 414/7808/414 555/7810/555
f 558/3662/558 422/3657/422 423/3658/423
f 418/8334/418 414/8332/414 417/8333/417
f 425/2441/425 419/2439/419 412/2437/412
f 427/7218/427 423/7217/423 431/7222/431
f 563/7227/563 432/7228/432 450/7224/450
f 426/5775/426 428/5772/428 562/5774/562
f 431/4724/431 430/4723/430 426/4722/426
f 426/2442/426 430/2443/430 455/2446/455
f 443/1120/443 442/1119/442 441/1118/441
f 459/1127/459 429/1110/429 447/1124/447
f 429/7220/429 450/7224/450 432/7228/432
f 429/1110/429 449/1126/449 446/1123/446
f 450/4705/450 429/4704/429 459/4708/459
f 747/7016/747 451/7015/451 446/7014/446
f 452/7585/452 451/7584/451 453/7586/453
f 462/1282/462 464/1283/464 465/1284/465
f 480/1918/480 141/1916/141 341/1917/341
f 481/4681/481 482/4679/482 480/4678/480
f 487/6500/487 483/6504/483 490/6506/490
f 488/6514/488 485/6512/485 490/6515/490
f 485/6508/485 486/6509/486 490/6511/490
f 486/6509/486 487/6510/487 490/6511/490
f 486/6499/486 484/6497/484 487/6507/487
f 484/6497/484 485/6498/485 487/6507/487
f 485/6512/485 488/6514/488 487/6513/487
f 488/6501/488 484/6497/484 486/6499/486
f 483/6504/483 487/6500/487 488/6501/488
f 483/6504/483 488/6501/488 486/6499/486
f 483/6504/483 486/6499/486 485/6505/485
f 489/3619/489 483/3618/483 480/3617/480
f 490/5717/490 489/5716/489 480/5714/480
f 490/5717/490 480/5714/480 484/5715/484
f 492/2421/492 485/2419/485 484/2418/484
f 504/4138/504 496/4130/496 497/4131/497
f 498/4144/498 501/4147/501 500/4146/500
f 513/57/513 508/58/508 509/53/509
f 381/4630/381 517/4638/517 514/4635/514
f 523/4640/523 519/4639/519 517/4638/517
f 518/1154/518 516/1153/516 519/1155/519
f 518/1154/518 519/1155/519 524/1158/524
f 521/1156/521 515/1152/515 516/1153/516
f 518/1154/518 521/1156/521 516/1153/516
f 538/2363/538 527/2358/527 526/2357/526
f 573/3641/573 536/3639/536 572/3640/572
f 529/1161/529 533/1163/533 528/1160/528
f 530/5682/530 528/5680/528 525/5679/525
f 530/5682/530 525/5679/525 529/5681/529
f 535/2459/535 574/2462/574 537/2461/537
f 2439/1174/2439 534/1164/534 539/1166/539
f 558/3662/558 556/3660/556 414/3654/414
f 416/2488/416 555/2491/555 557/2493/557
f 560/2479/560 426/2476/426 427/2477/427
f 468/2250/468 470/2252/470 580/2256/580
f 579/6390/579 586/6392/586 580/6391/580
f 586/6392/586 467/6388/467 580/6391/580
f 586/6392/586 579/6390/579 468/6389/468
f 579/2255/579 467/2249/467 470/2252/470
f 586/2259/586 470/2252/470 467/2249/467
f 470/2252/470 582/2258/582 602/2261/602
f 935/6380/935 593/6377/593 927/6378/927
f 595/6309/595 597/6311/597 587/6313/587
f 597/6311/597 595/6309/595 596/6310/596
f 606/7054/606 2579/7056/2579 585/7051/585
f 624/9046/624 616/9038/616 613/9035/613
f 615/9037/615 626/9048/626 613/9035/613
f 611/8273/611 612/8274/612 627/8275/627
f 614/9036/614 613/9035/613 616/9038/616
f 57/9075/57 52/9073/52 611/9076/611
f 57/9248/57 611/9268/611 627/9269/627
f 642/9447/642 651/9448/651 691/9464/691
f 1076/8701/1076 661/8699/661 662/8700/662
f 676/9519/676 675/9518/675 672/9517/672
f 676/4231/676 679/4233/679 678/4232/678
f 681/8690/681 718/8692/718 704/8691/704
f 857/9121/857 873/9122/873 690/9120/690
f 674/4230/674 700/4237/700 679/4233/679
f 703/4238/703 732/4257/732 700/4237/700
f 617/4208/617 706/4212/706 705/4211/705
f 632/5158/632 704/5159/704 708/5161/708
f 683/5177/683 704/5178/704 682/5176/682
f 749/3099/749 725/3098/725 723/3097/723
f 723/5211/723 755/5215/755 749/5214/749
f 731/3535/731 737/3539/737 735/3538/735
f 767/4586/767 742/4583/742 752/4584/752
f 745/4517/745 747/4519/747 746/4518/746
f 746/267/746 778/268/778 744/266/744
f 757/5202/757 725/5199/725 726/5200/726
f 757/5180/757 863/5182/863 865/5183/865
f 756/6145/756 810/6152/810 759/6147/759
f 761/4295/761 762/4296/762 752/4291/752
f 770/2336/770 771/2337/771 773/2339/773
f 767/4586/767 787/4589/787 771/4588/771
f 744/2314/744 774/2319/774 746/2316/746
f 747/8395/747 775/8396/775 453/8390/453
f 777/6342/777 929/6345/929 776/6341/776
f 784/3133/784 782/3132/782 773/3131/773
f 782/2308/782 781/2307/781 780/2306/780
f 788/6489/788 797/6492/797 772/6488/772
f 790/7645/790 796/7647/796 794/7648/794
f 793/8166/793 794/8162/794 795/8163/795
f 806/7184/806 803/7182/803 801/7180/801
f 779/7192/779 804/7188/804 808/7190/808
f 811/5148/811 756/5144/756 757/5152/757
f 814/6922/814 811/6921/811 810/6923/810
f 812/5149/812 811/5148/811 813/5150/813
f 810/5147/810 812/5149/812 813/5150/813
f 810/4222/810 813/4223/813 760/4221/760
f 813/4224/813 823/4225/823 830/4227/830
f 818/2297/818 958/2299/958 808/2296/808
f 784/3121/784 2694/3126/2694 786/3123/786
f 831/3313/831 2710/3321/2710 2697/3320/2697
f 849/8109/849 837/8103/837 836/8102/836
f 846/7497/846 855/7498/855 689/7499/689
f 689/8736/689 848/8731/848 858/8737/858
f 858/8737/858 848/8731/848 853/8734/853
f 858/8101/858 853/8096/853 852/8095/852
f 870/2217/870 860/2215/860 875/2218/875
f 875/2207/875 861/2206/861 880/2208/880
f 854/2188/854 855/2189/855 862/2194/862
f 877/985/877 878/986/878 879/987/879
f 877/985/877 879/987/879 875/984/875
f 900/997/900 881/989/881 880/988/880
f 904/999/904 887/995/887 884/992/884
f 890/5134/890 902/5139/902 891/5135/891
f 897/6136/897 894/6130/894 896/6131/896
f 903/6114/903 899/6113/899 895/6109/895
f 882/5133/882 900/5137/900 902/5139/902
f 901/998/901 905/1000/905 904/999/904
f 906/1001/906 905/1000/905 907/1002/907
f 916/5186/916 760/5181/760 915/5185/915
f 916/4274/916 918/4275/918 919/4276/919
f 920/5190/920 922/5191/922 917/5187/917
f 886/994/886 1022/1009/1022 920/1005/920
f 927/8398/927 775/8396/775 776/8397/776
f 934/6379/934 935/6380/935 927/6378/927
f 930/5478/930 928/5477/928 935/5482/935
f 937/6348/937 938/6349/938 933/6346/933
f 946/5636/946 945/5635/945 939/5634/939
f 946/7155/946 939/7152/939 940/7153/940
f 942/4506/942 781/4507/781 929/4505/929
f 2698/7074/2698 947/7072/947 2700/7076/2700
f 2698/7074/2698 607/7071/607 947/7072/947
f 952/7067/952 607/7063/607 2698/7069/2698
f 960/1354/960 966/1356/966 963/1355/963
f 964/364/964 970/369/970 965/365/965
f 969/1352/969 965/1349/965 967/1350/967
f 969/1352/969 968/1351/968 965/1349/965
f 970/49/970 964/46/964 969/48/969
f 971/6393/971 2711/6394/2711 972/6395/972
f 973/6403/973 971/6401/971 976/6405/976
f 971/4521/971 2710/4523/2710 975/4522/975
f 977/5425/977 978/5426/978 981/5428/981
f 979/5427/979 977/5425/977 981/5428/981
f 980/3333/980 977/3331/977 833/3328/833
f 990/7883/990 983/7880/983 981/7878/981
f 983/7880/983 982/7879/982 981/7878/981
f 2704/4446/2704 994/4444/994 2705/4447/2705
f 995/2165/995 992/2162/992 993/2163/993
f 2705/2166/2705 991/2161/991 993/2163/993
f 991/2161/991 994/2164/994 993/2163/993
f 994/2164/994 995/2165/995 993/2163/993
f 2705/4455/2705 994/4454/994 992/4453/992
f 992/4443/992 995/4445/995 2705/4450/2705
f 910/4467/910 999/4470/999 998/4469/998
f 911/7004/911 1000/7007/1000 910/7003/910
f 1004/6998/1004 1003/6997/1003 910/6996/910
f 1005/6999/1005 1003/6997/1003 1004/6998/1004
f 1029/6272/1029 1031/6274/1031 978/6270/978
f 1034/3345/1034 1031/3342/1031 1026/3341/1026
f 1031/3342/1031 1033/3344/1033 1032/3343/1032
f 1045/974/1045 1040/971/1040 1044/973/1044
f 1035/276/1035 1036/277/1036 1048/281/1048
f 1049/282/1049 1045/278/1045 1072/283/1072
f 1052/5810/1052 1065/5814/1065 1050/5809/1050
f 2820/1471/2820 1053/1468/1053 1054/1469/1054
f 1058/3766/1058 1056/3765/1056 1061/3767/1061
f 1064/3179/1064 1043/3176/1043 1063/3178/1063
f 1064/5800/1064 1062/5799/1062 1073/5802/1073
f 1074/3771/1074 1073/3770/1073 1062/3768/1062
f 1094/9126/1094 1096/9128/1096 1095/9127/1095
f 1096/9442/1096 1098/9444/1098 1100/9446/1100
f 1107/9340/1107 1090/9339/1090 1108/9341/1108
f 1090/9414/1090 1100/9417/1100 1113/9422/1113
f 1216/7468/1216 1120/7467/1120 1110/7466/1110
f 1120/9426/1120 1113/9422/1113 1114/9423/1114
f 1108/6856/1108 1120/6857/1120 1216/6858/1216
f 1110/9023/1110 1130/9025/1130 1111/9024/1111
f 1132/8725/1132 1130/8724/1130 1134/8727/1134
f 1142/8350/1142 1148/8351/1148 1135/8349/1135
f 1135/8728/1135 1134/8727/1134 1142/8729/1142
f 1131/9022/1131 1148/9018/1148 1149/9019/1149
f 1174/8927/1174 1139/8924/1139 1137/8923/1137
f 1256/4408/1256 1159/4406/1159 1155/4405/1155
f 1157/6233/1157 1160/6234/1160 1166/6235/1166
f 1162/8984/1162 1164/8985/1164 1161/8983/1161
f 1163/9112/1163 1164/9110/1164 1162/9109/1162
f 1173/3056/1173 1169/3052/1169 1172/3055/1172
f 1292/7508/1292 1176/7503/1176 1290/7504/1290
f 1180/4172/1180 1140/4170/1140 1183/4173/1183
f 1183/8722/1183 1140/8721/1140 1188/8723/1188
f 1186/7824/1186 1181/7822/1181 1185/7823/1185
f 1181/8996/1181 1186/8998/1186 1188/8999/1188
f 1191/8798/1191 1203/8800/1203 1204/8801/1204
f 1206/8814/1206 1205/8813/1205 1191/8808/1191
f 1194/8811/1194 1191/8808/1191 1205/8813/1205
f 1220/3069/1220 1211/3063/1211 1217/3067/1217
f 1212/5060/1212 1109/5059/1109 1108/5058/1108
f 908/5129/908 1220/5131/1220 1218/5130/1218
f 1223/980/1223 1224/981/1224 1219/977/1219
f 1221/5372/1221 1226/5374/1226 1239/5378/1239
f 1227/6935/1227 1221/6931/1221 1229/6941/1229
f 1227/6935/1227 1229/6941/1229 1230/6938/1230
f 1238/5377/1238 1239/5378/1239 1241/5379/1241
f 1259/6966/1259 1011/6965/1011 1009/6964/1009
f 1274/6947/1274 1260/6946/1260 1276/6949/1276
f 1276/5393/1276 1258/5390/1258 1279/5396/1279
f 1262/4216/1262 1295/4219/1295 1301/4220/1301
f 1266/8119/1266 1262/8117/1262 1267/8120/1267
f 1268/5317/1268 1269/5318/1269 1270/5323/1270
f 2334/5314/2334 1272/5309/1272 1270/5307/1270
f 1287/5313/1287 1268/5305/1268 1272/5309/1272
f 1274/6947/1274 1276/6949/1276 1275/6948/1275
f 1275/6948/1275 1276/6949/1276 1278/6950/1278
f 1282/4358/1282 1280/4357/1280 1279/4361/1279
f 1287/5313/1287 1281/5310/1281 1282/5311/1282
f 1281/3273/1281 1285/3274/1285 1288/3276/1288
f 1290/5095/1290 1291/5096/1291 1165/5089/1165
f 1304/6897/1304 2247/6898/2247 1189/6896/1189
f 1303/6057/1303 1311/6058/1311 2354/6059/2354
f 1312/961/1312 1248/960/1248 1313/962/1313
f 1314/6183/1314 1283/6181/1283 1278/6180/1278
f 1321/6817/1321 1347/6822/1347 1322/6818/1322
f 1333/7964/1333 1332/7963/1332 1331/7962/1331
f 1315/7401/1315 1338/7403/1338 1340/7405/1340
f 1351/3218/1351 1358/3221/1358 1352/3219/1352
f 1358/3213/1358 1353/3209/1353 1354/3210/1354
f 1353/3209/1353 1351/3208/1351 1354/3210/1354
f 179/3230/179 1358/3240/1358 1355/3237/1355
f 1359/3222/1359 1352/3219/1352 1358/3221/1358
f 1361/3224/1361 1360/3223/1360 1359/3222/1359
f 1505/3229/1505 1360/3223/1360 1361/3224/1361
f 1363/8227/1363 1352/8226/1352 1364/8228/1364
f 1350/768/1350 1363/769/1363 1457/787/1457
f 1370/8481/1370 1369/8480/1369 1371/8482/1371
f 1372/8483/1372 1377/8488/1377 1378/8489/1378
f 1386/8493/1386 1371/8482/1371 1374/8485/1374
f 1350/8474/1350 1380/8490/1380 1377/8488/1377
f 1382/5049/1382 1378/5047/1378 1380/5048/1380
f 1380/774/1380 1350/768/1350 1457/787/1457
f 1379/773/1379 1380/774/1380 1457/787/1457
f 1407/8508/1407 1376/8487/1376 1381/8491/1381
f 1408/7418/1408 1381/7416/1381 1383/7417/1383
f 1401/8503/1401 1403/8504/1403 1400/8502/1400
f 1513/8526/1513 1409/8510/1409 1408/8509/1408
f 1409/8593/1409 1513/8601/1513 1413/8596/1413
f 1404/7412/1404 1421/7414/1421 1416/7413/1416
f 1426/8520/1426 1431/8524/1431 1429/8523/1429
f 1431/8524/1431 1428/8522/1428 1433/8525/1433
f 1440/3226/1440 1442/3228/1442 1441/3227/1441
f 1446/783/1446 1443/780/1443 1447/784/1447
f 1474/2052/1474 230/2048/230 231/2049/231
f 1453/4352/1453 1474/4353/1474 231/4348/231
f 231/4348/231 1452/4351/1452 1453/4352/1453
f 246/4349/246 1474/4353/1474 1453/4352/1453
f 1455/786/1455 1447/784/1447 1443/780/1443
f 1463/1876/1463 1464/1884/1464 1462/1875/1462
f 1463/2893/1463 1485/2898/1485 1464/2894/1464
f 1465/1878/1465 1464/1877/1464 1484/1882/1484
f 1491/818/1491 1471/814/1471 1492/819/1492
f 1473/794/1473 1469/792/1469 1491/795/1491
f 1471/1898/1471 1469/1897/1469 1472/1899/1472
f 1483/2868/1483 1476/2862/1476 1481/2866/1481
f 1570/1904/1570 1480/1903/1480 1475/1902/1475
f 1581/825/1581 1480/823/1480 1570/824/1570
f 1486/1890/1486 1468/1888/1468 1484/1889/1484
f 1568/2902/1568 1487/2900/1487 1478/2896/1478
f 1492/819/1492 1486/815/1486 1488/816/1488
f 1487/2873/1487 1489/2875/1489 1490/2876/1490
f 1494/821/1494 1491/818/1491 1493/820/1493
f 1585/2882/1585 1613/2887/1613 1489/2875/1489
f 1500/801/1500 1473/794/1473 1501/802/1501
f 1502/811/1502 1501/810/1501 1695/812/1695
f 1563/868/1563 1518/860/1518 1508/853/1508
f 1510/855/1510 1511/856/1511 1509/854/1509
f 1519/8605/1519 1520/8606/1520 1535/8616/1535
f 1520/8606/1520 1540/8620/1540 1535/8616/1535
f 1521/8607/1521 1523/8609/1523 1522/8608/1522
f 1521/8607/1521 1509/8599/1509 1523/8609/1523
f 1529/864/1529 1511/856/1511 1530/865/1530
f 1852/7966/1852 1545/7965/1545 1855/7967/1855
f 1550/8540/1550 1869/8551/1869 1549/8539/1549
f 1554/5038/1554 1557/5040/1557 1556/5039/1556
f 1557/610/1557 1553/609/1553 1767/611/1767
f 1581/2879/1581 1572/2877/1572 1582/2880/1582
f 1575/2956/1575 1581/2958/1581 1577/2957/1577
f 1574/4097/1574 1577/4100/1577 1581/4101/1581
f 1581/1745/1581 1578/1750/1578 1572/1744/1572
f 1582/2880/1582 1572/2877/1572 1587/2884/1587
f 1585/2882/1585 1584/2881/1584 1587/2884/1587
f 1592/5936/1592 1602/5939/1602 1591/5935/1591
f 2843/5942/2843 1602/5939/1602 1592/5936/1592
f 1594/4996/1594 1600/5001/1600 1593/4995/1593
f 1602/4994/1602 1593/4992/1593 1601/4993/1601
f 1595/4997/1595 1594/4996/1594 1601/5002/1601
f 1593/4980/1593 1600/4982/1600 1601/4983/1601
f 1600/4982/1600 1595/4981/1595 1601/4983/1601
f 1602/5939/1602 2841/5941/2841 1595/5938/1595
f 1595/5938/1595 1593/5937/1593 1602/5939/1602
f 1600/5001/1600 1594/4996/1594 1597/5006/1597
f 1608/834/1608 1696/847/1696 1611/836/1611
f 1611/836/1611 1612/837/1612 1608/834/1608
f 1610/1703/1610 1620/1709/1620 1612/1704/1612
f 1614/2888/1614 1617/2890/1617 1616/2889/1616
f 1586/1700/1586 2886/1731/2886 1615/1706/1615
f 1621/1710/1621 1619/1708/1619 1632/1717/1632
f 2887/1732/2887 2866/1730/2866 1622/1711/1622
f 1698/1725/1698 1697/1724/1697 1609/1702/1609
f 1714/726/1714 1631/716/1631 2892/732/2892
f 1780/2817/1780 1795/2818/1795 1641/2815/1641
f 1645/3961/1645 1642/3960/1642 1641/3959/1641
f 1645/3952/1645 1641/3948/1641 1644/3951/1644
f 1656/4895/1656 1655/4894/1655 1654/4893/1654
f 1655/4894/1655 1666/4899/1666 1654/4893/1654
f 2982/7312/2982 1654/7307/1654 1666/7311/1666
f 1654/1641/1654 2982/1643/2982 2991/1644/2991
f 1666/4899/1666 1655/4894/1655 2991/4901/2991
f 2982/4905/2982 1656/4903/1656 2991/4904/2991
f 2991/4813/2991 1656/4807/1656 1658/4808/1658
f 1657/7308/1657 1653/7306/1653 2982/7312/2982
f 1666/7317/1666 1663/7315/1663 1664/7316/1664
f 1663/7320/1663 2982/7322/2982 1664/7321/1664
f 2982/5890/2982 1653/5887/1653 1664/5889/1664
f 1670/2963/1670 1669/2962/1669 1507/2961/1507
f 1676/877/1676 1673/875/1673 1677/878/1677
f 1673/843/1673 1675/844/1675 1677/845/1677
f 1681/668/1681 1684/671/1684 1683/670/1683
f 1689/884/1689 1668/873/1668 1688/883/1688
f 1701/1863/1701 1702/1864/1702 1688/1862/1688
f 1689/884/1689 1690/885/1690 1680/881/1680
f 1693/676/1693 1757/683/1757 1756/682/1756
f 1695/846/1695 1605/831/1605 1696/847/1696
f 1609/1702/1609 1687/1721/1687 1675/1719/1675
f 1700/724/1700 1697/721/1697 1699/723/1699
f 1713/725/1713 1700/724/1700 1699/723/1699
f 1709/1687/1709 1708/1686/1708 1710/1688/1710
f 1713/1857/1713 1715/1858/1715 1704/1855/1704
f 1717/1860/1717 1715/1858/1715 1716/1859/1716
f 1730/1661/1730 1732/1662/1732 1719/1659/1719
f 1782/4952/1782 1720/4950/1720 1726/4951/1726
f 1785/7685/1785 1787/7686/1787 1729/7682/1729
f 1735/6732/1735 1731/6730/1731 1734/6731/1734
f 1749/1381/1749 1742/1383/1742 1747/1379/1747
f 1744/2549/1744 1738/2552/1738 1750/2551/1750
f 1694/677/1694 1764/690/1764 1754/680/1754
f 1754/680/1754 1755/681/1755 1757/683/1757
f 1769/1672/1769 1768/1671/1768 1773/1673/1773
f 1770/5996/1770 1558/5995/1558 1557/5994/1557
f 1552/666/1552 1762/688/1762 1772/694/1772
f 1784/3940/1784 1786/3941/1786 1711/3939/1711
f 1790/6735/1790 1736/6733/1736 1728/6729/1728
f 1792/1651/1792 1783/1648/1783 1829/1654/1829
f 1794/3929/1794 1793/3928/1793 1801/3931/1801
f 1801/3931/1801 1791/3927/1791 1794/3929/1794
f 1717/2805/1717 2893/2807/2893 1640/2803/1640
f 3072/699/3072 1640/697/1640 2893/698/2893
f 1801/3931/1801 1793/3928/1793 1795/3930/1795
f 1823/4932/1823 1800/4929/1800 1797/4933/1797
f 1814/143/1814 1812/141/1812 1813/142/1813
f 1824/6714/1824 1825/6715/1825 1823/6713/1823
f 3079/166/3079 2196/163/2196 1828/147/1828
f 2196/163/2196 1815/144/1815 1831/148/1831
f 1837/8219/1837 1835/8217/1835 1836/8218/1836
f 1835/8570/1835 1837/8571/1837 1838/8572/1838
f 1835/8570/1835 1838/8572/1838 1840/8574/1840
f 1847/8579/1847 1858/8588/1858 1857/8587/1857
f 1853/8584/1853 1851/8582/1851 1849/8580/1849
f 1852/8583/1852 1856/8586/1856 1849/8580/1849
f 1852/7419/1852 1855/7420/1855 1856/7421/1856
f 1856/7725/1856 1855/7724/1855 1546/7723/1546
f 1865/7386/1865 1874/7395/1874 1870/7391/1870
f 1907/7358/1907 1895/7355/1895 1905/7357/1905
f 1910/7361/1910 1907/7358/1907 1913/7362/1913
f 1916/4159/1916 1917/4160/1917 2171/4161/2171
f 1910/7361/1910 1913/7362/1913 1915/7364/1915
f 2371/1992/2371 2235/1991/2235 1919/1971/1919
f 1921/935/1921 2202/941/2202 1922/936/1922
f 2202/941/2202 2204/943/2204 1922/936/1922
f 2202/234/2202 1921/217/1921 1906/215/1906
f 1928/8256/1928 1922/8255/1922 1929/8257/1929
f 1930/6865/1930 1934/6867/1934 1931/6866/1931
f 1940/8760/1940 1924/8752/1924 1942/8761/1942
f 1940/1951/1940 1944/1952/1944 1946/1953/1946
f 1950/8767/1950 2390/8788/2390 1945/8764/1945
f 2327/8779/2327 2397/8793/2397 1951/8768/1951
f 1958/3784/1958 1998/3786/1998 1953/3783/1953
f 1954/3788/1954 1953/3783/1953 1998/3786/1998
f 1959/1500/1959 1958/1499/1958 1956/1498/1956
f 1969/532/1969 1968/531/1968 1971/534/1971
f 2132/498/2132 1972/493/1972 1973/494/1973
f 1984/2572/1984 1974/2568/1974 1975/2569/1975
f 1980/1493/1980 1983/1495/1983 2001/1496/2001
f 1986/2574/1986 1960/2562/1960 1988/2576/1988
f 2002/477/2002 1996/475/1996 1997/476/1997
f 2007/478/2007 2131/482/2131 1997/476/1997
f 2012/656/2012 1998/654/1998 1982/651/1982
f 1982/651/1982 2001/655/2001 2012/656/2012
f 1957/2646/1957 1956/2645/1956 2002/2648/2002
f 2006/2630/2006 2008/2632/2008 2007/2631/2007
f 2009/2633/2009 2008/2632/2008 2010/2634/2010
f 1970/448/1970 2004/451/2004 3172/456/3172
f 2011/1418/2011 1983/1415/1983 1990/1416/1990
f 2104/6173/2104 2013/6169/2013 1015/6161/1015
f 2018/7525/2018 2019/7526/2019 2020/7527/2020
f 2023/7534/2023 2020/7532/2020 1018/7533/1018
f 2023/5217/2023 2028/5219/2028 2029/5220/2029
f 2029/5220/2029 2028/5219/2028 2017/5216/2017
f 2036/5272/2036 2017/5271/2017 2332/5273/2332
f 2042/486/2042 2041/485/2041 2048/488/2048
f 2055/6/2055 2046/3/2046 2127/12/2127
f 2041/2655/2041 2047/2657/2047 2049/2659/2049
f 2050/2660/2050 2051/2661/2051 2049/2659/2049
f 2042/1/2042 2048/4/2048 2055/6/2055
f 2074/6259/2074 2065/6262/2065 2057/6258/2057
f 2061/5406/2061 1891/5403/1891 2066/5407/2066
f 2360/3203/2360 2072/3202/2072 1894/3195/1894
f 2077/5416/2077 2139/5419/2139 2075/5414/2075
f 2052/2102/2052 2080/2109/2080 2078/2108/2078
f 2220/2143/2220 2070/2138/2070 2052/2137/2052
f 2082/3290/2082 2083/3291/2083 2081/3289/2081
f 2226/2121/2226 2084/2112/2084 2073/2107/2073
f 2014/8374/2014 2086/8375/2086 2087/8376/2087
f 2111/5256/2111 2112/5257/2112 2092/5254/2092
f 3202/554/3202 3204/556/3204 3205/557/3205
f 2109/2032/2109 2104/2029/2104 2105/2030/2105
f 2109/2032/2109 2105/2030/2105 2107/2031/2107
f 2120/9/2120 2125/11/2125 2119/8/2119
f 2130/2640/2130 2120/2635/2120 2121/2636/2121
f 2008/479/2008 2123/480/2123 2130/481/2130
f 2125/11/2125 2128/13/2128 2046/3/2046
f 2127/12/2127 2237/20/2237 2213/19/2213
f 2237/20/2237 2127/12/2127 2128/13/2128
f 2144/2045/2144 2237/2046/2237 2128/2044/2128
f 2132/498/2132 1973/494/1973 2009/496/2009
f 2135/3165/2135 2138/3167/2138 2134/3164/2134
f 2133/596/2133 3209/600/3209 2134/597/2134
f 2129/14/2129 2122/10/2122 2137/18/2137
f 2141/5248/2141 2138/5245/2138 2135/5244/2135
f 2082/2110/2082 2144/2117/2144 2143/2126/2143
f 2145/623/2145 1771/613/1771 2147/625/2147
f 2149/30/2149 2169/36/2169 1912/26/1912
f 2151/629/2151 2145/623/2145 2154/632/2154
f 2184/156/2184 2151/152/2151 2190/159/2190
f 2150/628/2150 2156/633/2156 2149/627/2149
f 2159/224/2159 1926/219/1926 2164/227/2164
f 2162/503/2162 2163/504/2163 2159/502/2159
f 2174/636/2174 2147/625/2147 1771/613/1771
f 2178/1980/2178 2173/1976/2173 2170/1973/2170
f 2194/1985/2194 2176/1978/2176 2175/1977/2175
f 2184/156/2184 2192/161/2192 2182/154/2182
f 1981/620/1981 2199/642/2199 2187/639/2187
f 2152/630/2152 2187/639/2187 2199/642/2199
f 2189/40/2189 2195/42/2195 2152/31/2152
f 1923/904/1923 2207/908/2207 2217/913/2217
f 2203/942/2203 2208/944/2208 2210/945/2210
f 2212/2141/2212 2209/2140/2209 2220/2143/2220
f 2166/229/2166 2211/235/2211 2215/236/2215
f 2216/912/2216 2212/910/2212 2214/911/2214
f 2219/914/2219 2207/908/2207 2228/917/2228
f 1936/3198/1936 1934/3197/1934 2072/3202/2072
f 2206/907/2206 2228/917/2228 2207/908/2207
f 2228/917/2228 2206/907/2206 2216/912/2216
f 2214/2142/2214 2220/2143/2220 2238/2144/2238
f 2218/2119/2218 2228/2123/2228 2227/2122/2227
f 2085/2113/2085 2227/2122/2227 2229/2124/2229
f 2211/235/2211 2161/226/2161 2231/237/2231
f 2211/235/2211 2231/237/2231 2234/240/2234
f 2233/239/2233 2236/241/2236 2231/237/2231
f 2236/241/2236 2232/238/2232 2215/236/2215
f 2333/4189/2333 2244/4187/2244 2341/4190/2341
f 2240/7741/2240 2266/7742/2266 2341/7743/2341
f 2278/8857/2278 2268/8850/2268 2277/8856/2277
f 2287/8860/2287 2286/8859/2286 2285/8858/2285
f 2290/8833/2290 2252/8817/2252 2291/8834/2291
f 2293/8835/2293 2264/8826/2264 2251/8816/2251
f 2296/8863/2296 2297/8864/2297 2301/8868/2301
f 2301/8246/2301 2310/8247/2310 2312/8249/2312
f 2316/8040/2316 2317/8041/2317 2318/8042/2318
f 2337/5114/2337 2239/5112/2239 2333/5113/2333
f 1273/6074/1273 2335/6078/2335 2356/6083/2356
f 2337/5343/2337 2346/5344/2346 2334/5342/2334
f 2346/5302/2346 2347/5303/2347 2334/5301/2334
f 2339/4370/2339 2344/4372/2344 2341/4371/2341
f 2341/5339/2341 2338/5338/2338 2330/5336/2330
f 1288/5299/1288 1289/5300/1289 2347/5303/2347
f 1310/7838/1310 1189/7832/1189 2335/7844/2335
f 2357/3268/2357 2270/3261/2270 2273/3263/2273
f 2357/3256/2357 2071/3248/2071 2359/3257/2359
f 2037/6204/2037 2359/6211/2359 2071/6207/2071
f 1916/5041/1916 2173/5042/2173 2364/5043/2364
f 2369/7372/2369 2370/7373/2370 2376/7377/2376
f 2172/3019/2172 2371/3021/2371 2366/3020/2366
f 1919/3018/1919 2373/3023/2373 2371/3021/2371
f 2375/3024/2375 2372/3022/2372 1919/3018/1919
f 2389/8787/2389 2390/8788/2390 2393/8791/2393
f 2393/8020/2393 2401/8023/2401 2395/8021/2395
f 2409/1964/2409 2179/1956/2179 2408/1963/2408
f 2417/1259/2417 240/1243/240 2415/1257/2415
f 2425/1261/2425 2421/1260/2421 2416/1258/2416
f 2426/1262/2426 2425/1261/2425 2416/1258/2416
f 2540/1102/2540 2430/1101/2430 2429/1100/2429
f 2431/1171/2431 2432/1172/2432 2433/1173/2433
f 2433/1173/2433 2432/1172/2432 2439/1174/2439
f 2441/1306/2441 2444/1309/2444 2443/1308/2443
f 2844/5980/2844 2475/5976/2475 2855/5981/2855
f 2459/2388/2459 2454/2384/2454 2452/2383/2452
f 2454/2384/2454 2459/2388/2459 2456/2386/2456
f 2458/173/2458 2457/172/2457 2461/176/2461
f 541/1168/541 540/1167/540 2462/1175/2462
f 2467/1310/2467 2442/1307/2442 2470/1311/2470
f 2471/4984/2471 2479/4986/2479 2475/4985/2475
f 2474/1327/2474 2471/1324/2471 2477/1328/2477
f 2477/2522/2477 2476/2518/2476 2474/2517/2474
f 2477/2519/2477 2471/2521/2471 2468/2513/2468
f 2500/1316/2500 2478/1314/2478 2443/1308/2443
f 2868/1815/2868 2479/1807/2479 2480/1808/2480
f 2500/4055/2500 2501/4056/2501 2481/4051/2481
f 2491/5959/2491 2486/5955/2486 2482/5963/2482
f 2482/4084/2482 2490/4085/2490 2491/4086/2491
f 2487/5010/2487 2869/5009/2869 2868/5008/2868
f 2490/4085/2490 2875/4087/2875 2491/4086/2491
f 2499/2933/2499 2501/2935/2501 2500/2934/2500
f 2529/4061/2529 2520/4060/2520 2506/4057/2506
f 2517/6773/2517 2519/6775/2519 2511/6772/2511
f 2521/1835/2521 2517/1834/2517 2897/1837/2897
f 2652/757/2652 2524/747/2524 2523/746/2523
f 2535/755/2535 2532/752/2532 2536/756/2536
f 2534/754/2534 2530/751/2530 2536/756/2536
f 2538/2470/2538 2537/2469/2537 2542/2472/2542
f 2543/1104/2543 2541/1103/2541 2540/1102/2540
f 2430/5540/2430 2577/5547/2577 2545/5543/2545
f 2551/5529/2551 2550/5528/2550 2570/5530/2570
f 2539/7101/2539 2554/7096/2554 2553/7095/2553
f 2554/7096/2554 2555/7097/2555 2551/7094/2551
f 2555/7105/2555 2539/7102/2539 2551/7103/2551
f 2562/7597/2562 2561/7596/2561 2559/7594/2559
f 2559/7606/2559 2560/7607/2560 2562/7608/2562
f 2560/7607/2560 2567/7609/2567 2562/7608/2562
f 2563/7910/2563 2568/7911/2568 2569/7916/2569
f 2574/8418/2574 2559/8416/2559 2568/8417/2568
f 2623/5560/2623 2573/5558/2573 2625/5559/2625
f 2592/6412/2592 2585/6410/2585 2581/6408/2581
f 2592/6412/2592 2583/6409/2583 2593/6413/2593
f 2588/6441/2588 2584/6439/2584 2546/6435/2546
f 2546/6445/2546 2584/6447/2584 2590/6450/2590
f 2546/6435/2546 2589/6442/2589 2588/6441/2588
f 2584/7113/2584 2587/7116/2587 2580/7111/2580
f 2594/7050/2594 2579/7048/2579 608/7043/608
f 2596/5516/2596 2594/5515/2594 2699/5517/2699
f 2602/1146/2602 2632/1148/2632 2604/1147/2604
f 2622/3559/2622 2640/3561/2640 2636/3560/2636
f 2640/4599/2640 2622/4597/2622 2627/4598/2627
f 2635/2288/2635 2633/2287/2633 2632/2286/2632
f 2651/1077/2651 2640/1076/2640 2654/1078/2654
f 2646/4974/2646 2508/4969/2508 2509/4970/2509
f 2652/296/2652 2642/293/2642 2651/295/2651
f 2648/3406/2648 2658/3412/2658 2655/3411/2655
f 2662/7157/2662 2663/7158/2663 2657/7156/2657
f 2666/3515/2666 2661/3514/2661 2655/3513/2655
f 2668/3415/2668 2667/3414/2667 2669/3416/2669
f 2669/6431/2669 2638/6423/2638 2639/6424/2639
f 2633/2287/2633 2635/2288/2635 2758/2289/2758
f 2673/3511/2673 2678/3512/2678 2671/3510/2671
f 2682/3421/2682 2673/3419/2673 2671/3417/2671
f 2677/6476/2677 2660/6472/2660 2668/6474/2668
f 2675/3487/2675 2669/3484/2669 2670/3485/2670
f 2687/1526/2687 2676/1525/2676 2691/1528/2691
f 2687/1526/2687 2689/1527/2689 2653/1524/2653
f 2692/4833/2692 2690/4831/2690 2691/4832/2691
f 764/3116/764 2694/3126/2694 783/3120/783
f 2712/2184/2712 2710/2183/2710 2714/2185/2714
f 2596/4548/2596 2700/4554/2700 2701/4555/2701
f 953/3384/953 2702/3385/2702 2703/3386/2703
f 2720/5570/2720 2719/5569/2719 2721/5571/2721
f 2743/5583/2743 2720/5570/2720 2723/5573/2723
f 2719/5569/2719 2809/5595/2809 2727/5574/2727
f 2706/5565/2706 2732/5576/2732 2731/5575/2731
f 2759/5591/2759 2737/5581/2737 2736/5580/2736
f 2791/5593/2791 2792/5594/2792 2746/5586/2746
f 2730/3467/2730 2729/3466/2729 2747/3468/2747
f 2748/3431/2748 2824/3440/2824 2797/3434/2797
f 2798/2274/2798 2754/2275/2754 2795/2273/2795
f 2755/1084/2755 2796/1086/2796 2754/1083/2754
f 2796/1086/2796 2755/1084/2755 2798/1087/2798
f 2760/5592/2760 2759/5591/2759 2736/5580/2736
f 2796/5609/2796 2789/5605/2789 2761/5604/2761
f 2763/3491/2763 2764/3492/2764 2671/3486/2671
f 2766/6588/2766 2768/6584/2768 2771/6585/2771
f 2780/1051/2780 2762/1050/2762 3186/1059/3186
f 3189/1061/3189 2789/1055/2789 2780/1051/2780
f 3186/330/3186 2789/329/2789 2788/328/2788
f 2799/257/2799 2797/256/2797 2803/259/2803
f 2789/3394/2789 2796/3396/2796 2790/3395/2790
f 1032/3454/1032 2812/3461/2812 2810/3460/2810
f 2812/3472/2812 2813/3473/2813 2814/3474/2814
f 2814/3474/2814 2818/3478/2818 2812/3472/2812
f 2834/287/2834 2814/286/2814 1048/281/1048
f 2818/3439/2818 2829/3445/2829 2828/3444/2828
f 2830/569/2830 2829/568/2829 2831/570/2831
f 2830/569/2830 2832/571/2832 2833/572/2833
f 2835/5819/2835 2820/5817/2820 2836/5820/2836
f 2839/2846/2839 2840/2847/2840 2838/2845/2838
f 2838/1697/2838 2840/1698/2840 2842/1699/2842
f 2838/3999/2838 2846/4001/2846 1578/3998/1578
f 2871/6754/2871 2870/6753/2870 2861/6748/2861
f 2861/6763/2861 2860/6762/2860 2872/6764/2872
f 2860/6761/2860 2870/6753/2870 2872/6755/2872
f 2883/4967/2883 2878/4965/2878 2879/4966/2879
f 2878/4965/2878 2883/4967/2883 2891/4968/2891
f 2889/1784/2889 2890/1785/2890 2891/1786/2891
f 2941/1761/2941 2965/1763/2965 2943/1762/2943
f 2900/4015/2900 2943/4016/2943 2885/4013/2885
f 2902/3830/2902 3032/3836/3032 2903/3831/2903
f 2905/5861/2905 3037/5863/3037 2903/5860/2903
f 2906/5851/2906 2904/5845/2904 2915/5849/2915
f 2906/3833/2906 2901/3837/2901 2902/3830/2902
f 3055/1564/3055 2914/1559/2914 2912/1558/2912
f 2915/5849/2915 2908/5847/2908 2916/5850/2916
f 2993/3816/2993 2909/3812/2909 2995/3817/2995
f 2919/2716/2919 2918/2715/2918 2916/2719/2916
f 2994/1540/2994 2993/1539/2993 2919/1537/2919
f 2928/1578/2928 2913/1577/2913 3059/1581/3059
f 2928/1553/2928 2924/1552/2924 2911/1548/2911
f 2926/3845/2926 3060/3848/3060 2927/3846/2927
f 2930/85/2930 2931/86/2931 2936/91/2936
f 2934/89/2934 2930/85/2930 2935/90/2935
f 2930/85/2930 2934/89/2934 2931/86/2931
f 2957/3859/2957 2937/3854/2937 2938/3855/2938
f 2941/1736/2941 2942/1737/2942 2929/1734/2929
f 2942/1737/2942 2939/1735/2939 2929/1734/2929
f 2942/6674/2942 2960/6677/2960 2963/6678/2963
f 2944/1739/2944 2942/1737/2942 2941/1736/2941
f 2961/4889/2961 2954/4888/2954 2949/4886/2949
f 2966/3861/2966 2959/3860/2959 2957/3859/2957
f 2959/6676/2959 2942/6674/2942 2962/6680/2962
f 2960/4868/2960 2944/4871/2944 2964/4870/2964
f 2944/3850/2944 2963/3851/2963 2964/3852/2964
f 2966/1612/2966 2987/1615/2987 2959/1611/2959
f 2970/6633/2970 2983/6639/2983 2971/6634/2971
f 2983/6639/2983 2973/6635/2973 2971/6634/2971
f 2973/6648/2973 2983/6651/2983 2972/6647/2972
f 2977/6638/2977 1648/6630/1648 1652/6631/1652
f 2976/7274/2976 2969/7270/2969 2977/7275/2977
f 2977/6638/2977 1652/6631/1652 2976/6637/2976
f 2983/1532/2983 2988/1534/2988 2984/1533/2984
f 2996/1542/2996 2994/1540/2994 2984/1538/2984
f 3003/6624/3003 3008/6625/3008 3030/6626/3030
f 3008/8183/3008 3006/8175/3006 3030/8182/3030
f 3009/8184/3009 3006/8175/3006 3008/8183/3008
f 3006/7265/3006 3007/7266/3007 3030/7267/3030
f 3030/7932/3030 3007/7930/3007 3010/7931/3010
f 3009/8184/3009 3003/8173/3003 3006/8175/3006
f 3003/8173/3003 3011/8179/3011 3006/8175/3006
f 3011/8179/3011 3007/8176/3007 3006/8175/3006
f 3007/8189/3007 3009/8190/3009 3008/8191/3008
f 3013/8188/3013 3008/8186/3008 3003/8185/3003
f 3013/8188/3013 3003/8185/3003 3009/8187/3009
f 3017/3890/3017 3016/3889/3016 3018/3891/3018
f 3017/3890/3017 3018/3891/3018 3019/3892/3019
f 3019/1602/3019 3054/1607/3054 3033/1606/3033
f 3025/1766/3025 3045/1770/3045 3029/1769/3029
f 3025/762/3025 3036/764/3036 3045/766/3045
f 3050/7953/3050 2914/7952/2914 3055/7954/3055
f 3048/2779/3048 3032/2776/3032 3054/2780/3054
f 3032/2776/3032 3048/2779/3048 2914/2775/2914
f 3048/3913/3048 3054/3916/3054 3049/3914/3049
f 3050/3915/3050 3049/3914/3049 3032/3912/3032
f 3049/3914/3049 3050/3915/3050 3048/3913/3048
f 3050/7941/3050 3055/7948/3055 3048/7940/3048
f 3032/7304/3032 2914/7303/2914 3050/7305/3050
f 3051/5878/3051 2913/5877/2913 2914/5879/2914
f 3060/1582/3060 2928/1578/2928 3059/1581/3059
f 2686/1573/2686 3058/1580/3058 3056/1579/3056
f 3063/1584/3063 3056/1579/3056 3068/1588/3068
f 3058/347/3058 3057/346/3057 3066/349/3066
f 3029/1740/3029 3071/1743/3071 3070/1742/3070
f 2960/6667/2960 3070/6672/3070 3040/6671/3040
f 3073/706/3073 3072/705/3072 3074/707/3074
f 3092/5832/3092 3086/5830/3086 3091/5831/3091
f 3091/5831/3091 3086/5830/3086 3093/5833/3093
f 3101/6622/3101 3099/6621/3099 3114/6623/3114
f 3114/6613/3114 3099/6604/3099 3100/6605/3100
f 3152/2708/3152 3098/2704/3098 3115/2706/3115
f 2910/6290/2910 3095/6291/3095 3103/6292/3103
f 3096/2233/3096 3106/2234/3106 3095/2232/3095
f 3116/6597/3116 3141/6600/3141 3112/6594/3112
f 3152/6611/3152 3150/6614/3150 3113/6607/3113
f 3117/4804/3117 3118/4805/3118 2740/4802/2740
f 2742/2684/2742 3125/2689/3125 3119/2685/3119
f 3145/4745/3145 3101/4748/3101 3141/4742/3141
f 3145/7250/3145 3146/7251/3146 3101/7252/3101
f 1971/517/1971 3153/520/3153 3155/521/3155
f 3156/522/3156 3205/524/3205 3155/521/3155
f 3159/4779/3159 3158/4778/3158 2752/4772/2752
f 2802/3760/2802 3165/3761/3165 2801/3759/2801
f 3154/1435/3154 3166/1439/3166 3157/1438/3157
f 3185/7568/3185 3179/7572/3179 2782/7563/2782
f 3179/6299/3179 3185/6297/3185 3182/6295/3182
f 3187/1070/3187 3194/1073/3194 3192/1072/3192
f 2805/1062/2805 3196/1067/3196 2806/1063/2806
f 3215/1450/3215 3137/1447/3137 3140/1448/3140
f 2103/563/2103 3198/573/3198 2093/562/2093
f 3140/464/3140 3212/468/3212 3213/469/3213
f 3214/579/3214 3212/578/3212 2831/570/2831
f 6/9354/6 4/9353/4 24/9355/24
f 26/9280/26 32/9284/32 41/9287/41
f 43/9289/43 41/9287/41 32/9284/32
f 302/9292/302 41/9287/41 43/9289/43
f 27/8067/27 3218/8066/3218 37/8065/37
f 33/9145/33 39/9146/39 42/9147/42
f 55/9074/55 47/9070/47 48/9071/48
f 70/9584/70 68/9583/68 96/9587/96
f 70/8978/70 96/8979/96 62/8977/62
f 291/6860/291 290/6859/290 344/6861/344
f 109/9592/109 290/9617/290 291/9618/291
f 136/9605/136 110/9593/110 109/9592/109
f 116/9308/116 115/9307/115 114/9306/114
f 134/9406/134 129/9404/129 125/9403/125
f 133/7715/133 134/7716/134 132/7714/132
f 138/9607/138 139/9608/139 145/9611/145
f 146/9298/146 143/9296/143 145/9297/145
f 149/4664/149 342/4662/342 150/4656/150
f 149/4664/149 151/4657/151 342/4662/342
f 152/7213/152 153/7204/153 151/7202/151
f 151/5695/151 160/5697/160 152/5696/152
f 151/7202/151 153/7204/153 155/7206/155
f 342/7211/342 151/7202/151 155/7206/155
f 132/8437/132 134/8438/134 169/8445/169
f 1339/8463/1339 174/8448/174 175/8449/175
f 151/4657/151 149/4664/149 183/4658/183
f 493/3630/493 188/3622/188 187/3621/187
f 193/4124/193 192/4123/192 199/4125/199
f 220/2398/220 207/2397/207 222/2399/222
f 209/1924/209 182/1920/182 210/1925/210
f 182/6789/182 209/6786/209 212/6788/212
f 1440/3226/1440 213/3216/213 229/3217/229
f 214/6231/214 1440/6228/1440 229/6227/229
f 216/6212/216 218/6213/218 1451/6214/1451
f 244/1246/244 219/1238/219 241/1244/241
f 222/5738/222 190/5739/190 220/5737/220
f 230/1241/230 226/1239/226 227/1240/227
f 231/2829/231 227/2827/227 245/2831/245
f 230/2048/230 1451/2050/1451 229/2047/229
f 236/3599/236 225/3598/225 190/3597/190
f 188/5727/188 238/5731/238 250/5733/250
f 238/4682/238 520/4685/520 239/4683/239
f 237/1242/237 240/1243/240 255/1250/255
f 250/3603/250 243/3602/243 242/3601/242
f 249/2834/249 247/2833/247 257/2835/257
f 260/1254/260 249/1248/249 256/1251/256
f 256/1251/256 2421/1260/2421 259/1253/259
f 256/1251/256 259/1253/259 260/1254/260
f 259/2837/259 261/2839/261 260/2838/260
f 272/9364/272 266/9359/266 267/9360/267
f 267/9360/267 273/9365/273 272/9364/272
f 3/9309/3 269/9311/269 270/9312/270
f 267/9302/267 262/9301/262 270/9303/270
f 267/9360/267 270/9362/270 273/9365/273
f 286/9615/286 272/9613/272 274/9614/274
f 277/9369/277 276/9368/276 278/9370/278
f 280/9372/280 275/9367/275 281/9373/281
f 274/9366/274 275/9367/275 289/9380/289
f 298/9398/298 295/9397/295 301/9399/301
f 297/9385/297 301/9388/301 295/9383/295
f 303/9252/303 282/9249/282 302/9251/302
f 405/9265/405 304/9253/304 305/9254/305
f 310/9257/310 306/9255/306 304/9253/304
f 314/9390/314 326/9394/326 327/9395/327
f 333/110/333 323/103/323 330/108/330
f 323/405/323 333/412/333 328/413/328
f 334/9222/334 337/9223/337 437/9225/437
f 337/9223/337 338/9224/338 336/9227/336
f 438/8302/438 441/8303/441 338/8300/338
f 442/8060/442 336/8062/336 437/8061/437
f 335/7776/335 338/7780/338 339/7779/339
f 442/6875/442 339/6872/339 338/6871/338
f 442/6875/442 437/6876/437 339/6872/339
f 341/2988/341 141/2983/141 112/2981/112
f 344/6026/344 293/6025/293 291/6024/291
f 343/4671/343 354/4673/354 346/4672/346
f 348/4184/348 343/4186/343 294/4179/294
f 359/3688/359 370/3690/370 349/3687/349
f 370/3690/370 360/3689/360 362/3694/362
f 371/3681/371 370/3680/370 497/3683/497
f 363/3006/363 365/3003/365 368/3004/368
f 376/4720/376 396/4721/396 375/4719/375
f 381/4630/381 380/4629/380 383/4631/383
f 517/4638/517 381/4630/381 383/4631/383
f 378/1298/378 352/1295/352 382/1300/382
f 384/1272/384 385/1273/385 396/1276/396
f 387/7236/387 373/7233/373 386/7235/386
f 395/1275/395 384/1272/384 396/1276/396
f 399/1278/399 397/1277/397 401/1279/401
f 43/9241/43 405/9265/405 303/9252/303
f 406/9266/406 404/9264/404 54/9245/54
f 406/9266/406 304/9253/304 404/9264/404
f 409/4168/409 433/4169/433 408/4167/408
f 413/8323/413 322/8320/322 415/8324/415
f 432/2445/432 455/2446/455 430/2443/430
f 455/2446/455 432/2445/432 431/2444/431
f 562/2454/562 458/2448/458 455/2446/455
f 435/3042/435 411/3040/411 434/3041/434
f 438/1115/438 440/1117/440 439/1116/439
f 443/1120/443 436/1113/436 434/1111/434
f 442/1119/442 443/1120/443 336/1107/336
f 443/1120/443 449/1126/449 448/1125/448
f 572/3640/572 424/3637/424 425/3638/425
f 462/6542/462 454/6540/454 456/6541/456
f 457/4706/457 458/4707/458 562/4709/562
f 461/2449/461 464/2451/464 458/2448/458
f 464/2451/464 461/2449/461 479/2452/479
f 459/2247/459 447/2246/447 466/2248/466
f 470/2252/470 601/2260/601 469/2251/469
f 478/8394/478 471/8391/471 453/8390/453
f 475/8403/475 473/8401/473 474/8402/474
f 471/5491/471 477/5492/477 581/5493/581
f 461/2429/461 601/2432/601 479/2431/479
f 484/6497/484 488/6501/488 490/6503/490
f 481/2407/481 483/2409/483 482/2408/482
f 484/3620/484 483/3618/483 489/3619/489
f 357/6527/357 493/6530/493 491/6528/491
f 495/6533/495 494/6532/494 187/6531/187
f 498/4132/498 500/4134/500 502/4136/502
f 514/4635/514 515/4636/515 381/4630/381
f 514/4635/514 517/4638/517 516/4637/516
f 514/2424/514 234/2423/234 515/2425/515
f 521/1211/521 237/1208/237 520/1210/520
f 523/4640/523 524/4641/524 519/4639/519
f 525/4642/525 524/4641/524 523/4640/523
f 400/3648/400 573/3652/573 398/3647/398
f 532/1162/532 533/1163/533 529/1161/529
f 533/1163/533 532/1162/532 538/1165/538
f 522/1157/522 534/1164/534 2439/1174/2439
f 2436/2467/2436 537/2461/537 575/2463/575
f 575/2463/575 2537/2469/2537 2436/2467/2436
f 537/2362/537 542/2364/542 526/2357/526
f 554/75/554 547/72/547 546/71/546
f 557/3661/557 558/3662/558 416/3655/416
f 562/2481/562 560/2479/560 427/2477/427
f 600/6305/600 593/6306/593 595/6304/595
f 588/6307/588 600/6312/600 596/6310/596
f 593/7061/593 606/7062/606 592/7060/592
f 599/6333/599 590/6328/590 597/6331/597
f 590/6316/590 599/6323/599 591/6317/591
f 602/2261/602 479/2254/479 601/2260/601
f 603/1287/603 605/1289/605 604/1288/604
f 593/7040/593 935/7045/935 606/7041/606
f 952/7067/952 951/7066/951 610/7065/610
f 618/9040/618 614/9036/614 616/9038/616
f 614/9036/614 615/9037/615 613/9035/613
f 623/9045/623 49/9059/49 50/9034/50
f 623/9045/623 619/9041/619 624/9046/624
f 623/8960/623 51/8958/51 49/8957/49
f 625/9047/625 620/9042/620 616/9038/616
f 622/9044/622 629/9050/629 621/9043/621
f 638/8904/638 640/8905/640 651/8906/651
f 645/7771/645 647/7773/647 646/7772/646
f 648/7469/648 649/7470/649 652/7472/652
f 651/8883/651 645/8882/645 652/8884/652
f 691/9464/691 652/9449/652 867/9470/867
f 660/9455/660 661/9456/661 1076/9474/1076
f 662/8046/662 663/8047/663 1076/8048/1076
f 674/9534/674 673/9533/673 671/9531/671
f 692/9465/692 687/9461/687 834/9469/834
f 690/9463/690 689/9462/689 687/9461/687
f 631/4209/631 706/4212/706 617/4208/617
f 706/4240/706 631/4229/631 709/4243/709
f 706/4240/706 713/4247/713 712/4246/712
f 714/4248/714 713/4247/713 720/4251/720
f 710/4244/710 708/4242/708 717/4250/717
f 711/5163/711 854/5169/854 724/5168/724
f 720/4251/720 721/4252/721 714/4248/714
f 722/4261/722 702/4258/702 719/4259/719
f 722/3525/722 739/3530/739 702/3523/702
f 748/5201/748 721/5198/721 725/5199/725
f 736/1131/736 445/1122/445 440/1117/440
f 738/7627/738 744/7631/744 743/7630/743
f 765/7641/765 746/7640/746 743/7639/743
f 750/4263/750 722/4261/722 749/4268/749
f 751/4290/751 753/4299/753 749/4289/749
f 754/4293/754 749/4289/749 755/4294/755
f 749/4289/749 754/4293/754 751/4290/751
f 753/4292/753 815/4298/815 754/4293/754
f 753/5141/753 755/5143/755 810/5142/810
f 753/6144/753 810/6149/810 758/6146/758
f 753/5153/753 758/5154/758 815/5155/815
f 756/6145/756 809/6148/809 755/6151/755
f 809/6141/809 815/6142/815 755/6143/755
f 815/5155/815 758/5154/758 755/5156/755
f 755/6153/755 759/6147/759 810/6152/810
f 810/6149/810 809/6148/809 758/6146/758
f 809/6148/809 756/6145/756 758/6146/758
f 756/6145/756 759/6147/759 758/6146/758
f 759/6147/759 755/6153/755 758/6146/758
f 771/4588/771 766/4585/766 767/4586/767
f 765/2317/765 744/2314/744 773/2318/773
f 772/5654/772 808/5656/808 802/5655/802
f 743/269/743 774/271/774 765/270/765
f 774/2312/774 743/2311/743 778/2313/778
f 787/7199/787 789/7200/789 796/7201/796
f 792/7927/792 793/7928/793 789/7929/789
f 797/8152/797 796/8151/796 793/8150/793
f 807/7185/807 802/7181/802 803/7182/803
f 802/6478/802 805/6480/805 803/6479/803
f 806/7184/806 807/7185/807 803/7182/803
f 806/7189/806 804/7188/804 779/7192/779
f 803/7182/803 805/7183/805 779/7178/779
f 805/3519/805 807/3520/807 779/3516/779
f 807/7185/807 806/7184/806 779/7186/779
f 816/4304/816 761/4300/761 815/4303/815
f 811/6921/811 757/6920/757 810/6923/810
f 814/6911/814 813/6910/813 811/6909/811
f 764/4279/764 816/4281/816 817/4282/817
f 786/1135/786 971/1140/971 819/1138/819
f 828/3310/828 830/3312/830 829/3311/829
f 687/9461/687 685/9459/685 834/9469/834
f 855/8108/855 846/8104/846 837/8103/837
f 856/8098/856 850/8093/850 849/8099/849
f 876/2201/876 866/2196/866 864/2195/864
f 866/2196/866 876/2201/876 879/2202/879
f 891/9124/891 857/9121/857 889/9123/889
f 877/985/877 883/991/883 878/986/878
f 881/989/881 900/997/900 882/990/882
f 885/993/885 883/991/883 877/985/877
f 888/996/888 886/994/886 885/993/885
f 890/5134/890 894/5136/894 902/5139/902
f 696/8294/696 872/8295/872 1208/8299/1208
f 1220/6125/1220 908/6122/908 895/6121/895
f 897/6132/897 892/6128/892 893/6129/893
f 908/6122/908 912/6123/912 895/6121/895
f 911/7004/911 910/7003/910 909/7002/909
f 912/7005/912 911/7004/911 909/7002/909
f 865/5183/865 914/5184/914 915/5185/915
f 914/1003/914 878/986/878 915/1004/915
f 922/5191/922 919/5189/919 917/5187/917
f 1022/1018/1022 919/1016/919 920/1017/920
f 885/993/885 886/994/886 921/1006/921
f 923/1027/923 1022/1036/1022 924/1028/924
f 934/4512/934 931/4510/931 935/4513/935
f 946/7618/946 943/7620/943 777/7619/777
f 938/6370/938 949/6371/949 936/6369/936
f 937/6348/937 946/6351/946 948/6352/948
f 950/6354/950 937/6348/937 948/6352/948
f 2594/4529/2594 951/4528/951 607/4527/607
f 2594/7068/2594 607/7063/607 952/7067/952
f 953/4542/953 2733/4547/2733 2731/4546/2731
f 948/6352/948 955/6356/955 954/6355/954
f 947/7018/947 957/7024/957 2702/7028/2702
f 962/1360/962 966/1361/966 960/1358/960
f 967/355/967 959/351/959 966/354/966
f 966/366/966 962/362/962 965/365/965
f 971/1140/971 820/1139/820 819/1138/819
f 972/5508/972 958/5506/958 971/5507/971
f 971/2300/971 958/2299/958 820/2298/820
f 988/7027/988 2711/7030/2711 2716/7032/2716
f 973/7026/973 975/7033/975 2711/7030/2711
f 993/2163/993 992/2162/992 989/2160/989
f 991/4442/991 992/4451/992 994/4452/994
f 1008/7549/1008 1259/7547/1259 996/7541/996
f 1259/7557/1259 1009/7553/1009 996/7550/996
f 1009/7553/1009 997/7551/997 996/7550/996
f 1006/5431/1006 910/5429/910 1000/5430/1000
f 1005/967/1005 1004/966/1004 1037/969/1037
f 1007/968/1007 1038/970/1038 1004/966/1004
f 1012/7546/1012 996/7541/996 1010/7544/1010
f 1016/3174/1016 1043/3176/1043 1017/3175/1017
f 1068/6166/1068 1019/6162/1019 1015/6161/1015
f 1002/1033/1002 1025/1038/1025 886/1024/886
f 1021/1035/1021 1025/1038/1025 1023/1037/1023
f 1032/3454/1032 2808/3458/2808 1030/3453/1030
f 1024/3347/1024 1039/3353/1039 1028/3351/1028
f 1037/969/1037 1041/972/1041 1044/973/1044
f 1041/972/1041 1038/970/1038 1312/983/1312
f 1046/1015/1046 1040/1013/1040 1045/1014/1045
f 1075/582/1075 2094/585/2094 1054/581/1054
f 1059/5797/1059 1056/5803/1056 1058/5796/1058
f 1072/3182/1072 1043/3176/1043 1064/3179/1064
f 1064/3179/1064 1063/3178/1063 1057/3177/1057
f 1063/3178/1063 1069/3181/1069 1057/3177/1057
f 1071/5816/1071 2834/5818/2834 1048/5808/1048
f 1073/3183/1073 1072/3182/1072 1064/3179/1064
f 1101/8901/1101 1112/8903/1112 1100/8900/1100
f 1108/9341/1108 1109/9342/1109 1107/9340/1107
f 1113/9422/1113 1100/9417/1100 1114/9423/1114
f 1118/8289/1118 1105/8285/1105 1115/8286/1115
f 1118/9424/1118 1114/9423/1114 1112/9421/1112
f 1122/9428/1122 1118/9424/1118 1119/9425/1119
f 1121/9427/1121 1123/9429/1123 1128/9433/1128
f 1134/8091/1134 1131/8090/1131 1142/8092/1142
f 1133/9015/1133 1148/9018/1148 1134/9016/1134
f 1149/9019/1149 1163/9021/1163 1136/9017/1136
f 1138/9105/1138 1137/9104/1137 1163/9112/1163
f 1139/8924/1139 1174/8927/1174 1163/8926/1163
f 1138/7811/1138 1163/7812/1163 1174/7813/1174
f 1174/8717/1174 1140/8716/1140 1138/8715/1138
f 1140/9116/1140 1139/9115/1139 1138/9114/1138
f 1139/9113/1139 1140/9107/1140 1137/9104/1137
f 1120/9426/1120 1114/9423/1114 1110/9420/1110
f 1141/9434/1141 1143/9435/1143 1110/9420/1110
f 1146/9436/1146 1152/9437/1152 1141/9434/1141
f 1153/8934/1153 1152/8933/1152 1146/8931/1146
f 1153/8343/1153 1154/8344/1154 1150/8342/1150
f 1168/7477/1168 1157/7480/1157 1163/7476/1163
f 1167/4400/1167 1157/4397/1157 1164/4399/1164
f 1163/9112/1163 1165/9111/1165 1164/9110/1164
f 1167/4400/1167 1164/4399/1164 1168/4403/1168
f 1171/2091/1171 1168/2090/1168 1264/2094/1264
f 1149/8336/1149 1140/8335/1140 1174/8337/1174
f 1182/8719/1182 1165/8718/1165 1140/8720/1140
f 1182/9007/1182 1178/9005/1178 1179/9006/1179
f 1179/8994/1179 1140/8986/1140 1181/8996/1181
f 1299/6056/1299 1188/6053/1188 1184/6052/1184
f 1192/8809/1192 1188/8836/1188 1191/8808/1191
f 1212/3064/1212 1213/3065/1213 1223/3070/1223
f 1111/7493/1111 1212/7494/1212 1216/7496/1216
f 1111/7493/1111 1216/7496/1216 1110/7492/1110
f 1231/6939/1231 1221/6931/1221 1227/6935/1227
f 1228/6936/1228 1224/6932/1224 1232/6940/1232
f 1240/2080/1240 1219/2077/1219 1232/2079/1232
f 1228/4382/1228 1232/4383/1232 1219/4381/1219
f 1229/2085/1229 1232/2086/1232 1233/2087/1233
f 1219/977/1219 1218/976/1218 1223/980/1223
f 1235/8360/1235 1224/8359/1224 1131/8357/1131
f 1239/5378/1239 1231/5376/1231 1241/5379/1241
f 1240/4387/1240 1241/4388/1241 1231/4386/1231
f 1042/5345/1042 1240/5346/1240 1245/5348/1245
f 1244/5352/1244 1042/5349/1042 1246/5354/1246
f 1240/5350/1240 1243/5351/1243 1246/5354/1246
f 1253/5125/1253 1250/5123/1250 1291/5126/1291
f 1291/5126/1291 1292/5127/1292 1253/5125/1253
f 1292/6096/1292 1254/6095/1254 1253/6099/1253
f 1255/3282/1255 1159/3281/1159 1256/3283/1256
f 1158/3280/1158 1255/3282/1255 1256/3283/1256
f 1258/6251/1258 1155/6244/1155 1158/6246/1158
f 1011/4409/1011 1259/4412/1259 1013/4410/1013
f 1255/6249/1255 1166/6248/1166 1258/6250/1258
f 2335/7844/2335 1273/7833/1273 1310/7838/1310
f 1269/5306/1269 1271/5308/1271 1272/5309/1272
f 1270/5319/1270 1271/5320/1271 2334/5322/2334
f 1280/3272/1280 1285/3274/1285 1287/3275/1287
f 1182/6091/1182 1295/6097/1295 1292/6096/1292
f 1251/5124/1251 1295/5128/1295 1291/5126/1291
f 1294/9186/1294 1297/9180/1297 1295/9178/1295
f 1297/9180/1297 1296/9179/1296 1309/9184/1309
f 1303/6057/1303 1299/6056/1299 1184/6052/1184
f 1302/9185/1302 1300/9187/1300 1309/9184/1309
f 1042/956/1042 1313/962/1313 1248/960/1248
f 1319/8454/1319 1342/8466/1342 1320/8455/1320
f 1368/8479/1368 1324/8456/1324 1347/8471/1347
f 1327/8457/1327 1324/8456/1324 1328/8458/1328
f 1340/8464/1340 1339/8463/1339 1343/8467/1343
f 179/3207/179 1356/3211/1356 1354/3210/1354
f 179/3207/179 1357/3212/1357 1356/3211/1356
f 1358/3206/1358 1357/3205/1357 1353/3204/1353
f 1357/3239/1357 1355/3237/1355 1353/3235/1353
f 1505/932/1505 1506/933/1506 1367/928/1367
f 1349/8473/1349 1362/8477/1362 1363/8478/1363
f 1363/8478/1363 1350/8474/1350 1349/8473/1349
f 1364/770/1364 1366/772/1366 1363/769/1363
f 1457/787/1457 1363/769/1363 1366/772/1366
f 1368/8479/1368 1369/8480/1369 1328/8458/1328
f 1348/8472/1348 1349/8473/1349 1372/8483/1372
f 1350/8474/1350 1377/8488/1377 1349/8473/1349
f 1398/8500/1398 1389/8495/1389 1374/8485/1374
f 1377/8488/1377 1380/8490/1380 1378/8489/1378
f 1382/775/1382 1380/774/1380 1379/773/1379
f 1384/777/1384 1383/776/1383 1382/775/1382
f 1410/779/1410 1383/776/1383 1384/777/1384
f 1385/8492/1385 1336/8462/1336 1386/8493/1386
f 1398/8500/1398 1407/8508/1407 1399/8501/1399
f 1411/8511/1411 1399/8501/1399 1407/8508/1407
f 1408/848/1408 1516/859/1516 1513/857/1513
f 1410/849/1410 1516/859/1516 1408/848/1408
f 1411/8594/1411 1412/8595/1412 1414/8597/1414
f 1420/8515/1420 1419/8514/1419 1421/8516/1421
f 1424/8532/1424 1420/8531/1420 1425/8533/1425
f 1427/8521/1427 1428/8522/1428 1423/8518/1423
f 1431/7729/1431 1433/7730/1433 1436/7731/1436
f 1435/6835/1435 1432/6834/1432 1431/6833/1431
f 1437/8565/1437 1433/8564/1433 1538/8568/1538
f 1506/933/1506 1442/930/1442 1367/928/1367
f 1444/931/1444 1367/928/1367 1442/930/1442
f 1445/782/1445 1366/772/1366 1365/771/1365
f 246/5289/246 1454/5291/1454 231/5288/231
f 1451/5290/1451 231/5288/231 1454/5291/1454
f 1410/779/1410 1384/777/1384 1460/790/1460
f 1464/1884/1464 1467/1880/1467 1471/1881/1471
f 1474/5286/1474 258/5278/258 1475/5287/1475
f 1580/2878/1580 1480/2871/1480 1581/2879/1581
f 1487/2873/1487 1488/2874/1488 1486/2872/1486
f 1493/826/1493 1616/838/1616 1495/828/1495
f 1493/826/1493 1605/831/1605 1494/827/1494
f 1493/826/1493 1495/828/1495 1605/831/1605
f 1473/794/1473 1496/797/1496 1470/793/1470
f 1517/6011/1517 1508/6009/1508 1521/6012/1521
f 1522/8608/1522 1524/8610/1524 1515/8603/1515
f 1515/8603/1515 1519/8605/1519 1413/8596/1413
f 1527/8612/1527 1523/8609/1523 1509/8599/1509
f 1528/6829/1528 1525/6827/1525 1530/6830/1530
f 1526/6831/1526 1528/6829/1528 1530/6830/1530
f 1531/8554/1531 1532/8555/1532 1541/8558/1541
f 1534/8557/1534 1541/8558/1541 1532/8555/1532
f 1537/8618/1537 1415/8598/1415 1535/8616/1535
f 1537/8567/1537 1538/8568/1538 1433/8564/1433
f 1539/8619/1539 1852/8630/1852 1842/8629/1842
f 1543/8623/1543 1547/8627/1547 1546/8626/1546
f 1547/664/1547 1760/686/1760 1548/665/1548
f 2146/2008/2146 1909/2007/1909 1558/2002/1558
f 1564/869/1564 1562/867/1562 1561/866/1561
f 1669/874/1669 1674/876/1674 1561/866/1561
f 1566/1905/1566 1567/1906/1567 1608/1907/1608
f 1608/1907/1608 1567/1906/1567 1674/1909/1674
f 1584/3986/1584 1479/3980/1479 1569/3983/1569
f 1568/3973/1568 1479/3978/1479 1583/3975/1583
f 1583/3975/1583 1569/3974/1569 1568/3973/1568
f 2838/2845/2838 1571/2840/1571 261/2839/261
f 1590/5945/1590 1602/5948/1602 1579/5944/1579
f 1584/2881/1584 1582/2880/1582 1587/2884/1587
f 2845/1748/2845 2886/1749/2886 1588/1746/1588
f 2843/5950/2843 1592/5947/1592 1590/5945/1590
f 1592/5943/1592 1603/5940/1603 1590/5934/1590
f 1590/5934/1590 1603/5940/1603 1591/5935/1591
f 1599/5000/1599 1597/4999/1597 1593/4995/1593
f 1593/4995/1593 1597/4999/1597 1596/4998/1596
f 2841/5979/2841 1598/5973/1598 1593/5972/1593
f 2841/4090/2841 1593/4088/1593 1603/4089/1603
f 1593/4991/1593 1595/4981/1595 1603/4990/1603
f 1595/4981/1595 1600/4982/1600 1603/4990/1603
f 2841/4083/2841 1603/4082/1603 1597/4081/1597
f 1617/839/1617 1624/840/1624 1616/838/1616
f 1614/1705/1614 1618/1707/1618 1610/1703/1610
f 1626/842/1626 1612/837/1612 1625/841/1625
f 1630/1716/1630 1698/1725/1698 1628/1714/1628
f 1632/1717/1632 1628/1714/1628 1629/1715/1629
f 1627/1713/1627 1628/1714/1628 1632/1717/1632
f 1631/1775/1631 1630/1774/1630 1627/1773/1627
f 1632/1717/1632 1619/1708/1619 1633/1718/1633
f 1636/718/1636 1698/722/1698 1631/716/1631
f 1638/720/1638 1714/726/1714 2892/732/2892
f 1639/2819/1639 1641/2821/1641 1640/2820/1640
f 1657/7308/1657 2982/7312/2982 1666/7311/1666
f 1661/4897/1661 2991/4901/2991 1663/4898/1663
f 1653/7319/1653 1661/7318/1661 1663/7315/1663
f 1664/7310/1664 1657/7308/1657 1666/7311/1666
f 1566/4108/1566 1502/4107/1502 1696/4114/1696
f 1683/670/1683 1684/671/1684 1685/672/1685
f 1693/676/1693 1685/672/1685 1686/673/1686
f 1686/673/1686 1682/669/1682 1694/677/1694
f 1688/883/1688 1707/888/1707 1690/885/1690
f 1706/1868/1706 1688/1862/1688 1702/1864/1702
f 1686/673/1686 1694/677/1694 1693/676/1693
f 1707/1846/1707 1708/1847/1708 1709/1848/1709
f 1636/718/1636 1714/726/1714 1715/727/1715
f 1714/726/1714 1716/728/1716 1715/727/1715
f 1719/1659/1719 1753/1666/1753 1730/1661/1730
f 1720/7669/1720 1787/7676/1787 1789/7677/1789
f 1731/6740/1731 1721/6739/1721 1728/6741/1728
f 1721/2799/1721 1782/2801/1782 1728/2800/1728
f 1732/1662/1732 1735/1664/1735 1733/1663/1733
f 1741/1390/1741 1738/1388/1738 1740/1389/1740
f 1741/1378/1741 1751/1382/1751 1738/1377/1738
f 1747/2538/1747 1745/2543/1745 1743/2534/1743
f 1751/397/1751 1743/395/1743 1745/396/1745
f 1743/395/1743 1751/397/1751 1742/394/1742
f 1746/2537/1746 1742/2540/1742 1751/2541/1751
f 1749/1381/1749 1747/1379/1747 1751/1382/1751
f 1745/1391/1745 1747/1392/1747 1742/1393/1742
f 1742/2540/1742 1746/2537/1746 1745/2536/1745
f 1746/1366/1746 1749/1367/1749 1745/1365/1745
f 1749/399/1749 1751/400/1751 1745/398/1745
f 1749/1367/1749 1746/1366/1746 1750/1368/1750
f 1748/1371/1748 1751/1370/1751 1750/1368/1750
f 1751/1370/1751 1740/1364/1740 1750/1368/1750
f 1750/1368/1750 1740/1364/1740 1749/1367/1749
f 1693/676/1693 1754/680/1754 1757/683/1757
f 1755/681/1755 1753/679/1753 1765/691/1765
f 1755/681/1755 1759/685/1759 1760/686/1760
f 1765/691/1765 1763/689/1763 1759/685/1759
f 1761/687/1761 1552/666/1552 1760/686/1760
f 1760/686/1760 1759/685/1759 1761/687/1761
f 1761/687/1761 1759/685/1759 1763/689/1763
f 1753/1666/1753 1733/1663/1733 1765/1668/1765
f 1766/1669/1766 1777/1675/1777 1765/1668/1765
f 1752/1665/1752 1767/1670/1767 1769/1672/1769
f 1778/617/1778 1771/613/1771 1770/612/1770
f 1773/1673/1773 1763/1667/1763 1777/1675/1777
f 1793/3965/1793 1794/3966/1794 1780/3969/1780
f 1639/3958/1639 1795/3967/1795 1645/3961/1645
f 1795/3967/1795 1639/3958/1639 3072/3968/3072
f 1813/142/1813 1816/145/1816 1814/143/1814
f 1818/4922/1818 1819/4923/1819 1823/4925/1823
f 1819/5910/1819 1821/5911/1821 1800/5909/1800
f 1817/5901/1817 1821/5904/1821 1819/5908/1819
f 1818/4922/1818 1817/4921/1817 1819/4923/1819
f 1800/3932/1800 1821/3934/1821 1818/3933/1818
f 1825/6708/1825 1826/6709/1826 1823/6707/1823
f 1840/8574/1840 1838/8572/1838 1841/8575/1841
f 1859/8589/1859 1856/8586/1856 1854/8585/1854
f 1859/8589/1859 1854/8585/1854 1860/8590/1860
f 1856/8631/1856 1546/8626/1546 1861/8632/1861
f 1863/7733/1863 1861/7732/1861 1864/7734/1864
f 1878/7399/1878 1874/7395/1874 1869/7390/1869
f 1869/7390/1869 1875/7396/1875 1878/7399/1878
f 1890/6967/1890 2062/6973/2062 2064/6974/2064
f 1892/5404/1892 2066/5407/2066 1893/5405/1893
f 1906/215/1906 1921/217/1921 1927/220/1927
f 1915/7364/1915 2361/7366/2361 1883/7348/1883
f 1913/4157/1913 1917/4160/1917 1915/4158/1915
f 1906/215/1906 1927/220/1927 1926/219/1926
f 1928/8755/1928 1929/8756/1929 1937/8758/1937
f 1931/8844/1931 1933/8845/1933 1930/8843/1930
f 1933/8845/1933 1931/8844/1931 2295/8862/2295
f 1949/8766/1949 1937/8758/1937 1930/8757/1930
f 1930/8757/1930 1938/8759/1938 1949/8766/1949
f 1938/8759/1938 1945/8764/1945 1949/8766/1949
f 1998/1492/1998 1958/1490/1958 1982/1491/1982
f 1982/1501/1982 1959/1500/1959 1954/1497/1954
f 1953/3783/1953 1954/3788/1954 1959/3785/1959
f 2000/3787/2000 1953/3783/1953 1959/3785/1959
f 1987/2575/1987 1977/2571/1977 1974/2568/1974
f 1976/2570/1976 1977/2571/1977 1987/2575/1987
f 2185/157/2185 1979/151/1979 2186/158/2186
f 2186/638/2186 1979/619/1979 1994/621/1994
f 1983/2674/1983 1980/2672/1980 1981/2673/1981
f 1976/2570/1976 1987/2575/1987 1988/2576/1988
f 1993/2588/1993 1988/2585/1988 1992/2587/1992
f 1996/512/1996 2012/516/2012 2007/514/2007
f 2003/450/2003 2004/451/2004 2005/452/2005
f 2007/478/2007 2008/483/2008 2131/482/2131
f 2012/1419/2012 1983/1415/1983 2011/1418/2011
f 2089/8378/2089 2090/8383/2090 2091/8382/2091
f 2090/7540/2090 2089/7539/2089 2013/7538/2013
f 1018/5264/1018 2022/5267/2022 1019/5265/1019
f 2332/6208/2332 2350/6210/2350 2344/6209/2344
f 2051/2661/2051 2048/2658/2048 2041/2655/2041
f 2053/4422/2053 2208/4431/2208 2054/4423/2054
f 2067/4427/2067 2069/4428/2069 2061/4425/2061
f 2066/4426/2066 2067/4427/2067 2061/4425/2061
f 2067/2104/2067 2066/2103/2066 2068/2105/2068
f 2069/4428/2069 2067/4427/2067 2044/4421/2044
f 2079/4430/2079 2069/4428/2069 2044/4421/2044
f 2076/5415/2076 2075/5414/2075 2039/5408/2039
f 2078/4436/2078 2139/4437/2139 2077/4435/2077
f 2142/2115/2142 2139/2114/2139 2078/2108/2078
f 2091/4336/2091 2086/4335/2086 1050/4334/1050
f 2013/6185/2013 2104/6187/2104 2087/6186/2087
f 2087/6171/2087 2104/6178/2104 2091/6172/2091
f 2112/5257/2112 2102/5255/2102 2092/5254/2092
f 2093/584/2093 2115/592/2115 2095/586/2095
f 3206/558/3206 2096/549/2096 3202/554/3202
f 2103/589/2103 2101/588/2101 2092/583/2092
f 2134/597/2134 2103/589/2103 2092/583/2092
f 2110/5253/2110 2111/5251/2111 2113/5252/2113
f 2112/5233/2112 2108/5231/2108 2110/5232/2110
f 2110/5225/2110 2106/5222/2106 2029/5220/2029
f 2140/4319/2140 2032/4315/2032 2033/4316/2033
f 2101/5250/2101 2113/5252/2113 2092/5249/2092
f 2118/595/2118 2116/593/2116 2109/590/2109
f 2113/5234/2113 2101/5229/2101 2114/5235/2114
f 2116/5236/2116 2117/5237/2117 2113/5234/2113
f 2117/594/2117 2116/593/2116 2118/595/2118
f 2109/5239/2109 2113/5234/2113 2117/5237/2117
f 2114/591/2114 2117/594/2117 2118/595/2118
f 2101/4306/2101 2117/4308/2117 2114/4307/2114
f 2109/4309/2109 2117/4308/2117 2101/4306/2101
f 2118/595/2118 2109/590/2109 2101/588/2101
f 2115/592/2115 2093/584/2093 2094/585/2094
f 2122/10/2122 2120/9/2120 2130/15/2130
f 2122/10/2122 2129/14/2129 2125/11/2125
f 2128/13/2128 2125/11/2125 2129/14/2129
f 2139/5246/2139 2124/5242/2124 2141/5248/2141
f 2145/623/2145 2147/625/2147 2174/636/2174
f 2150/628/2150 2145/623/2145 2151/629/2151
f 2157/34/2157 2175/39/2175 2155/32/2155
f 2162/503/2162 2159/502/2159 2164/505/2164
f 2162/503/2162 2164/505/2164 2166/506/2166
f 2165/634/2165 2197/641/2197 2167/635/2167
f 2167/507/2167 1955/500/1955 2158/501/2158
f 2180/1982/2180 2194/1985/2194 2181/1983/2181
f 2166/506/2166 2158/501/2158 2162/503/2162
f 2176/1978/2176 2178/1980/2178 2170/1973/2170
f 2170/37/2170 2169/36/2169 2175/39/2175
f 2176/1978/2176 2194/1985/2194 2180/1982/2180
f 2181/1983/2181 2215/1988/2215 2232/1989/2232
f 2180/1982/2180 2181/1983/2181 2177/1979/2177
f 2185/157/2185 2182/154/2182 1815/144/1815
f 2187/639/2187 2152/630/2152 2188/640/2188
f 2185/157/2185 1815/144/1815 2196/163/2196
f 2189/1984/2189 2201/1987/2201 2195/1986/2195
f 1923/904/1923 1920/903/1920 2207/908/2207
f 2166/229/2166 2161/226/2161 2211/235/2211
f 1936/3198/1936 2072/3202/2072 2360/3203/2360
f 2222/2995/2222 2238/2997/2238 2230/2996/2230
f 2221/5019/2221 2222/5020/2222 2223/5021/2223
f 2229/4127/2229 2227/4126/2227 2230/4128/2230
f 2230/918/2230 2228/917/2228 2216/912/2216
f 2247/6904/2247 2354/6906/2354 1192/6902/1192
f 2263/8825/2263 1193/8810/1193 2251/8816/2251
f 2256/4178/2256 2255/4177/2255 2250/4175/2250
f 2250/6899/2250 2247/6898/2247 2256/6900/2256
f 2263/8825/2263 2251/8816/2251 2264/8826/2264
f 2271/8679/2271 2266/8677/2266 2267/8678/2267
f 2274/3264/2274 2272/3262/2272 2294/3265/2294
f 2273/2000/2273 2271/1998/2271 2272/1999/2272
f 2286/8859/2286 2276/8855/2276 2310/8870/2310
f 2278/8238/2278 2277/8237/2277 2279/8239/2279
f 2259/8821/2259 2281/8829/2281 2277/8828/2277
f 2275/8854/2275 2295/8862/2295 2294/8861/2294
f 2301/8264/2301 2302/8265/2302 2303/8266/2303
f 2306/8253/2306 2308/8254/2308 2299/8251/2299
f 2314/8267/2314 2302/8265/2302 2301/8264/2301
f 2329/7757/2329 2322/7753/2322 2326/7754/2326
f 2333/5325/2333 2346/5332/2346 2337/5326/2337
f 2334/6077/2334 2336/6079/2336 2337/6080/2337
f 2343/5330/2343 2344/5334/2344 2339/5328/2339
f 2345/5341/2345 2338/5338/2338 2344/5340/2344
f 1288/2065/1288 2347/2067/2347 1314/2066/1314
f 2350/4368/2350 2345/4369/2345 2344/4367/2344
f 2359/3257/2359 2340/3250/2340 2357/3256/2357
f 1883/7348/1883 2361/7366/2361 1889/7354/1889
f 2361/7366/2361 2362/7367/2362 1889/7354/1889
f 2369/7372/2369 2365/7370/2365 2366/7371/2366
f 2368/6016/2368 2363/6013/2363 2365/6014/2365
f 2368/6016/2368 2365/6014/2365 2369/6017/2369
f 2387/3027/2387 2375/3024/2375 2410/3026/2410
f 2410/3026/2410 2375/3024/2375 2407/3025/2407
f 1947/1954/1947 2379/1959/2379 2378/1958/2378
f 2393/8791/2393 2390/8788/2390 1951/8768/1951
f 2388/8786/2388 2389/8787/2389 2391/8789/2391
f 2396/8792/2396 2399/8794/2399 2393/8791/2393
f 2413/1213/2413 237/1208/237 2431/1215/2431
f 2423/2377/2423 2416/2374/2416 2422/2376/2422
f 2446/2372/2446 2422/2370/2422 2418/2367/2418
f 2416/1196/2416 2423/1197/2423 2426/1198/2426
f 2414/1179/2414 2433/1182/2433 2434/1183/2434
f 2449/3703/2449 2450/3697/2450 2448/3695/2448
f 2852/740/2852 2839/739/2839 2428/736/2428
f 2459/1831/2459 2844/1832/2844 2453/1806/2453
f 2449/3705/2449 2464/3707/2464 2465/3708/2465
f 2471/2521/2471 2450/2509/2450 2469/2514/2469
f 2473/2524/2473 2474/2525/2474 2441/2523/2441
f 2478/1790/2478 2480/1791/2480 2471/1794/2471
f 2484/5965/2484 2482/5964/2482 2485/5967/2485
f 2482/5964/2482 2869/5966/2869 2485/5967/2485
f 2869/4079/2869 2482/4072/2482 2483/4073/2483
f 2486/5955/2486 2485/5954/2485 2487/5962/2487
f 2484/2947/2484 2875/2951/2875 2487/2950/2487
f 2875/5961/2875 2486/5955/2486 2487/5962/2487
f 2484/2947/2484 2485/2948/2485 2875/2951/2875
f 2875/2951/2875 2485/2948/2485 2483/2946/2483
f 2485/2948/2485 2486/2949/2486 2483/2946/2483
f 2483/4073/2483 2486/4074/2486 2869/4079/2869
f 2487/4075/2487 2488/4076/2488 2491/4077/2491
f 2489/4031/2489 2513/4040/2513 2875/4041/2875
f 2875/5961/2875 2490/5958/2490 2486/5955/2486
f 2495/2931/2495 2496/2932/2496 2445/2939/2445
f 2498/181/2498 2522/183/2522 2506/182/2506
f 2493/4032/2493 2875/4041/2875 2513/4040/2513
f 2514/4034/2514 2999/4039/2999 2493/4032/2493
f 2515/8197/2515 2518/8202/2518 2512/8196/2512
f 2518/5928/2518 2515/5927/2515 2519/5929/2519
f 2519/7337/2519 2515/7340/2515 2508/7335/2508
f 2999/7333/2999 2647/7331/2647 3000/7334/3000
f 2529/2923/2529 2506/2921/2506 2522/2922/2522
f 2528/750/2528 2524/747/2524 2526/749/2526
f 2524/747/2524 2652/757/2652 2526/749/2526
f 2652/757/2652 2528/750/2528 2526/749/2526
f 2652/757/2652 2533/753/2533 2535/755/2535
f 2532/752/2532 2535/755/2535 2533/753/2533
f 2436/2467/2436 2537/2469/2537 2538/2470/2538
f 2551/5529/2551 2539/5526/2539 2544/5527/2544
f 2544/5542/2544 2429/5539/2429 2430/5540/2430
f 2544/7126/2544 2545/7128/2545 2550/7127/2550
f 2636/315/2636 2444/300/2444 2611/312/2611
f 2560/7595/2560 2545/7601/2545 2561/7596/2561
f 2569/7916/2569 2568/7911/2568 2567/7914/2567
f 2644/6427/2644 2576/6418/2576 2637/6422/2637
f 2579/6407/2579 2583/6409/2583 2592/6412/2592
f 2579/6407/2579 2592/6412/2592 2581/6408/2581
f 2586/7120/2586 2582/7112/2582 2584/7113/2584
f 2588/6441/2588 2586/6440/2586 2584/6439/2584
f 2590/6443/2590 2586/6440/2586 2588/6441/2588
f 2588/6441/2588 2589/6442/2589 2590/6443/2590
f 2590/7118/2590 2587/7116/2587 2582/7112/2582
f 2590/6450/2590 2589/6449/2589 2591/6451/2591
f 2590/6450/2590 2591/6451/2591 2546/6445/2546
f 2603/2284/2603 2599/2283/2599 2591/2282/2591
f 2597/3575/2597 2629/3581/2629 2601/3577/2601
f 2602/3578/2602 2601/3577/2601 2629/3581/2629
f 2639/6424/2639 2638/6423/2638 2637/6422/2637
f 2614/3565/2614 2615/3566/2615 2606/3563/2606
f 2616/5668/2616 2614/5667/2614 2606/5673/2606
f 2625/5533/2625 2627/5535/2627 2623/5537/2623
f 2634/4552/2634 2734/4559/2734 2635/4553/2635
f 2627/5535/2627 2626/5534/2626 2640/5536/2640
f 2644/6427/2644 2649/6429/2649 2626/6421/2626
f 2648/3406/2648 2649/3407/2649 2650/3408/2650
f 2643/294/2643 2642/293/2642 2652/296/2652
f 2527/291/2527 2651/295/2651 2533/292/2533
f 2658/3412/2658 2648/3406/2648 2650/3408/2650
f 2655/5645/2655 2661/5644/2661 2657/5643/2657
f 2666/7162/2666 2655/7160/2655 2662/7161/2662
f 2639/4539/2639 2633/4538/2633 2669/4540/2669
f 2633/4538/2633 2758/4541/2758 2669/4540/2669
f 2674/3420/2674 2673/3419/2673 2682/3421/2682
f 2682/2526/2682 2783/2528/2783 2837/2530/2837
f 2684/3502/2684 2675/3497/2675 2680/3499/2680
f 2686/1573/2686 2679/1566/2679 2682/1569/2682
f 2682/1569/2682 2683/1570/2683 2685/1572/2685
f 2681/3500/2681 2682/3501/2682 2685/3504/2685
f 2685/337/2685 2686/338/2686 3065/343/3065
f 2787/1575/2787 2682/1569/2682 2837/1576/2837
f 2694/3126/2694 764/3116/764 2695/3127/2695
f 2700/1090/2700 953/1089/953 2701/1091/2701
f 989/3305/989 2717/3307/2717 2715/3306/2715
f 2722/5572/2722 2720/5570/2720 2721/5571/2721
f 2744/5584/2744 2723/5573/2723 2745/5585/2745
f 2748/5587/2748 2745/5585/2745 2723/5573/2723
f 2748/3431/2748 2722/3428/2722 2730/3429/2730
f 2706/5565/2706 2731/5575/2731 2733/5577/2733
f 2630/4550/2630 2709/4556/2709 2734/4559/2734
f 2738/5582/2738 2737/5581/2737 2732/5576/2732
f 2824/3440/2824 2730/3429/2730 2747/3430/2747
f 2753/1082/2753 2756/1085/2756 2754/1088/2754
f 2755/1084/2755 2753/1082/2753 2798/1087/2798
f 2760/5592/2760 2757/5590/2757 2759/5591/2759
f 2766/6564/2766 2777/6568/2777 2784/6570/2784
f 2769/6580/2769 2770/6581/2770 2768/6579/2768
f 2766/319/2766 2771/321/2771 2762/316/2762
f 2780/325/2780 2777/324/2777 2766/323/2766
f 2789/5627/2789 2779/5625/2779 2778/5624/2778
f 2784/6570/2784 2777/6568/2777 2783/6569/2783
f 2786/327/2786 2777/324/2777 2785/326/2785
f 2783/6569/2783 2682/6562/2682 2767/6571/2767
f 2785/326/2785 2788/328/2788 2786/327/2786
f 2761/7134/2761 2746/7133/2746 2794/7137/2794
f 2746/7133/2746 2792/7135/2792 2794/7137/2794
f 2792/7135/2792 2793/7136/2793 2794/7137/2794
f 2793/7142/2793 2761/7140/2761 2760/7144/2760
f 2794/7137/2794 2793/7136/2793 2760/7139/2760
f 2761/5604/2761 2794/5607/2794 2791/5606/2791
f 2795/5608/2795 2761/5604/2761 2791/5606/2791
f 2798/3435/2798 2797/3434/2797 2799/3436/2799
f 2803/259/2803 2797/256/2797 2804/260/2804
f 2805/3398/2805 2790/3395/2790 2798/3397/2798
f 2806/3399/2806 2790/3395/2790 2805/3398/2805
f 2807/262/2807 2804/260/2804 2805/261/2805
f 2729/3466/2729 2809/3469/2809 2810/3470/2810
f 1035/276/1035 1048/281/1048 2813/285/2813
f 2817/3438/2817 2818/3439/2818 2828/3444/2828
f 2747/3430/2747 2826/3442/2826 2824/3440/2824
f 2836/3479/2836 2818/3478/2818 2814/3474/2814
f 2854/742/2854 2453/737/2453 2839/739/2839
f 2838/4006/2838 2842/4007/2842 2850/4008/2850
f 2840/5978/2840 2844/5980/2844 2841/5979/2841
f 2842/4007/2842 2843/4009/2843 2850/4008/2850
f 2886/1731/2886 2845/1727/2845 2887/1732/2887
f 2851/3993/2851 2849/3992/2849 2848/3991/2848
f 1578/190/1578 2847/191/2847 2850/192/2850
f 2850/2909/2850 2849/2908/2849 1578/2910/1578
f 1600/5975/1600 1599/5974/1599 1598/5973/1598
f 1600/5975/1600 1598/5973/1598 2856/5982/2856
f 2857/1811/2857 2858/1812/2858 2859/1813/2859
f 2864/1781/2864 2866/1782/2866 2862/1780/2862
f 2889/1784/2889 2888/1783/2888 2890/1785/2890
f 2861/6748/2861 2870/6753/2870 2867/6752/2867
f 2874/1818/2874 2873/1817/2873 2869/1816/2869
f 2869/1816/2869 2488/1810/2488 2874/1818/2874
f 2877/4964/2877 2878/4965/2878 2867/4962/2867
f 2881/4024/2881 2879/4023/2879 2860/4022/2860
f 2896/702/2896 2965/703/2965 2894/700/2894
f 2891/4014/2891 2943/4016/2943 2965/4017/2965
f 2894/700/2894 2965/703/2965 3074/707/3074
f 3030/1560/3030 3032/1562/3032 2901/1555/2901
f 3036/3792/3036 2901/3789/2901 2903/3790/2903
f 3036/3826/3036 2907/3823/2907 3037/3827/3037
f 2912/1549/2912 2914/1551/2914 2913/1550/2913
f 2915/5856/2915 2916/5857/2916 2920/5858/2920
f 2923/7655/2923 2921/7653/2921 3121/7657/3121
f 2924/7656/2924 3121/7657/3121 2921/7653/2921
f 2922/7300/2922 2926/7301/2926 3121/7302/3121
f 3121/4867/3121 2924/4866/2924 2922/4865/2922
f 2923/7663/2923 2926/7664/2926 2921/7661/2921
f 2926/7664/2926 2922/7662/2922 2921/7661/2921
f 2924/4858/2924 3127/4861/3127 2925/4859/2925
f 2926/5867/2926 2924/5869/2924 2928/5868/2928
f 2932/96/2932 2935/99/2935 2930/94/2930
f 2933/97/2933 2932/96/2932 2930/94/2930
f 2932/96/2932 2936/101/2936 2935/99/2935
f 2935/93/2935 2936/91/2936 2931/86/2931
f 2931/95/2931 2932/96/2932 2933/97/2933
f 2946/6682/2946 2961/6688/2961 2947/6683/2947
f 2961/3876/2961 2950/3875/2950 2945/3874/2945
f 2950/6686/2950 2949/6685/2949 2947/6683/2947
f 2949/6685/2949 2950/6686/2950 2961/6690/2961
f 2961/2736/2961 2953/2733/2953 2954/2734/2954
f 2958/4877/2958 2946/4883/2946 2955/4875/2955
f 2964/4881/2964 2963/4880/2963 2958/4877/2958
f 2939/1608/2939 2942/1610/2942 2940/1609/2940
f 2974/6649/2974 2972/6647/2972 1651/6646/1651
f 2969/4863/2969 1649/4862/1649 2972/4864/2972
f 2969/6652/2969 2973/6648/2973 1649/6645/1649
f 2973/6648/2973 2974/6649/2974 1649/6645/1649
f 2969/6655/2969 2972/6658/2972 1650/6653/1650
f 2982/2725/2982 2976/2721/2976 2979/2723/2979
f 2978/7276/2978 2979/7277/2979 1648/7268/1648
f 2976/6637/2976 1652/6631/1652 2979/6640/2979
f 2978/7276/2978 1648/7268/1648 2976/7279/2976
f 2969/7284/2969 2976/7285/2976 2968/7283/2968
f 2979/4857/2979 2983/4855/2983 2980/4854/2980
f 2987/1615/2987 2998/1619/2998 2997/1618/2997
f 2993/3863/2993 2992/3862/2992 2916/3853/2916
f 3026/1828/3026 2876/1820/2876 3002/1826/3002
f 3001/4047/3001 3000/4046/3000 3041/4049/3041
f 3007/8176/3007 3011/8179/3011 3009/8177/3009
f 3011/8179/3011 3013/8180/3013 3009/8177/3009
f 3010/8178/3010 3011/8179/3011 3003/8173/3003
f 3005/5824/3005 3013/5825/3013 3030/5828/3030
f 3012/7938/3012 3013/7939/3013 3005/7933/3005
f 3011/7937/3011 3012/7938/3012 3005/7933/3005
f 3033/3894/3033 3016/3889/3016 3017/3890/3017
f 3022/1592/3022 3035/1594/3035 3021/1591/3021
f 3022/1592/3022 3021/1591/3021 3020/1590/3020
f 3022/1596/3022 3023/1597/3023 3035/1598/3035
f 3023/1593/3023 3022/1592/3022 3020/1590/3020
f 3054/1595/3054 3021/1591/3021 3035/1594/3035
f 3035/3883/3035 3023/3881/3023 3227/3885/3227
f 3023/3881/3023 3021/3880/3021 3227/3885/3227
f 3021/3880/3021 3054/3884/3054 3227/3885/3227
f 3054/3884/3054 3020/3879/3020 3227/3885/3227
f 3020/3879/3020 3035/3883/3035 3227/3885/3227
f 3020/1603/3020 3054/1607/3054 3023/1605/3023
f 3054/6698/3054 3035/6696/3035 3057/6699/3057
f 3030/4800/3030 3033/4801/3033 2903/4799/2903
f 3038/2778/3038 3054/2780/3054 3034/2777/3034
f 2961/6668/2961 2960/6667/2960 3037/6670/3037
f 3024/3893/3024 3046/3898/3046 3038/3896/3038
f 3055/1639/3055 3053/1638/3053 2913/1637/2913
f 2679/344/2679 3059/348/3059 3058/347/3058
f 2685/345/2685 2679/344/2679 3058/347/3058
f 3056/1579/3056 3063/1584/3063 3061/1583/3061
f 3089/1340/3089 3069/1339/3069 3068/1341/3068
f 2944/5870/2944 3070/5873/3070 2962/5871/2962
f 1796/4935/1796 3075/4939/3075 3076/4940/3076
f 3077/6718/3077 3079/6720/3079 1823/6713/1823
f 3076/2789/3076 3077/2790/3077 1823/2788/1823
f 3077/4913/3077 2989/4908/2989 3078/4914/3078
f 3080/2768/3080 3081/2769/3081 2688/2760/2688
f 3082/4835/3082 3080/4834/3080 2690/4831/2690
f 3096/4818/3096 3098/4819/3098 3107/4820/3107
f 3096/4486/3096 3126/4491/3126 3117/4487/3117
f 3103/6283/3103 3106/6286/3106 2910/6289/2910
f 2910/2235/2910 2980/2236/2980 3104/2237/3104
f 3108/4821/3108 3096/4818/3096 3107/4820/3107
f 3107/3800/3107 3128/3802/3128 3171/3804/3171
f 3101/6606/3101 3113/6607/3113 3150/6614/3150
f 3113/6607/3113 3151/6610/3151 3114/6608/3114
f 3116/6597/3116 3128/6599/3128 3114/6595/3114
f 3097/4803/3097 3117/4804/3117 2740/4802/2740
f 2741/2683/2741 3122/2686/3122 3125/2689/3125
f 3133/426/3133 3132/425/3132 3131/424/3131
f 3132/126/3132 3130/124/3130 3131/125/3131
f 3130/423/3130 3135/428/3135 3131/432/3131
f 3136/437/3136 3133/434/3133 3131/433/3131
f 3131/432/3131 3129/422/3129 3136/429/3136
f 3129/422/3129 3131/432/3131 3135/428/3135
f 3132/425/3132 3133/426/3133 3134/427/3134
f 3136/430/3136 3132/425/3132 3134/427/3134
f 3143/7263/3143 3110/7261/3110 3101/7264/3101
f 3147/1433/3147 3149/1434/3149 3154/1435/3154
f 2752/4772/2752 3164/4782/3164 3159/4779/3159
f 3159/4779/3159 3138/4776/3138 3163/4781/3163
f 3169/6601/3169 3170/6602/3170 3112/6594/3112
f 3170/3807/3170 3169/3806/3169 3171/3808/3171
f 3186/7573/3186 3184/7567/3184 2789/7570/2789
f 3186/1059/3186 3178/1058/3178 3175/1057/3175
f 3060/3839/3060 3174/3842/3174 2927/3838/2927
f 3186/330/3186 2788/328/2788 3191/331/3191
f 2103/563/2103 3207/577/3207 3198/573/3198
f 3210/544/3210 3207/542/3207 3208/543/3208
f 7/9272/7 16/9277/16 17/9278/17
f 25/9168/25 21/9165/21 20/9164/20
f 29/9282/29 27/9281/27 31/9283/31
f 27/4201/27 30/4202/30 31/4203/31
f 37/8889/37 31/8891/31 30/8888/30
f 16/9277/16 29/9282/29 31/9283/31
f 16/9277/16 31/9283/31 32/9284/32
f 37/8889/37 38/8890/38 31/8891/31
f 38/5076/38 39/5077/39 31/5075/31
f 42/9033/42 39/9031/39 40/9032/40
f 627/9269/627 56/9247/56 57/9248/57
f 87/9549/87 72/9548/72 89/9551/89
f 109/9592/109 97/9588/97 102/9589/102
f 68/9583/68 102/9589/102 97/9588/97
f 113/9175/113 117/9177/117 116/9176/116
f 86/9624/86 85/9623/85 108/9626/108
f 127/9603/127 108/9591/108 137/9606/137
f 145/9297/145 147/9299/147 146/9298/146
f 153/7204/153 154/7205/154 155/7206/155
f 148/5701/148 159/5707/159 158/5706/158
f 166/7406/166 167/7407/167 168/7408/168
f 134/8438/134 170/8446/170 169/8445/169
f 175/8449/175 174/8448/174 164/8442/164
f 181/2060/181 182/2061/182 180/2059/180
f 149/4655/149 184/4659/184 160/4663/160
f 187/6517/187 485/6520/485 492/6521/492
f 189/1217/189 190/1236/190 494/1237/494
f 190/3623/190 187/3621/187 188/3622/188
f 178/894/178 203/901/203 144/892/144
f 200/6796/200 199/6793/199 203/6799/203
f 196/6798/196 198/6795/198 197/6792/197
f 196/890/196 192/889/192 198/891/198
f 194/6800/194 196/6801/196 199/6802/199
f 199/6806/199 196/6805/196 195/6804/195
f 193/1219/193 201/1221/201 200/1220/200
f 202/2974/202 204/2976/204 178/2973/178
f 207/2980/207 203/2975/203 204/2976/204
f 204/2976/204 202/2974/202 207/2980/207
f 203/901/203 178/894/178 205/902/205
f 178/2973/178 204/2976/204 205/2977/205
f 177/893/177 203/901/203 205/902/205
f 206/2978/206 205/2977/205 204/2976/204
f 203/2975/203 206/2978/206 204/2976/204
f 206/1913/206 207/1914/207 202/1911/202
f 202/1911/202 205/1912/205 206/1913/206
f 203/2975/203 177/2972/177 206/2978/206
f 207/2979/207 206/2978/206 177/2972/177
f 203/5988/203 207/5989/207 193/5987/193
f 222/4661/222 207/4660/207 160/4663/160
f 195/1921/195 208/1923/208 197/1922/197
f 197/1922/197 208/1923/208 182/1920/182
f 212/6788/212 209/6786/209 208/6785/208
f 208/6785/208 200/6784/200 212/6788/212
f 1440/4355/1440 215/4354/215 1451/4356/1451
f 1451/6229/1451 215/6223/215 214/6222/214
f 214/5292/214 217/5293/217 1451/5294/1451
f 216/6224/216 1451/6230/1451 217/6232/217
f 220/1224/220 224/1227/224 221/1225/221
f 220/1224/220 494/1234/494 495/1235/495
f 243/1233/243 219/1223/219 225/1228/225
f 244/2830/244 257/2835/257 247/2833/247
f 249/1248/249 254/1249/254 256/1251/256
f 259/2837/259 2425/2841/2425 2427/2843/2427
f 263/8697/263 262/8696/262 267/8698/267
f 277/9369/277 281/9373/281 270/9362/270
f 287/7439/287 288/7440/288 347/7441/347
f 341/4206/341 293/4205/293 345/4207/345
f 292/6030/292 294/6031/294 347/6032/347
f 300/9387/300 296/9384/296 314/9390/314
f 348/4184/348 294/4179/294 299/4181/299
f 301/9388/301 300/9387/300 320/9393/320
f 364/3014/364 301/3009/301 320/3011/320
f 303/9252/303 305/9254/305 285/9250/285
f 677/9348/677 338/9347/338 313/9346/313
f 328/418/328 325/417/325 323/416/323
f 325/415/325 328/408/328 331/410/331
f 329/409/329 333/412/333 331/410/331
f 331/410/331 328/408/328 324/406/324
f 331/410/331 332/411/332 329/409/329
f 325/105/325 333/110/333 332/109/332
f 345/8315/345 344/8314/344 347/8316/347
f 350/1293/350 358/1296/358 352/1295/352
f 369/1269/369 372/1270/372 367/1268/367
f 370/2506/370 362/2505/362 361/2504/361
f 366/3015/366 363/3013/363 364/3014/364
f 362/2433/362 368/2435/368 367/2434/367
f 368/1950/368 362/1947/362 505/1949/505
f 385/2436/385 367/2434/367 420/2440/420
f 382/1300/382 352/1295/352 358/1296/358
f 233/5726/233 356/5721/356 379/5723/379
f 233/3589/233 380/3590/380 381/3591/381
f 382/1303/382 373/1302/373 392/1304/392
f 386/6557/386 373/6555/373 374/6556/374
f 391/4729/391 388/4727/388 393/4730/393
f 389/7238/389 388/7242/388 391/7240/391
f 391/7241/391 390/7239/390 386/7235/386
f 386/6557/386 374/6556/374 391/6558/391
f 390/4728/390 391/4729/391 393/4730/393
f 373/2498/373 390/2499/390 393/2500/393
f 392/1304/392 373/1302/373 393/1305/393
f 397/2456/397 400/2457/400 401/2458/401
f 407/9267/407 53/9244/53 56/9247/56
f 322/8320/322 417/8325/417 415/8324/415
f 322/8320/322 413/8323/413 318/8317/318
f 396/5761/396 424/5762/424 375/5760/375
f 419/2439/419 425/2441/425 420/2440/420
f 429/7230/429 432/7232/432 423/7229/423
f 438/2017/438 340/2016/340 440/2018/440
f 439/1116/439 440/1117/440 445/1122/445
f 446/1123/446 449/1126/449 439/1116/439
f 376/6535/376 424/6538/424 454/6540/454
f 424/4715/424 571/4717/571 454/4716/454
f 458/2426/458 460/2428/460 461/2429/461
f 463/5765/463 574/5766/574 400/5763/400
f 465/1284/465 464/1283/464 479/1285/479
f 471/2253/471 466/2248/466 447/2246/447
f 477/5498/477 471/5501/471 476/5497/476
f 185/1263/185 186/1264/186 483/1266/483
f 480/4678/480 482/4679/482 484/4680/484
f 485/6520/485 494/6523/494 185/6516/185
f 497/3016/497 298/3008/298 504/3017/504
f 498/4132/498 502/4136/502 363/4141/363
f 362/4129/362 504/4138/504 505/4139/505
f 508/62/508 506/60/506 509/63/509
f 511/65/511 513/67/513 509/63/509
f 519/4639/519 516/4637/516 517/4638/517
f 518/1154/518 534/1164/534 522/1157/522
f 402/4622/402 523/4624/523 394/4621/394
f 525/1159/525 533/1163/533 524/1158/524
f 518/1154/518 524/1158/524 533/1163/533
f 574/2462/574 535/2459/535 536/2460/536
f 541/1168/541 539/1166/539 540/1167/540
f 548/392/548 551/393/551 547/391/547
f 550/379/550 543/374/543 549/378/549
f 543/374/543 547/376/547 549/378/549
f 561/7226/561 428/7219/428 560/7225/560
f 428/7219/428 561/7226/561 427/7218/427
f 457/4706/457 563/4710/563 450/4705/450
f 563/4710/563 457/4706/457 564/4711/564
f 457/5740/457 562/5748/562 565/5743/565
f 564/4695/564 568/4699/568 566/4697/566
f 568/4699/568 569/4700/569 566/4697/566
f 424/3649/424 398/3647/398 571/3650/571
f 604/1288/604 577/1286/577 603/1287/603
f 470/2252/470 466/2248/466 580/2256/580
f 466/6387/466 579/6390/579 580/6391/580
f 477/5465/477 588/5470/588 587/5469/587
f 594/6303/594 589/6302/589 593/6306/593
f 594/6303/594 593/6306/593 600/6305/600
f 612/8050/612 611/8049/611 615/8051/615
f 645/8882/645 644/8881/644 643/8880/643
f 1076/8912/1076 659/8911/659 1079/8914/1079
f 665/8078/665 1076/8080/1076 663/8077/663
f 690/9463/690 687/9461/687 693/9477/693
f 695/9193/695 696/9194/696 889/9196/889
f 697/4234/697 699/4236/699 698/4235/698
f 712/4246/712 703/4238/703 700/4237/700
f 732/4257/732 728/4255/728 700/4237/700
f 714/4248/714 712/4246/712 713/4247/713
f 714/4248/714 703/4238/703 712/4246/712
f 718/5167/718 711/5163/711 708/5161/708
f 715/5164/715 717/5166/717 716/5165/716
f 714/3110/714 719/3111/719 701/3107/701
f 723/5211/723 726/5213/726 755/5215/755
f 863/5209/863 724/5206/724 862/5208/862
f 736/7625/736 737/7626/737 738/7627/738
f 767/7633/767 739/7628/739 742/7629/742
f 749/4268/749 753/4269/753 750/4263/750
f 755/4270/755 751/4264/751 750/4263/750
f 755/4270/755 750/4263/750 754/4266/754
f 750/4263/750 753/4269/753 754/4266/754
f 757/5180/757 865/5183/865 760/5181/760
f 763/4297/763 762/4296/762 761/4295/761
f 744/6484/744 766/6485/766 769/6486/769
f 773/2339/773 771/2337/771 779/2338/779
f 775/4520/775 747/4519/747 745/4517/745
f 788/6489/788 789/6490/789 797/6492/797
f 789/7924/789 787/7923/787 802/7926/802
f 772/8160/772 795/8163/795 794/8162/794
f 798/8153/798 796/8151/796 800/8155/800
f 771/7177/771 801/7180/801 779/7178/779
f 802/5647/802 804/5648/804 806/5649/806
f 807/7185/807 804/7187/804 802/7181/802
f 816/4304/816 815/4303/815 813/4302/813
f 810/5147/810 757/5145/757 812/5149/812
f 814/6911/814 756/6907/756 815/6912/815
f 817/4282/817 816/4281/816 813/4280/813
f 779/3128/779 782/3129/782 819/3130/819
f 808/7190/808 782/7191/782 779/7192/779
f 764/3136/764 827/3139/827 2695/3142/2695
f 832/3314/832 828/3310/828 829/3311/829
f 683/5079/683 682/5078/682 689/5080/689
f 839/1405/839 842/1404/842 840/1396/840
f 843/120/843 845/122/845 844/121/844
f 842/119/842 843/120/843 688/115/688
f 874/7464/874 873/7463/873 857/7462/857
f 859/2192/859 880/2203/880 861/2193/861
f 859/2192/859 861/2193/861 870/2197/870
f 860/2209/860 874/2212/874 861/2210/861
f 870/2197/870 861/2193/861 874/2205/874
f 861/2216/861 875/2218/875 860/2215/860
f 863/5209/863 862/5208/862 864/5210/864
f 696/9468/696 695/9467/695 871/9472/871
f 872/9473/872 696/9468/696 871/9472/871
f 872/8295/872 1087/8297/1087 1208/8299/1208
f 870/2211/870 900/2214/900 880/2213/880
f 875/984/875 880/988/880 877/985/877
f 881/989/881 877/985/877 880/988/880
f 888/996/888 877/985/877 887/995/887
f 874/7464/874 857/7462/857 891/7465/891
f 870/5132/870 891/5135/891 900/5137/900
f 895/6109/895 899/6113/899 893/6107/893
f 899/6113/899 897/6111/897 896/6110/896
f 898/6112/898 897/6111/897 899/6113/899
f 905/6115/905 894/6108/894 903/6114/903
f 894/5136/894 905/5140/905 902/5139/902
f 905/1000/905 906/1001/906 904/999/904
f 912/3091/912 903/3090/903 895/3089/895
f 910/6996/910 907/6994/907 909/6995/909
f 918/5188/918 916/5186/916 917/5187/917
f 886/1024/886 1021/1035/1021 1022/1036/1022
f 925/3329/925 829/3325/829 830/3326/830
f 925/1029/925 922/1026/922 923/1027/923
f 833/3328/833 926/3330/926 980/3333/980
f 776/8397/776 928/8399/928 927/8398/927
f 934/6347/934 776/6341/776 929/6345/929
f 942/7621/942 945/7623/945 943/7622/943
f 781/5487/781 943/5486/943 929/5485/929
f 950/6354/950 938/6349/938 937/6348/937
f 949/7019/949 950/7020/950 607/7017/607
f 607/7017/607 950/7020/950 947/7018/947
f 957/7024/957 947/7018/947 950/7020/950
f 951/4531/951 2698/4532/2698 609/4530/609
f 954/6396/954 955/6397/955 956/6398/956
f 962/1360/962 959/1357/959 967/1362/967
f 962/1347/962 963/1353/963 961/1346/961
f 967/355/967 966/354/966 964/353/964
f 964/1348/964 965/1349/965 968/1351/968
f 969/358/969 967/357/967 970/359/970
f 972/7039/972 2711/7038/2711 988/7037/988
f 2711/7030/2711 975/7033/975 2710/7029/2710
f 986/7882/986 982/7879/982 983/7880/983
f 999/4476/999 911/4474/911 998/4475/998
f 999/7006/999 1000/7007/1000 911/7004/911
f 1004/4472/1004 910/4467/910 998/4469/998
f 886/1024/886 1001/1032/1001 1002/1033/1002
f 1023/1037/1023 1025/1038/1025 1026/1039/1026
f 924/6269/924 1026/6271/1026 1031/6274/1031
f 1035/3456/1035 2812/3461/2812 1033/3455/1033
f 1040/971/1040 1005/967/1005 1037/969/1037
f 1039/3353/1039 1005/3346/1005 1028/3351/1028
f 1039/3353/1039 1027/3356/1027 1040/3354/1040
f 1027/2223/1027 1028/2224/1028 1040/2226/1040
f 1034/3355/1034 1005/3346/1005 1039/3353/1039
f 1040/3354/1040 1034/3355/1034 1039/3353/1039
f 1034/1011/1034 1046/1015/1046 1036/1012/1036
f 1049/282/1049 1036/277/1036 1047/280/1047
f 1062/3768/1062 1061/3767/1061 1070/3769/1070
f 1065/249/1065 1066/245/1066 1068/247/1068
f 1069/2043/1069 1066/2042/1066 1065/2041/1065
f 1067/246/1067 1057/243/1057 1065/244/1065
f 1069/3181/1069 1065/3180/1065 1057/3177/1057
f 1068/6166/1068 1069/6177/1069 1019/6162/1019
f 1079/8914/1079 1078/8913/1078 1076/8912/1076
f 1080/8915/1080 1078/8913/1078 1079/8914/1079
f 1081/9204/1081 1082/9205/1082 1078/9203/1078
f 1083/8951/1083 1086/8952/1086 1085/8953/1085
f 1086/9334/1086 1087/9336/1087 1084/9333/1084
f 1118/8289/1118 1116/8287/1116 1117/8288/1117
f 1126/9432/1126 1122/9428/1122 1125/9431/1125
f 1123/9500/1123 1122/9499/1122 1127/9501/1127
f 1134/9016/1134 1130/9014/1130 1133/9015/1133
f 1131/5099/1131 1136/5100/1136 1237/5101/1237
f 1110/9420/1110 1114/9423/1114 1141/9434/1141
f 1142/9002/1142 1110/9001/1110 1143/9003/1143
f 1144/9206/1144 1146/9207/1146 1195/9208/1195
f 1151/8991/1151 1181/8996/1181 1150/8990/1150
f 1166/6248/1166 1158/6246/1158 1157/6245/1157
f 1156/7482/1156 1136/7481/1136 1161/7483/1161
f 1162/6243/1162 1160/6242/1160 1157/6241/1157
f 1157/8928/1157 1161/8929/1161 1164/8930/1164
f 1168/953/1168 1161/952/1161 1157/951/1157
f 1237/7491/1237 1156/7488/1156 1235/7490/1235
f 1165/9111/1165 1163/9112/1163 1140/9107/1140
f 1264/4402/1264 1168/4403/1168 1172/4401/1172
f 1173/2093/1173 1171/2091/1171 1264/2094/1264
f 1173/6239/1173 1264/6240/1264 1170/6237/1170
f 1169/3052/1169 1173/3056/1173 1170/3053/1170
f 1292/7508/1292 1290/7504/1290 1175/7507/1175
f 1175/5092/1175 1290/5095/1290 1165/5089/1165
f 1293/5098/1293 1175/5092/1175 1165/5089/1165
f 1293/5098/1293 1165/5089/1165 1292/5097/1292
f 1165/5089/1165 1176/5093/1176 1292/5097/1292
f 1176/7503/1176 1293/7506/1293 1290/7504/1290
f 1180/8995/1180 1181/8996/1181 1188/8999/1188
f 1299/6064/1299 1183/6061/1183 1188/6062/1188
f 1299/6064/1299 1294/6063/1294 1183/6061/1183
f 1191/8808/1191 1188/8836/1188 1201/8812/1201
f 1206/8038/1206 1204/8037/1204 1207/8039/1207
f 1212/3064/1212 1218/3068/1218 1217/3067/1217
f 1238/2083/1238 1007/2082/1007 913/2081/913
f 1225/6933/1225 1229/6937/1229 1231/6939/1231
f 1231/6939/1231 1227/6935/1227 1225/6933/1225
f 1219/4394/1219 1233/4396/1233 1228/4395/1228
f 1233/2087/1233 1219/2084/1219 1229/2085/1229
f 1228/6942/1228 1240/6943/1240 1229/6944/1229
f 1240/2080/1240 1232/2079/1232 1229/2078/1229
f 1234/7478/1234 1156/7473/1156 1255/7479/1255
f 1232/8353/1232 1235/8355/1235 1234/8354/1234
f 1242/6955/1242 1233/6952/1233 1236/6954/1236
f 1242/6955/1242 1240/6960/1240 1233/6952/1233
f 1242/6955/1242 1236/6954/1236 1275/6959/1275
f 1245/5365/1245 1242/5362/1242 1042/5360/1042
f 1312/4391/1312 1240/4387/1240 1246/4389/1246
f 1042/2095/1042 1248/2097/1248 1247/2096/1247
f 1250/5123/1250 1251/5124/1251 1291/5126/1291
f 1251/6100/1251 1253/6099/1253 1254/6095/1254
f 1253/5121/1253 1251/5119/1251 1252/5120/1252
f 1251/6093/1251 1250/6092/1250 1252/6094/1252
f 1250/6092/1250 1254/6095/1254 1252/6094/1252
f 1013/5386/1013 1258/5390/1258 1260/5391/1260
f 1295/8371/1295 1300/8372/1300 1263/8370/1263
f 1262/8127/1262 1263/8128/1263 1300/8129/1300
f 1262/8117/1262 1169/8116/1169 1263/8118/1263
f 1170/6237/1170 1264/6240/1264 1166/6235/1166
f 1277/5394/1277 1276/5393/1276 1279/5396/1279
f 1275/4379/1275 1278/4380/1278 1043/4375/1043
f 1285/4360/1285 1280/4357/1280 1282/4358/1282
f 1017/6179/1017 1278/6180/1278 1283/6181/1283
f 1306/6882/1306 1303/6880/1303 1304/6881/1304
f 1306/6887/1306 1301/6886/1301 1307/6888/1307
f 1303/6889/1303 1307/6888/1307 1301/6886/1301
f 1308/6893/1308 1309/6894/1309 1301/6890/1301
f 1303/6895/1303 1301/6890/1301 1309/6894/1309
f 1306/7830/1306 1302/7828/1302 1303/7829/1303
f 1306/7837/1306 1310/7838/1310 1305/7836/1305
f 1043/3176/1043 1278/3184/1278 1017/3175/1017
f 1331/8459/1331 1328/8458/1328 1370/8481/1370
f 1334/8460/1334 1336/8462/1336 1335/8461/1335
f 1362/8477/1362 1345/8469/1345 179/8527/179
f 1347/8471/1347 1342/8466/1342 1346/8470/1346
f 1352/8476/1352 1363/8478/1363 1362/8477/1362
f 1365/771/1365 1366/772/1366 1364/770/1364
f 1331/8459/1331 1370/8481/1370 1371/8482/1371
f 1398/8500/1398 1376/8487/1376 1407/8508/1407
f 1388/8633/1388 1392/8635/1392 1391/8634/1391
f 1404/8505/1404 1399/8501/1399 1422/8517/1422
f 1416/8512/1416 1405/8506/1405 1406/8507/1406
f 1403/8504/1403 1404/8505/1404 1406/8507/1406
f 1519/8605/1519 1415/8598/1415 1412/8595/1412
f 1415/8561/1415 1428/8563/1428 1414/8560/1414
f 1428/8563/1428 1415/8561/1415 1537/8567/1537
f 1832/8236/1832 1434/8233/1434 1433/8232/1433
f 1439/3225/1439 1441/3227/1441 1358/3221/1358
f 1442/3228/1442 1361/3224/1361 1441/3227/1441
f 1444/213/1444 1440/212/1440 1449/214/1449
f 1457/787/1457 1366/772/1366 1445/782/1445
f 1360/926/1360 1367/928/1367 1444/931/1444
f 1458/788/1458 1445/782/1445 1447/784/1447
f 1454/5285/1454 1474/5286/1474 1451/5282/1451
f 1450/2859/1450 1455/2860/1455 1443/2856/1443
f 1462/1875/1462 1455/1873/1455 1463/1876/1463
f 1463/2893/1463 1455/2892/1455 1485/2898/1485
f 1478/2863/1478 1485/2869/1485 1456/2861/1456
f 1461/791/1461 1470/793/1470 1460/790/1460
f 1496/797/1496 1460/790/1460 1470/793/1470
f 1471/1881/1471 1461/1874/1461 1462/1875/1462
f 1478/2863/1478 1456/2861/1456 1479/2864/1479
f 1580/3984/1580 1584/3986/1584 1482/3981/1482
f 1483/2868/1483 1481/2866/1481 1482/2867/1482
f 1482/2867/1482 1480/2865/1480 1580/2870/1580
f 1484/2897/1484 1485/2898/1485 1477/2895/1477
f 1487/2873/1487 1490/2876/1490 1488/2874/1488
f 1496/797/1496 1497/798/1497 1410/779/1410
f 1496/797/1496 1499/800/1499 1497/798/1497
f 1499/800/1499 1496/797/1496 1500/801/1500
f 1507/852/1507 1562/867/1562 1563/868/1563
f 1514/858/1514 1513/857/1513 1516/859/1516
f 1413/8596/1413 1513/8601/1513 1512/8600/1512
f 1507/852/1507 1514/858/1514 1516/859/1516
f 1415/8598/1415 1519/8605/1519 1535/8616/1535
f 1524/8610/1524 1523/8609/1523 1525/8611/1525
f 1526/862/1526 1678/879/1678 1679/880/1679
f 1683/670/1683 1531/661/1531 1526/660/1526
f 1525/7989/1525 1523/7988/1523 1530/7990/1530
f 1524/8534/1524 1525/8535/1525 1531/8536/1531
f 1534/663/1534 1532/662/1532 1683/670/1683
f 1539/8619/1539 1842/8629/1842 1841/8628/1841
f 1756/682/1756 1758/684/1758 1547/664/1547
f 1552/6004/1552 1772/6003/1772 1551/6005/1551
f 1551/5044/1551 1553/5045/1553 1552/5046/1552
f 1550/8540/1550 1559/8546/1559 1869/8551/1869
f 1560/7342/1560 1883/7348/1883 1882/7347/1882
f 1914/7363/1914 1883/7348/1883 1560/7342/1560
f 1669/874/1669 1608/871/1608 1674/876/1674
f 1570/1904/1570 1475/1902/1475 258/1900/258
f 1575/4106/1575 1570/4104/1570 1571/4105/1571
f 1581/4093/1581 1570/4094/1570 1573/4091/1573
f 1570/4102/1570 1577/4100/1577 1573/4096/1573
f 1575/2956/1575 1577/2957/1577 1570/2955/1570
f 1573/4096/1573 1577/4100/1577 1574/4097/1574
f 1634/1777/1634 1604/1771/1604 2888/1783/2888
f 1611/836/1611 1605/831/1605 1495/828/1495
f 1696/847/1696 1605/831/1605 1611/836/1611
f 1614/2888/1614 1613/2887/1613 1586/2883/1586
f 1616/2889/1616 1490/2876/1490 1614/2888/1614
f 1619/1708/1619 1621/1710/1621 1620/1709/1620
f 1622/1711/1622 1618/1707/1618 1615/1706/1615
f 1625/841/1625 1606/832/1606 1617/839/1617
f 1617/839/1617 1606/832/1606 1624/840/1624
f 1632/1717/1632 1633/1718/1633 1627/1713/1627
f 1607/1701/1607 1629/1715/1629 1628/1714/1628
f 1633/1776/1633 1634/1777/1634 1627/1773/1627
f 1634/1777/1634 1633/1776/1633 1623/1772/1623
f 1780/2817/1780 1641/2815/1641 1639/2814/1639
f 1643/3950/1643 1795/3954/1795 1640/3947/1640
f 1646/132/1646 1659/133/1659 1975/149/1975
f 1649/6628/1649 1647/6627/1647 1650/6629/1650
f 2975/6656/2975 1651/6654/1651 1650/6653/1650
f 1665/3922/1665 1654/3920/1654 1659/3923/1659
f 2981/1512/2981 1984/1510/1984 1659/1509/1659
f 1516/859/1516 1410/849/1410 1497/850/1497
f 1498/851/1498 1507/852/1507 1516/859/1516
f 1499/800/1499 1670/805/1670 1498/799/1498
f 1668/873/1668 1564/869/1564 1565/870/1565
f 1502/4107/1502 1566/4108/1566 1669/4110/1669
f 1502/2960/1502 1669/2962/1669 1670/2963/1670
f 1672/2967/1672 1667/2965/1667 1671/2966/1671
f 1566/1905/1566 1608/1907/1608 1673/1908/1673
f 1677/1720/1677 1687/1721/1687 1692/1723/1692
f 1679/880/1679 1678/879/1678 1681/882/1681
f 1681/882/1681 1680/881/1680 1690/885/1690
f 1688/883/1688 1668/873/1668 1676/877/1676
f 1691/675/1691 1682/669/1682 1690/674/1690
f 1609/1702/1609 1697/1724/1697 1687/1721/1687
f 1697/1851/1697 1700/1852/1700 1701/1853/1701
f 1698/722/1698 1699/723/1699 1697/721/1697
f 1730/5923/1730 1729/5922/1729 1718/5920/1718
f 1721/6738/1721 1734/6731/1734 1722/6728/1722
f 1725/7689/1725 1724/7688/1724 1723/7687/1723
f 1724/7671/1724 1726/7672/1726 1723/7670/1723
f 1782/7697/1782 1723/7691/1723 1781/7693/1781
f 1710/4956/1710 1787/4958/1787 1785/4957/1785
f 1720/1660/1720 1732/1662/1732 1718/1658/1718
f 1721/4947/1721 1732/4948/1732 1734/4949/1734
f 1732/5914/1732 1720/5912/1720 1734/5915/1734
f 1766/1669/1766 1733/1663/1733 1735/1664/1735
f 1739/404/1739 1740/402/1740 1744/403/1744
f 1739/1376/1739 1744/1374/1744 1741/1373/1741
f 1744/1374/1744 1751/1375/1751 1741/1373/1741
f 1744/2535/1744 1750/2539/1750 1747/2538/1747
f 1750/2551/1750 1738/2552/1738 1748/2550/1748
f 2154/153/2154 1776/137/1776 2191/160/2191
f 1764/690/1764 1753/679/1753 1754/680/1754
f 1547/664/1547 1758/684/1758 1760/686/1760
f 1767/611/1767 1770/612/1770 1557/610/1557
f 1772/614/1772 1767/611/1767 1553/609/1553
f 1768/693/1768 1767/692/1767 1772/694/1772
f 1776/1681/1776 1752/1678/1752 1774/1679/1774
f 1778/617/1778 1775/615/1775 2174/636/2174
f 1711/2809/1711 1780/2811/1780 1784/2812/1784
f 1784/3963/1784 1791/3964/1791 1783/3962/1783
f 1784/3963/1784 1780/3969/1780 1794/3966/1794
f 1791/3964/1791 1784/3963/1784 1794/3966/1794
f 1782/7697/1782 1781/7693/1781 1783/7694/1783
f 1782/2801/1782 1783/2802/1783 1728/2800/1728
f 1786/5917/1786 1710/5916/1710 1788/5919/1788
f 1711/3939/1711 1786/3941/1786 1788/3942/1788
f 1639/3958/1639 1793/3965/1793 1780/3969/1780
f 3076/4940/3076 1797/4936/1797 1796/4935/1796
f 1801/4930/1801 1798/4927/1798 1796/4926/1796
f 1818/2785/1818 1801/2784/1801 1797/2786/1797
f 1818/5895/1818 1802/5893/1802 1801/5892/1801
f 1804/3753/1804 1810/3755/1810 1805/3754/1805
f 1805/3749/1805 1807/3745/1807 1804/3742/1804
f 1790/1476/1790 1811/1481/1811 1812/1482/1812
f 1812/1486/1812 1809/1479/1809 1808/1478/1808
f 1814/143/1814 2193/162/2193 1812/141/1812
f 1821/5904/1821 1820/5903/1820 1822/5907/1822
f 1822/4924/1822 1817/4921/1817 1818/4922/1818
f 1824/6714/1824 3079/6720/3079 1830/6717/1830
f 1827/146/1827 2196/163/2196 2989/164/2989
f 1847/7382/1847 1845/7381/1845 1840/7380/1840
f 1861/8632/1861 1546/8626/1546 1547/8627/1547
f 1869/8551/1869 1865/8550/1865 1862/8549/1862
f 1865/7386/1865 1869/7390/1869 1874/7395/1874
f 1874/7395/1874 1871/7392/1871 1870/7391/1870
f 1886/7351/1886 1882/7347/1882 1887/7352/1887
f 1905/7357/1905 1895/7355/1895 1899/7356/1899
f 2148/29/2148 1905/23/1905 1904/22/1904
f 1903/21/1903 2148/29/2148 1904/22/1904
f 1905/23/1905 1911/25/1911 1907/24/1907
f 1909/7360/1909 1915/7364/1915 1914/7363/1914
f 1915/7364/1915 1883/7348/1883 1914/7363/1914
f 1927/220/1927 1925/218/1925 1926/219/1926
f 1928/8839/1928 1924/8838/1924 1922/8837/1922
f 1937/8758/1937 1929/8756/1929 1930/8757/1930
f 1931/7765/1931 1932/7766/1932 2295/7767/2295
f 2072/3202/2072 1934/3197/1934 1892/3194/1892
f 1933/8845/1933 2295/8862/2295 2298/8865/2298
f 1946/223/1946 1941/222/1941 1918/216/1918
f 2161/226/2161 1941/222/1941 1946/223/1946
f 1944/8763/1944 1943/8762/1943 1945/8764/1945
f 1943/8762/1943 1949/8766/1949 1945/8764/1945
f 2390/8788/2390 1950/8767/1950 1951/8768/1951
f 2047/487/2047 2205/492/2205 1952/484/1952
f 2049/2659/2049 2047/2657/2047 1952/2653/1952
f 1963/2579/1963 3168/2580/3168 1964/2565/1964
f 3168/2580/3168 1966/2567/1966 1964/2565/1964
f 1966/2567/1966 1961/2563/1961 1964/2565/1964
f 1966/2583/1966 3168/2589/3168 1992/2587/1992
f 1968/531/1968 3153/540/3153 1971/534/1971
f 1972/449/1972 2004/451/2004 1970/448/1970
f 1977/441/1977 1995/446/1995 1979/443/1979
f 1978/150/1978 2185/157/2185 1660/134/1660
f 1983/2674/1983 1981/2673/1981 1994/2675/1994
f 1967/4735/1967 2003/4737/2003 1989/4736/1989
f 3112/6594/3112 1967/6589/1967 1993/6592/1993
f 1982/3778/1982 1999/3779/1999 2199/3781/2199
f 2004/451/2004 2003/450/2003 3172/456/3172
f 2006/453/2006 2004/451/2004 1972/449/1972
f 2005/2558/2005 2006/2559/2006 2011/2560/2011
f 2008/2632/2008 2006/2630/2006 2010/2634/2010
f 2014/6928/2014 2013/6930/2013 2091/6929/2091
f 2036/5275/2036 2065/5276/2065 2017/5274/2017
f 2019/7855/2019 2018/7854/2018 1018/7853/1018
f 2021/4328/2021 1018/4327/1018 1015/4326/1015
f 2027/6200/2027 2349/6201/2349 2015/6197/2015
f 2015/6188/2015 2349/6192/2349 2331/6190/2331
f 2205/492/2205 2047/487/2047 2041/485/2041
f 2213/19/2213 2056/7/2056 2127/12/2127
f 2058/6970/2058 2060/6972/2060 2064/6974/2064
f 2061/6267/2061 2057/6265/2057 2062/6268/2062
f 2070/2106/2070 2067/2104/2067 2068/2105/2068
f 2075/5414/2075 2040/5409/2040 2039/5408/2039
f 2075/5414/2075 2076/5415/2076 2077/5416/2077
f 2052/4438/2052 2078/4440/2078 2076/4439/2076
f 2220/2148/2220 2213/2147/2213 2238/2149/2238
f 2080/2109/2080 2052/2102/2052 2082/2110/2082
f 2213/3295/2213 2081/3289/2081 2083/3291/2083
f 2143/3294/2143 2083/3291/2083 2082/3290/2082
f 2084/2112/2084 2226/2121/2226 2085/2113/2085
f 2099/2607/2099 3202/2611/3202 2097/2605/2097
f 2097/2605/2097 2096/2604/2096 2099/2607/2099
f 2133/1442/2133 1973/1440/1973 3204/1443/3204
f 2108/4310/2108 2111/4312/2111 2110/4311/2110
f 2108/4310/2108 2109/4313/2109 2111/4312/2111
f 2109/3153/2109 2112/3155/2112 2111/3154/2111
f 2118/595/2118 2095/586/2095 2115/592/2115
f 2009/2633/2009 2123/2637/2123 2008/2632/2008
f 2127/12/2127 2046/3/2046 2128/13/2128
f 2100/587/2100 3209/600/3209 2133/596/2133
f 2134/3164/2134 2102/3161/2102 2135/3165/2135
f 2134/3157/2134 2136/3158/2136 2133/3156/2133
f 2030/4314/2030 2139/4318/2139 2140/4319/2140
f 2149/627/2149 2145/623/2145 2150/628/2150
f 2188/640/2188 2153/631/2153 2184/637/2184
f 2156/633/2156 2150/628/2150 2153/631/2153
f 2188/640/2188 2156/633/2156 2153/631/2153
f 2215/236/2215 2201/233/2201 2168/230/2168
f 2173/4162/2173 1916/4159/1916 2171/4161/2171
f 2235/1991/2235 2371/1992/2371 2178/1980/2178
f 2235/1991/2235 2179/1981/2179 2406/1993/2406
f 2192/161/2192 1815/144/1815 2182/154/2182
f 2190/159/2190 2154/153/2154 2191/160/2191
f 2152/630/2152 2197/641/2197 2165/634/2165
f 1999/622/1999 2200/643/2200 2197/641/2197
f 2181/1983/2181 2194/1985/2194 2201/1987/2201
f 2194/1985/2194 2195/1986/2195 2201/1987/2201
f 2201/1987/2201 2215/1988/2215 2181/1983/2181
f 2203/942/2203 2204/943/2204 2202/941/2202
f 2208/2139/2208 2043/2136/2043 2209/2140/2209
f 2210/945/2210 2208/944/2208 2212/946/2212
f 2238/5022/2238 2221/5019/2221 2214/5018/2214
f 2222/5023/2222 2230/5027/2230 2224/5025/2224
f 2224/5025/2224 2223/5024/2223 2222/5023/2222
f 2225/5026/2225 2223/5024/2223 2224/5025/2224
f 2225/5026/2225 2221/5029/2221 2229/5028/2229
f 2230/918/2230 2227/916/2227 2228/917/2228
f 2232/1989/2232 2233/1990/2233 2235/1991/2235
f 2236/241/2236 2215/236/2215 2234/240/2234
f 2341/7438/2341 2241/7437/2241 2240/7436/2240
f 2267/8678/2267 2243/8675/2243 2242/8674/2242
f 2245/7434/2245 2254/7435/2254 2242/7433/2242
f 2239/7839/2239 2353/7845/2353 2248/7840/2248
f 2256/6905/2256 2247/6904/2247 2246/6903/2246
f 2270/1997/2270 2266/1996/2266 2271/1998/2271
f 2297/8864/2297 2275/8854/2275 2286/8859/2286
f 2279/8796/2279 2277/8795/2277 2283/8797/2283
f 2269/8851/2269 2268/8850/2268 2278/8857/2278
f 2275/8854/2275 2296/8863/2296 2295/8862/2295
f 1939/7744/1939 2298/7745/2298 2300/7746/2300
f 2299/8866/2299 2301/8868/2301 2303/8869/2303
f 2312/8249/2312 2311/8248/2311 2313/8250/2313
f 2316/8772/2316 2318/8774/2318 2323/8777/2323
f 2330/5324/2330 2346/5332/2346 2333/5325/2333
f 2337/6080/2337 2356/6083/2356 2355/6082/2355
f 2341/5339/2341 2344/5340/2344 2338/5338/2338
f 2342/3252/2342 2338/3249/2338 2345/3255/2345
f 2352/3187/2352 2351/3186/2351 1286/3185/1286
f 2351/3191/2351 2352/3192/2352 2350/3190/2350
f 2037/6204/2037 2344/6209/2344 2359/6211/2359
f 2347/2067/2347 2348/2068/2348 2352/2069/2352
f 2356/6083/2356 2335/6078/2335 2353/6081/2353
f 2357/3256/2357 1894/3247/1894 2071/3248/2071
f 2366/3020/2366 2371/3021/2371 2373/3023/2373
f 2373/7374/2373 2376/7377/2376 2370/7373/2370
f 2372/3022/2372 2375/3024/2375 2373/3023/2373
f 2375/7376/2375 2387/7379/2387 2374/7375/2374
f 2377/7378/2377 2376/7377/2376 2375/7376/2375
f 2381/8658/2381 2380/8657/2380 2379/8656/2379
f 2379/8780/2379 2383/8782/2383 2381/8781/2381
f 2393/8791/2393 1951/8768/1951 2396/8792/2396
f 2398/8654/2398 2396/8652/2396 2397/8653/2397
f 2409/1995/2409 1919/1971/1919 2406/1993/2406
f 2397/8244/2397 2327/8243/2327 2412/8245/2412
f 2413/1213/2413 2431/1215/2431 2414/1214/2414
f 2422/2376/2422 2416/2374/2416 2417/2375/2417
f 2423/1197/2423 2428/1199/2428 2426/1198/2426
f 2428/2379/2428 2423/2377/2423 2455/2385/2455
f 2852/177/2852 2428/170/2428 2458/173/2458
f 2433/1173/2433 2414/1170/2414 2431/1171/2431
f 2432/1172/2432 522/1157/522 2439/1174/2439
f 2447/1189/2447 2414/1179/2414 2434/1183/2434
f 2433/1182/2433 2439/1186/2439 2451/1192/2451
f 2452/2383/2452 2454/2384/2454 2455/2385/2455
f 2435/1184/2435 2448/1190/2448 2447/1189/2447
f 2459/743/2459 2453/737/2453 2460/738/2460
f 2449/3696/2449 2466/3701/2466 2464/3699/2464
f 2466/3701/2466 2463/3698/2463 2464/3699/2464
f 2463/3698/2463 2466/3701/2466 2465/3700/2465
f 2475/1787/2475 2856/1789/2856 2855/1788/2855
f 2477/2519/2477 2468/2513/2468 2470/2515/2470
f 2481/1792/2481 2480/1791/2480 2478/1790/2478
f 2480/1808/2480 2481/1809/2481 2868/1815/2868
f 2489/4031/2489 2875/4041/2875 2482/4029/2482
f 2488/4053/2488 2487/4052/2487 2868/4063/2868
f 2486/4074/2486 2491/4077/2491 2869/4079/2869
f 2491/4077/2491 2488/4076/2488 2869/4079/2869
f 2489/5957/2489 2490/5958/2490 2513/5960/2513
f 2492/4078/2492 2487/4075/2487 2491/4077/2491
f 2500/2934/2500 2495/2931/2495 2499/2933/2499
f 2502/206/2502 2503/207/2503 2505/209/2505
f 2505/209/2505 2503/207/2503 2504/208/2504
f 2503/194/2503 2506/196/2506 2495/193/2495
f 2506/201/2506 2504/199/2504 2495/198/2495
f 2506/201/2506 2505/200/2505 2504/199/2504
f 2495/2931/2495 2504/2936/2504 2499/2933/2499
f 2505/2937/2505 2506/2938/2506 2499/2933/2499
f 2529/4061/2529 2531/4062/2531 2520/4060/2520
f 2509/8193/2509 2512/8196/2512 2510/8194/2510
f 2512/8196/2512 2511/8195/2511 2510/8194/2510
f 2508/8192/2508 2518/8201/2518 2510/8194/2510
f 2518/7707/2518 2509/7705/2509 2510/7706/2510
f 2511/8195/2511 2512/8196/2512 2518/8202/2518
f 2511/7336/2511 2518/7339/2518 2508/7335/2508
f 2515/7340/2515 2511/7336/2511 2508/7335/2508
f 2519/7337/2519 2508/7335/2508 2999/7338/2999
f 2533/292/2533 2652/296/2652 2527/291/2527
f 2533/753/2533 2536/756/2536 2532/752/2532
f 2536/756/2536 2533/753/2533 2534/754/2534
f 2537/2469/2537 575/2463/575 2542/2472/2542
f 2554/7096/2554 2552/7100/2552 2548/7099/2548
f 2554/7096/2554 2548/7099/2548 2556/7098/2556
f 2554/7096/2554 2556/7098/2556 2555/7097/2555
f 2556/7106/2556 2552/7104/2552 2555/7105/2555
f 2559/7594/2559 2561/7596/2561 2545/7601/2545
f 2574/7591/2574 2623/7592/2623 2570/7593/2570
f 2573/7121/2573 2623/7125/2623 2576/7123/2576
f 2576/7082/2576 2623/7084/2623 2572/7080/2572
f 2580/1106/2580 2577/1105/2577 2543/1104/2543
f 2430/1101/2430 2541/1103/2541 2577/1105/2577
f 608/7043/608 609/7044/609 2594/7050/2594
f 2603/2284/2603 2631/2285/2631 2599/2283/2599
f 2600/3586/2600 2597/3585/2597 2603/3588/2603
f 2601/3577/2601 2602/3578/2602 2600/3576/2600
f 2632/3582/2632 2600/3576/2600 2604/3580/2604
f 2598/6419/2598 2599/6420/2599 2637/6422/2637
f 2631/2285/2631 2603/2284/2603 2632/2286/2632
f 2567/5546/2567 2546/5544/2546 2608/5549/2608
f 2567/7914/2567 2609/7912/2609 2547/7915/2547
f 2547/5545/2547 2546/5544/2546 2567/5546/2567
f 2623/5525/2623 2613/5524/2613 2557/5522/2557
f 2613/2345/2613 2614/2346/2614 2607/2344/2607
f 2614/5667/2614 2605/5672/2605 2607/5666/2607
f 2605/5678/2605 2615/5676/2615 2607/5675/2607
f 2615/5676/2615 2616/5677/2616 2607/5675/2607
f 2614/3565/2614 2613/3564/2613 2615/3566/2615
f 2628/5671/2628 2614/5667/2614 2621/5669/2621
f 2629/4549/2629 2630/4550/2630 2634/4552/2634
f 2633/2287/2633 2631/2285/2631 2632/2286/2632
f 2640/6425/2640 2626/6421/2626 2649/6429/2649
f 2645/6428/2645 2649/6429/2649 2644/6427/2644
f 2521/4043/2521 2656/4044/2656 3041/4049/3041
f 2650/3408/2650 2649/3407/2649 2645/3405/2645
f 2651/3409/2651 2654/3410/2654 2655/3411/2655
f 2663/4568/2663 2659/4566/2659 2661/4567/2661
f 2659/7164/2659 2662/7166/2662 2661/7165/2661
f 2666/4569/2666 2663/4568/2663 2661/4567/2661
f 2658/7171/2658 2659/7173/2659 2655/7170/2655
f 2660/6472/2660 2677/6476/2677 2659/6471/2659
f 2674/3420/2674 2672/3418/2672 2673/3419/2673
f 2671/3423/2671 2672/3424/2672 2674/3425/2674
f 2682/3501/2682 2680/3499/2680 2675/3497/2675
f 2680/3499/2680 2679/3498/2679 2684/3502/2684
f 2683/1570/2683 2681/1568/2681 2684/1571/2684
f 2682/3501/2682 2681/3500/2681 2680/3499/2680
f 2681/1568/2681 2683/1570/2683 2680/1567/2680
f 2683/1570/2683 2679/1566/2679 2680/1567/2680
f 2685/3503/2685 2684/3502/2684 2679/3498/2679
f 2683/1570/2683 2684/1571/2684 2685/1572/2685
f 2683/1570/2683 2682/1569/2682 2679/1566/2679
f 2681/336/2681 2685/337/2685 3065/343/3065
f 3065/1585/3065 2686/1573/2686 2787/1575/2787
f 786/3309/786 2696/3319/2696 974/3315/974
f 2703/4544/2703 2705/4545/2705 2733/4547/2733
f 2703/4544/2703 2733/4547/2733 953/4542/953
f 2710/2150/2710 2712/2158/2712 2713/2152/2713
f 2720/5570/2720 989/5561/989 2715/5568/2715
f 2716/2154/2716 2718/2156/2718 2715/2153/2715
f 2723/5573/2723 2720/5570/2720 2722/5572/2722
f 2727/3464/2727 2809/3469/2809 2728/3465/2728
f 2809/3469/2809 2729/3466/2729 2728/3465/2728
f 2745/5585/2745 2748/5587/2748 2754/5588/2754
f 2733/5577/2733 2707/5566/2707 2706/5565/2706
f 2740/4802/2740 3123/4806/3123 3097/4803/3097
f 2759/5591/2759 2732/5576/2732 2737/5581/2737
f 2738/5582/2738 2736/5580/2736 2737/5581/2737
f 2746/5586/2746 2760/5592/2760 2738/5582/2738
f 2791/5593/2791 2746/5586/2746 2745/5585/2745
f 2797/3434/2797 2824/3440/2824 2749/3432/2749
f 2751/4771/2751 2801/4773/2801 2752/4772/2752
f 2763/6587/2763 2768/6584/2768 2766/6588/2766
f 2769/3713/2769 2763/3709/2763 2766/3711/2766
f 2763/5782/2763 2769/5783/2769 2784/5784/2784
f 2761/7140/2761 2782/7141/2782 2760/7144/2760
f 2762/5630/2762 2778/5624/2778 2782/5626/2782
f 2778/5624/2778 2762/5630/2762 2761/5621/2761
f 2739/2227/2739 3176/2229/3176 2742/2228/2742
f 3186/1059/3186 3189/1061/3189 2780/1051/2780
f 2787/1053/2787 2788/1054/2788 3189/1061/3189
f 2797/3434/2797 2756/3433/2756 2748/3431/2748
f 2749/3480/2749 2833/3482/2833 2801/3481/2801
f 2802/3757/2802 2801/3756/2801 3193/3758/3193
f 2809/3459/2809 2808/3458/2808 2810/3460/2810
f 2810/3470/2810 2811/3471/2811 2815/3475/2815
f 2810/3470/2810 2812/3472/2812 2811/3471/2811
f 2834/287/2834 2836/288/2836 2814/286/2814
f 2816/3476/2816 2747/3468/2747 2815/3475/2815
f 2831/570/2831 2820/565/2820 3199/574/3199
f 2827/3443/2827 2825/3441/2825 2830/3446/2830
f 2853/178/2853 2852/177/2852 2458/173/2458
f 2846/4001/2846 2847/4002/2847 1578/3998/1578
f 2847/1728/2847 2851/1729/2851 2887/1732/2887
f 2856/4987/2856 2857/4988/2857 1603/4990/1603
f 1603/3989/1603 2857/3994/2857 2862/3995/2862
f 2858/4989/2858 2856/4987/2856 2479/4986/2479
f 2864/6750/2864 2865/6751/2865 2867/6752/2867
f 2890/6758/2890 2867/6752/2867 2891/6759/2891
f 2479/1807/2479 2873/1817/2873 2858/1812/2858
f 2880/1821/2880 2860/1814/2860 2874/1818/2874
f 2874/1818/2874 2488/1810/2488 2875/1819/2875
f 2875/4041/2875 2493/4032/2493 2899/4038/2899
f 2899/4038/2899 2493/4032/2493 2999/4039/2999
f 2880/1821/2880 2874/1818/2874 2876/1820/2876
f 2884/1823/2884 2880/1821/2880 2876/1820/2876
f 2883/4012/2883 2885/4013/2885 2882/4011/2882
f 2965/4021/2965 2895/4020/2895 2891/4019/2891
f 2903/4847/2903 2901/4846/2901 2905/4848/2905
f 3037/5863/3037 2905/5861/2905 2915/5862/2915
f 2901/5852/2901 2915/5853/2915 2920/5854/2920
f 2907/3823/2907 2906/3822/2906 2903/3820/2903
f 2907/3823/2907 2903/3820/2903 3037/3827/3037
f 2904/1556/2904 2912/1558/2912 2908/1557/2908
f 3055/1564/3055 2912/1558/2912 3032/1562/3032
f 2904/5845/2904 2908/5847/2908 2915/5849/2915
f 2994/1540/2994 2919/1537/2919 2916/1536/2916
f 2934/89/2934 2936/92/2936 2932/87/2932
f 2933/97/2933 2934/98/2934 2935/102/2935
f 2936/100/2936 2934/98/2934 2933/97/2933
f 2942/6674/2942 2944/6679/2944 2960/6677/2960
f 2950/6689/2950 2957/6687/2957 2946/6682/2946
f 2948/6691/2948 2945/6681/2945 2949/6685/2949
f 2992/2737/2992 2952/2732/2952 2953/2733/2953
f 2937/4884/2937 2956/4876/2956 2955/4875/2955
f 2965/760/2965 2939/759/2939 2967/761/2967
f 2971/7271/2971 2973/7273/2973 2975/7278/2975
f 2972/7272/2972 2971/7271/2971 2975/7278/2975
f 2979/2726/2979 2978/2722/2978 2968/2720/2968
f 3037/2738/3037 2992/2737/2992 2953/2733/2953
f 2996/1542/2996 2993/1539/2993 2994/1540/2994
f 3002/4068/3002 2899/4066/2899 3001/4067/3001
f 3014/5826/3014 3030/5828/3030 3013/5825/3013
f 3005/5822/3005 3003/5821/3003 3016/5823/3016
f 3013/5825/3013 3033/5829/3033 3014/5826/3014
f 3038/6697/3038 3034/6695/3034 3035/6696/3035
f 2664/2748/2664 3043/2753/3043 3044/2754/3044
f 3044/2754/3044 2666/2749/2666 2664/2748/2664
f 3053/7944/3053 3051/7942/3051 2914/7949/2914
f 2914/7949/2914 3059/7950/3059 3053/7944/3053
f 3059/1581/3059 2679/1566/2679 3056/1579/3056
f 3060/3839/3060 3061/3840/3061 3175/3843/3175
f 3040/6671/3040 3037/6670/3037 2960/6667/2960
f 3079/6720/3079 3077/6718/3077 3078/6719/3078
f 3092/5832/3092 3094/5834/3094 3086/5830/3086
f 3098/4819/3098 3096/4818/3096 3117/4823/3117
f 3123/3796/3123 3122/3795/3122 3097/3793/3097
f 3114/2593/3114 3152/2594/3152 3113/2592/3113
f 3113/6607/3113 3101/6606/3101 3100/6605/3100
f 3152/2708/3152 3101/2705/3101 3098/2704/3098
f 3124/6598/3124 3102/6603/3102 3115/6596/3115
f 2910/6279/2910 3104/6284/3104 3105/6285/3105
f 3104/6284/3104 3103/6283/3103 3105/6285/3105
f 3109/1521/3109 3168/1522/3168 1962/1518/1962
f 2910/6279/2910 3126/6287/3126 3095/6282/3095
f 3112/5788/3112 3170/5790/3170 3128/5789/3128
f 2927/4485/2927 3120/4489/3120 3121/4490/3121
f 3122/3795/3122 3119/3794/3119 3097/3793/3097
f 3097/4824/3097 3124/4828/3124 3098/4825/3098
f 2927/3846/2927 3121/3849/3121 2926/3845/2926
f 3129/127/3129 3132/129/3132 3136/131/3136
f 3197/4784/3197 3139/4777/3139 3138/4776/3138
f 3111/7255/3111 3141/7257/3141 3114/7256/3114
f 3142/4743/3142 3150/4746/3150 3111/4740/3111
f 3142/4743/3142 3111/4740/3111 3146/4749/3146
f 3151/6610/3151 3146/6609/3146 3114/6608/3114
f 1967/1423/1967 3149/1427/3149 3148/1426/3148
f 3154/1435/3154 3155/1436/3155 3147/1433/3147
f 3161/1431/3161 3160/1430/3160 3158/1429/3158
f 3158/4778/3158 3159/4779/3159 3163/4781/3163
f 3163/2628/3163 3161/2627/3161 3158/2626/3158
f 3164/4782/3164 2752/4772/2752 2801/4773/2801
f 3148/1426/3148 3149/1427/3149 3172/1428/3172
f 3175/1057/3175 3189/1061/3189 3186/1059/3186
f 2789/4498/2789 2781/4496/2781 3182/4497/3182
f 3180/7011/3180 3181/7012/3181 2762/7009/2762
f 3184/7567/3184 3185/7568/3185 2782/7563/2782
f 3065/3718/3065 3188/3721/3188 3064/3717/3064
f 2787/1053/2787 3189/1061/3189 3065/1056/3065
f 3190/3722/3190 3084/3719/3084 3064/3717/3064
f 3196/1075/3196 3195/1074/3195 3187/1070/3187
f 3140/1448/3140 3137/1447/3137 3197/1449/3197
f 3203/555/3203 3215/561/3215 3208/560/3208
f 3190/3722/3190 3217/3723/3217 3084/3719/3084
f 268/9310/268 269/9311/269 3/9309/3
f 11/9077/11 12/9078/12 14/9080/14
f 22/9158/22 25/9159/25 20/9157/20
f 23/9166/23 25/9168/25 24/9167/24
f 37/8969/37 45/8973/45 39/8971/39
f 51/9069/51 46/9065/46 49/9068/49
f 56/9247/56 53/9244/53 55/9246/55
f 57/9248/57 56/9247/56 55/9246/55
f 59/9542/59 60/9543/60 69/9546/69
f 66/9581/66 271/9612/271 67/9582/67
f 83/9557/83 81/9555/81 82/9556/82
f 86/9560/86 83/9557/83 89/9561/89
f 88/9550/88 90/9552/90 89/9551/89
f 86/9560/86 89/9561/89 91/9563/91
f 88/7456/88 71/7455/71 90/7457/90
f 90/9562/90 85/9559/85 91/9563/91
f 92/9228/92 100/9235/100 93/9229/93
f 96/9587/96 97/9588/97 94/9586/94
f 107/9237/107 99/9234/99 101/9236/101
f 286/9098/286 103/9094/103 102/9099/102
f 104/8980/104 286/8981/286 287/8982/287
f 103/9094/103 286/9098/286 105/9096/105
f 286/9103/286 104/9101/104 105/9102/105
f 104/9095/104 106/9097/106 105/9100/105
f 108/9591/108 110/9593/110 136/9605/136
f 90/9562/90 107/9565/107 85/9559/85
f 121/9599/121 128/9620/128 120/9598/120
f 144/3035/144 191/3039/191 135/3032/135
f 145/2984/145 148/2986/148 147/2985/147
f 160/1203/160 148/1201/148 149/1202/149
f 153/3595/153 148/3593/148 342/3596/342
f 170/3036/170 134/3031/134 191/3039/191
f 164/6837/164 171/6839/171 168/6838/168
f 1339/8463/1339 172/8447/172 174/8448/174
f 175/8449/175 176/8450/176 179/8451/179
f 181/1969/181 176/1967/176 191/1970/191
f 177/2972/177 147/2970/147 158/2971/158
f 160/6495/160 207/6494/207 158/6493/158
f 181/1969/181 180/1968/180 176/1967/176
f 183/2412/183 141/2411/141 186/2413/186
f 187/6517/187 492/6521/492 493/6522/493
f 493/3630/493 232/3624/232 188/3622/188
f 182/895/182 192/897/192 195/899/195
f 197/6792/197 198/6795/198 194/6791/194
f 177/1915/177 205/1912/205 202/1911/202
f 182/6797/182 196/6798/196 197/6792/197
f 1439/1932/1439 208/1930/208 209/1931/209
f 1439/1929/1439 209/1924/209 210/1925/210
f 211/6787/211 182/6789/182 212/6788/212
f 211/1926/211 208/1923/208 1439/1928/1439
f 208/1923/208 211/1926/211 210/1925/210
f 211/1926/211 212/1927/212 210/1925/210
f 212/1927/212 1439/1929/1439 210/1925/210
f 214/6222/214 215/6223/215 218/6226/218
f 227/1240/227 219/1238/219 244/1246/244
f 225/1228/225 219/1223/219 221/1225/221
f 213/1222/213 228/1230/228 229/1231/229
f 255/2402/255 239/2401/239 520/2403/520
f 237/1242/237 2413/1255/2413 240/1243/240
f 245/2831/245 227/2827/227 244/2830/244
f 244/1246/244 241/1244/241 257/1252/257
f 246/2832/246 247/2833/247 258/2836/258
f 250/3603/250 251/3604/251 243/3602/243
f 253/3612/253 239/3609/239 251/3611/251
f 255/3607/255 252/3605/252 239/3600/239
f 239/3609/239 253/3612/253 250/3614/250
f 258/2836/258 247/2833/247 261/2839/261
f 66/9358/66 58/9357/58 271/9363/271
f 286/9615/286 68/9583/68 271/9612/271
f 274/9366/274 273/9365/273 281/9373/281
f 24/9400/24 276/9401/276 277/9402/277
f 281/9373/281 277/9369/277 278/9370/278
f 26/9280/26 302/9292/302 279/9291/279
f 302/9389/302 283/9375/283 278/9370/278
f 283/9375/283 284/9376/284 281/9373/281
f 288/9379/288 287/9378/287 289/9380/289
f 347/8316/347 106/8312/106 287/8313/287
f 280/9372/280 296/9384/296 297/9385/297
f 285/9377/285 314/9390/314 296/9384/296
f 303/9252/303 302/9251/302 43/9241/43
f 308/9506/308 307/9505/307 309/9507/309
f 308/9506/308 309/9507/309 311/9508/311
f 316/9261/316 317/9262/317 315/9260/315
f 322/8320/322 319/8318/319 327/8322/327
f 318/3001/318 321/3002/321 364/3007/364
f 328/106/328 330/108/330 324/104/324
f 327/8322/327 417/8325/417 322/8320/322
f 332/109/332 333/110/333 330/108/330
f 504/3017/504 298/3008/298 363/3013/363
f 298/3008/298 301/3009/301 363/3013/363
f 357/3628/357 350/3626/350 356/3627/356
f 503/925/503 368/924/368 366/923/366
f 364/922/364 503/925/503 366/923/366
f 372/5779/372 373/5780/373 371/5778/371
f 379/1299/379 351/1294/351 377/1297/377
f 377/1297/377 351/1294/351 378/1298/378
f 233/5726/233 379/5723/379 380/5724/380
f 232/3624/232 357/3628/357 356/3627/356
f 373/7243/373 388/7244/388 390/7245/390
f 389/7238/389 390/7239/390 388/7242/388
f 398/3647/398 396/3645/396 376/3644/376
f 393/1274/393 399/1278/399 403/1280/403
f 43/9241/43 404/9264/404 405/9265/405
f 407/9153/407 308/9151/308 311/9152/311
f 316/9350/316 433/9352/433 409/9351/409
f 410/3653/410 422/3657/422 418/3656/418
f 555/7810/555 413/7807/413 415/7809/415
f 419/2439/419 367/2434/367 412/2437/412
f 414/8084/414 415/8085/415 417/8086/417
f 429/3671/429 423/3670/423 422/3669/422
f 396/3633/396 420/3636/420 424/3637/424
f 428/5772/428 426/5775/426 560/5773/560
f 443/1120/443 437/1114/437 439/1116/439
f 444/1121/444 421/1109/421 435/1112/435
f 445/1122/445 446/1123/446 439/1116/439
f 425/6539/425 456/6541/456 454/6540/454
f 397/6536/397 376/6535/376 454/6540/454
f 400/6537/400 397/6536/397 454/6540/454
f 460/2428/460 469/2430/469 601/2432/601
f 469/2251/469 466/2248/466 470/2252/470
f 581/5499/581 468/5494/468 471/5495/471
f 472/5496/472 468/5494/468 581/5499/581
f 345/7453/345 346/7451/346 481/7452/481
f 489/4676/489 481/4675/481 484/4677/484
f 490/6506/490 481/6496/481 489/6502/489
f 484/2418/484 355/2417/355 491/2420/491
f 504/4138/504 499/4142/499 503/4137/503
f 503/4137/503 499/4142/499 501/4135/501
f 499/4151/499 500/4146/500 501/4147/501
f 499/4145/499 504/4149/504 498/4144/498
f 504/4149/504 501/4147/501 498/4144/498
f 501/4135/501 502/4136/502 503/4137/503
f 496/4130/496 504/4138/504 362/4129/362
f 505/4139/505 504/4138/504 503/4137/503
f 513/57/513 507/51/507 508/58/508
f 506/60/506 507/61/507 509/63/509
f 507/61/507 506/60/506 510/64/510
f 508/52/508 512/56/512 506/50/506
f 508/68/508 510/64/510 512/66/512
f 234/5719/234 235/5720/235 515/5725/515
f 238/1151/238 515/1152/515 521/1156/521
f 521/1211/521 520/1210/520 238/1209/238
f 526/4625/526 523/4624/523 402/4622/402
f 529/5681/529 531/5683/531 530/5682/530
f 531/5683/531 529/5681/529 528/5685/528
f 537/1317/537 2436/1318/2436 2437/1319/2437
f 2437/1185/2437 2440/1187/2440 542/1178/542
f 543/382/543 546/375/546 548/377/548
f 543/390/543 548/392/548 547/391/547
f 555/2491/555 414/2487/414 556/2492/556
f 416/3655/416 558/3662/558 559/3663/559
f 398/3634/398 424/3637/424 572/3640/572
f 2542/2472/2542 578/2464/578 2543/2473/2543
f 601/2260/601 470/2252/470 602/2261/602
f 590/4501/590 582/4499/582 584/4500/584
f 589/5473/589 596/5475/596 587/5476/587
f 589/3376/589 587/3375/587 600/3377/600
f 589/6308/589 600/6312/600 588/6307/588
f 594/5471/594 587/5469/587 588/5470/588
f 600/6324/600 595/6320/595 591/6317/591
f 597/6321/597 600/6324/600 591/6317/591
f 2594/7070/2594 609/7064/609 610/7065/610
f 618/9040/618 616/9038/616 628/9049/628
f 630/9051/630 618/9040/618 628/9049/628
f 614/9036/614 618/9040/618 617/9039/617
f 630/9051/630 617/9039/617 618/9040/618
f 52/8959/52 624/8961/624 626/8962/626
f 622/9044/622 635/9053/635 629/9050/629
f 641/9212/641 651/9214/651 642/9213/642
f 656/9453/656 654/9451/654 655/9452/655
f 660/9455/660 656/9453/656 655/9452/655
f 1076/9474/1076 656/9453/656 660/9455/660
f 663/7792/663 662/7791/662 664/7793/664
f 1076/8080/1076 665/8078/665 666/8079/666
f 612/9527/612 673/9533/673 672/9532/672
f 307/9505/307 672/9517/672 675/9518/675
f 670/9521/670 671/9522/671 667/9523/667
f 615/9528/615 668/9530/668 673/9533/673
f 674/9534/674 679/9536/679 673/9533/673
f 676/5065/676 697/5068/697 677/5066/677
f 718/252/718 682/250/682 704/251/704
f 689/9211/689 686/9209/686 687/9210/687
f 693/9477/693 695/9467/695 694/9466/694
f 693/8293/693 696/8294/696 891/8296/891
f 700/4237/700 698/4235/698 699/4236/699
f 699/4236/699 678/4232/678 700/4237/700
f 728/3533/728 732/3536/732 730/3534/730
f 709/4243/709 713/4247/713 706/4240/706
f 680/8893/680 704/8896/704 632/8892/632
f 708/5161/708 704/5159/704 707/5160/707
f 707/4241/707 711/4245/711 715/4249/715
f 710/4244/710 717/4250/717 715/4249/715
f 713/4247/713 710/4244/710 723/4253/723
f 711/4245/711 723/4253/723 710/4244/710
f 727/5070/727 684/5067/684 677/5066/677
f 729/5071/729 684/5067/684 727/5070/727
f 737/3539/737 732/3536/732 733/3537/733
f 737/5651/737 740/5653/740 738/5652/738
f 741/4578/741 737/4576/737 739/4577/739
f 757/5152/757 756/5144/756 755/5151/755
f 760/5181/760 865/5183/865 915/5185/915
f 772/3117/772 762/3114/762 763/3115/763
f 763/4301/763 761/4300/761 816/4304/816
f 825/3125/825 772/3117/772 763/3115/763
f 744/2328/744 769/2333/769 770/2331/770
f 769/2335/769 768/2334/768 771/2337/771
f 778/3542/778 765/3540/765 773/3541/773
f 777/5637/777 781/5639/781 945/5638/945
f 778/2305/778 782/2308/782 780/2306/780
f 792/5664/792 788/5663/788 787/5662/787
f 792/6491/792 789/6490/789 788/6489/788
f 792/3549/792 772/3545/772 794/3550/794
f 792/7646/792 794/7648/794 796/7647/796
f 796/8169/796 795/8168/795 792/8167/792
f 790/8148/790 793/8150/793 796/8151/796
f 794/7197/794 793/7196/793 787/7198/787
f 802/8157/802 796/8151/796 797/8152/797
f 798/4592/798 771/4590/771 796/4591/796
f 771/5657/771 798/5658/798 802/5660/802
f 799/8159/799 796/8151/796 802/8157/802
f 799/8159/799 800/8155/800 796/8151/796
f 799/8154/799 798/8153/798 801/8156/801
f 798/8153/798 800/8155/800 801/8156/801
f 800/4572/800 771/4570/771 802/4573/802
f 771/4570/771 800/4572/800 799/4571/799
f 808/3521/808 805/3519/805 802/3517/802
f 807/3520/807 805/3519/805 804/3518/804
f 757/5145/757 760/5146/760 812/5149/812
f 810/6908/810 760/6916/760 815/6912/815
f 817/4282/817 813/4280/813 826/4284/826
f 785/1134/785 819/1138/819 808/1136/808
f 820/1139/820 818/1137/818 819/1138/819
f 821/5193/821 760/5192/760 916/5196/916
f 821/5193/821 916/5196/916 822/5194/822
f 815/6912/815 760/6916/760 821/6913/821
f 824/5195/824 822/5194/822 916/5196/916
f 821/4271/821 822/4272/822 824/4273/824
f 817/3137/817 826/3138/826 827/3139/827
f 2697/3320/2697 829/3311/829 831/3313/831
f 828/3310/828 832/3314/832 2695/3318/2695
f 842/1404/842 688/1394/688 840/1396/840
f 837/8103/837 848/8105/848 855/8108/855
f 852/8107/852 851/8106/851 848/8105/848
f 852/8107/852 848/8105/848 849/8109/849
f 849/8100/849 858/8101/858 852/8095/852
f 858/8097/858 851/8094/851 856/8098/856
f 849/8735/849 851/8733/851 858/8738/858
f 859/2192/859 858/2191/858 856/2190/856
f 865/3094/865 866/3095/866 914/3096/914
f 692/9465/692 867/9470/867 871/9472/871
f 914/1003/914 879/987/879 878/986/878
f 878/986/878 883/991/883 885/993/885
f 906/1001/906 888/996/888 887/995/887
f 890/6126/890 1208/6134/1208 892/6128/892
f 898/6112/898 899/6113/899 894/6108/894
f 907/1002/907 1003/1008/1003 906/1001/906
f 910/6996/910 1003/6997/1003 907/6994/907
f 915/1004/915 878/986/878 920/1005/920
f 1022/1022/1022 918/1020/918 917/1019/917
f 922/1026/922 920/1041/920 918/1025/918
f 1022/1036/1022 922/1026/922 918/1025/918
f 878/986/878 921/1006/921 920/1005/920
f 920/4278/920 919/4276/919 918/4275/918
f 824/4226/824 922/4228/922 830/4227/830
f 922/1026/922 1022/1036/1022 923/1027/923
f 925/1029/925 830/1023/830 922/1026/922
f 925/1029/925 923/1027/923 926/1030/926
f 829/3325/829 925/3329/925 833/3328/833
f 935/6368/935 936/6369/936 949/6371/949
f 945/6464/945 942/6463/942 939/6462/939
f 781/6469/781 942/6467/942 941/6466/941
f 942/6350/942 929/6345/929 777/6342/777
f 943/6364/943 946/6365/946 929/6363/929
f 610/7065/610 951/7066/951 2594/7070/2594
f 954/6355/954 950/6354/950 948/6352/948
f 956/7023/956 957/7024/957 954/7021/954
f 960/360/960 965/365/965 961/361/961
f 965/365/965 960/360/960 963/363/963
f 965/365/965 962/362/962 961/361/961
f 964/353/964 968/356/968 967/355/967
f 2710/1142/2710 971/1140/971 974/1141/974
f 994/4444/994 2704/4446/2704 995/4445/995
f 2704/4446/2704 991/4442/991 995/4445/995
f 991/4442/991 2705/4450/2705 995/4445/995
f 1008/7558/1008 997/7551/997 1009/7553/1009
f 996/7541/996 1012/7546/1012 1008/7549/1008
f 1012/7555/1012 997/7551/997 1008/7558/1008
f 1007/968/1007 911/964/911 913/965/913
f 1312/983/1312 1038/970/1038 1007/968/1007
f 1260/5402/1260 1259/5401/1259 1012/5400/1012
f 1069/3173/1069 1017/3171/1017 1283/3172/1283
f 924/1028/924 1022/1036/1022 1023/1037/1023
f 1005/6999/1005 1024/7000/1024 1025/7001/1025
f 924/1028/924 1023/1037/1023 1026/1039/1026
f 1026/3349/1026 1024/3347/1024 1034/3352/1034
f 1027/2223/1027 1034/2225/1034 1028/2224/1028
f 1029/1040/1029 923/1027/923 924/1028/924
f 1033/3344/1033 1031/3342/1031 1034/3345/1034
f 1033/275/1033 1036/277/1036 1035/276/1035
f 1042/956/1042 1014/954/1014 1313/962/1313
f 1049/282/1049 1046/279/1046 1045/278/1045
f 1049/282/1049 1048/281/1048 1036/277/1036
f 1050/2026/1050 2104/2029/2104 1051/2027/1051
f 1055/5812/1055 1052/5810/1052 1070/5815/1070
f 1070/5815/1070 1052/5810/1052 1053/5811/1053
f 1062/5799/1062 1064/5800/1064 1057/5795/1057
f 1065/4787/1065 1055/4785/1055 1056/4786/1056
f 1063/3178/1063 1016/3174/1016 1069/3181/1069
f 1071/5816/1071 2835/5819/2835 2834/5818/2834
f 2835/2670/2835 1071/2668/1071 1073/2669/1073
f 1083/9486/1083 1077/9483/1077 1088/9488/1088
f 1085/9497/1085 1084/9496/1084 1083/9495/1083
f 1087/3044/1087 1088/3045/1088 1085/3043/1085
f 1087/9338/1087 1085/9337/1085 1090/9339/1090
f 1085/7782/1085 1086/7783/1086 1090/7784/1090
f 1088/9335/1088 1087/9336/1087 1086/9334/1086
f 1090/9490/1090 1088/9488/1088 1089/9489/1089
f 1100/9417/1100 1090/9414/1090 1095/9415/1095
f 1112/9421/1112 1103/9418/1103 1118/9424/1118
f 1107/4192/1107 1210/4196/1210 1209/4195/1209
f 1212/7494/1212 1111/7493/1111 1213/7495/1213
f 1121/9427/1121 1122/9428/1122 1123/9429/1123
f 1121/9427/1121 1141/9434/1141 1114/9423/1114
f 1130/9025/1130 1142/9027/1142 1133/9026/1133
f 1131/9022/1131 1134/9016/1134 1148/9018/1148
f 1132/9010/1132 1133/9011/1133 1142/9012/1142
f 1148/8730/1148 1133/8726/1133 1135/8728/1135
f 1133/8726/1133 1132/8725/1132 1135/8728/1135
f 1132/8725/1132 1134/8727/1134 1135/8728/1135
f 1136/9017/1136 1131/9022/1131 1149/9019/1149
f 1153/8934/1153 1146/8931/1146 1147/8932/1147
f 1150/8338/1150 1196/8340/1196 1151/8339/1151
f 1197/8341/1197 1151/8339/1151 1196/8340/1196
f 1152/8992/1152 1150/8990/1150 1181/8996/1181
f 1161/7475/1161 1163/7476/1163 1156/7473/1156
f 1160/7486/1160 1162/7487/1162 1136/7485/1136
f 1163/9021/1163 1160/9020/1160 1136/9017/1136
f 1156/7473/1156 1163/7476/1163 1157/7480/1157
f 1168/7821/1168 1160/7818/1160 1161/7819/1161
f 1165/5089/1165 1169/5090/1169 1164/5088/1164
f 1168/4403/1168 1164/4399/1164 1172/4401/1172
f 1169/3052/1169 1264/3058/1264 1172/3055/1172
f 1175/8369/1175 1293/8367/1293 1295/8368/1295
f 1293/8942/1293 1176/8941/1176 1295/8943/1295
f 1178/9005/1178 1182/9007/1182 1140/9008/1140
f 1180/8995/1180 1183/9000/1183 1182/8997/1182
f 1188/8033/1188 1186/8031/1186 1187/8032/1187
f 1192/6055/1192 1184/6052/1184 1188/6053/1188
f 1199/7817/1199 1185/7816/1185 1151/7814/1151
f 1208/8299/1208 1087/8297/1087 1107/8298/1107
f 1208/3079/1208 1209/3080/1209 1211/3081/1211
f 1209/3061/1209 1214/3066/1214 1106/3060/1106
f 1214/3066/1214 1210/3062/1210 1106/3060/1106
f 1211/3081/1211 1209/3080/1209 1106/3078/1106
f 1215/3077/1215 1211/3075/1211 1106/3072/1106
f 1212/3064/1212 1214/3066/1214 1209/3061/1209
f 1209/3073/1209 1215/3077/1215 1212/3076/1212
f 1106/3072/1106 1212/3076/1212 1215/3077/1215
f 1219/977/1219 1221/978/1221 1218/976/1218
f 1224/254/1224 1221/253/1221 1240/255/1240
f 1221/6931/1221 1224/6932/1224 1228/6936/1228
f 1228/6936/1228 1229/6941/1229 1221/6931/1221
f 1228/6951/1228 1233/6952/1233 1240/6960/1240
f 1232/8353/1232 1224/8352/1224 1235/8355/1235
f 1255/6956/1255 1236/6954/1236 1234/6953/1234
f 1243/5363/1243 1242/5362/1242 1245/5365/1245
f 1249/4378/1249 1275/4379/1275 1042/4374/1042
f 1259/4412/1259 1236/4411/1236 1013/4410/1013
f 1013/4404/1013 1236/4407/1236 1155/4405/1155
f 1166/5388/1166 1257/5389/1257 1258/5390/1258
f 1236/3277/1236 1259/3278/1259 1274/3279/1274
f 1260/5391/1260 1258/5390/1258 1276/5393/1276
f 1169/8116/1169 1262/8117/1262 1266/8119/1266
f 1266/3059/1266 1264/3058/1264 1169/3052/1169
f 1262/4216/1262 1301/4220/1301 1265/4217/1265
f 1302/8114/1302 1262/8113/1262 1300/8115/1300
f 1261/6071/1261 1268/6073/1268 1279/6075/1279
f 1262/4216/1262 1265/4217/1265 1273/4218/1273
f 1269/5295/1269 1287/5298/1287 1270/5296/1270
f 2334/5314/2334 1269/5306/1269 1272/5309/1272
f 1268/5305/1268 1282/5311/1282 1279/5315/1279
f 1292/7505/1292 1291/7509/1291 1293/7506/1293
f 1295/8126/1295 1169/8116/1169 1291/8122/1291
f 1303/9030/1303 1309/9029/1309 1294/9028/1294
f 1309/9184/1309 1300/9187/1300 1297/9180/1297
f 1310/7838/1310 1304/7835/1304 1189/7832/1189
f 1302/9185/1302 1309/9184/1309 1307/9183/1307
f 1303/5107/1303 1302/5106/1302 1307/5108/1307
f 1308/6893/1308 1307/6892/1307 1309/6894/1309
f 1311/6058/1311 1190/6054/1190 2354/6059/2354
f 1325/6821/1325 1323/6819/1323 1324/6820/1324
f 1331/8459/1331 1371/8482/1371 1336/8462/1336
f 1336/8462/1336 1334/8460/1334 1331/8459/1331
f 1340/7405/1340 1337/7402/1337 1339/7404/1339
f 1342/7984/1342 1318/7982/1318 1341/7983/1341
f 1368/8479/1368 1346/8470/1346 1369/8480/1369
f 1344/8468/1344 1349/8473/1349 1348/8472/1348
f 1358/3240/1358 1354/3236/1354 1355/3237/1355
f 1354/3236/1354 1356/3238/1356 1355/3237/1355
f 1356/3238/1356 1351/3234/1351 1355/3237/1355
f 1351/3234/1351 1353/3235/1353 1355/3237/1355
f 1357/3239/1357 179/3230/179 1355/3237/1355
f 1352/3242/1352 1359/3243/1359 1365/3246/1365
f 1372/8483/1372 1376/8487/1376 1375/8486/1375
f 1457/787/1457 1458/788/1458 1379/773/1379
f 1395/8497/1395 1390/8496/1390 1388/8494/1388
f 1403/8504/1403 1398/8500/1398 1399/8501/1399
f 1400/7976/1400 1402/7978/1402 1401/7977/1401
f 1415/8598/1415 1414/8597/1414 1412/8595/1412
f 1419/8514/1419 1418/8513/1418 1421/8516/1421
f 1537/8567/1537 1433/8564/1433 1428/8563/1428
f 1431/6833/1431 1432/6834/1432 1430/6832/1430
f 1444/781/1444 1445/782/1445 1365/771/1365
f 1450/2859/1450 1443/2856/1443 1449/2858/1449
f 1457/787/1457 1445/782/1445 1458/788/1458
f 1460/790/1460 1379/773/1379 1458/788/1458
f 1468/1888/1468 1464/1885/1464 1466/1886/1466
f 1465/1878/1465 1471/1881/1471 1466/1879/1466
f 1466/1879/1466 1471/1881/1471 1467/1880/1467
f 1448/2857/1448 1480/2865/1480 1476/2862/1476
f 1448/5280/1448 1474/5286/1474 1475/5287/1475
f 1448/1901/1448 1475/1902/1475 1480/1903/1480
f 258/2054/258 1474/2055/1474 246/2053/246
f 1476/2862/1476 1456/2861/1456 1450/2859/1450
f 1478/2896/1478 1487/2900/1487 1486/2899/1486
f 1494/796/1494 1503/804/1503 1473/794/1473
f 1508/853/1508 1514/858/1514 1507/852/1507
f 1563/868/1563 1508/853/1508 1507/852/1507
f 1510/855/1510 1509/854/1509 1521/861/1521
f 1515/8603/1515 1517/8604/1517 1522/8608/1522
f 1521/8607/1521 1522/8608/1522 1517/8604/1517
f 1540/8620/1540 1524/8610/1524 1533/8614/1533
f 1531/7970/1531 1525/7968/1525 1526/7969/1526
f 1510/855/1510 1678/879/1678 1511/856/1511
f 1529/6810/1529 1523/6808/1523 1528/6809/1528
f 1526/6006/1526 1529/6008/1529 1528/6007/1528
f 1526/7969/1526 1525/7968/1525 1527/7972/1527
f 1528/6829/1528 1527/6828/1527 1525/6827/1525
f 1526/862/1526 1530/865/1530 1678/879/1678
f 1537/8618/1537 1535/8616/1535 1536/8617/1536
f 1536/8617/1536 1535/8616/1535 1540/8620/1540
f 1537/8567/1537 1536/8566/1536 1538/8568/1538
f 1539/8619/1539 1841/8628/1841 1536/8617/1536
f 1540/8620/1540 1544/8624/1544 1539/8619/1539
f 1544/8624/1544 1545/8625/1545 1852/8630/1852
f 1756/4166/1756 1547/4165/1547 1543/4164/1543
f 1550/8540/1550 1549/8539/1549 1548/8538/1548
f 1552/6813/1552 1550/6812/1550 1548/6811/1548
f 1559/8546/1559 1551/8541/1551 1554/8542/1554
f 1553/5991/1553 1551/5990/1551 1559/5992/1559
f 1553/6001/1553 1559/6002/1559 1772/6003/1772
f 1551/6005/1551 1772/6003/1772 1550/6000/1550
f 1772/6003/1772 1559/6002/1559 1550/6000/1550
f 1557/4156/1557 1554/4155/1554 1553/4154/1553
f 1558/7341/1558 1909/7360/1909 1914/7363/1914
f 1559/8546/1559 1875/8552/1875 1869/8551/1869
f 1560/7342/1560 1558/7341/1558 1914/7363/1914
f 1564/869/1564 1674/876/1674 1565/870/1565
f 1669/4110/1669 1671/4111/1671 1567/4115/1567
f 1483/3972/1483 1585/3977/1585 1479/3971/1479
f 1479/3971/1479 1585/3977/1585 1569/3974/1569
f 258/4103/258 1571/4105/1571 1570/4104/1570
f 1575/4098/1575 1571/4095/1571 1573/4096/1573
f 2841/5941/2841 1602/5939/1602 2843/5942/2843
f 1580/2878/1580 1581/2879/1581 1582/2880/1582
f 1588/2885/1588 2886/2891/2886 1586/2883/1586
f 2843/5950/2843 1590/5945/1590 1579/5944/1579
f 1579/5931/1579 1591/5932/1591 2843/5933/2843
f 1601/5002/1601 1596/4998/1596 1602/5003/1602
f 1608/871/1608 1669/874/1669 1696/887/1696
f 1629/1715/1629 1612/1704/1612 1620/1709/1620
f 1613/2887/1613 1587/2884/1587 1586/2883/1586
f 1631/1775/1631 1634/1777/1634 2888/1783/2888
f 1634/1777/1634 2866/1782/2866 1604/1771/1604
f 1642/2822/1642 1640/2820/1640 1641/2821/1641
f 1795/2818/1795 1644/2816/1644 1641/2815/1641
f 1644/2823/1644 1795/2825/1795 1793/2824/1793
f 1646/132/1646 1978/150/1978 1660/134/1660
f 1646/132/1646 1660/134/1660 1659/133/1659
f 1650/7290/1650 1647/7287/1647 1648/7288/1648
f 1652/6642/1652 2969/6643/2969 2979/6644/2979
f 2979/6657/2979 2969/6655/2969 1650/6653/1650
f 2982/5886/2982 1661/5881/1661 2988/5885/2988
f 2982/4812/2982 1658/4808/1658 1659/4809/1659
f 1659/4809/1659 1658/4808/1658 1656/4807/1656
f 1654/1641/1654 2991/1644/2991 1659/1642/1659
f 2991/2783/2991 1655/2781/1655 1659/2782/1659
f 1655/4894/1655 2982/4902/2982 1659/4896/1659
f 1655/4894/1655 1656/4895/1656 2982/4902/2982
f 1665/2710/1665 2991/2711/2991 1658/2709/1658
f 2981/4811/2981 1658/4808/1658 2982/4812/2982
f 1662/4915/1662 2982/4917/2982 1663/4916/1663
f 1661/5881/1661 1662/5882/1662 1666/5883/1666
f 1507/2961/1507 1498/2959/1498 1670/2963/1670
f 1502/803/1502 1670/805/1670 1499/800/1499
f 1668/873/1668 1565/870/1565 1667/872/1667
f 1668/873/1668 1667/872/1667 1676/877/1676
f 1681/668/1681 1683/670/1683 1679/667/1679
f 1686/673/1686 1681/668/1681 1690/674/1690
f 1692/1723/1692 1687/1721/1687 1688/1722/1688
f 1707/678/1707 1785/696/1785 1691/675/1691
f 1685/672/1685 1756/682/1756 1534/663/1534
f 1685/672/1685 1693/676/1693 1756/682/1756
f 1713/1857/1713 1704/1855/1704 1700/1852/1700
f 1704/1866/1704 1702/1864/1702 1703/1865/1703
f 1715/727/1715 1699/723/1699 1636/718/1636
f 1730/1661/1730 1718/1658/1718 1732/1662/1732
f 1732/1662/1732 1733/1663/1733 1719/1659/1719
f 1734/5915/1734 1720/5912/1720 1728/5913/1728
f 1782/7697/1782 1725/7692/1725 1723/7691/1723
f 1782/7679/1782 1726/7672/1726 1725/7680/1725
f 1725/7326/1725 1721/7328/1721 1720/7327/1720
f 1738/401/1738 1744/403/1744 1740/402/1740
f 1741/2546/1741 1737/2544/1737 1739/2545/1739
f 1744/2555/1744 1743/2554/1743 1742/2553/1742
f 1737/2544/1737 1744/2548/1744 1742/2547/1742
f 1767/1683/1767 1752/1682/1752 1778/1685/1778
f 1774/1674/1774 1777/1675/1777 1766/1669/1766
f 1779/2810/1779 1780/2811/1780 1711/2809/1711
f 1705/2808/1705 1779/2810/1779 1711/2809/1711
f 1786/7324/1786 1784/7323/1784 1789/7325/1789
f 1717/2805/1717 1780/2806/1780 1705/2804/1705
f 1798/4927/1798 1797/4933/1797 1800/4929/1800
f 1797/4936/1797 1801/4937/1801 1796/4935/1796
f 1799/2792/1799 1800/2793/1800 1818/2795/1818
f 1810/1484/1810 2191/1485/2191 1808/1478/1808
f 1811/1481/1811 1809/1479/1809 1810/1480/1810
f 1810/1480/1810 1792/1477/1792 1811/1481/1811
f 1830/5898/1830 1816/5894/1816 1829/5897/1829
f 1823/5906/1823 1820/5903/1820 1817/5901/1817
f 1822/5907/1822 1820/5903/1820 1800/5900/1800
f 1821/3934/1821 1822/3935/1822 1818/3933/1818
f 1818/5895/1818 1823/5896/1823 1830/5898/1830
f 1776/137/1776 1736/136/1736 2191/160/2191
f 1837/8571/1837 1833/8569/1833 1838/8572/1838
f 1840/8574/1840 1841/8575/1841 1842/8576/1842
f 1861/8548/1861 1547/8537/1547 1865/8550/1865
f 1865/7386/1865 1867/7388/1867 1868/7389/1868
f 1873/7394/1873 1872/7393/1872 1874/7395/1874
f 1879/7344/1879 1880/7345/1880 1881/7346/1881
f 1885/7350/1885 1882/7347/1882 1886/7351/1886
f 1887/7352/1887 1882/7347/1882 1883/7348/1883
f 1897/8005/1897 1900/8006/1900 1896/8004/1896
f 1900/8006/1900 1901/8007/1901 1896/8004/1896
f 1901/8007/1901 1904/8008/1904 1896/8004/1896
f 1904/7426/1904 1901/7425/1901 1897/7423/1897
f 1904/8012/1904 1897/8010/1897 1899/8011/1899
f 1904/7740/1904 1899/7738/1899 1900/7739/1900
f 1899/7996/1899 1901/7995/1901 1900/7994/1900
f 1900/8006/1900 1897/8005/1897 1895/8003/1895
f 1895/7422/1895 1897/7423/1897 1901/7425/1901
f 1901/7425/1901 1899/7424/1899 1895/7422/1895
f 1895/7997/1895 1902/7999/1902 1900/7998/1900
f 1909/2007/1909 2146/2008/2146 1908/2006/1908
f 1917/4160/1917 1916/4159/1916 1915/4158/1915
f 1929/938/1929 1923/937/1923 2217/947/2217
f 1927/8754/1927 1924/8752/1924 1925/8753/1925
f 1935/2101/1935 1892/2098/1892 1934/2100/1934
f 1918/216/1918 1925/218/1925 1940/221/1940
f 1947/1954/1947 2378/1958/2378 2179/1956/2179
f 1959/1500/1959 1982/1501/1982 1958/1499/1958
f 1954/3773/1954 2000/3780/2000 1982/3778/1982
f 1957/2665/1957 2050/2666/2050 1956/2664/1956
f 2049/2659/2049 1955/2654/1955 2050/2660/2050
f 3153/530/3153 1968/526/1968 1972/528/1972
f 1971/517/1971 1973/519/1973 1972/518/1972
f 1979/443/1979 1974/438/1974 1977/441/1977
f 1983/444/1983 1977/441/1977 1976/440/1976
f 1985/2573/1985 1987/2575/1987 1984/2572/1984
f 2981/1512/2981 3108/1513/3108 1986/1511/1986
f 1988/2585/1988 1993/2588/1993 1991/2586/1991
f 1989/6590/1989 1993/6592/1993 1967/6589/1967
f 1997/2647/1997 1957/2646/1957 2002/2648/2002
f 2011/515/2011 2007/514/2007 2012/516/2012
f 2020/7532/2020 1015/7530/1015 1018/7533/1018
f 1015/5263/1015 1019/5265/1019 2022/5267/2022
f 2023/4342/2023 2027/4343/2027 2028/4344/2028
f 2033/3148/2033 2031/3146/2031 2038/3151/2038
f 2036/6203/2036 2332/6208/2332 2344/6209/2344
f 2035/3150/2035 2038/3151/2038 2017/3143/2017
f 2074/6259/2074 2061/6261/2061 2040/6257/2040
f 2040/4419/2040 2061/4425/2061 2069/4428/2069
f 2044/4421/2044 2053/4422/2053 2079/4430/2079
f 2045/2/2045 2125/11/2125 2055/6/2055
f 2054/490/2054 2205/492/2205 2053/489/2053
f 2079/4430/2079 2053/4422/2053 2056/4424/2056
f 2064/6974/2064 2060/6972/2060 2059/6971/2059
f 2064/6974/2064 2062/6973/2062 2058/6970/2058
f 2062/6268/2062 1891/6263/1891 2061/6267/2061
f 2039/5408/2039 2069/5412/2069 2076/5415/2076
f 2063/3199/2063 1890/3193/1890 2064/3200/2064
f 2067/4427/2067 2070/4429/2070 2044/4421/2044
f 2034/3149/2034 2030/3145/2030 2033/3148/2033
f 2033/3148/2033 2035/3150/2035 2034/3149/2034
f 2213/2118/2213 2082/2110/2082 2084/2112/2084
f 2084/3300/2084 2080/3299/2080 2213/3301/2213
f 2081/3289/2081 2213/3295/2213 2080/3298/2080
f 2082/3290/2082 2081/3289/2081 2080/3298/2080
f 2052/2102/2052 2084/2112/2084 2082/2110/2082
f 2087/6171/2087 1050/6164/1050 2014/6170/2014
f 2090/7874/2090 2086/7875/2086 2091/7876/2091
f 2096/2615/2096 2098/2616/2098 2100/2617/2100
f 2100/2608/2100 3204/2610/3204 2097/2605/2097
f 2099/2613/2099 2098/2612/2098 3202/2614/3202
f 2099/551/2099 2096/549/2096 3206/558/3206
f 2098/550/2098 2099/551/2099 3206/558/3206
f 2098/2606/2098 2097/2605/2097 3204/2610/3204
f 2103/553/2103 2100/552/2100 3206/558/3206
f 2109/601/2109 2114/591/2114 1051/580/1051
f 2107/5223/2107 2106/5222/2106 2110/5225/2110
f 2138/3167/2138 2128/3162/2128 2129/3163/2129
f 1957/2665/1957 2126/2667/2126 2050/2666/2050
f 2009/2642/2009 2130/2643/2130 2131/2644/2131
f 2188/640/2188 2152/630/2152 2156/633/2156
f 2152/31/2152 2157/34/2157 2156/33/2156
f 2194/41/2194 2175/39/2175 2157/34/2157
f 2160/225/2160 2164/227/2164 2161/226/2161
f 2160/225/2160 2166/229/2166 2164/227/2164
f 2167/507/2167 2158/501/2158 2166/506/2166
f 2186/638/2186 1994/621/1994 2187/639/2187
f 2197/641/2197 2199/642/2199 1999/622/1999
f 2204/906/2204 2210/909/2210 2206/907/2206
f 2166/229/2166 2160/225/2160 2161/226/2161
f 2218/2119/2218 2073/2107/2073 2219/2120/2219
f 2238/5022/2238 2222/5020/2222 2221/5019/2221
f 2218/2119/2218 2226/2121/2226 2073/2107/2073
f 2226/2121/2226 2218/2119/2218 2227/2122/2227
f 2144/2117/2144 2082/2110/2082 2237/2125/2237
f 2341/7429/2341 2244/7428/2244 2241/7427/2241
f 2243/8018/2243 2245/8019/2245 2242/8017/2242
f 1189/7832/1189 2250/7842/2250 2353/7845/2353
f 2250/7847/2250 2254/7843/2254 2248/7840/2248
f 2249/7841/2249 2250/7847/2250 2248/7840/2248
f 2245/6087/2245 2250/6089/2250 2249/6088/2249
f 2239/7521/2239 2254/7523/2254 2249/7522/2249
f 2254/7523/2254 2245/7524/2245 2249/7522/2249
f 2247/6904/2247 1192/6902/1192 2246/6903/2246
f 1193/8810/1193 1194/8811/1194 2289/8832/2289
f 2252/8817/2252 1193/8810/1193 2291/8834/2291
f 2246/8815/2246 1193/8810/1193 2263/8825/2263
f 2252/8806/2252 2292/8807/2292 2251/8805/2251
f 2255/4177/2255 2253/4176/2253 2250/4175/2250
f 2263/8825/2263 2261/8823/2261 2253/8818/2253
f 2259/8821/2259 2261/8823/2261 2258/8820/2258
f 2260/8822/2260 2261/8823/2261 2257/8819/2257
f 2269/8851/2269 2267/8849/2267 2268/8850/2268
f 2273/2000/2273 2270/1997/2270 2271/1998/2271
f 2286/8859/2286 2278/8857/2278 2285/8858/2285
f 2276/8855/2276 2286/8859/2286 2287/8860/2287
f 2276/8025/2276 2287/8026/2287 2288/8027/2288
f 2299/8866/2299 2296/8863/2296 2301/8868/2301
f 2307/7752/2307 2306/7751/2306 2303/7750/2303
f 2304/8269/2304 2299/8268/2299 2305/8270/2305
f 2300/8770/2300 2319/8775/2319 2316/8772/2316
f 2316/8772/2316 2319/8775/2319 2315/8771/2315
f 2322/8776/2322 2316/8772/2316 2323/8777/2323
f 2324/8873/2324 2323/8872/2323 2318/8871/2318
f 2342/5329/2342 2339/5328/2339 2341/5335/2341
f 2345/5331/2345 2346/5332/2346 2330/5324/2330
f 2339/5328/2339 2342/5329/2342 2345/5331/2345
f 2352/2073/2352 2348/2071/2348 2345/2070/2345
f 2335/7844/2335 1189/7832/1189 2353/7845/2353
f 2270/3261/2270 2357/3268/2357 2340/3266/2340
f 2373/7374/2373 2370/7373/2370 2366/7371/2366
f 2179/1956/2179 2378/1958/2378 2379/1959/2379
f 2390/8788/2390 2381/8781/2381 2383/8782/2383
f 2392/8790/2392 2389/8787/2389 2393/8791/2393
f 2402/8024/2402 2395/8021/2395 2401/8023/2401
f 240/1243/240 2417/1259/2417 255/1250/255
f 2457/2387/2457 2428/2379/2428 2455/2385/2455
f 2433/1182/2433 2435/1184/2435 2434/1183/2434
f 2437/1319/2437 2436/1318/2436 2438/1320/2438
f 2500/1316/2500 2443/1308/2443 2494/1315/2494
f 2446/2394/2446 2424/2393/2424 2448/2395/2448
f 2449/1191/2449 2448/1190/2448 2435/1184/2435
f 2448/2381/2448 2450/2382/2450 2459/2388/2459
f 2449/2508/2449 2465/2510/2465 2469/2514/2469
f 2441/1306/2441 2470/1311/2470 2473/1312/2473
f 2470/1311/2470 2442/1307/2442 2473/1312/2473
f 2442/1322/2442 2472/1325/2472 2473/1326/2473
f 2471/2944/2471 2475/2945/2475 2459/2943/2459
f 2459/187/2459 2475/188/2475 2480/189/2480
f 2480/1808/2480 2479/1807/2479 2459/1831/2459
f 2478/1314/2478 2477/1313/2477 2470/1311/2470
f 2482/5952/2482 2487/5956/2487 2513/5960/2513
f 2522/745/2522 2497/744/2497 2523/746/2523
f 2522/183/2522 2498/181/2498 2497/180/2497
f 2522/745/2522 2523/746/2523 2524/747/2524
f 2445/202/2445 2502/206/2502 2505/209/2505
f 2530/1801/2530 2507/1798/2507 2531/1802/2531
f 2493/4032/2493 2515/4035/2515 2514/4034/2514
f 2517/8206/2517 2515/8204/2515 2516/8205/2516
f 2516/4036/2516 2493/4032/2493 2517/4037/2517
f 2516/8205/2516 2509/8203/2509 2511/8207/2511
f 2509/7955/2509 2517/7956/2517 2511/7957/2511
f 2493/4032/2493 2516/4036/2516 2511/4033/2511
f 2999/8199/2999 2511/8195/2511 2519/8198/2519
f 2528/750/2528 2535/755/2535 2525/748/2525
f 2530/1801/2530 2531/1802/2531 2529/1800/2529
f 2540/2471/2540 2429/2466/2429 2542/2472/2542
f 2546/5544/2546 2545/5543/2545 2582/5548/2582
f 2549/307/2549 2438/298/2438 2548/306/2548
f 2441/299/2441 2549/307/2549 2611/312/2611
f 2552/6433/2552 2554/6434/2554 2539/6432/2539
f 2539/7102/2539 2555/7105/2555 2552/7104/2552
f 2552/308/2552 2556/309/2556 2549/307/2549
f 2563/7917/2563 2564/7918/2564 2568/7920/2568
f 2564/7918/2564 2563/7917/2563 2565/7919/2565
f 2567/7599/2567 2561/7596/2561 2569/7600/2569
f 2566/7604/2566 2569/7605/2569 2561/7603/2561
f 2571/7079/2571 2560/7086/2560 2598/7083/2598
f 2570/5538/2570 2576/5531/2576 2625/5533/2625
f 2573/7121/2573 2576/7123/2576 2574/7122/2574
f 2543/1104/2543 605/1099/605 2580/1106/2580
f 2577/5547/2577 2582/5548/2582 2545/5543/2545
f 2586/6440/2586 2590/6443/2590 2580/6437/2580
f 2586/7115/2586 2580/7111/2580 2587/7116/2587
f 2579/7048/2579 2594/7050/2594 2583/7049/2583
f 2578/2290/2578 2596/2293/2596 2597/2294/2597
f 2591/3574/2591 2604/3580/2604 2603/3579/2603
f 2602/3578/2602 2629/3581/2629 2632/3583/2632
f 2606/2340/2606 2605/2343/2605 2613/2342/2613
f 2568/8424/2568 2547/8422/2547 2624/8427/2624
f 2624/7131/2624 2547/7129/2547 2610/7130/2610
f 2547/8415/2547 2609/8411/2609 2610/8412/2610
f 2609/8411/2609 2608/8410/2608 2610/8412/2610
f 2608/8425/2608 2568/8424/2568 2610/8426/2610
f 2568/8417/2568 2545/8420/2545 2610/8419/2610
f 2610/7130/2610 2545/7132/2545 2624/7131/2624
f 2545/8414/2545 2608/8410/2608 2624/8413/2624
f 2608/8410/2608 2609/8411/2609 2624/8413/2624
f 2636/315/2636 2611/312/2611 2612/313/2612
f 2611/312/2611 2557/310/2557 2613/314/2613
f 2621/4615/2621 2605/4612/2605 2619/4613/2619
f 2618/4604/2618 2617/4603/2617 2605/4609/2605
f 2605/2347/2605 2621/2349/2621 2618/2348/2618
f 2621/4608/2621 2622/4610/2622 2618/4604/2618
f 2622/4610/2622 2620/4606/2620 2618/4604/2618
f 2620/4606/2620 2619/4605/2619 2618/4604/2618
f 2621/4615/2621 2619/4613/2619 2620/4614/2620
f 2622/5670/2622 2621/5669/2621 2614/5667/2614
f 2614/5667/2614 2628/5671/2628 2605/5672/2605
f 2734/4559/2734 2634/4552/2634 2630/4550/2630
f 2641/6426/2641 2640/6425/2640 2649/6429/2649
f 2626/6421/2626 2576/6418/2576 2644/6427/2644
f 2650/3408/2650 2645/3405/2645 2660/3413/2660
f 2648/3406/2648 2654/3410/2654 2641/3404/2641
f 2519/5929/2519 3000/5930/3000 2518/5928/2518
f 2519/6775/2519 2517/6773/2517 2647/6777/2647
f 2517/6773/2517 2518/6774/2518 2647/6777/2647
f 2518/6766/2518 3000/6768/3000 2647/6767/2647
f 2646/6776/2646 2519/6775/2519 2647/6777/2647
f 2646/4974/2646 2517/4972/2517 3000/4975/3000
f 2519/6769/2519 2646/6770/2646 3000/6771/3000
f 2659/6471/2659 2650/6470/2650 2660/6472/2660
f 2657/7156/2657 2663/7158/2663 2666/7159/2666
f 2668/3415/2668 2660/3413/2660 2667/3414/2667
f 2758/3490/2758 2670/3485/2670 2669/3484/2669
f 2671/3423/2671 2764/3426/2764 2672/3424/2672
f 2682/3507/2682 2678/3506/2678 2674/3505/2674
f 2668/6474/2668 2675/6475/2675 2677/6476/2677
f 2675/6475/2675 2684/6477/2684 2665/6473/2665
f 2689/1633/2689 2688/1632/2688 2653/1630/2653
f 2681/336/2681 2692/340/2692 2691/339/2691
f 2695/3142/2695 827/3139/827 828/3140/828
f 2696/3319/2696 2694/3317/2694 832/3314/832
f 2699/7075/2699 2698/7074/2698 2700/7076/2700
f 2700/2281/2700 947/2279/947 953/2280/953
f 2703/3386/2703 2716/3389/2716 2704/3387/2704
f 2720/5570/2720 2715/5568/2715 2719/5569/2719
f 2728/3465/2728 2722/3463/2722 2727/3464/2727
f 2725/5596/2725 2809/5595/2809 2719/5569/2719
f 2808/3458/2808 2809/3459/2809 990/3452/990
f 2725/2171/2725 2724/2169/2724 990/2167/990
f 2726/2180/2726 2725/2179/2725 2719/2178/2719
f 990/2176/990 2726/2180/2726 2808/2181/2808
f 2726/2180/2726 2719/2178/2719 2808/2181/2808
f 2719/2168/2719 2724/2169/2724 2808/2170/2808
f 2724/2169/2724 2725/2171/2725 2808/2170/2808
f 2747/3468/2747 2729/3466/2729 2815/3475/2815
f 2741/2694/2741 2750/2696/2750 3158/2701/3158
f 2757/5619/2757 2760/5620/2760 2762/5622/2762
f 2760/5592/2760 2736/5580/2736 2738/5582/2738
f 2763/317/2763 2762/316/2762 2768/320/2768
f 2776/5435/2776 2775/5442/2775 2774/5434/2774
f 3173/5444/3173 2775/5443/2775 3176/5445/3176
f 3176/5438/3176 2774/5434/2774 3173/5436/3173
f 2776/4478/2776 3176/4479/3176 2775/4477/2775
f 2774/5434/2774 2773/5433/2773 3173/5436/3173
f 2782/5629/2782 2779/5625/2779 2789/5627/2789
f 2762/5461/2762 2782/5460/2782 2781/5459/2781
f 2783/2528/2783 2777/2527/2777 2786/2529/2786
f 2789/3394/2789 3191/3400/3191 2780/3393/2780
f 2794/5601/2794 2760/5602/2760 2791/5600/2791
f 2797/3434/2797 2798/3435/2798 2756/3433/2756
f 2742/5446/2742 3192/5453/3192 2751/5447/2751
f 2804/260/2804 2807/262/2807 2803/259/2803
f 2729/3466/2729 2810/3470/2810 2815/3475/2815
f 2812/3472/2812 1035/3462/1035 2813/3473/2813
f 2812/3472/2812 2818/3478/2818 2817/3477/2817
f 2824/3440/2824 2827/3443/2827 2749/3432/2749
f 2830/569/2830 2831/570/2831 2832/571/2832
f 2834/5818/2834 2835/5819/2835 2836/5820/2836
f 2821/604/2821 2836/605/2836 2820/603/2820
f 2855/5981/2855 1598/5973/1598 2841/5979/2841
f 2847/1728/2847 2887/1732/2887 2845/1727/2845
f 2866/1730/2866 2887/1732/2887 2851/1729/2851
f 2853/178/2853 2458/173/2458 2854/179/2854
f 1600/4982/1600 2856/4987/2856 1603/4990/1603
f 2857/4988/2857 2856/4987/2856 2858/4989/2858
f 2859/6746/2859 2861/6748/2861 2863/6749/2863
f 2898/1764/2898 2943/1765/2943 3027/1767/3027
f 1615/1706/1615 2886/1731/2886 2887/1732/2887
f 2887/1732/2887 1622/1711/1622 1615/1706/1615
f 2896/735/2896 1635/717/1635 2889/730/2889
f 2895/734/2895 2896/735/2896 2891/731/2891
f 2943/1765/2943 3028/1768/3028 3027/1767/3027
f 2900/4015/2900 3028/4018/3028 2943/4016/2943
f 2925/6280/2925 3105/6285/3105 2980/6281/2980
f 2995/2718/2995 2919/2716/2919 2993/2717/2993
f 2919/2716/2919 2995/2718/2995 2918/2715/2918
f 3127/7660/3127 2922/7654/2922 2923/7655/2923
f 2933/88/2933 2930/85/2930 2936/91/2936
f 2943/1738/2943 2944/1739/2944 2941/1736/2941
f 2950/5876/2950 2947/5874/2947 2948/5875/2948
f 2992/3862/2992 2966/3861/2966 2957/3859/2957
f 2961/6668/2961 2946/6673/2946 2958/6666/2958
f 3037/2738/3037 2953/2733/2953 2961/2736/2961
f 2965/703/2965 2967/704/2967 3074/707/3074
f 2972/6647/2972 2974/6649/2974 2973/6648/2973
f 3076/1626/3076 2985/1623/2985 2986/1624/2986
f 2984/1538/2984 2994/1540/2994 2995/1541/2995
f 3030/7652/3030 3010/7650/3010 3005/7651/3005
f 3005/7651/3005 3010/7650/3010 3003/7649/3003
f 3016/8181/3016 3011/8179/3011 3005/8174/3005
f 3016/8181/3016 3013/8180/3013 3011/8179/3011
f 3015/4793/3015 3033/4797/3033 3030/4795/3030
f 3031/4796/3031 3015/4793/3015 3003/4791/3003
f 3003/1506/3003 3030/1507/3030 3031/1508/3031
f 3003/4791/3003 3015/4793/3015 3014/4792/3014
f 3033/3888/3033 3024/3887/3024 3019/3886/3019
f 3020/1590/3020 3021/1591/3021 3019/1589/3019
f 3021/1604/3021 3023/1605/3023 3019/1602/3019
f 3054/1607/3054 3019/1602/3019 3023/1605/3023
f 3026/1828/3026 3002/1826/3002 3025/1827/3025
f 3042/2758/3042 3004/2755/3004 3041/2757/3041
f 3046/3898/3046 3024/3893/3024 3043/3897/3043
f 3044/2754/3044 3039/2750/3039 3042/2752/3042
f 2664/2759/2664 3081/2769/3081 3043/2762/3043
f 3052/7943/3052 3048/7940/3048 3051/7942/3051
f 3053/7944/3053 3052/7943/3052 3051/7942/3051
f 2914/7951/2914 3048/7940/3048 3052/7943/3052
f 2913/1637/2913 3053/1638/3053 3059/1640/3059
f 3058/342/3058 2686/338/2686 2685/337/2685
f 3063/1342/3063 3069/1344/3069 3064/1343/3064
f 2944/1739/2944 2943/1738/2943 2898/1733/2898
f 3070/767/3070 3045/766/3045 3040/765/3040
f 2894/713/2894 3072/715/3072 2893/712/2893
f 3074/707/3074 3072/705/3072 2894/700/2894
f 3073/4938/3073 3075/4939/3075 1796/4935/1796
f 3075/708/3075 3074/707/3074 2967/704/2967
f 2990/4909/2990 2989/4908/2989 3077/4913/3077
f 3080/2768/3080 2688/2760/2688 2689/2761/2689
f 3087/2771/3087 3082/2770/3082 3088/2772/3088
f 3085/4837/3085 3083/4836/3083 3082/4835/3082
f 3088/4839/3088 3082/4835/3082 3083/4836/3083
f 3086/4838/3086 3083/4836/3083 3085/4837/3085
f 3086/4838/3086 3085/4837/3085 3217/4842/3217
f 3090/4840/3090 3086/4838/3086 3094/4841/3094
f 3118/4488/3118 3126/4491/3126 3120/4489/3120
f 3099/4757/3099 3101/4759/3101 3151/4758/3151
f 3100/6605/3100 3152/6612/3152 3114/6613/3114
f 3108/4821/3108 3107/4820/3107 3109/4822/3109
f 2980/4815/2980 3096/4818/3096 3108/4821/3108
f 3152/2597/3152 3124/2596/3124 3160/2598/3160
f 3129/127/3129 3130/128/3130 3132/129/3132
f 3110/7246/3110 3143/7248/3143 3144/7249/3144
f 3146/7251/3146 3145/7250/3145 3142/7247/3142
f 3149/1427/3149 1967/1423/1967 3141/1424/3141
f 3114/6595/3114 3141/6600/3141 3116/6597/3116
f 3154/1435/3154 3156/1437/3156 3155/1436/3155
f 3156/1453/3156 3163/1455/3163 3139/1452/3139
f 3162/4780/3162 3159/4779/3159 3164/4782/3164
f 3167/6620/3167 3166/6619/3166 3151/6618/3151
f 3166/4761/3166 3167/4762/3167 3157/4760/3157
f 1993/1420/1993 3168/1421/3168 3169/1422/3169
f 3112/6594/3112 1993/6592/1993 3169/6601/3169
f 2762/7009/2762 3181/7012/3181 3179/7010/3179
f 3180/6293/3180 3182/6295/3182 2781/6300/2781
f 3179/5463/3179 3181/5464/3181 2781/5462/2781
f 3181/6294/3181 3180/6293/3180 2781/6300/2781
f 3179/6299/3179 3182/6295/3182 3180/6293/3180
f 3184/7579/3184 2782/7577/2782 3182/7578/3182
f 2789/7576/2789 3182/7575/3182 2782/7574/2782
f 3183/7566/3183 3180/7564/3180 3184/7567/3184
f 3175/3843/3175 3063/3841/3063 3188/3844/3188
f 3196/1067/3196 3191/1064/3191 2806/1063/2806
f 2805/1062/2805 3195/1066/3195 3196/1067/3196
f 2823/567/2823 3199/574/3199 3201/576/3201
f 3212/4769/3212 3211/4768/3211 3165/4766/3165
f 3215/548/3215 3213/546/3213 3210/544/3210
f 3210/544/3210 3214/547/3214 3201/541/3201
f 15/9276/15 1/9270/1 2/9271/2
f 15/9171/15 10/9170/10 9/9169/9
f 13/9274/13 10/9273/10 29/9282/29
f 7/9272/7 17/9278/17 25/9279/25
f 48/9067/48 47/9066/47 45/9064/45
f 271/9612/271 68/9583/68 67/9582/67
f 89/9561/89 82/9556/82 84/9558/84
f 90/9562/90 79/9553/79 98/9564/98
f 107/9565/107 90/9562/90 98/9564/98
f 107/9237/107 101/9236/101 97/9232/97
f 102/9589/102 290/9617/290 109/9592/109
f 97/9588/97 96/9587/96 68/9583/68
f 118/9628/118 126/9631/126 119/9629/119
f 129/9540/129 119/9541/119 122/9539/122
f 108/9626/108 127/9627/127 86/9624/86
f 129/9314/129 131/9315/131 128/9313/128
f 137/9606/137 108/9591/108 136/9605/136
f 143/9610/143 137/9606/137 138/9607/138
f 177/7444/177 178/7445/178 146/7443/146
f 155/7206/155 152/7203/152 159/7209/159
f 157/5711/157 154/5709/154 342/5713/342
f 162/8440/162 169/8445/169 164/8442/164
f 1339/7404/1339 1337/7402/1337 173/7400/173
f 170/8446/170 175/8449/175 164/8442/164
f 183/1204/183 149/1202/149 148/1201/148
f 160/4663/160 184/4659/184 183/4658/183
f 493/3630/493 357/3628/357 232/3624/232
f 195/899/195 192/897/192 194/898/194
f 200/6796/200 195/6794/195 197/6792/197
f 192/6803/192 196/6801/196 194/6800/194
f 177/1915/177 202/1911/202 178/1910/178
f 212/5016/212 200/5015/200 213/5017/213
f 200/6784/200 208/6785/208 196/6783/196
f 212/3215/212 1440/3226/1440 1439/3225/1439
f 225/1228/225 224/1227/224 190/1218/190
f 228/1230/228 213/1222/213 201/1221/201
f 228/1230/228 226/1229/226 230/1232/230
f 235/5720/235 234/5719/234 232/5718/232
f 242/5736/242 236/5735/236 188/5734/188
f 188/5727/188 234/5730/234 238/5731/238
f 242/5732/242 188/5727/188 250/5733/250
f 243/3602/243 236/3599/236 242/3601/242
f 266/9173/266 265/9172/265 267/9174/267
f 270/9362/270 269/9361/269 6/9354/6
f 282/9374/282 283/9375/283 302/9389/302
f 286/9615/286 274/9614/274 289/9616/289
f 289/8695/289 287/8694/287 286/8693/286
f 289/9380/289 275/9367/275 294/9382/294
f 293/9619/293 112/9595/112 291/9618/291
f 112/4204/112 293/4205/293 341/4206/341
f 285/9250/285 305/9254/305 315/9260/315
f 305/9254/305 306/9255/306 315/9260/315
f 307/8877/307 308/8878/308 627/8879/627
f 309/9507/309 313/9510/313 311/9508/311
f 285/9377/285 315/9391/315 314/9390/314
f 330/108/330 323/103/323 324/104/324
f 329/107/329 330/108/330 328/106/328
f 333/412/333 329/409/329 328/413/328
f 331/410/331 324/406/324 332/411/332
f 325/415/325 331/410/331 333/412/333
f 336/9513/336 334/9511/334 335/9512/335
f 335/8946/335 334/8945/334 437/8947/437
f 338/8059/338 437/8061/437 336/8062/336
f 437/2011/437 338/2010/338 335/2009/335
f 438/6873/438 339/6872/339 441/6874/441
f 344/8314/344 106/8312/106 347/8316/347
f 344/5062/344 345/5063/345 293/5061/293
f 355/4674/355 346/4672/346 354/4673/354
f 354/4692/354 350/4690/350 353/4691/353
f 352/1295/352 379/1299/379 350/1293/350
f 362/5777/362 372/5779/372 361/5776/361
f 365/1940/365 363/1939/363 366/1941/366
f 365/1940/365 366/1941/366 505/1942/505
f 364/3007/364 368/3004/368 365/3003/365
f 365/1940/365 505/1942/505 364/1943/364
f 366/1948/366 368/1950/368 505/1949/505
f 364/4140/364 505/4139/505 503/4137/503
f 352/1295/352 378/1298/378 351/1294/351
f 392/1301/392 378/1298/378 382/1300/382
f 386/7235/386 390/7239/390 389/7238/389
f 394/4621/394 393/4620/393 402/4622/402
f 573/6547/573 572/6548/572 397/6546/397
f 535/1281/535 399/1278/399 401/1279/401
f 399/1278/399 535/1281/535 403/1280/403
f 54/9245/54 404/9264/404 44/9242/44
f 412/2437/412 368/2435/368 413/2438/413
f 422/3657/422 558/3662/558 418/3656/418
f 422/3669/422 410/3668/410 429/3671/429
f 425/2441/425 426/2442/426 455/2446/455
f 430/7221/430 431/7222/431 423/7217/423
f 562/2497/562 432/2495/432 560/2496/560
f 411/6049/411 433/6050/433 434/6051/434
f 441/6874/441 339/6872/339 437/6876/437
f 443/1120/443 439/1116/439 449/1126/449
f 424/3637/424 420/3636/420 425/3638/425
f 571/3650/571 376/3644/376 572/3651/572
f 400/6537/400 454/6540/454 463/6543/463
f 458/2448/458 464/2451/464 456/2447/456
f 475/8392/475 478/8394/478 477/8393/477
f 927/8398/927 478/8394/478 453/8390/453
f 484/4677/484 481/4675/481 346/4672/346
f 510/54/510 508/58/508 507/51/507
f 507/51/507 512/56/512 511/59/511
f 510/64/510 511/69/511 512/66/512
f 234/2423/234 514/2424/514 233/2422/233
f 2432/1216/2432 237/1208/237 522/1212/522
f 522/1157/522 521/1156/521 518/1154/518
f 572/3640/572 536/3639/536 400/3643/400
f 525/5686/525 527/5687/527 532/5690/532
f 532/5690/532 529/5688/529 525/5686/525
f 530/5689/530 532/5690/532 527/5687/527
f 532/5684/532 530/5682/530 531/5683/531
f 518/1154/518 533/1163/533 534/1164/534
f 538/1165/538 539/1166/539 534/1164/534
f 543/77/543 544/78/544 545/79/545
f 546/375/546 550/379/550 548/377/548
f 551/387/551 550/386/550 546/384/546
f 563/4694/563 564/4695/564 566/4697/566
f 562/5749/562 570/5752/570 564/5750/564
f 562/4712/562 564/4713/564 569/4714/569
f 563/4703/563 562/4702/562 561/4693/561
f 400/3635/400 574/3642/574 573/3641/573
f 536/3639/536 573/3641/573 574/3642/574
f 578/5769/578 576/5767/576 577/5768/577
f 588/4515/588 477/4514/477 927/4516/927
f 590/6328/590 587/6335/587 597/6331/597
f 591/6317/591 598/6322/598 590/6316/590
f 577/1286/577 465/1284/465 603/1287/603
f 609/7044/609 606/7041/606 935/7045/935
f 609/7044/609 608/7043/608 606/7041/606
f 952/6415/952 2595/6417/2595 2594/6416/2594
f 615/8283/615 611/8282/611 626/8284/626
f 50/9034/50 619/9041/619 623/9045/623
f 624/9046/624 625/9047/625 616/9038/616
f 635/9053/635 636/9054/636 641/9056/641
f 651/8883/651 644/8881/644 645/8882/645
f 627/8682/627 612/8681/612 307/8680/307
f 668/9530/668 667/9538/667 671/9531/671
f 673/9533/673 612/9527/612 667/9529/667
f 667/6863/667 615/6862/615 673/6864/673
f 671/8967/671 670/8966/670 705/8968/705
f 672/9532/672 673/9533/673 679/9536/679
f 677/9520/677 675/9518/675 676/9519/676
f 672/9532/672 679/9536/679 676/9535/676
f 680/9331/680 630/9329/630 685/9332/685
f 682/9458/682 685/9459/685 686/9460/686
f 693/9125/693 857/9121/857 690/9120/690
f 692/9465/692 695/9467/695 693/9477/693
f 705/8887/705 674/8886/674 671/8885/671
f 677/5066/677 697/5068/697 698/5069/698
f 698/4235/698 700/4237/700 728/4255/728
f 712/4246/712 700/4237/700 674/4230/674
f 707/5179/707 704/5178/704 683/5177/683
f 713/4247/713 723/4253/723 720/4251/720
f 707/5160/707 715/5164/715 708/5161/708
f 711/4245/711 710/4244/710 715/4249/715
f 721/3112/721 719/3111/719 714/3110/714
f 748/4262/748 722/4261/722 721/4260/721
f 755/5204/755 748/5201/748 725/5199/725
f 726/5213/726 723/5211/723 724/5212/724
f 729/5071/729 340/5064/340 684/5067/684
f 440/1117/440 729/1129/729 736/1131/736
f 746/1132/746 446/1123/446 445/1122/445
f 445/1122/445 736/1131/736 746/1132/746
f 736/7638/736 743/7639/743 746/7640/746
f 730/3534/730 737/3539/737 731/3535/731
f 739/3530/739 703/3524/703 701/3522/701
f 739/3530/739 734/3528/734 703/3524/703
f 739/7636/739 738/7635/738 741/7637/741
f 744/7631/744 738/7627/738 766/7632/766
f 722/4261/722 750/4263/750 751/4264/751
f 751/4264/751 755/4270/755 753/4265/753
f 752/4291/752 722/4288/722 754/4293/754
f 816/4304/816 825/4305/825 763/4301/763
f 764/4279/764 825/4283/825 816/4281/816
f 770/2336/770 769/2335/769 771/2337/771
f 775/2302/775 774/2301/774 776/2303/776
f 784/3133/784 819/3135/819 782/3132/782
f 819/3124/819 785/3122/785 779/3119/779
f 783/3120/783 784/3121/784 785/3122/785
f 797/8164/797 795/8163/795 772/8160/772
f 792/8161/792 795/8163/795 797/8164/797
f 789/7644/789 795/7642/795 796/7643/796
f 805/3519/805 808/3521/808 804/3518/804
f 815/6150/815 809/6148/809 810/6149/810
f 814/6911/814 815/6912/815 821/6913/821
f 821/6913/821 823/6914/823 813/6910/813
f 827/3139/827 826/3138/826 828/3140/828
f 979/3316/979 2710/3321/2710 831/3313/831
f 834/9469/834 685/9459/685 642/9447/642
f 837/8103/837 849/8109/849 848/8105/848
f 844/1398/844 845/1399/845 841/1397/841
f 855/8111/855 847/8110/847 858/8112/858
f 856/6035/856 849/6034/849 690/6033/690
f 851/8733/851 849/8735/849 850/8732/850
f 852/8095/852 853/8096/853 851/8094/851
f 856/8098/856 851/8094/851 853/8096/853
f 855/2189/855 858/2191/858 864/2195/864
f 876/2201/876 858/2191/858 859/2192/859
f 880/2213/880 874/2212/874 860/2209/860
f 692/9465/692 691/9464/691 867/9470/867
f 693/9125/693 889/9123/889 857/9121/857
f 694/8068/694 695/8069/695 869/8070/869
f 693/8072/693 869/8070/869 889/8071/889
f 889/8071/889 869/8070/869 695/8069/695
f 875/2200/875 879/2202/879 876/2201/876
f 882/990/882 901/998/901 884/992/884
f 888/996/888 1001/1007/1001 886/994/886
f 1208/6134/1208 890/6126/890 891/6127/891
f 884/992/884 901/998/901 904/999/904
f 894/6108/894 899/6113/899 903/6114/903
f 909/3087/909 905/3086/905 903/3085/903
f 933/5480/933 935/5482/935 928/5477/928
f 928/5477/928 936/5483/936 933/5480/933
f 928/6366/928 938/6370/938 936/6369/936
f 942/7614/942 943/7615/943 941/7613/941
f 940/7612/940 945/7617/945 941/7613/941
f 943/7615/943 944/7616/944 941/7613/941
f 940/7612/940 941/7613/941 944/7616/944
f 2698/7069/2698 951/7066/951 952/7067/952
f 2595/4525/2595 609/4524/609 2698/4526/2698
f 963/1353/963 959/1345/959 961/1346/961
f 965/1349/965 963/1353/963 967/1350/967
f 966/366/966 965/365/965 970/369/970
f 786/1135/786 974/1141/974 971/1140/971
f 977/3331/977 980/3333/980 978/3332/978
f 987/6989/987 984/6987/984 2715/6992/2715
f 2715/6984/2715 981/6985/981 987/6983/987
f 2719/4466/2719 981/4464/981 982/4465/982
f 981/7878/981 978/7877/978 990/7883/990
f 1008/7542/1008 1009/7543/1009 1010/7544/1010
f 998/4469/998 911/4468/911 1006/4473/1006
f 998/4469/998 1006/4473/1006 1000/4471/1000
f 1006/3336/1006 999/3335/999 910/3334/910
f 1004/4472/1004 998/4469/998 1000/4471/1000
f 999/7006/999 1004/7008/1004 1000/7007/1000
f 906/1001/906 1003/1008/1003 1001/1007/1001
f 1002/1033/1002 1001/1032/1001 1003/1034/1003
f 1004/966/1004 1038/970/1038 1037/969/1037
f 997/7551/997 1259/7556/1259 1010/7554/1010
f 1259/7556/1259 1008/7552/1008 1010/7554/1010
f 996/7550/996 997/7551/997 1010/7554/1010
f 997/6252/997 1012/6253/1012 1259/6254/1259
f 1014/4373/1014 1275/4379/1275 1043/4375/1043
f 1015/6161/1015 1065/6176/1065 1068/6166/1068
f 1016/2033/1016 1017/2034/1017 1069/2035/1069
f 1019/5265/1019 1020/5266/1020 1018/5264/1018
f 1002/1033/1002 1003/1034/1003 1025/1038/1025
f 978/6270/978 1031/6274/1031 1030/6273/1030
f 1029/6272/1029 924/6269/924 1031/6274/1031
f 1005/6999/1005 1025/7001/1025 1003/6997/1003
f 1040/2226/1040 1028/2224/1028 1005/2222/1005
f 1036/277/1036 1046/279/1046 1047/280/1047
f 1049/282/1049 1072/283/1072 1073/284/1073
f 1015/6161/1015 1050/6164/1050 1065/6176/1065
f 1053/1468/1053 1052/1467/1052 1051/1466/1051
f 1056/5803/1056 1059/5797/1059 1062/5799/1062
f 1056/5794/1056 1055/5804/1055 1060/5798/1060
f 1060/5798/1060 1070/5801/1070 1056/5794/1056
f 1070/5815/1070 1058/5813/1058 1055/5812/1055
f 1058/4789/1058 1062/4790/1062 1055/4788/1055
f 1062/5806/1062 1059/5805/1059 1055/5807/1055
f 1059/5797/1059 1060/5798/1060 1055/5804/1055
f 1058/5796/1058 1070/5801/1070 1059/5797/1059
f 1070/5801/1070 1060/5798/1060 1059/5797/1059
f 1055/5812/1055 1065/5814/1065 1052/5810/1052
f 1069/6177/1069 1020/6163/1020 1019/6162/1019
f 1062/3768/1062 1070/3769/1070 1074/3771/1074
f 1087/9498/1087 1083/9495/1083 1084/9496/1084
f 1085/9494/1085 1088/9493/1088 1084/9492/1084
f 1089/9489/1089 1088/9488/1088 1077/9483/1077
f 1089/9136/1089 1093/9137/1093 1095/9138/1095
f 1101/8708/1101 1100/8707/1100 1099/8706/1099
f 1128/9323/1128 1129/9324/1129 1124/9322/1124
f 1131/9009/1131 1130/9013/1130 1132/9010/1132
f 1131/9009/1131 1132/9010/1132 1142/9012/1142
f 1121/9427/1121 1124/9430/1124 1195/9438/1195
f 1195/9438/1195 1146/9436/1146 1121/9427/1121
f 1140/8986/1140 1149/8989/1149 1181/8996/1181
f 1159/7474/1159 1156/7473/1156 1157/7480/1157
f 1162/7484/1162 1161/7483/1161 1136/7481/1136
f 1163/7820/1163 1161/7819/1161 1160/7818/1160
f 1237/6029/1237 1136/6027/1136 1156/6028/1156
f 1166/6235/1166 1160/6234/1160 1170/6237/1170
f 1292/6096/1292 1175/6090/1175 1182/6091/1182
f 1182/5104/1182 1177/5103/1177 1295/5105/1295
f 1185/7816/1185 1181/7815/1181 1151/7814/1151
f 1201/8661/1201 1188/8662/1188 1187/8659/1187
f 1193/8810/1193 1191/8808/1191 1194/8811/1194
f 1208/6119/1208 1211/6120/1211 892/6117/892
f 1211/6120/1211 893/6118/893 892/6117/892
f 1106/4191/1106 1210/4196/1210 1109/4193/1109
f 1210/3062/1210 1214/3066/1214 1211/3063/1211
f 1209/3073/1209 1210/3074/1210 1215/3077/1215
f 1210/3074/1210 1211/3075/1211 1215/3077/1215
f 1214/3066/1214 1212/3064/1212 1211/3063/1211
f 1218/3068/1218 1212/3064/1212 1223/3070/1223
f 1222/979/1222 908/963/908 1221/978/1221
f 1224/3071/1224 1223/3070/1223 1213/3065/1213
f 1230/5383/1230 1229/5382/1229 1226/5381/1226
f 1227/6935/1227 1230/6938/1230 1225/6933/1225
f 1224/4392/1224 1229/4385/1229 1219/4393/1219
f 1224/4392/1224 1231/4386/1231 1229/4385/1229
f 1240/4387/1240 1231/4386/1231 1224/4392/1224
f 1234/7489/1234 1235/7490/1235 1156/7488/1156
f 1042/5367/1042 1243/5363/1243 1240/5361/1240
f 1240/5366/1240 1242/5362/1242 1244/5364/1244
f 1243/5363/1243 1042/5367/1042 1244/5364/1244
f 1248/6963/1248 1242/6961/1242 1275/6962/1275
f 1255/6956/1255 1258/6957/1258 1236/6954/1236
f 1260/6946/1260 1274/6947/1274 1259/6945/1259
f 1263/8118/1263 1169/8116/1169 1302/8124/1302
f 1169/8116/1169 1295/8126/1295 1302/8124/1302
f 1262/4213/1262 1302/4215/1302 1295/4214/1295
f 1301/5111/1301 1295/5110/1295 1263/5109/1263
f 1305/7836/1305 1310/7838/1310 1273/7833/1273
f 1267/6072/1267 1268/6073/1268 1261/6071/1261
f 1262/8117/1262 1273/8121/1273 1267/8120/1267
f 1269/5318/1269 1268/5317/1268 1271/5320/1271
f 1269/5295/1269 2334/5301/2334 1287/5298/1287
f 1268/6073/1268 1267/6072/1267 1273/6074/1273
f 1288/5316/1288 1282/5311/1282 1281/5310/1281
f 1268/5305/1268 1287/5313/1287 1282/5311/1282
f 1298/9192/1298 1300/9191/1300 1294/9190/1294
f 1294/7515/1294 1299/7516/1299 1303/7517/1303
f 1302/8124/1302 1308/8125/1308 1301/8123/1301
f 1278/2063/1278 1284/2064/1284 1314/2066/1314
f 1283/6181/1283 1314/6183/1314 1286/6182/1286
f 1322/6818/1322 1347/6822/1347 1323/6819/1323
f 1368/8479/1368 1328/8458/1328 1324/8456/1324
f 1334/8222/1334 1333/8221/1333 1331/8220/1331
f 1340/8464/1340 1341/8465/1341 1316/8453/1316
f 1349/8473/1349 1344/8468/1344 1345/8469/1345
f 1346/8470/1346 1344/8468/1344 1348/8472/1348
f 1346/8470/1346 1343/8467/1343 1344/8468/1344
f 1351/8475/1351 1362/8477/1362 179/8527/179
f 179/3207/179 1354/3210/1354 1351/3208/1351
f 1357/3220/1357 1358/3221/1358 1351/3218/1351
f 1365/3246/1365 1359/3243/1359 1360/3244/1360
f 1372/8483/1372 1369/8480/1369 1348/8472/1348
f 1372/8483/1372 1349/8473/1349 1377/8488/1377
f 1369/8480/1369 1375/8486/1375 1373/8484/1373
f 1376/8487/1376 1378/8489/1378 1381/8491/1381
f 1383/7417/1383 1381/7416/1381 1378/7415/1378
f 1386/8641/1386 1388/8643/1388 1387/8642/1387
f 1396/8498/1396 1395/8497/1395 1389/8495/1389
f 1399/8501/1399 1404/8505/1404 1403/8504/1403
f 1408/8509/1408 1407/8508/1407 1381/8491/1381
f 1412/8595/1412 1413/8596/1413 1519/8605/1519
f 1425/8519/1425 1420/8515/1420 1423/8518/1423
f 1431/8524/1431 1426/8520/1426 1423/8518/1423
f 1431/6833/1431 1436/6836/1436 1435/6835/1435
f 1438/8235/1438 1832/8236/1832 1437/8234/1437
f 1451/5282/1451 1449/5281/1449 1440/5279/1440
f 1443/780/1443 1446/783/1446 1449/785/1449
f 1446/783/1446 1445/782/1445 1444/781/1444
f 1445/782/1445 1446/783/1446 1447/784/1447
f 1448/5280/1448 1449/5281/1449 1451/5282/1451
f 1456/2861/1456 1485/2869/1485 1455/2860/1455
f 1458/788/1458 1461/791/1461 1459/789/1459
f 1470/793/1470 1461/791/1461 1469/792/1469
f 1460/790/1460 1459/789/1459 1461/791/1461
f 1492/1895/1492 1484/1894/1484 1466/1892/1466
f 1471/1881/1471 1484/1882/1484 1492/1883/1492
f 1492/1895/1492 1466/1892/1466 1467/1893/1467
f 1468/1888/1468 1467/1887/1467 1464/1885/1464
f 1476/2862/1476 1480/2865/1480 1481/2866/1481
f 1473/794/1473 1503/804/1503 1501/802/1501
f 1413/8596/1413 1512/8600/1512 1515/8603/1515
f 1564/869/1564 1518/860/1518 1563/868/1563
f 1540/8620/1540 1520/8606/1520 1524/8610/1524
f 1524/8610/1524 1522/8608/1522 1523/8609/1523
f 1527/863/1527 1509/854/1509 1511/856/1511
f 1529/7971/1529 1526/7969/1526 1527/7972/1527
f 1539/8619/1539 1536/8617/1536 1540/8620/1540
f 1536/8566/1536 1838/8572/1838 1538/8568/1538
f 1547/8537/1547 1548/8538/1548 1862/8549/1862
f 1553/4154/1553 1550/4152/1550 1552/4153/1552
f 1555/8543/1555 1554/8542/1554 1556/8544/1556
f 1560/8547/1560 1559/8546/1559 1554/8542/1554
f 1562/867/1562 1564/869/1564 1563/868/1563
f 1561/866/1561 1674/876/1674 1564/869/1564
f 1571/2849/1571 2838/2855/2838 1573/2850/1573
f 1602/5939/1602 1590/5934/1590 1591/5935/1591
f 2843/5014/2843 2842/5013/2842 2841/5012/2841
f 1587/2884/1587 1572/2877/1572 1589/2886/1589
f 1586/2883/1586 1587/2884/1587 1588/2885/1588
f 2862/1758/2862 2843/1757/2843 1591/1756/1591
f 2843/2941/2843 2866/2942/2866 1603/2940/1603
f 1603/4978/1603 2866/4979/2866 1591/4977/1591
f 2866/3996/2866 2848/3991/2848 1591/3988/1591
f 2848/2905/2848 2862/2906/2862 1591/2904/1591
f 2862/1780/2862 2866/1782/2866 2843/1779/2843
f 1585/2903/1585 1489/2901/1489 1568/2902/1568
f 1495/828/1495 1624/840/1624 1611/836/1611
f 1624/840/1624 1606/832/1606 1611/836/1611
f 1606/832/1606 1625/841/1625 1611/836/1611
f 1626/1755/1626 1614/1753/1614 1610/1751/1610
f 1623/1712/1623 1622/1711/1622 2866/1730/2866
f 1632/1717/1632 1629/1715/1629 1621/1710/1621
f 1631/716/1631 1714/726/1714 1636/718/1636
f 2892/732/2892 1631/716/1631 1637/719/1637
f 3072/2826/3072 1639/2819/1639 1640/2820/1640
f 1793/2824/1793 1640/2820/1640 1644/2823/1644
f 1975/149/1975 1978/150/1978 1646/132/1646
f 1650/6653/1650 1651/6654/1651 1649/6659/1649
f 1827/146/1827 1665/135/1665 1660/134/1660
f 1827/146/1827 1660/134/1660 2196/163/2196
f 2988/3926/2988 1661/3925/1661 1653/3924/1653
f 2988/4900/2988 1663/4898/1663 2991/4901/2991
f 2991/4901/2991 1661/4897/1661 1666/4899/1666
f 1696/4114/1696 1502/4107/1502 1695/4113/1695
f 1692/886/1692 1676/877/1676 1677/878/1677
f 1668/873/1668 1510/855/1510 1564/869/1564
f 1680/881/1680 1668/873/1668 1689/884/1689
f 1688/883/1688 1690/885/1690 1689/884/1689
f 1707/659/1707 1691/658/1691 1690/657/1690
f 1703/1865/1703 1702/1864/1702 1701/1863/1701
f 1703/1854/1703 1700/1852/1700 1704/1855/1704
f 1788/1689/1788 1710/1688/1710 1708/1686/1708
f 1702/1864/1702 1712/1870/1712 1706/1868/1706
f 1704/1866/1704 1788/1871/1788 1712/1870/1712
f 1712/1870/1712 1707/1869/1707 1706/1868/1706
f 1722/3936/1722 1731/3937/1731 1728/3938/1728
f 1723/7670/1723 1726/7672/1726 1789/7677/1789
f 1723/7700/1723 1789/7703/1789 1727/7701/1727
f 1727/7701/1727 1781/7702/1781 1723/7700/1723
f 1725/7704/1725 1727/7701/1727 1789/7703/1789
f 1726/7672/1726 1724/7671/1724 1727/7673/1727
f 1724/7671/1724 1782/7674/1782 1727/7673/1727
f 1725/7680/1725 1726/7672/1726 1727/7673/1727
f 1729/7682/1729 1730/7683/1730 1785/7685/1785
f 1750/2539/1750 1746/2537/1746 1747/2538/1747
f 1746/2537/1746 1748/2542/1748 1747/2538/1747
f 1748/2542/1748 1746/2537/1746 1751/2541/1751
f 1751/1382/1751 1747/1379/1747 1738/1377/1738
f 2154/632/2154 1775/615/1775 1776/616/1776
f 1755/681/1755 1754/680/1754 1753/679/1753
f 1760/686/1760 1758/684/1758 1755/681/1755
f 1552/666/1552 1548/665/1548 1760/686/1760
f 1773/695/1773 1762/688/1762 1763/689/1763
f 1735/1676/1735 1776/1681/1776 1774/1679/1774
f 1774/1674/1774 1752/1665/1752 1769/1672/1769
f 1770/612/1770 1767/611/1767 1778/617/1778
f 1775/1684/1775 1778/1685/1778 1752/1682/1752
f 1787/7676/1787 1786/7675/1786 1789/7677/1789
f 1783/1648/1783 1791/1650/1791 1829/1654/1829
f 1645/3961/1645 1793/3965/1793 1639/3958/1639
f 3076/2789/3076 1823/2788/1823 1797/2787/1797
f 1791/5891/1791 1802/5893/1802 1829/5897/1829
f 1830/5898/1830 1829/5897/1829 1802/5893/1802
f 1803/2619/1803 1810/2621/1810 1804/2620/1804
f 1815/144/1815 2193/162/2193 1814/143/1814
f 1820/5903/1820 1821/5904/1821 1817/5901/1817
f 1830/6711/1830 1823/6707/1823 1826/6709/1826
f 1824/6721/1824 1830/6724/1830 1826/6722/1826
f 1437/8208/1437 1538/8209/1538 1834/8210/1834
f 1834/7975/1834 1538/7973/1538 1833/7974/1833
f 1838/8572/1838 1833/8569/1833 1538/8568/1538
f 1848/6826/1848 1846/6824/1846 1847/6825/1847
f 1842/8576/1842 1852/8583/1852 1849/8580/1849
f 1851/8582/1851 1850/8581/1850 1849/8580/1849
f 1854/8585/1854 1856/8586/1856 1861/8591/1861
f 1861/7726/1861 1865/7728/1865 1864/7727/1864
f 1864/7720/1864 1865/7721/1865 1866/7722/1866
f 1875/7343/1875 1560/7342/1560 1882/7347/1882
f 1876/7397/1876 1878/7399/1878 1877/7398/1877
f 1884/7349/1884 1882/7347/1882 1885/7350/1885
f 2062/6973/2062 1890/6967/1890 1891/6968/1891
f 1896/8009/1896 1899/8011/1899 1897/8010/1897
f 1902/6849/1902 1898/6847/1898 1904/6851/1904
f 1905/6852/1905 1903/6850/1903 1898/6847/1898
f 1903/6854/1903 1904/6855/1904 1898/6853/1898
f 1920/934/1920 1922/936/1922 2204/943/2204
f 1920/934/1920 1923/937/1923 1929/938/1929
f 2217/947/2217 1930/939/1930 1929/938/1929
f 1944/8763/1944 1940/8760/1940 1942/8761/1942
f 1948/1955/1948 2233/1957/2233 1946/1953/1946
f 2383/8782/2383 1947/8765/1947 1945/8764/1945
f 1945/8764/1945 2390/8788/2390 2383/8782/2383
f 1951/8768/1951 2316/8772/2316 2322/8776/2322
f 1959/1463/1959 2050/1464/2050 1955/1461/1955
f 3168/1522/3168 1960/1517/1960 1962/1518/1962
f 3168/2578/3168 1965/2566/1965 1961/2563/1961
f 1966/2583/1966 1965/2582/1965 1963/2591/1963
f 1965/2582/1965 3168/2590/3168 1963/2591/1963
f 1961/2563/1961 1966/2567/1966 1963/2564/1963
f 1963/2579/1963 1964/2565/1964 1992/2577/1992
f 3112/6594/3112 3141/6600/3141 1967/6589/1967
f 1969/532/1969 3153/537/3153 1970/533/1970
f 1969/532/1969 1971/534/1971 1972/535/1972
f 1974/438/1974 1979/443/1979 1978/442/1978
f 2001/1496/2001 1982/1494/1982 1980/1493/1980
f 1985/2573/1985 1984/2572/1984 1986/2574/1986
f 1976/2584/1976 1988/2585/1988 1991/2586/1991
f 1991/1417/1991 1990/1416/1990 1983/1415/1983
f 1989/6590/1989 1991/6591/1991 1993/6592/1993
f 2007/478/2007 1997/476/1997 1996/475/1996
f 1996/653/1996 1998/654/1998 2012/656/2012
f 1989/2556/1989 2011/2560/2011 1991/2557/1991
f 2037/6204/2037 2065/6206/2065 2036/6203/2036
f 2026/7862/2026 2019/7855/2019 1018/7853/1018
f 2021/4328/2021 2026/4329/2026 1018/4327/1018
f 2026/7864/2026 2021/7857/2021 2020/7856/2020
f 2024/7860/2024 2019/7855/2019 2026/7862/2026
f 2018/6925/2018 2022/6926/2022 1018/6924/1018
f 1015/7872/1015 2019/7870/2019 2021/7871/2021
f 2033/3148/2033 2038/3151/2038 2035/3150/2035
f 2044/4421/2044 2043/4420/2043 2053/4422/2053
f 2126/2663/2126 2051/2661/2051 2050/2660/2050
f 2056/7/2056 2053/5/2053 2042/1/2042
f 2055/6/2055 2056/7/2056 2042/1/2042
f 2069/5412/2069 2079/5418/2079 2076/5415/2076
f 1892/2098/1892 1935/2101/1935 2068/2105/2068
f 2070/2106/2070 2068/2105/2068 2052/2102/2052
f 2220/2148/2220 2052/2145/2052 2056/2146/2056
f 2073/2107/2073 2084/2112/2084 2052/2102/2052
f 2084/3292/2084 2085/3293/2085 2083/3291/2083
f 2013/8380/2013 2088/8377/2088 2091/8382/2091
f 2013/5268/2013 2089/5270/2089 2086/5269/2086
f 3202/2609/3202 2098/2606/2098 3204/2610/3204
f 2092/3160/2092 2102/3161/2102 2134/3164/2134
f 3209/600/3209 2100/587/2100 2103/589/2103
f 2108/5231/2108 2113/5234/2113 2109/5239/2109
f 2107/5226/2107 2112/5228/2112 2109/5227/2109
f 2110/5240/2110 2141/5248/2141 2112/5241/2112
f 2032/4315/2032 2140/4319/2140 2110/4317/2110
f 2109/5238/2109 2116/5236/2116 2114/5235/2114
f 2119/2649/2119 2126/2652/2126 2120/2650/2120
f 1997/2647/1997 2120/2650/2120 2126/2652/2126
f 1997/476/1997 2131/482/2131 2123/480/2123
f 2122/10/2122 2125/11/2125 2120/9/2120
f 2130/15/2130 2136/17/2136 2122/10/2122
f 1903/618/1903 2146/624/2146 1771/613/1771
f 1771/613/1771 2145/623/2145 1903/618/1903
f 2145/623/2145 2148/626/2148 1903/618/1903
f 2157/34/2157 2155/32/2155 2156/33/2156
f 2205/511/2205 2158/501/2158 1952/499/1952
f 1952/499/1952 2158/501/2158 1955/500/1955
f 2163/504/2163 2162/503/2162 2158/501/2158
f 2171/38/2171 2169/36/2169 2170/37/2170
f 2406/1993/2406 2179/1981/2179 2409/1995/2409
f 2183/155/2183 2182/154/2182 2185/157/2185
f 2183/155/2183 2185/157/2185 2186/158/2186
f 1981/3777/1981 1980/3776/1980 2199/3781/2199
f 2192/161/2192 2190/159/2190 2193/162/2193
f 2157/34/2157 2152/31/2152 2195/42/2195
f 2189/40/2189 2152/31/2152 2165/35/2165
f 2197/641/2197 2200/643/2200 2167/635/2167
f 2201/233/2201 2198/232/2198 2168/230/2168
f 2203/510/2203 2202/509/2202 2163/504/2163
f 2054/490/2054 2203/491/2203 2205/492/2205
f 2163/504/2163 2202/509/2202 2159/502/2159
f 1920/903/1920 2204/906/2204 2206/907/2206
f 2212/2141/2212 2208/2139/2208 2209/2140/2209
f 2211/235/2211 2234/240/2234 2215/236/2215
f 2228/2123/2228 2218/2119/2218 2219/2120/2219
f 2230/5030/2230 2225/5026/2225 2229/5028/2229
f 2085/3293/2085 2238/3297/2238 2213/3295/2213
f 2230/918/2230 2216/912/2216 2221/915/2221
f 2231/237/2231 2161/226/2161 1946/223/1946
f 2232/238/2232 2236/241/2236 2233/239/2233
f 2231/237/2231 1946/223/1946 2233/239/2233
f 2213/2118/2213 2237/2125/2237 2082/2110/2082
f 2244/8670/2244 2245/8671/2245 2243/8669/2243
f 2266/8677/2266 2240/8672/2240 2243/8675/2243
f 2291/8834/2291 1193/8810/1193 2289/8832/2289
f 2242/8847/2242 2253/8848/2253 2268/8850/2268
f 2277/8828/2277 2253/8818/2253 2261/8823/2261
f 2261/8823/2261 2259/8821/2259 2277/8828/2277
f 2275/8854/2275 2272/8853/2272 2271/8852/2271
f 1932/3259/1932 1936/3260/1936 2294/3265/2294
f 2322/8776/2322 2323/8777/2323 2325/8778/2325
f 2356/6083/2356 2336/6079/2336 1273/6074/1273
f 2341/5339/2341 2330/5336/2330 2333/5337/2333
f 2345/5331/2345 2330/5324/2330 2339/5328/2339
f 2340/3250/2340 2359/3257/2359 2342/3252/2342
f 2345/5331/2345 2348/5333/2348 2346/5332/2346
f 2331/3188/2331 2351/3191/2351 2350/3190/2350
f 2341/2001/2341 2266/1996/2266 2270/1997/2270
f 1916/7365/1916 2364/7369/2364 2361/7366/2361
f 2365/7370/2365 2364/7369/2364 2366/7371/2366
f 2364/5053/2364 2173/5052/2173 2172/5051/2172
f 2368/6016/2368 2367/6015/2367 2363/6013/2363
f 2374/7375/2374 2377/7378/2377 2375/7376/2375
f 2379/8013/2379 2380/8014/2380 2382/8015/2382
f 2411/1966/2411 2382/1960/2382 2387/1961/2387
f 2408/1963/2408 2382/1960/2382 2411/1966/2411
f 2384/8783/2384 2390/8788/2390 2389/8787/2389
f 2385/8784/2385 2384/8783/2384 2389/8787/2389
f 2410/949/2410 2411/950/2411 2387/948/2387
f 2405/7764/2405 2400/7762/2400 2399/7761/2399
f 2399/7761/2399 2404/7763/2404 2405/7764/2405
f 2407/1994/2407 1919/1971/1919 2409/1995/2409
f 2417/1259/2417 2421/1260/2421 255/1250/255
f 2415/2373/2415 2418/2367/2418 2417/2366/2417
f 2446/2394/2446 2420/2391/2420 2424/2393/2424
f 2447/1189/2447 2424/1181/2424 2415/1180/2415
f 2425/2841/2425 2426/2842/2426 2427/2843/2427
f 2428/170/2428 2457/172/2457 2458/173/2458
f 2447/1189/2447 2434/1183/2434 2435/1184/2435
f 2442/1322/2442 2437/1319/2437 2441/1321/2441
f 2456/2386/2456 2455/2385/2455 2454/2384/2454
f 2456/171/2456 2461/176/2461 2457/172/2457
f 2460/175/2460 2461/176/2461 2459/174/2459
f 2854/742/2854 2460/738/2460 2453/737/2453
f 2451/1192/2451 2466/1194/2466 2449/1191/2449
f 541/1177/541 2466/1194/2466 2451/1192/2451
f 2468/2513/2468 2471/2521/2471 2469/2514/2469
f 2466/2511/2466 2468/2513/2468 2465/2510/2465
f 2468/2513/2468 2469/2514/2469 2465/2510/2465
f 2472/1332/2472 2467/1330/2467 2470/1331/2470
f 2470/1323/2470 2474/1327/2474 2472/1325/2472
f 2474/1327/2474 2473/1326/2473 2472/1325/2472
f 2441/1329/2441 2467/1330/2467 2472/1332/2472
f 2471/2389/2471 2459/2388/2459 2450/2382/2450
f 2478/1314/2478 2470/1311/2470 2443/1308/2443
f 2470/1323/2470 2471/1324/2471 2474/1327/2474
f 2476/2518/2476 2477/2522/2477 2478/2520/2478
f 2875/4064/2875 2488/4053/2488 2492/4054/2492
f 2445/197/2445 2503/194/2503 2495/193/2495
f 2502/206/2502 2498/205/2498 2506/210/2506
f 2445/2930/2445 2505/2937/2505 2499/2933/2499
f 2520/4060/2520 2501/4056/2501 2506/4057/2506
f 2520/4060/2520 2507/4058/2507 2513/4059/2513
f 2516/8205/2516 2515/8204/2515 2509/8203/2509
f 2511/4033/2511 2515/4035/2515 2493/4032/2493
f 2522/745/2522 2525/748/2525 2535/755/2535
f 2534/1803/2534 2656/1804/2656 2897/1805/2897
f 2539/5541/2539 2429/5539/2429 2544/5542/2544
f 2430/5540/2430 2545/5543/2545 2544/5542/2544
f 2566/8423/2566 2545/8421/2545 2547/8422/2547
f 2566/8423/2566 2547/8422/2547 2608/8425/2608
f 2608/6458/2608 2546/6452/2546 2566/6455/2566
f 2608/8425/2608 2547/8422/2547 2568/8424/2568
f 2551/5529/2551 2544/5527/2544 2550/5528/2550
f 2553/7095/2553 2548/7093/2548 2539/7101/2539
f 2551/5520/2551 2556/5521/2556 2548/5519/2548
f 2551/7094/2551 2553/7095/2553 2554/7096/2554
f 2551/5520/2551 2570/5523/2570 2556/5521/2556
f 2570/5523/2570 2623/5525/2623 2556/5521/2556
f 2566/8146/2566 2567/8147/2567 2545/8145/2545
f 2572/6457/2572 2569/6456/2569 2559/6453/2559
f 2559/6453/2559 2569/6456/2569 2566/6455/2566
f 2570/8430/2570 2558/8429/2558 2576/8431/2576
f 2574/8435/2574 2558/8433/2558 2559/8434/2559
f 2574/7907/2574 2564/7902/2564 2572/7909/2572
f 2565/7919/2565 2574/7922/2574 2572/7921/2572
f 2565/7903/2565 2572/7906/2572 2623/7908/2623
f 2579/5512/2579 2581/5513/2581 2580/5514/2580
f 2585/6410/2585 2592/6412/2592 2591/6411/2591
f 2593/3392/2593 2581/3390/2581 2585/3391/2585
f 2581/1096/2581 2593/1098/2593 2591/1097/2591
f 2593/5554/2593 2585/5552/2585 2580/5551/2580
f 2582/6438/2582 2580/6437/2580 2590/6443/2590
f 2597/3571/2597 2604/3573/2604 2578/3570/2578
f 2578/2290/2578 2594/2292/2594 2596/2293/2596
f 2631/4537/2631 2639/4539/2639 2599/4536/2599
f 2611/312/2611 2613/314/2613 2605/311/2605
f 2606/2340/2606 2613/2342/2613 2607/2341/2607
f 2623/5537/2623 2627/5535/2627 2613/5532/2613
f 2605/311/2605 2612/313/2612 2611/312/2611
f 2613/1143/2613 2627/1145/2627 2616/1144/2616
f 2622/4597/2622 2616/4596/2616 2627/4598/2627
f 2758/5597/2758 2635/5563/2635 2735/5579/2735
f 2498/205/2498 2636/211/2636 2497/204/2497
f 2640/3561/2640 2643/3562/2643 2636/3560/2636
f 2643/294/2643 2523/290/2523 2497/289/2497
f 2999/7333/2999 2646/7330/2646 2647/7331/2647
f 3041/4049/3041 3000/4046/3000 2517/4042/2517
f 2665/334/2665 2676/335/2676 2653/332/2653
f 2533/5640/2533 2651/5641/2651 2656/5642/2656
f 2656/5642/2656 2655/5645/2655 2657/5643/2657
f 2656/2746/2656 2657/2747/2657 3042/2752/3042
f 2662/7166/2662 2657/7163/2657 2661/7165/2661
f 2659/7164/2659 2665/7168/2665 2664/7167/2664
f 2659/7173/2659 2663/7172/2663 2655/7170/2655
f 2671/3486/2671 2678/3488/2678 2670/3485/2670
f 2764/3496/2764 2678/3495/2678 2672/3493/2672
f 2767/3509/2767 2674/3505/2674 2764/3508/2764
f 2681/1568/2681 2665/1565/2665 2684/1571/2684
f 2682/3489/2682 2670/3485/2670 2678/3488/2678
f 2687/1526/2687 2653/1524/2653 2676/1525/2676
f 2690/4831/2690 2687/4829/2687 2691/4832/2691
f 2681/336/2681 2691/339/2691 2676/335/2676
f 974/3315/974 2696/3319/2696 2710/3321/2710
f 979/2172/979 2714/2175/2714 2710/2174/2710
f 2701/4543/2701 953/4542/953 2731/4546/2731
f 2719/5569/2719 2727/5574/2727 2721/5571/2721
f 2722/5572/2722 2721/5571/2721 2727/5574/2727
f 2708/5567/2708 2707/5566/2707 2743/5583/2743
f 2719/2168/2719 990/2167/990 2724/2169/2724
f 2725/5596/2725 990/5562/990 2809/5595/2809
f 2748/5587/2748 2755/5589/2755 2754/5588/2754
f 2635/5563/2635 2734/5578/2734 2735/5579/2735
f 2738/5582/2738 2708/5567/2708 2744/5584/2744
f 2705/5564/2705 2743/5583/2743 2707/5566/2707
f 2723/5573/2723 2708/5567/2708 2743/5583/2743
f 2738/5582/2738 2744/5584/2744 2746/5586/2746
f 2745/5585/2745 2746/5586/2746 2744/5584/2744
f 2748/3431/2748 2730/3429/2730 2824/3440/2824
f 2752/4772/2752 3158/4778/3158 2751/4771/2751
f 2795/5608/2795 2791/5606/2791 2756/5603/2756
f 2757/5619/2757 2763/5623/2763 2758/5628/2758
f 2763/3491/2763 2670/3485/2670 2758/3490/2758
f 2671/3486/2671 2670/3485/2670 2763/3491/2763
f 2765/4732/2765 2763/4731/2763 2767/4734/2767
f 2784/4733/2784 2767/4734/2767 2763/4731/2763
f 2775/5442/2775 2739/5432/2739 2773/5433/2773
f 2773/5433/2773 2774/5434/2774 2775/5442/2775
f 3176/4479/3176 2776/4478/2776 3177/4480/3177
f 2766/319/2766 2762/316/2762 2780/322/2780
f 2785/326/2785 2777/324/2777 2788/328/2788
f 2790/3395/2790 3191/3400/3191 2789/3394/2789
f 2790/3395/2790 2796/3396/2796 2798/3397/2798
f 2816/3476/2816 2811/3471/2811 2817/3477/2817
f 2818/602/2818 2836/605/2836 2821/604/2821
f 3199/574/3199 2820/565/2820 2822/566/2822
f 2829/568/2829 2818/564/2818 2820/565/2820
f 2831/570/2831 3199/574/3199 2823/567/2823
f 2747/3430/2747 2816/3437/2816 2826/3442/2826
f 2825/3441/2825 2828/3444/2828 2829/3445/2829
f 2819/463/2819 3212/468/3212 3140/464/3140
f 2838/2845/2838 2427/2843/2427 2839/2846/2839
f 2839/2846/2839 2844/2848/2844 2840/2847/2840
f 1578/1750/1578 2845/1748/2845 1589/1747/1589
f 2850/4004/2850 2847/4005/2847 2845/4000/2845
f 2846/4001/2846 2850/4004/2850 2845/4000/2845
f 2847/3990/2847 2849/3992/2849 2851/3993/2851
f 2853/741/2853 2854/742/2854 2839/739/2839
f 2854/179/2854 2458/173/2458 2461/176/2461
f 2878/4965/2878 2891/4968/2891 2867/4962/2867
f 2873/1817/2873 2868/1815/2868 2869/1816/2869
f 2867/4962/2867 2871/4963/2871 2877/4964/2877
f 2899/1824/2899 2876/1820/2876 2875/1819/2875
f 2875/1819/2875 2876/1820/2876 2874/1818/2874
f 2880/1821/2880 2881/1822/2881 2860/1814/2860
f 2894/713/2894 1635/709/1635 2896/714/2896
f 2912/1558/2912 2904/1556/2904 3032/1562/3032
f 2900/1825/2900 2884/1823/2884 3028/1829/3028
f 2902/3830/2902 2901/3837/2901 2904/3832/2904
f 2901/1529/2901 3037/1531/3037 2915/1530/2915
f 2907/3823/2907 2904/3821/2904 2906/3822/2906
f 2906/4849/2906 2905/4848/2905 2920/4850/2920
f 2906/5855/2906 2920/5858/2920 3037/5859/3037
f 2908/5847/2908 2909/5848/2909 2916/5850/2916
f 2928/1553/2928 2911/1548/2911 2913/1550/2913
f 2924/6665/2924 2926/6664/2926 2923/6663/2923
f 2923/7655/2923 2922/7654/2922 2924/7659/2924
f 2985/1623/2985 3076/1626/3076 3075/1625/3075
f 2929/1759/2929 2939/1760/2939 2965/1763/2965
f 2946/6682/2946 2945/6681/2945 2950/6689/2950
f 2948/4885/2948 2954/4888/2954 2950/4887/2950
f 2948/4885/2948 2949/4886/2949 2954/4888/2954
f 2992/3869/2992 2951/3866/2951 2952/3867/2952
f 2953/2733/2953 2957/2735/2957 2954/2734/2954
f 2958/4877/2958 2955/4875/2955 2938/4873/2938
f 2937/4872/2937 2958/4877/2958 2938/4873/2938
f 2956/3858/2956 2937/3854/2937 2957/3859/2957
f 2937/4872/2937 2959/4878/2959 2958/4877/2958
f 2963/6678/2963 2960/6677/2960 2958/6675/2958
f 2959/1611/2959 2940/1609/2940 2942/1610/2942
f 2940/1609/2940 2959/1611/2959 2987/1615/2987
f 2983/4855/2983 2979/4857/2979 2972/4853/2972
f 2974/6661/2974 1651/6660/1651 2975/6662/2975
f 2975/7293/2975 2969/7295/2969 1647/7287/1647
f 2975/7293/2975 1648/7296/1648 2969/7295/2969
f 1648/7297/1648 2973/7298/2973 2969/7299/2969
f 2975/6650/2975 1649/6645/1649 2974/6649/2974
f 2977/7275/2977 2968/7269/2968 1648/7268/1648
f 2976/7279/2976 1648/7268/1648 2968/7269/2968
f 2995/4856/2995 2925/4851/2925 2983/4855/2983
f 2986/1624/2986 2985/1623/2985 2940/1621/2940
f 2986/1645/2986 2997/1647/2997 2990/1646/2990
f 2997/4911/2997 2988/4907/2988 2990/4909/2990
f 2993/3863/2993 2966/3861/2966 2992/3862/2992
f 2987/1615/2987 2966/1612/2966 2998/1619/2998
f 3000/4046/3000 3001/4047/3001 2899/4045/2899
f 3018/3877/3018 3035/3883/3035 3019/3878/3019
f 3018/3877/3018 3033/3882/3033 3035/3883/3035
f 3033/3894/3033 3017/3890/3017 3035/3895/3035
f 3017/3890/3017 3024/3893/3024 3035/3895/3035
f 2884/1823/2884 3026/1828/3026 3028/1829/3028
f 3026/1828/3026 3025/1827/3025 3028/1829/3028
f 3027/1767/3027 3028/1768/3028 3025/1766/3025
f 3025/1766/3025 3029/1769/3029 3027/1767/3027
f 3024/3893/3024 3038/3896/3038 3035/3895/3035
f 3057/1636/3057 3034/1635/3034 3032/1634/3032
f 3057/6699/3057 3035/6696/3035 3034/6695/3034
f 3038/2744/3038 3057/2745/3057 3032/2743/3032
f 3039/3907/3039 3043/3908/3043 3024/3904/3024
f 3039/2750/3039 3044/2754/3044 3043/2753/3043
f 3046/3898/3046 3047/3899/3047 3038/3896/3038
f 3055/3911/3055 3032/3909/3032 3049/3910/3049
f 3063/3716/3063 3064/3717/3064 3188/3721/3188
f 3065/3718/3065 3064/3717/3064 2693/3715/2693
f 3087/2771/3087 3068/2767/3068 3062/2765/3062
f 3069/1587/3069 3063/1584/3063 3067/1586/3067
f 3070/1742/3070 2944/1739/2944 2898/1733/2898
f 3029/1740/3029 3070/1742/3070 2898/1733/2898
f 2893/733/2893 1638/720/1638 2892/732/2892
f 1716/728/1716 1714/726/1714 1638/720/1638
f 3078/165/3078 2196/163/2196 3079/166/3079
f 3087/2771/3087 3062/2765/3062 3081/2769/3081
f 3090/4840/3090 3083/4836/3083 3086/4838/3086
f 3088/2772/3088 3094/2774/3094 3087/2771/3087
f 3117/4826/3117 3097/4824/3097 3098/4825/3098
f 3095/3367/3095 2980/3366/2980 3103/3368/3103
f 2980/2236/2980 3106/2238/3106 3104/2237/3104
f 3106/6286/3106 3103/6283/3103 3104/6284/3104
f 2910/2230/2910 3106/2234/3106 3096/2233/3096
f 2925/6280/2925 3127/6288/3127 2910/6279/2910
f 3150/4746/3150 3151/4747/3151 3111/4740/3111
f 3101/7260/3101 3111/7258/3111 3151/7259/3151
f 3128/3802/3128 3107/3800/3107 3098/3797/3098
f 3113/6607/3113 3099/6604/3099 3151/6610/3151
f 3101/6593/3101 3114/6595/3114 3115/6596/3115
f 3171/3808/3171 3128/3805/3128 3170/3807/3170
f 3121/4490/3121 3120/4489/3120 3126/4491/3126
f 2739/4484/2739 3118/4488/3118 3120/4489/3120
f 3119/4827/3119 3124/4828/3124 3097/4824/3097
f 3119/2699/3119 2739/2692/2739 2742/2695/2742
f 2742/2684/2742 2741/2683/2741 3125/2689/3125
f 3130/423/3130 3134/427/3134 3133/426/3133
f 3136/437/3136 3134/435/3134 3135/436/3135
f 3130/128/3130 3129/127/3129 3134/130/3134
f 3134/431/3134 3129/422/3129 3135/428/3135
f 3136/437/3136 3135/436/3135 3133/434/3133
f 3135/428/3135 3130/423/3130 3133/426/3133
f 3137/4775/3137 3139/4777/3139 3197/4784/3197
f 3163/4781/3163 3138/4776/3138 3139/4777/3139
f 3139/1452/3139 3137/1451/3137 3156/1453/3156
f 3146/4749/3146 3111/4740/3111 3114/4741/3114
f 3151/6618/3151 3141/6615/3141 3146/6616/3146
f 3172/1428/3172 3149/1427/3149 3147/1425/3147
f 2741/2694/2741 3158/2701/3158 3123/2700/3123
f 2819/4774/2819 3138/4776/3138 3162/4780/3162
f 3157/1454/3157 3167/1456/3167 3163/1455/3163
f 3167/2629/3167 3161/2627/3161 3163/2628/3163
f 3173/5436/3173 3174/5437/3174 3178/5440/3178
f 3175/3361/3175 3178/3362/3178 3174/3360/3174
f 2789/7013/2789 3180/7011/3180 2762/7009/2762
f 3184/7567/3184 3186/7573/3186 3185/7568/3185
f 3178/1068/3178 3186/1069/3186 3192/1072/3192
f 3186/1069/3186 3196/1075/3196 3187/1070/3187
f 3064/3717/3064 3084/3719/3084 2693/3715/2693
f 3190/2533/3190 3064/2531/3064 3069/2532/3069
f 3069/3724/3069 3217/3728/3217 3190/3726/3190
f 2805/1045/2805 2800/1042/2800 3194/1046/3194
f 2805/1045/2805 2804/1044/2804 2800/1042/2800
f 3156/1453/3156 3137/1451/3137 3215/1457/3215
f 3203/555/3203 3207/559/3207 3206/558/3206
f 3213/546/3213 3212/545/3212 3214/547/3214
f 2823/567/2823 3214/579/3214 2831/570/2831
f 3210/544/3210 3213/546/3213 3214/547/3214
