# Blender 5.1.1
# www.blender.org
o Mesh_0
v -0.027612 0.610617 -0.024138
v -0.018337 0.644780 -0.043019
v -0.019172 0.614355 -0.040546
v -0.010915 0.669234 -0.010459
v -0.011605 0.667208 0.011524
v -0.017443 0.662925 -0.032781
v -0.022680 0.632089 0.022189
v -0.014211 0.619049 0.013298
v -0.021082 0.653043 0.024289
v -0.026437 0.668638 -0.007468
v -0.015897 0.651432 0.007176
v -0.030776 0.649327 -0.035311
v -0.018748 0.648965 -0.025398
v -0.340580 -0.638917 0.041350
v -0.339557 -0.638358 0.030054
v -0.337035 -0.638183 0.009870
v -0.268431 -0.627700 -0.049989
v -0.241909 -0.589339 -0.093152
v -0.265265 -0.622284 0.019972
v -0.247788 -0.588834 0.077171
v -0.326332 -0.639013 0.115229
v -0.303589 -0.634166 0.130032
v -0.338691 -0.637411 -0.032220
v -0.334297 -0.632362 -0.001251
v -0.238668 -0.630314 0.232525
v -0.333869 -0.638925 0.252972
v -0.319218 -0.633000 0.098793
v -0.330556 -0.640680 0.102498
v -0.285219 -0.629557 0.165351
v -0.252857 -0.625623 0.091040
v -0.190843 -0.631369 0.266005
v -0.290589 -0.637393 0.225827
v -0.335786 -0.637167 -0.058671
v -0.322856 -0.633270 -0.083175
v -0.256774 -0.637702 0.236240
v -0.292040 -0.637432 0.187640
v -0.328976 -0.638138 0.199032
v -0.320295 -0.638684 0.186558
v -0.332414 -0.633526 0.053766
v -0.331398 -0.639355 0.232359
v -0.294211 -0.638379 0.261413
v -0.288653 -0.633711 0.271731
v -0.261054 -0.635923 0.274051
v -0.351575 -0.638435 0.259629
v -0.349452 -0.639448 0.263544
v -0.200584 -0.634995 0.274698
v -0.331447 -0.636252 0.081504
v -0.333748 -0.639277 0.124510
v -0.226952 -0.634627 0.274898
v -0.346604 -0.636375 0.077664
v -0.340521 -0.631872 0.076456
v -0.314011 -0.638283 0.177580
v -0.175662 -0.627548 0.275446
v -0.163620 -0.627271 0.266324
v -0.216874 -0.623816 0.149438
v -0.343730 -0.639233 0.268520
v -0.332284 -0.638686 0.168783
v -0.348100 -0.639216 0.160875
v -0.349631 -0.639157 0.177010
v -0.311110 -0.633916 0.145855
v -0.324759 -0.638687 0.244141
v -0.333185 -0.638901 0.266131
v -0.324567 -0.635430 0.267105
v -0.246989 -0.637762 0.264537
v -0.348242 -0.639292 0.209962
v -0.346792 -0.638894 0.194607
v -0.338803 -0.637665 0.038902
v -0.347825 -0.639291 0.148800
v -0.330910 -0.638869 0.131610
v -0.308654 -0.638653 0.225191
v -0.306325 -0.638767 0.250501
v -0.288878 -0.639137 0.247175
v -0.314423 -0.639019 0.238739
v -0.024561 0.413594 -0.140409
v -0.026304 0.506573 -0.136232
v -0.062974 0.459487 -0.131816
v -0.056889 0.429726 -0.133837
v 0.061555 0.420746 -0.114711
v 0.096349 0.445919 -0.073985
v -0.012397 0.526154 -0.133474
v 0.009176 0.422322 -0.136881
v 0.081770 0.460508 -0.093355
v -0.090757 0.557953 -0.102546
v 0.033530 0.426761 -0.130152
v 0.033950 0.499947 -0.124666
v 0.061080 0.481958 -0.110847
v -0.042509 0.524791 -0.133754
v -0.143228 0.499474 -0.036946
v -0.031096 0.443088 -0.139447
v -0.017327 0.384712 -0.141640
v -0.130204 0.532895 -0.066172
v -0.065925 0.562722 -0.081471
v -0.063525 0.490125 -0.131467
v -0.002531 0.472612 -0.136167
v -0.005851 0.561634 -0.120216
v 0.076946 0.508773 -0.094400
v -0.081116 0.350473 -0.129274
v 0.084630 0.411318 -0.093445
v -0.143171 0.536586 -0.018155
v 0.003874 0.504594 -0.133820
v -0.054665 0.325094 -0.140987
v 0.093638 0.482791 -0.074736
v -0.057383 0.370487 -0.136884
v 0.030541 0.544247 -0.121917
v 0.054653 0.395583 -0.119999
v 0.015250 0.395780 -0.137121
v -0.121542 0.557168 -0.067839
v -0.122192 0.561388 -0.005612
v -0.147025 0.454817 -0.023243
v -0.089441 0.499151 -0.117058
v -0.137169 0.480580 -0.056912
v -0.103102 0.366142 -0.109732
v -0.117101 0.393371 -0.096529
v -0.118192 0.328740 -0.102179
v -0.120925 0.357693 -0.095175
v -0.115516 0.499477 -0.091841
v -0.064986 0.546265 -0.125914
v -0.037556 0.555741 -0.126451
v -0.079218 0.404024 -0.126984
v -0.136024 0.440708 -0.063033
v 0.052094 0.456937 -0.118309
v 0.002858 0.445134 -0.137383
v -0.141303 0.457368 -0.052875
v -0.103059 0.531955 -0.101418
v 0.053104 0.524702 -0.114122
v -0.113328 0.435500 -0.098350
v -0.131479 0.414151 -0.073144
v 0.059161 0.543147 -0.107247
v 0.037387 0.561555 -0.106649
v -0.063765 0.516803 -0.129698
v 0.076566 0.434965 -0.100383
v -0.095031 0.437719 -0.116880
v -0.129219 0.510786 -0.067964
v -0.000114 0.544578 -0.133837
v -0.034248 0.478118 -0.137597
v -0.116759 0.467341 -0.094338
v 0.007058 0.563851 -0.063510
v -0.111336 0.546643 -0.084918
v -0.150157 0.399280 -0.040123
v -0.038867 0.566263 -0.027070
v -0.148219 0.160269 -0.080278
v -0.135879 0.390306 -0.070532
v -0.172565 0.081438 -0.050486
v -0.182283 0.047097 -0.029423
v -0.123179 0.183192 -0.069236
v -0.084204 0.184114 -0.108179
v -0.164580 0.113587 -0.061533
v -0.163317 0.163016 -0.027871
v -0.152441 0.433099 -0.002467
v -0.138185 0.212954 0.008329
v -0.159912 0.069344 -0.081266
v -0.142219 0.336909 -0.071529
v -0.160742 0.084068 -0.066399
v -0.157479 0.244560 -0.017765
v -0.104544 0.213185 -0.093139
v -0.154809 0.385353 -0.012659
v -0.175585 0.027785 -0.064806
v -0.139044 0.368278 -0.071499
v -0.147063 0.489256 -0.008872
v -0.134404 0.246900 -0.086755
v -0.145010 0.290102 -0.068917
v -0.133944 0.217217 -0.050841
v -0.108790 0.104958 -0.138006
v -0.123275 0.291945 -0.102474
v -0.150129 0.427080 -0.046585
v -0.151241 0.242750 -0.053230
v -0.154824 0.289907 0.020188
v -0.150712 0.102847 -0.095208
v -0.107960 0.309828 -0.110641
v -0.138942 0.183545 -0.009326
v -0.158406 0.172607 0.009277
v -0.155725 0.340821 -0.030287
v -0.114963 0.267614 -0.110501
v -0.156458 0.299587 -0.023713
v -0.148510 0.022365 -0.116419
v -0.107372 0.030144 -0.150911
v -0.234211 -0.377492 0.017034
v -0.037356 -0.304780 0.212314
v -0.156158 0.042092 0.087328
v -0.122830 -0.177305 0.161840
v 0.144886 -0.118336 0.112003
v 0.193952 -0.209290 -0.014926
v -0.056684 -0.188215 0.192057
v 0.167538 -0.225159 0.106907
v 0.101228 0.004059 0.130604
v 0.026766 -0.398792 0.225417
v -0.015198 -0.377471 0.224696
v 0.028100 -0.615655 0.251121
v 0.076942 -0.072124 0.160421
v 0.189294 -0.223278 0.058065
v 0.171859 -0.115953 0.062708
v -0.124784 0.035575 0.122263
v -0.007003 -0.215918 0.202803
v 0.036367 -0.249491 0.203292
v 0.109525 -0.116340 0.146865
v 0.122102 -0.049771 0.122984
v 0.206376 -0.376150 0.074440
v 0.234149 -0.480032 -0.004843
v 0.245827 -0.606041 0.034633
v 0.219328 -0.617350 0.121535
v -0.081746 -0.036837 0.161519
v -0.178777 -0.137652 0.092794
v -0.186718 0.031525 0.007756
v 0.175392 -0.349423 0.124553
v 0.080596 -0.261781 0.189337
v -0.093633 -0.145701 0.172231
v 0.054802 -0.130240 0.179678
v 0.127694 -0.298203 0.166521
v 0.188316 -0.167257 0.022040
v 0.085455 -0.368509 0.203275
v -0.178513 0.010828 0.049420
v -0.169573 0.082823 0.045957
v -0.076168 -0.262341 0.195964
v -0.183902 -0.065646 0.062780
v 0.233189 -0.607956 0.091816
v 0.174514 -0.588501 0.177176
v 0.173685 -0.158558 0.076162
v 0.195233 -0.457601 0.122510
v 0.223053 -0.431477 0.042611
v 0.018845 -0.315281 0.215275
v 0.207546 -0.312117 0.028819
v 0.136131 -0.448449 0.186266
v 0.129407 -0.206737 0.147797
v -0.249964 -0.508742 0.005184
v 0.250223 -0.609772 -0.031162
v 0.009528 -0.149736 0.192472
v -0.198343 -0.092955 0.024283
v 0.068427 -0.188995 0.183384
v -0.211041 -0.549076 0.139425
v -0.072495 -0.404380 0.217369
v 0.184306 -0.143222 -0.014353
v -0.118322 -0.434037 0.202161
v -0.079816 -0.094511 0.171251
v -0.135177 -0.112309 0.140008
v -0.192994 -0.026429 0.010262
v -0.156840 -0.051440 0.105573
v -0.202924 -0.167464 0.046224
v -0.180455 0.076724 -0.006795
v -0.206440 -0.151650 0.005108
v 0.219504 -0.379997 -0.014797
v 0.110091 -0.583085 0.223338
v -0.115418 -0.217947 0.171847
v -0.153942 -0.204345 0.140277
v -0.002632 -0.079196 0.182917
v -0.005538 0.032867 0.167489
v -0.165526 -0.413716 0.165489
v -0.164089 -0.526884 0.185490
v -0.141660 -0.287669 0.164139
v 0.059472 -0.478480 0.229444
v -0.240092 -0.502045 0.068132
v -0.124535 -0.346437 0.185863
v 0.043917 -0.015966 0.165192
v -0.093733 -0.586776 0.233547
v 0.204269 -0.318353 -0.052847
v -0.217440 -0.237739 0.011528
v -0.070527 -0.624815 0.244297
v -0.174685 -0.622925 0.197111
v 0.075701 -0.620869 0.245748
v -0.210309 -0.226352 0.048854
v 0.004217 -0.590281 0.250972
v -0.123110 -0.625242 0.226021
v -0.207760 -0.295673 0.082083
v -0.186701 -0.208335 0.098216
v -0.214224 -0.403884 0.100344
v -0.176646 -0.347257 0.142022
v -0.233923 -0.414411 0.052601
v 0.193128 -0.620298 0.169593
v -0.009399 -0.514326 0.242580
v -0.046719 0.009420 0.166698
v -0.084648 0.058457 0.145829
v -0.004921 -0.007860 0.173342
v -0.198641 -0.113073 -0.038598
v -0.214437 -0.344776 -0.084288
v -0.230510 -0.414095 -0.067092
v 0.147267 -0.378833 -0.168293
v -0.228303 -0.342047 -0.035581
v 0.178377 -0.217464 -0.086348
v -0.157601 -0.291158 -0.159756
v -0.197331 -0.063127 -0.026242
v 0.184861 -0.361941 -0.117763
v -0.194821 -0.013760 -0.017901
v -0.216012 -0.232484 -0.024084
v 0.143246 -0.497605 -0.191348
v 0.129163 -0.608730 -0.220043
v -0.192973 -0.171580 -0.081804
v 0.208480 -0.573546 -0.131293
v -0.186404 -0.126593 -0.086450
v 0.106566 -0.242911 -0.176171
v -0.133472 -0.577891 -0.219984
v -0.187111 -0.059457 -0.052921
v -0.207787 -0.434390 -0.123770
v 0.181495 -0.460906 -0.146961
v -0.157244 -0.231369 -0.149708
v -0.203574 -0.103686 -0.015442
v 0.083367 -0.204665 -0.183334
v -0.206205 -0.173961 -0.039173
v -0.183196 -0.013942 -0.062985
v -0.107462 -0.437740 -0.214688
v -0.162096 -0.352516 -0.164486
v -0.056679 -0.137999 -0.193227
v -0.094741 -0.366193 -0.210982
v -0.230102 -0.500268 -0.095304
v -0.068559 -0.210604 -0.199397
v -0.083753 -0.621257 -0.248245
v -0.146360 -0.465655 -0.196225
v 0.216720 -0.419049 -0.062495
v -0.222561 -0.290413 -0.027171
v -0.052589 -0.307627 -0.216115
v 0.160831 -0.146758 -0.098117
v -0.192313 -0.620345 -0.182142
v -0.207159 -0.237022 -0.066974
v 0.001020 -0.327620 -0.222965
v 0.102518 -0.346294 -0.194561
v -0.245412 -0.483596 -0.037776
v 0.176707 -0.291560 -0.113488
v -0.033069 -0.500414 -0.243192
v -0.183648 -0.393297 -0.148435
v 0.079599 -0.130708 -0.173702
v 0.043608 -0.174061 -0.194975
v 0.144112 -0.270564 -0.149808
v -0.117558 -0.032469 -0.152800
v -0.029769 -0.567579 -0.251253
v -0.117986 -0.139656 -0.166967
v -0.116624 -0.250076 -0.184252
v -0.186826 -0.495791 -0.163827
v 0.008768 -0.235168 -0.209943
v 0.005637 -0.438080 -0.236533
v 0.057042 -0.311383 -0.209239
v -0.039054 -0.405680 -0.231579
v -0.194862 -0.309905 -0.114684
v -0.157928 -0.095415 -0.125839
v -0.156446 -0.048445 -0.117842
v -0.185818 -0.096490 -0.078254
v -0.166139 -0.143203 -0.123178
v -0.173696 -0.059597 -0.091278
v -0.144054 -0.185052 -0.155605
v -0.180525 -0.226331 -0.118983
v 0.061730 -0.482875 -0.231430
v -0.073904 -0.065492 -0.178207
v -0.015868 -0.182514 -0.203909
v 0.001597 -0.102563 -0.192561
v -0.030645 -0.620135 -0.257666
v 0.039799 0.569595 -0.044069
v 0.027752 0.567594 0.023858
v -0.043530 0.571690 -0.013196
v -0.025194 0.610524 0.015085
v -0.012963 0.625534 0.031441
v -0.018204 0.588974 0.022998
v 0.104812 0.534944 0.005893
v 0.110561 0.534599 -0.016704
v -0.013112 0.607402 -0.016616
v 0.103134 0.499173 -0.051685
v 0.099431 0.559313 -0.042457
v 0.068778 0.560173 -0.088148
v 0.093209 0.525567 -0.071793
v 0.103169 0.544429 0.034799
v 0.087458 0.550696 0.053220
v 0.086612 0.559782 -0.068763
v -0.034360 0.594192 -0.001693
v 0.100849 0.550806 -0.006346
v 0.100686 0.531888 -0.042488
v 0.068048 0.572251 -0.005088
v -0.064646 0.562313 0.083866
v -0.009193 0.602666 0.014734
v -0.043446 0.582795 0.006898
v -0.005397 0.573479 -0.027972
v 0.084576 0.549101 -0.080064
v 0.066595 0.562788 0.056554
v 0.093679 0.544964 -0.060045
v -0.010582 0.639183 0.020756
v 0.101021 0.562851 -0.013876
v -0.027946 0.583651 -0.029471
v 0.102801 0.516473 -0.035522
v -0.002789 0.577166 0.015307
v -0.038280 0.566554 0.017252
v 0.102344 0.557968 0.013168
v 0.003772 0.579970 -0.013951
v -0.088969 0.547394 0.094945
v -0.044878 0.526759 0.117295
v -0.088828 0.313920 0.109957
v -0.045007 0.490178 0.119012
v -0.130419 0.546558 0.045008
v 0.068129 0.418894 0.093358
v -0.132381 0.376752 0.065481
v -0.055489 0.313749 0.125576
v -0.061091 0.283838 0.126248
v 0.064949 0.335597 0.108100
v 0.092043 0.327128 0.081351
v 0.093331 0.301338 0.078882
v -0.085458 0.350525 0.110154
v -0.085161 0.495632 0.102239
v 0.113328 0.349117 -0.039764
v 0.112259 0.381203 -0.035053
v 0.060456 0.434174 0.104866
v 0.047492 0.386164 0.112620
v 0.023475 0.162998 0.141793
v 0.079471 0.235395 0.098445
v -0.139704 0.290749 0.058938
v 0.022455 0.434691 0.118572
v 0.097075 0.531215 0.057472
v 0.019578 0.131594 0.149849
v -0.154355 0.375543 0.011862
v -0.125793 0.483501 0.065802
v 0.018073 0.237241 0.130544
v 0.122214 0.287987 0.008376
v 0.113679 0.274324 0.044744
v 0.049805 0.185202 0.099627
v -0.123531 0.311969 0.082036
v 0.080584 0.360293 0.093060
v -0.112201 0.390392 0.087770
v 0.054744 0.036294 0.153735
v -0.141920 0.337520 0.053224
v 0.042052 0.449655 0.108223
v -0.009432 0.559442 0.114994
v 0.039360 0.177481 0.123871
v 0.031056 0.521889 0.115871
v -0.033229 0.548128 0.117945
v 0.110672 0.236321 0.052525
v -0.059851 0.369850 0.120257
v -0.146525 0.418086 0.031735
v -0.145448 0.488202 0.017970
v 0.072915 0.516777 0.091472
v 0.084819 0.510358 0.074403
v 0.034165 0.555059 0.105159
v 0.100736 0.394545 0.060509
v 0.085048 0.060378 0.132456
v 0.046425 0.362067 0.120031
v 0.079244 0.297309 0.099597
v 0.077801 0.442731 0.085777
v 0.095080 0.450621 0.064812
v 0.114055 0.385583 0.017846
v -0.145971 0.236360 0.044872
v 0.095074 0.478741 0.048902
v 0.095959 0.498071 0.062565
v 0.113499 0.352863 0.029706
v -0.097087 0.275537 0.107403
v 0.112820 0.312176 0.034897
v 0.112104 0.315445 0.056184
v 0.110650 0.427465 0.011357
v 0.028947 0.355843 0.121801
v 0.080161 0.550932 0.078291
v 0.088797 0.467424 0.075797
v 0.082458 0.185463 0.074576
v 0.108059 0.405232 0.037483
v 0.106650 0.500396 -0.013757
v 0.092737 0.268599 0.086282
v 0.008999 0.524885 0.118750
v 0.071009 0.397240 0.096109
v 0.087278 0.211248 0.068514
v 0.028171 0.475584 0.113461
v 0.010697 0.466793 0.126667
v -0.131188 0.260171 0.074723
v 0.104075 0.504158 0.032348
v -0.019715 0.150801 0.149500
v 0.112011 0.426848 -0.014186
v 0.116800 0.354677 -0.005354
v 0.113540 0.484072 0.017541
v 0.060402 0.553688 0.094169
v 0.102886 0.358069 0.058796
v 0.091107 0.118903 0.119434
v 0.099518 0.412109 0.047880
v 0.119005 0.318959 -0.016796
v 0.106226 0.439878 -0.041816
v 0.103570 0.385470 -0.063715
v 0.114400 0.401085 -0.009399
v 0.008924 0.089420 0.157633
v 0.062336 0.121721 0.135460
v 0.108664 0.463171 -0.012071
v 0.107227 0.482037 -0.022924
v 0.107309 0.526897 0.027689
v 0.112229 0.509548 0.004325
v 0.118950 0.325613 0.017935
v 0.110892 0.409116 -0.029617
v 0.106585 0.088010 0.107773
v -0.166956 0.136465 0.026764
v 0.062871 0.211178 0.090818
v 0.091944 0.155879 0.106438
v -0.114667 0.347013 0.088759
v -0.049744 0.182821 0.112716
v -0.024484 0.175902 0.136323
v 0.005125 0.187132 0.114184
v -0.172602 0.119549 -0.013888
v 0.093975 0.418074 0.069292
v 0.035032 0.312396 0.121862
v -0.024833 0.328045 0.129351
v 0.072147 0.479616 0.093450
v 0.044708 0.081510 0.150689
v 0.097728 0.441563 0.046468
v -0.010242 0.465270 0.123214
v 0.099965 0.407603 -0.064563
v -0.030397 0.100844 0.155723
v -0.091823 0.237712 0.110384
v 0.033163 0.500066 0.113254
v 0.105765 0.452945 0.026831
v 0.012572 0.549383 0.115498
v 0.123876 0.246400 -0.006696
v 0.106558 0.465018 -0.046244
v 0.058468 0.270792 0.116331
v 0.041695 0.335617 0.123992
v 0.130081 0.258049 0.012335
v 0.121429 0.275089 -0.032691
v -0.024971 0.236673 0.132461
v -0.043776 0.268389 0.131229
v 0.007990 0.212912 0.114470
v -0.081519 0.115819 0.139095
v -0.018485 0.530487 0.120563
v 0.011562 0.384433 0.123844
v -0.001459 0.277159 0.133330
v -0.066931 0.210279 0.105015
v 0.031276 0.263058 0.127405
v -0.057146 0.073591 0.154690
v 0.121903 0.056053 0.103395
v -0.128233 0.182360 0.042920
v -0.114448 0.207873 0.064150
v -0.092908 0.182809 0.090183
v -0.156175 0.139543 0.060657
v -0.086313 0.173627 0.118712
v -0.150535 0.163572 0.058263
v -0.125079 0.169445 0.091782
v -0.131446 0.086298 0.109653
v -0.064454 0.155213 0.139572
v -0.110929 0.143583 0.116119
v -0.147801 0.120894 0.081773
v 0.081014 0.327186 -0.104934
v 0.062565 0.309907 -0.120188
v 0.096975 0.341086 -0.079740
v 0.105802 0.300452 -0.073470
v 0.095663 0.364609 -0.080894
v 0.071352 0.271615 -0.117316
v 0.088842 0.296286 -0.096317
v 0.099283 0.272326 -0.089336
v 0.113109 0.321628 -0.048809
v 0.114850 0.265629 -0.054413
v 0.077777 0.384048 -0.101942
v 0.069121 0.358694 -0.110195
v 0.093013 0.390143 -0.085605
v 0.040408 0.365970 -0.129136
v 0.062850 0.168318 -0.132418
v 0.080930 0.239062 -0.107602
v 0.061642 0.186488 -0.101509
v 0.116758 0.243100 -0.057109
v 0.112862 0.187433 -0.008677
v 0.120059 0.176981 -0.066126
v 0.106821 0.169160 -0.097617
v 0.081713 0.216230 -0.084732
v 0.104213 0.143628 -0.110225
v 0.100164 0.186546 -0.054258
v 0.107962 0.247074 -0.076037
v 0.109053 0.212491 0.021495
v 0.019159 0.215315 -0.124103
v 0.140238 0.171031 0.002240
v 0.108295 0.212715 -0.035455
v 0.098482 0.193444 0.049381
v 0.125231 0.181217 0.028715
v 0.152069 0.117093 -0.000694
v 0.161356 0.050080 0.007853
v 0.126683 0.083554 0.052260
v 0.147893 0.079216 0.046472
v 0.131452 0.086554 0.074493
v 0.116151 0.115907 0.097718
v 0.135622 0.003975 0.097377
v 0.141884 -0.052501 0.099096
v 0.140900 0.149374 -0.037592
v 0.142515 0.043840 0.078094
v 0.155143 0.030407 0.051899
v 0.155031 0.031252 0.014215
v 0.139210 0.122314 0.056675
v 0.127734 0.158170 0.066174
v 0.097072 0.176049 0.084310
v 0.137189 0.162338 0.033410
v 0.103494 0.187565 0.030336
v 0.012345 0.276010 -0.145095
v 0.043373 0.329704 -0.130663
v 0.016659 0.310096 -0.142306
v 0.016543 0.355604 -0.139490
v 0.030178 0.244785 -0.140171
v -0.088203 0.297369 -0.127788
v 0.039241 0.281835 -0.135326
v -0.098113 0.241998 -0.122901
v -0.018215 0.349498 -0.143768
v -0.060269 0.213124 -0.122085
v -0.021158 0.293178 -0.147092
v -0.056651 0.280105 -0.141874
v -0.030477 0.237262 -0.145684
v 0.171495 -0.036546 -0.024541
v 0.161305 -0.005631 -0.045943
v 0.171809 -0.064793 -0.011324
v 0.143093 0.115089 -0.053846
v 0.127055 0.140314 -0.079249
v 0.134615 -0.006179 -0.104832
v 0.149966 0.043209 -0.064062
v 0.151152 0.084955 -0.044807
v 0.151311 0.016231 -0.070820
v 0.168431 -0.097474 -0.065660
v 0.139132 0.066729 -0.064199
v 0.166133 -0.065053 -0.056244
v 0.154253 -0.027594 -0.077837
v 0.163624 -0.052214 0.060262
v 0.177232 -0.130811 -0.048372
v 0.150203 -0.068086 -0.095308
v 0.164887 0.014700 0.018916
v 0.178685 -0.100800 0.021723
v 0.133769 0.036827 -0.096810
v 0.179283 -0.085386 -0.017231
v 0.163348 0.028705 -0.022536
v 0.154664 0.024620 -0.039900
v 0.131817 0.101945 -0.084640
v 0.105653 -0.011913 -0.136609
v 0.104954 0.027985 -0.131908
v 0.064758 -0.074538 -0.172073
v 0.135808 0.070844 -0.082392
v 0.071680 -0.005969 -0.158271
v 0.115794 -0.084543 -0.141330
v 0.121477 -0.059009 -0.130640
v 0.126563 -0.142522 -0.141965
v -0.042515 0.087572 -0.167055
v 0.061391 0.107234 -0.147085
v -0.044465 0.182673 -0.126906
v -0.012186 0.166063 -0.153776
v -0.005273 -0.007239 -0.180582
v -0.024898 0.040940 -0.175167
v 0.030068 0.148130 -0.154305
v 0.102258 0.116696 -0.115088
v -0.108445 0.160170 -0.127454
v 0.020304 0.084208 -0.165389
v 0.017770 -0.055188 -0.184297
v -0.093091 0.176751 -0.121952
v -0.007332 0.184028 -0.128442
v 0.109476 0.072173 -0.119352
v 0.065390 0.048751 -0.153582
v 0.029604 0.182856 -0.122772
v -0.072030 0.030711 -0.167000
v -0.051245 0.134377 -0.158067
v -0.322125 -0.636998 -0.110082
v -0.280018 -0.641638 -0.188055
v -0.294968 -0.639615 -0.186525
v -0.285516 -0.634539 -0.168311
v -0.215219 -0.633672 -0.264750
v -0.148310 -0.319716 -0.131144
v -0.246626 -0.639282 -0.257460
v -0.301051 -0.633696 -0.145350
v -0.227572 -0.638042 -0.257579
v -0.223454 -0.638586 -0.273706
v -0.231384 -0.639074 -0.271528
v -0.304237 -0.639759 -0.161172
v -0.262385 -0.632700 -0.209079
v -0.260570 -0.632975 -0.223909
v 0.091763 -0.622450 -0.272526
v 0.102390 -0.623700 -0.271818
v -0.179350 -0.629278 -0.264544
v -0.250377 -0.639433 -0.250160
v -0.241153 -0.627691 -0.118617
v -0.150251 -0.319666 -0.105291
v 0.085081 -0.621488 -0.262006
v 0.053682 -0.616117 -0.251473
v -0.054424 -0.629145 -0.269304
v -0.037835 -0.625163 -0.266964
v -0.151192 -0.629033 -0.270571
v -0.130498 -0.628555 -0.265664
v -0.247152 -0.637410 -0.237255
v 0.020878 -0.623149 -0.271633
v -0.013430 -0.631894 -0.270345
v -0.128086 -0.623613 -0.233993
v -0.136447 -0.319679 -0.121321
v 0.000633 -0.625294 -0.265902
v 0.129692 -0.622252 -0.271328
v -0.103052 -0.632229 -0.270021
v 0.062308 -0.625044 -0.274681
v -0.127217 -0.319535 -0.137955
v 0.058881 -0.625294 -0.268088
v -0.166774 -0.319872 -0.119947
v 0.143494 -0.623605 -0.272868
v -0.199438 -0.634780 -0.274351
v -0.305859 -0.639492 -0.185226
v -0.157780 -0.319806 -0.119383
v -0.136799 -0.319835 -0.135445
v 0.224607 -0.632308 -0.261780
v 0.046151 -0.621449 0.259525
v 0.262137 -0.621791 -0.036368
v 0.265902 -0.622408 0.146775
v 0.261362 -0.621538 0.133881
v 0.255012 -0.627086 0.063794
v 0.249462 -0.622785 0.090909
v 0.251204 -0.621862 0.157621
v 0.135795 -0.620583 0.219506
v 0.232900 -0.620950 -0.095025
v 0.261600 -0.620815 0.026379
v 0.252539 -0.621943 0.112480
v 0.265778 -0.621549 -0.012276
v 0.263904 -0.623233 0.084590
v 0.264240 -0.628339 0.211255
v 0.263166 -0.620039 0.185753
v 0.258091 -0.629382 -0.240891
v 0.184639 -0.618857 -0.175025
v 0.107332 -0.623469 0.263920
v 0.069578 -0.623704 0.272863
v 0.163637 -0.622954 -0.257574
v 0.207188 -0.622902 -0.252118
v 0.256883 -0.623512 -0.100360
v 0.265071 -0.634191 -0.260444
v 0.257071 -0.622469 -0.160222
v 0.264151 -0.622019 -0.127843
v 0.229008 -0.638126 -0.275187
v 0.117976 -0.622117 -0.261312
v 0.261148 -0.628690 -0.225584
v 0.253315 -0.632437 -0.267283
v 0.262802 -0.631452 -0.272428
v 0.124954 -0.622904 0.251072
v 0.258071 -0.622839 -0.188599
v 0.203611 -0.622767 -0.195262
v 0.246260 -0.621753 0.181735
v 0.015696 -0.624524 0.265538
v 0.258972 -0.630804 -0.208009
v 0.203367 -0.630240 -0.266988
v -0.068232 -0.626555 0.269088
v -0.098506 -0.627224 0.266333
v -0.039937 -0.625896 0.265379
v 0.158313 -0.622596 0.265514
v -0.022450 -0.626080 0.276725
v -0.008047 -0.625039 0.267891
v -0.136984 -0.626557 0.268932
v -0.120126 -0.626857 0.259346
v -0.148188 -0.627027 0.277176
v 0.269836 -0.630408 0.218023
v 0.264257 -0.621653 -0.054206
v 0.005309 -0.624448 0.277263
v 0.262215 -0.621670 -0.071714
v 0.268359 -0.631556 0.259315
v 0.231639 -0.622927 0.232029
v 0.229642 -0.632095 0.269345
v 0.216717 -0.631539 0.268723
v 0.204370 -0.632340 0.273037
v 0.258542 -0.630510 0.268106
v 0.265670 -0.631443 0.232411
v 0.192301 -0.623386 0.269236
vn -0.9503 0.3092 0.0365
vn 0.4605 0.1200 -0.8795
vn 0.1348 0.0193 -0.9907
vn 0.7786 0.6146 -0.1268
vn 0.5721 0.7081 0.4139
vn 0.3884 0.6599 -0.6432
vn -0.9922 -0.0388 0.1184
vn 0.2394 0.4316 -0.8697
vn -0.5011 0.3913 0.7719
vn -0.8232 0.5638 0.0672
vn 0.1448 -0.7376 -0.6596
vn -0.9422 0.2030 -0.2664
vn 0.5934 -0.5201 0.6143
vn -0.7499 0.6616 0.0007
vn -0.9665 0.2277 -0.1188
vn -0.4888 0.8696 -0.0698
vn -0.9120 0.2054 -0.3551
vn -0.6767 0.7356 0.0303
vn -0.9411 0.1862 0.2824
vn -0.4020 0.9022 0.1560
vn -0.1650 0.9860 0.0252
vn -0.5639 0.8241 -0.0543
vn -0.2683 0.9630 -0.0273
vn -0.1945 0.9579 0.2112
vn -0.2012 0.9795 -0.0069
vn -0.2384 0.9676 0.0837
vn -0.5434 0.8365 0.0708
vn -0.1562 0.9862 0.0555
vn -0.5928 0.7768 0.2126
vn -0.1230 0.9864 0.1092
vn -0.0147 0.9995 0.0278
vn -0.4108 0.9094 -0.0654
vn -0.1451 0.9885 -0.0438
vn -0.1475 0.9824 0.1146
vn -0.1640 0.9806 0.1074
vn -0.0232 0.9997 0.0085
vn -0.0237 0.9997 -0.0110
vn -0.1539 0.9869 0.0476
vn -0.0261 0.9996 0.0049
vn -0.1150 0.9774 -0.1772
vn -0.0914 0.9771 -0.1920
vn 0.0912 0.9952 -0.0365
vn -0.1358 0.9764 0.1681
vn -0.1710 0.9799 0.1022
vn 0.0109 0.9510 -0.3089
vn 0.3989 0.9138 0.0759
vn -0.0448 0.9989 0.0132
vn -0.1450 0.9761 -0.1618
vn -0.0872 0.9956 0.0332
vn -0.5431 0.7441 0.3890
vn -0.0302 0.9995 -0.0065
vn -0.1142 0.9910 -0.0699
vn -0.0189 0.9990 -0.0396
vn -0.3752 0.9268 0.0178
vn 0.0144 0.9996 -0.0228
vn -0.0436 0.9986 0.0287
vn -0.0477 0.9986 0.0214
vn -0.6171 0.7862 0.0346
vn -0.0482 0.9975 0.0524
vn 0.0133 0.9990 -0.0419
vn -0.0373 0.9990 -0.0263
vn -0.0034 0.9998 -0.0185
vn -0.0559 0.0289 -0.9980
vn -0.0173 0.0718 -0.9973
vn -0.3315 0.0252 -0.9431
vn -0.2482 -0.0143 -0.9686
vn 0.5910 0.0451 -0.8054
vn 0.8883 0.0181 -0.4590
vn 0.0744 0.0196 -0.9970
vn 0.1795 0.0388 -0.9830
vn 0.7435 0.0416 -0.6675
vn -0.4264 0.7430 -0.5159
vn 0.3727 0.0669 -0.9255
vn 0.3914 0.0434 -0.9192
vn 0.5870 0.0844 -0.8052
vn -0.1234 0.1244 -0.9845
vn -0.9674 0.0636 -0.2452
vn -0.0848 0.0302 -0.9959
vn 0.0038 0.0499 -0.9987
vn -0.8784 0.1582 -0.4510
vn -0.0614 0.9934 -0.0964
vn -0.3345 0.0320 -0.9419
vn 0.1744 0.0485 -0.9835
vn 0.0644 0.8847 -0.4616
vn 0.7129 0.0633 -0.6984
vn -0.4938 0.0593 -0.8675
vn 0.7802 0.0563 -0.6229
vn -0.9317 0.3599 -0.0491
vn 0.2279 0.1228 -0.9659
vn -0.2527 0.0498 -0.9663
vn 0.8646 0.0504 -0.4999
vn -0.2475 0.0696 -0.9664
vn 0.3600 0.3507 -0.8646
vn 0.5218 0.0218 -0.8528
vn 0.2444 0.0488 -0.9685
vn -0.6142 0.7193 -0.3245
vn -0.4571 0.8890 0.0274
vn -0.9822 0.1219 -0.1428
vn -0.5798 0.0698 -0.8118
vn -0.9164 0.0654 -0.3950
vn -0.6386 0.0680 -0.7665
vn -0.7334 0.0489 -0.6780
vn -0.7017 0.0723 -0.7088
vn -0.7247 0.0786 -0.6846
vn -0.7872 0.0890 -0.6103
vn -0.3463 0.3941 -0.8513
vn -0.1247 0.7036 -0.6995
vn -0.4537 0.0277 -0.8907
vn -0.8646 0.0825 -0.4956
vn 0.4985 0.0629 -0.8646
vn 0.1904 0.0727 -0.9790
vn -0.9504 0.0008 -0.3111
vn -0.6947 0.1789 -0.6967
vn 0.5372 0.0418 -0.8424
vn -0.7740 0.0224 -0.6328
vn -0.8366 0.0552 -0.5451
vn 0.5616 0.3035 -0.7698
vn 0.2253 0.8434 -0.4878
vn -0.3515 0.0820 -0.9326
vn 0.7087 0.0588 -0.7031
vn -0.5899 0.0254 -0.8071
vn -0.8693 0.0459 -0.4922
vn 0.1589 0.3190 -0.9343
vn -0.0844 0.0487 -0.9952
vn -0.7846 0.0450 -0.6184
vn -0.0453 0.9892 -0.1392
vn -0.7380 0.2799 -0.6139
vn -0.9595 0.0321 -0.2798
vn -0.3375 0.8828 -0.3266
vn -0.7696 0.4826 -0.4181
vn -0.8504 0.1255 -0.5110
vn -0.9319 0.1611 -0.3248
vn -0.9808 0.1200 -0.1535
vn -0.7776 0.4439 -0.4452
vn -0.4708 0.5511 -0.6889
vn -0.9382 0.1155 -0.3264
vn -0.8523 0.5041 -0.1393
vn -0.9952 0.0907 0.0377
vn -0.9495 -0.2895 0.1210
vn -0.9034 0.1596 -0.3980
vn -0.8758 0.0584 -0.4791
vn -0.8761 0.1824 -0.4463
vn -0.9636 -0.2640 -0.0430
vn -0.6799 -0.2987 -0.6697
vn -0.9977 0.0497 -0.0461
vn -0.9151 0.1476 -0.3753
vn -0.8633 0.0867 -0.4971
vn -0.9991 0.0407 -0.0110
vn -0.7926 -0.2683 -0.5475
vn -0.9112 0.0212 -0.4115
vn -0.8842 -0.3450 -0.3149
vn -0.5529 0.1521 -0.8193
vn -0.7315 0.0686 -0.6783
vn -0.9312 0.1137 -0.3465
vn -0.9144 -0.2825 -0.2900
vn -0.9779 -0.0052 0.2090
vn -0.8403 0.1258 -0.5273
vn -0.6114 0.0568 -0.7893
vn -0.8677 0.4943 -0.0530
vn -0.7580 0.6464 0.0873
vn -0.9876 0.0279 -0.1542
vn -0.6656 -0.0258 -0.7459
vn -0.9951 0.0048 -0.0988
vn -0.7753 0.1236 -0.6194
vn -0.5288 0.1225 -0.8398
vn -0.9898 0.1280 0.0622
vn -0.1485 0.1416 0.9787
vn -0.8286 0.1374 0.5427
vn -0.5340 0.1279 0.8357
vn 0.7825 0.1577 0.6023
vn 0.9884 0.1310 -0.0766
vn -0.2459 0.1455 0.9583
vn 0.8384 0.1273 0.5300
vn 0.5925 0.1361 0.7940
vn 0.1630 0.1380 0.9769
vn -0.0658 0.1270 0.9897
vn 0.0860 0.5543 0.8278
vn 0.4400 0.1495 0.8854
vn 0.9567 0.1227 0.2640
vn 0.9329 0.1354 0.3338
vn -0.6366 0.1196 0.7619
vn -0.0051 0.1529 0.9882
vn 0.2224 0.1485 0.9636
vn 0.6033 0.1460 0.7841
vn 0.6953 0.1200 0.7086
vn 0.9185 0.1717 0.3563
vn 0.9905 0.1369 -0.0157
vn 0.8997 0.4100 0.1500
vn 0.5195 0.7761 0.3575
vn -0.4439 0.1342 0.8860
vn -0.8542 0.1341 0.5023
vn -0.9859 0.1395 0.0924
vn 0.8203 0.1455 0.5531
vn 0.4265 0.1370 0.8940
vn -0.3943 0.1469 0.9071
vn 0.3316 0.1563 0.9304
vn 0.6251 0.1366 0.7685
vn 0.9854 0.1323 0.1071
vn 0.4005 0.1378 0.9059
vn -0.9302 0.1189 0.3473
vn -0.9337 0.1502 0.3252
vn -0.3356 0.1364 0.9321
vn -0.9165 0.1215 0.3811
vn 0.8082 0.5060 0.3012
vn 0.7100 0.1933 0.6772
vn 0.9120 0.1522 0.3809
vn 0.8401 0.1353 0.5253
vn 0.9691 0.1318 0.2083
vn 0.1335 0.1356 0.9817
vn 0.9777 0.1487 0.1481
vn 0.6050 0.1339 0.7849
vn 0.6519 0.1414 0.7450
vn -0.9954 0.0958 0.0004
vn 0.8498 0.5153 -0.1106
vn 0.0834 0.1336 0.9875
vn -0.9742 0.1156 0.1940
vn 0.3816 0.1452 0.9128
vn -0.8140 0.1414 0.5635
vn -0.2897 0.1257 0.9488
vn 0.9890 0.1254 -0.0786
vn -0.4785 0.1252 0.8691
vn -0.3414 0.1114 0.9333
vn -0.6454 0.1410 0.7507
vn -0.9822 0.0967 0.1611
vn -0.7925 0.1298 0.5958
vn -0.9535 0.1352 0.2692
vn -0.9844 0.1753 0.0148
vn -0.9938 0.0998 0.0494
vn 0.9871 0.1500 -0.0557
vn 0.4313 0.1785 0.8844
vn -0.4918 0.1235 0.8619
vn -0.7173 0.1091 0.6882
vn 0.0284 0.1358 0.9903
vn 0.0432 0.1461 0.9883
vn -0.6840 0.1257 0.7185
vn -0.6167 0.1276 0.7768
vn -0.6341 0.1319 0.7619
vn 0.2865 0.1254 0.9498
vn -0.9515 0.1055 0.2892
vn -0.5207 0.1332 0.8433
vn 0.3154 0.1366 0.9391
vn -0.3295 0.1220 0.9363
vn 0.9640 0.1472 -0.2216
vn -0.9906 0.1123 0.0786
vn -0.1466 0.7475 0.6479
vn -0.4021 0.7610 0.5091
vn 0.1373 0.8123 0.5668
vn -0.9592 0.1128 0.2592
vn -0.0176 0.0660 0.9977
vn -0.2628 0.7707 0.5805
vn -0.8991 0.1318 0.4173
vn -0.8509 0.1162 0.5122
vn -0.8691 0.1212 0.4796
vn -0.7462 0.1488 0.6488
vn -0.9640 0.1237 0.2355
vn 0.4428 0.8297 0.3397
vn -0.0428 0.1131 0.9927
vn -0.2116 0.1385 0.9675
vn -0.4620 0.1260 0.8779
vn 0.0416 0.1379 0.9896
vn -0.9571 0.1244 -0.2616
vn -0.9173 0.1243 -0.3784
vn -0.9559 0.1233 -0.2667
vn 0.6744 0.1417 -0.7246
vn -0.9805 0.1207 -0.1552
vn 0.9075 0.1414 -0.3956
vn -0.6849 0.1049 -0.7211
vn -0.9835 0.0728 -0.1656
vn 0.8567 0.1329 -0.4985
vn -0.9835 0.1558 -0.0921
vn -0.9862 0.1201 -0.1139
vn 0.6071 0.1146 -0.7863
vn 0.4070 0.6648 -0.6263
vn -0.9150 0.1128 -0.3874
vn 0.8470 0.1223 -0.5174
vn -0.9054 0.1108 -0.4099
vn 0.5448 0.1286 -0.8287
vn -0.4801 0.1575 -0.8629
vn -0.9433 0.0670 -0.3252
vn -0.8547 0.1169 -0.5059
vn 0.8023 0.1197 -0.5848
vn -0.7139 0.1157 -0.6906
vn -0.9900 0.1211 -0.0720
vn 0.4364 0.1344 -0.8896
vn -0.9751 0.1206 -0.1862
vn -0.9294 0.1124 -0.3516
vn -0.4218 0.1278 -0.8977
vn -0.6652 0.1085 -0.7387
vn -0.2328 0.1399 -0.9624
vn -0.4076 0.1206 -0.9052
vn -0.9200 0.0856 -0.3825
vn -0.2837 0.1238 -0.9509
vn -0.1829 0.6512 -0.7365
vn -0.5884 0.1489 -0.7947
vn 0.9475 0.1291 -0.2924
vn -0.9842 0.1180 -0.1317
vn -0.1997 0.1408 -0.9697
vn 0.8610 0.1368 -0.4898
vn -0.5150 0.7265 -0.4550
vn -0.9397 0.1171 -0.3214
vn 0.0642 0.1346 -0.9888
vn 0.4895 0.1352 -0.8615
vn -0.9859 0.0087 -0.1669
vn 0.8519 0.1421 -0.5041
vn -0.1514 0.1105 -0.9823
vn -0.7516 0.1260 -0.6475
vn 0.4826 0.1355 -0.8653
vn 0.2647 0.1209 -0.9567
vn 0.7136 0.1408 -0.6863
vn -0.5621 0.0751 -0.8236
vn -0.0915 0.1315 -0.9871
vn -0.5324 0.1392 -0.8349
vn -0.4896 0.1286 -0.8624
vn -0.7542 0.1033 -0.6485
vn 0.0963 0.1333 -0.9864
vn 0.0882 0.1155 -0.9894
vn 0.3051 0.1346 -0.9428
vn -0.1540 0.1154 -0.9813
vn -0.8481 0.1138 -0.5174
vn -0.7415 0.1175 -0.6606
vn -0.7863 0.1198 -0.6062
vn -0.9200 0.1341 -0.3684
vn -0.7843 0.1138 -0.6099
vn -0.8881 0.1153 -0.4450
vn -0.6379 0.1277 -0.7595
vn -0.8372 0.1159 -0.5345
vn 0.2970 0.1186 -0.9475
vn -0.3217 0.1160 -0.9397
vn -0.0201 0.1176 -0.9929
vn 0.0666 0.1409 -0.9878
vn -0.0268 0.5467 -0.8369
vn 0.0708 0.9894 -0.1265
vn 0.0881 0.9845 0.1518
vn -0.9777 -0.0887 -0.1904
vn -0.9159 0.3401 0.2133
vn 0.2628 -0.0299 0.9644
vn -0.0626 -0.0075 0.9980
vn 0.9669 0.2452 0.0703
vn 0.9879 0.1419 -0.0629
vn 0.6990 0.7109 0.0784
vn 0.9638 0.0941 -0.2494
vn 0.7249 0.6326 -0.2726
vn 0.4186 0.7854 -0.4559
vn 0.8891 0.1050 -0.4455
vn 0.8868 0.3678 0.2799
vn 0.6710 0.6710 0.3155
vn 0.5586 0.7770 -0.2904
vn -0.8950 0.4422 0.0581
vn 0.9742 0.1776 0.1392
vn 0.9485 0.0347 -0.3148
vn 0.1282 0.9873 0.0935
vn -0.1836 0.9388 0.2916
vn 0.9506 0.1409 0.2766
vn -0.8871 0.3531 0.2973
vn 0.1459 0.6919 -0.7071
vn 0.7753 0.2791 -0.5666
vn 0.2477 0.9557 0.1588
vn 0.9219 0.1507 -0.3570
vn 0.9731 0.1660 0.1598
vn 0.7047 0.7092 0.0218
vn -0.5491 0.0230 -0.8354
vn 0.9731 0.0322 -0.2279
vn 0.3894 0.5123 0.7655
vn -0.3423 0.8588 0.3812
vn 0.7653 0.6316 0.1236
vn 0.6027 0.7855 -0.1405
vn -0.5271 0.5092 0.6804
vn -0.2819 0.0890 0.9553
vn -0.5180 0.0459 0.8541
vn -0.2399 0.0402 0.9700
vn -0.7575 0.5463 0.3575
vn 0.8008 0.0834 0.5931
vn -0.8199 0.0969 0.5643
vn -0.2942 0.0718 0.9530
vn -0.3788 -0.0110 0.9254
vn 0.6018 0.0065 0.7987
vn 0.7816 0.0601 0.6208
vn 0.8256 0.0093 0.5642
vn -0.4899 0.0757 0.8685
vn -0.5330 0.0617 0.8438
vn 0.9675 0.0660 -0.2441
vn 0.9762 0.0746 -0.2036
vn 0.5549 0.0515 0.8303
vn 0.4251 0.1005 0.8995
vn 0.2339 0.4590 0.8571
vn 0.6257 -0.2984 0.7207
vn -0.8756 -0.0145 0.4827
vn 0.2940 0.0404 0.9550
vn 0.8826 0.1733 0.4369
vn 0.1978 0.1805 0.9635
vn -0.9855 0.0318 0.1670
vn -0.8156 0.0745 0.5739
vn 0.2298 -0.3161 0.9205
vn 0.9892 0.1176 0.0874
vn 0.9187 0.0562 0.3908
vn 0.4077 0.5600 0.7212
vn -0.7479 0.0060 0.6638
vn 0.7245 0.0827 0.6843
vn -0.6772 0.0708 0.7324
vn 0.3759 0.1305 0.9174
vn -0.8898 0.0361 0.4549
vn 0.3722 0.1158 0.9209
vn 0.0406 0.7791 0.6256
vn 0.2933 0.7350 0.6113
vn 0.3328 0.0553 0.9414
vn -0.2088 0.4246 0.8810
vn 0.8789 -0.2601 0.4000
vn -0.3260 0.0686 0.9429
vn -0.9310 0.0631 0.3594
vn -0.9736 0.0895 0.2099
vn 0.6588 0.0596 0.7500
vn 0.7947 0.0347 0.6060
vn 0.2899 0.7126 0.6388
vn 0.8885 0.1011 0.4475
vn 0.5557 0.1429 0.8190
vn 0.3312 0.1892 0.9244
vn 0.6706 0.0538 0.7398
vn 0.7396 -0.0335 0.6722
vn 0.9324 0.0347 0.3597
vn 0.9859 0.0598 0.1563
vn -0.8791 -0.3158 0.3571
vn 0.9499 -0.0520 0.3083
vn 0.9056 -0.0253 0.4233
vn 0.9696 0.1124 0.2174
vn -0.5810 0.0138 0.8138
vn 0.9820 -0.1010 0.1599
vn 0.9198 0.0083 0.3923
vn 0.9889 0.0987 0.1112
vn 0.1054 0.0866 0.9907
vn 0.6794 0.5502 0.4854
vn 0.8448 0.0135 0.5350
vn 0.6274 0.5330 0.5677
vn 0.9356 0.1215 0.3314
vn 0.9826 -0.0031 -0.1855
vn 0.8007 0.0037 0.5991
vn 0.1205 0.0606 0.9909
vn 0.6746 0.0794 0.7339
vn 0.7896 -0.2334 0.5675
vn 0.3736 0.0516 0.9262
vn 0.0864 0.3718 0.9243
vn -0.7942 -0.0661 0.6041
vn 0.9427 -0.0070 0.3335
vn -0.0503 0.2901 0.9557
vn 0.9941 0.0895 -0.0620
vn 0.9974 0.0696 -0.0177
vn 0.9825 -0.0178 0.1852
vn 0.4168 0.6019 0.6812
vn 0.8944 0.0938 0.4373
vn 0.5837 0.1806 0.7917
vn 0.8957 0.1795 0.4069
vn 0.9925 0.0842 -0.0882
vn 0.9755 0.0179 -0.2192
vn 0.9317 0.0766 -0.3549
vn 0.9967 0.0725 -0.0369
vn 0.1096 0.1483 0.9828
vn 0.4398 0.2146 0.8721
vn 0.9984 0.0041 -0.0557
vn 0.9924 0.0607 -0.1069
vn 0.9801 0.0933 0.1751
vn 0.9990 0.0442 -0.0048
vn 0.9901 0.0562 0.1285
vn 0.9746 0.0718 -0.2122
vn 0.7176 0.1145 0.6870
vn -0.9640 0.1928 0.1833
vn 0.5267 -0.2787 0.8031
vn 0.5658 0.4120 0.7143
vn -0.6939 0.0440 0.7187
vn -0.1836 0.6454 0.7415
vn -0.0749 0.7244 0.6853
vn 0.0867 0.5287 0.8444
vn -0.9849 0.1697 -0.0343
vn 0.8654 0.0572 0.4977
vn 0.2890 0.0313 0.9568
vn -0.0279 0.0695 0.9972
vn 0.6186 0.0331 0.7850
vn 0.3375 0.1392 0.9310
vn 0.9482 0.0680 0.3104
vn -0.0125 0.0478 0.9988
vn 0.9281 0.0750 -0.3647
vn -0.1202 0.1542 0.9807
vn -0.5269 -0.2856 0.8005
vn 0.3361 -0.0462 0.9407
vn 0.9594 0.0132 0.2818
vn 0.2007 0.3236 0.9246
vn 0.9736 -0.2197 -0.0621
vn 0.9760 0.0168 -0.2170
vn 0.4938 -0.0173 0.8694
vn 0.2255 -0.0598 0.9724
vn 0.9963 -0.0801 0.0310
vn 0.9836 0.0506 -0.1733
vn -0.1008 -0.3387 0.9355
vn -0.2192 -0.0300 0.9752
vn 0.1336 -0.3476 0.9281
vn -0.4268 0.1438 0.8929
vn 0.0093 0.1196 0.9928
vn 0.1866 0.0454 0.9814
vn 0.0808 0.0542 0.9953
vn -0.3805 -0.2536 0.8893
vn 0.3247 -0.0162 0.9457
vn -0.2632 0.1437 0.9540
vn 0.7278 0.1972 0.6569
vn -0.7655 0.5392 0.3511
vn -0.7823 -0.2283 0.5795
vn -0.5298 0.5980 0.6015
vn -0.9126 0.1252 0.3891
vn -0.3685 0.6876 0.6256
vn -0.7698 0.5311 0.3540
vn -0.6037 0.6097 0.5137
vn -0.7065 0.1262 0.6964
vn -0.3123 0.3474 0.8842
vn -0.6009 0.2388 0.7629
vn -0.8329 0.1393 0.5357
vn 0.7126 0.1012 -0.6943
vn 0.5509 0.0745 -0.8313
vn 0.8551 0.0877 -0.5109
vn 0.8865 0.0821 -0.4553
vn 0.8426 -0.0033 -0.5385
vn 0.6054 0.0042 -0.7959
vn 0.7656 0.0674 -0.6398
vn 0.8096 0.0479 -0.5851
vn 0.9505 0.0964 -0.2955
vn 0.9303 0.0920 -0.3552
vn 0.6929 0.0064 -0.7210
vn 0.6486 0.0519 -0.7593
vn 0.8319 0.0571 -0.5520
vn 0.4551 0.0605 -0.8884
vn 0.4077 0.5579 -0.7229
vn 0.6184 -0.3415 -0.7078
vn 0.5241 0.5005 -0.6891
vn 0.9158 -0.2168 -0.3382
vn 0.8389 0.5396 -0.0718
vn 0.6576 0.6926 -0.2964
vn 0.5873 0.6106 -0.5313
vn 0.7118 -0.3251 -0.6227
vn 0.6816 0.1609 -0.7138
vn 0.7447 0.5645 -0.3560
vn 0.8477 -0.1937 -0.4938
vn 0.9585 -0.2072 0.1960
vn 0.2712 -0.2772 -0.9217
vn 0.8335 0.5525 0.0005
vn 0.9457 -0.2177 -0.2412
vn 0.8937 -0.1863 0.4082
vn 0.5589 0.8070 0.1907
vn 0.9844 0.1742 0.0262
vn 0.9889 0.1060 0.1039
vn 0.7972 0.4319 0.4219
vn 0.8820 0.2475 0.4010
vn 0.9078 0.1940 0.3718
vn 0.7618 0.1141 0.6377
vn 0.7990 0.1217 0.5889
vn 0.8182 0.1176 0.5628
vn 0.9316 0.2813 -0.2301
vn 0.8681 0.1595 0.4700
vn 0.9484 0.1376 0.2857
vn 0.7960 0.1988 0.5718
vn 0.9264 0.0901 0.3657
vn 0.7887 0.4166 0.4521
vn 0.4979 0.7275 0.4721
vn 0.9068 0.3545 0.2281
vn 0.8065 0.5157 0.2894
vn 0.1408 -0.0426 -0.9891
vn 0.4647 0.0692 -0.8828
vn 0.2356 0.0571 -0.9702
vn 0.2437 0.0642 -0.9677
vn 0.3181 -0.2709 -0.9086
vn -0.4998 0.0398 -0.8652
vn 0.4243 0.0324 -0.9049
vn -0.5219 -0.2914 -0.8017
vn -0.0090 0.0648 -0.9979
vn -0.3178 -0.2834 -0.9048
vn -0.0233 0.0185 -0.9996
vn -0.2838 -0.0160 -0.9587
vn -0.0767 -0.3550 -0.9317
vn 0.9909 0.0784 -0.1094
vn 0.9483 0.1511 -0.2793
vn 0.9789 0.0490 -0.1985
vn 0.9373 0.1738 -0.3021
vn 0.8538 0.2183 -0.4727
vn 0.7949 0.1263 -0.5934
vn 0.9238 0.1451 -0.3544
vn 0.9529 0.1306 -0.2737
vn 0.9262 0.1413 -0.3495
vn 0.9335 0.1312 -0.3337
vn 0.9198 0.1148 -0.3753
vn 0.9494 0.1333 -0.2843
vn 0.9062 0.1210 -0.4052
vn 0.9367 0.1311 0.3245
vn 0.9613 0.1114 -0.2519
vn 0.8503 0.1218 -0.5119
vn 0.9677 0.2073 0.1432
vn 0.9816 0.1462 0.1231
vn 0.8194 0.1406 -0.5558
vn 0.9744 0.2176 -0.0570
vn 0.9774 0.1191 -0.1743
vn 0.9363 0.0445 -0.3483
vn 0.8428 0.1376 -0.5204
vn 0.6322 0.1129 -0.7665
vn 0.6418 0.1302 -0.7557
vn 0.4083 0.1427 -0.9016
vn 0.8895 0.1147 -0.4423
vn 0.4268 0.1312 -0.8948
vn 0.6466 0.1602 -0.7458
vn 0.6961 0.1202 -0.7078
vn 0.6902 0.1376 -0.7104
vn -0.1541 0.1649 -0.9742
vn 0.4745 0.1477 -0.8678
vn -0.1703 0.4921 -0.8537
vn -0.0085 0.5344 -0.8452
vn 0.0599 0.1256 -0.9903
vn -0.0625 0.1119 -0.9918
vn 0.2512 0.2973 -0.9212
vn 0.6666 0.1525 -0.7297
vn -0.5401 0.4186 -0.7301
vn 0.1933 0.1341 -0.9719
vn 0.2218 0.1365 -0.9655
vn -0.3294 0.7516 -0.5715
vn 0.0332 0.5105 -0.8592
vn 0.6882 0.1498 -0.7099
vn 0.4284 0.1229 -0.8952
vn 0.2923 0.5210 -0.8019
vn -0.3030 0.1179 -0.9457
vn -0.2202 0.2437 -0.9445
vn -0.3734 0.9175 -0.1373
vn -0.5210 0.7467 -0.4135
vn 0.0958 0.9449 -0.3130
vn -0.1805 0.9718 -0.1515
vn -0.2415 0.9531 -0.1826
vn -0.1522 0.9823 -0.1089
vn -0.4428 0.8295 -0.3405
vn -0.2381 0.9667 -0.0934
vn -0.0759 0.9957 -0.0529
vn -0.3533 0.8951 -0.2719
vn -0.1691 0.9784 -0.1188
vn 0.3348 0.9420 0.0235
vn 0.1178 0.9929 -0.0160
vn 0.0440 0.9884 -0.1453
vn -0.0798 0.9867 -0.1419
vn -0.5206 0.8049 -0.2849
vn 0.0303 0.9393 -0.3418
vn 0.1291 0.6206 -0.7734
vn -0.0974 0.8897 -0.4461
vn -0.0620 0.8973 -0.4371
vn -0.0211 0.9908 -0.1335
vn -0.0172 0.9782 -0.2069
vn -0.2371 0.9292 -0.2835
vn -0.0973 0.9783 -0.1829
vn -0.0328 0.7103 -0.7032
vn -0.2818 0.7731 -0.5683
vn -0.0379 0.8477 -0.5292
vn 0.1095 0.9873 0.1147
vn 0.0138 0.8880 -0.4597
vn 0.0356 0.8795 -0.4746
vn 0.0358 0.9981 -0.0495
vn -0.1144 0.9479 -0.2975
vn 0.1297 0.9291 -0.3464
vn 0.0928 0.9412 0.3249
vn 0.7120 0.7022 0.0082
vn 0.0688 0.9967 0.0430
vn 0.0757 0.9969 0.0214
vn 0.6536 0.7474 0.1192
vn 0.5444 0.8354 -0.0758
vn 0.0359 0.9991 0.0217
vn 0.3146 0.8044 0.5040
vn 0.5837 0.7738 -0.2461
vn 0.6934 0.7141 0.0961
vn 0.2865 0.9561 0.0624
vn 0.5968 0.8024 0.0089
vn -0.0415 0.9854 -0.1648
vn 0.2758 0.9370 0.2144
vn 0.0567 0.9933 0.1006
vn -0.0236 0.9946 -0.1015
vn 0.4773 0.7806 -0.4035
vn 0.0285 0.9954 0.0916
vn 0.0263 0.9936 0.1098
vn 0.0988 0.9863 -0.1323
vn 0.1260 0.9716 -0.2001
vn 0.0830 0.9963 -0.0244
vn 0.0397 0.9992 -0.0001
vn 0.0074 0.9999 -0.0118
vn -0.1398 0.9900 0.0168
vn -0.0760 0.9053 -0.4178
vn 0.0410 0.9673 -0.2504
vn 0.0520 0.9982 0.0307
vn 0.0186 0.9934 0.1136
vn 0.0178 0.9754 0.2195
vn 0.0033 0.9972 0.0745
vn 0.1067 0.9901 -0.0916
vn 0.0593 0.9976 -0.0369
vn -0.0189 0.9998 0.0079
vn 0.0217 0.8963 0.4430
vn 0.3070 0.9318 -0.1935
vn 0.1998 0.8573 -0.4744
vn -0.0209 0.9972 0.0719
vn -0.0170 0.9960 0.0872
vn -0.0304 0.9954 0.0910
vn 0.0061 0.9992 0.0406
vn -0.0320 0.9973 0.0654
vn -0.0668 0.9725 0.2233
vn -0.0010 0.9990 0.0442
vn 0.0108 0.9985 0.0540
vn -0.0286 0.9994 0.0181
vn 0.2033 0.9706 0.1287
vn 0.6103 0.7913 -0.0364
vn -0.0245 0.9993 -0.0282
vn 0.2358 0.9572 -0.1680
vn 0.1007 0.9949 -0.0059
vn 0.1554 0.9751 0.1585
vn 0.0501 0.9832 0.1758
vn 0.0232 0.9711 0.2374
vn 0.3231 0.8526 0.4106
vn 0.0148 0.9996 0.0255
vn 0.4753 0.8758 0.0838
vn 0.1663 0.9680 0.1877
vt 0.226888 0.012903
vt 0.224982 0.028819
vt 0.231418 0.026617
vt 0.231502 0.016575
vt 0.218802 0.016110
vt 0.220319 0.009827
vt 0.651991 0.022270
vt 0.660200 0.022752
vt 0.662085 0.010738
vt 0.650332 0.014554
vt 0.096283 0.990678
vt 0.102167 0.999996
vt 0.102578 0.988506
vt 0.110423 0.990875
vt 0.105858 0.979257
vt 0.099278 0.969669
vt 0.096899 0.981270
vt 0.627159 0.058890
vt 0.626356 0.048893
vt 0.618884 0.055887
vt 0.624523 0.063202
vt 0.621403 0.039838
vt 0.609620 0.043643
vt 0.017406 0.018843
vt 0.011137 0.013050
vt 0.009177 0.020742
vt 0.016438 0.028125
vt 0.005571 0.020951
vt 0.007543 0.028246
vt 0.014713 0.010937
vt 0.006560 0.901990
vt 0.001217 0.900145
vt 0.005467 0.906501
vt 0.006875 0.897103
vt 0.033266 0.982593
vt 0.040703 0.978528
vt 0.034353 0.976717
vt 0.203348 0.987696
vt 0.214949 0.982723
vt 0.209020 0.979333
vt 0.202366 0.976971
vt 0.994503 0.169965
vt 0.995880 0.172132
vt 0.996039 0.167372
vt 0.264550 0.901753
vt 0.266283 0.909093
vt 0.269558 0.900198
vt 0.310688 0.866733
vt 0.312993 0.887901
vt 0.329951 0.883244
vt 0.247610 0.917532
vt 0.247395 0.934132
vt 0.251173 0.916448
vt 0.326399 0.891832
vt 0.304897 0.868639
vt 0.287972 0.880473
vt 0.295662 0.874219
vt 0.255134 0.942661
vt 0.257353 0.967101
vt 0.259245 0.947214
vt 0.285254 0.880548
vt 0.278974 0.885575
vt 0.261408 0.965406
vt 0.284853 0.951725
vt 0.264450 0.970782
vt 0.270934 0.976193
vt 0.250840 0.906278
vt 0.246644 0.909561
vt 0.253428 0.912012
vt 0.290199 0.910906
vt 0.262642 0.919921
vt 0.285098 0.933198
vt 0.261909 0.909901
vt 0.276667 0.888798
vt 0.270559 0.895032
vt 0.247750 0.948631
vt 0.249892 0.956425
vt 0.242408 0.948978
vt 0.258127 0.922691
vt 0.255032 0.917731
vt 0.243911 0.913930
vt 0.239430 0.916104
vt 0.297748 0.898088
vt 0.323698 0.911803
vt 0.237945 0.924935
vt 0.245387 0.928763
vt 0.239675 0.933452
vt 0.238465 0.938083
vt 0.243471 0.936648
vt 0.278218 0.887150
vt 0.231091 0.931199
vt 0.232763 0.933896
vt 0.233409 0.927768
vt 0.236019 0.941024
vt 0.302965 0.917112
vt 0.237411 0.927994
vt 0.240971 0.929592
vt 0.270375 0.892154
vt 0.266516 0.898052
vt 0.295043 0.932842
vt 0.078036 0.282912
vt 0.073922 0.298535
vt 0.087399 0.305612
vt 0.125944 0.259782
vt 0.135238 0.269493
vt 0.150005 0.268030
vt 0.126439 0.202874
vt 0.145336 0.203022
vt 0.132326 0.185212
vt 0.124677 0.309474
vt 0.131479 0.289506
vt 0.117714 0.299633
vt 0.071392 0.318039
vt 0.052444 0.317837
vt 0.068945 0.331050
vt 0.087413 0.325625
vt 0.095530 0.228574
vt 0.083216 0.232823
vt 0.097380 0.243902
vt 0.168944 0.267921
vt 0.184925 0.271390
vt 0.176817 0.260913
vt 0.150986 0.301184
vt 0.165843 0.299289
vt 0.155991 0.285680
vt 0.105327 0.212992
vt 0.102621 0.277534
vt 0.110223 0.288179
vt 0.088485 0.211242
vt 0.131982 0.224361
vt 0.116292 0.219476
vt 0.121425 0.235340
vt 0.168020 0.281070
vt 0.182465 0.291001
vt 0.045180 0.270439
vt 0.045305 0.255221
vt 0.036353 0.259207
vt 0.107476 0.306754
vt 0.048924 0.331604
vt 0.061816 0.337876
vt 0.096900 0.257592
vt 0.085176 0.269483
vt 0.139340 0.300928
vt 0.058860 0.260246
vt 0.070461 0.248816
vt 0.159884 0.210781
vt 0.153518 0.194987
vt 0.189173 0.281048
vt 0.164062 0.253784
vt 0.164839 0.239876
vt 0.148952 0.244599
vt 0.120387 0.177514
vt 0.116074 0.198502
vt 0.117084 0.249093
vt 0.109009 0.264193
vt 0.107022 0.239533
vt 0.143533 0.253407
vt 0.147313 0.215430
vt 0.139327 0.234844
vt 0.084699 0.252752
vt 0.157168 0.220755
vt 0.068547 0.239146
vt 0.058681 0.278962
vt 0.123068 0.278033
vt 0.101377 0.337412
vt 0.109986 0.323130
vt 0.098932 0.321139
vt 0.133707 0.210381
vt 0.050185 0.296657
vt 0.042606 0.222374
vt 0.025874 0.222201
vt 0.114783 0.206939
vt 0.092421 0.335928
vt 0.043497 0.209684
vt 0.035894 0.278596
vt 0.158677 0.228438
vt 0.061872 0.201092
vt 0.095496 0.344183
vt 0.087342 0.340702
vt 0.172205 0.242743
vt 0.179582 0.250638
vt 0.173519 0.235104
vt 0.053584 0.200882
vt 0.061753 0.197195
vt 0.166482 0.228400
vt 0.097464 0.182888
vt 0.700730 0.874079
vt 0.720180 0.868161
vt 0.699881 0.863512
vt 0.676190 0.913910
vt 0.687846 0.897501
vt 0.665481 0.897673
vt 0.675821 0.888011
vt 0.633010 0.918689
vt 0.641522 0.927684
vt 0.652016 0.923608
vt 0.717925 0.861140
vt 0.709108 0.852974
vt 0.653495 0.945358
vt 0.665385 0.937250
vt 0.647077 0.939248
vt 0.568126 0.966158
vt 0.549576 0.967056
vt 0.554206 0.971430
vt 0.607974 0.961110
vt 0.622037 0.963167
vt 0.617526 0.953219
vt 0.697822 0.906325
vt 0.609299 0.916200
vt 0.589327 0.935706
vt 0.607063 0.943417
vt 0.646233 0.959233
vt 0.647604 0.951128
vt 0.639757 0.953249
vt 0.650105 0.901533
vt 0.664569 0.922783
vt 0.655559 0.892473
vt 0.590058 0.949186
vt 0.569981 0.958907
vt 0.590325 0.960197
vt 0.698883 0.895393
vt 0.704429 0.897205
vt 0.696412 0.888302
vt 0.583432 0.967128
vt 0.587307 0.971144
vt 0.629678 0.941170
vt 0.629432 0.961836
vt 0.668609 0.885436
vt 0.685990 0.931437
vt 0.701865 0.927132
vt 0.617097 0.933089
vt 0.638584 0.907601
vt 0.628726 0.907170
vt 0.583191 0.943449
vt 0.724348 0.900178
vt 0.729402 0.918088
vt 0.718255 0.883807
vt 0.573106 0.948501
vt 0.675025 0.940109
vt 0.680741 0.935388
vt 0.687823 0.874137
vt 0.598748 0.967043
vt 0.635664 0.961441
vt 0.676756 0.877262
vt 0.721740 0.925420
vt 0.580237 0.970078
vt 0.575492 0.971766
vt 0.256599 0.748093
vt 0.222185 0.757694
vt 0.224444 0.777508
vt 0.356811 0.699288
vt 0.376068 0.683397
vt 0.345688 0.679089
vt 0.272378 0.651102
vt 0.296081 0.655332
vt 0.288887 0.639322
vt 0.259170 0.649223
vt 0.265259 0.665520
vt 0.241877 0.672762
vt 0.233044 0.678504
vt 0.245949 0.679726
vt 0.335848 0.648702
vt 0.313949 0.621242
vt 0.334253 0.629447
vt 0.361844 0.636569
vt 0.268922 0.631490
vt 0.254734 0.638435
vt 0.257658 0.695017
vt 0.230070 0.689051
vt 0.240294 0.709466
vt 0.245538 0.804603
vt 0.260066 0.816700
vt 0.270007 0.796792
vt 0.263089 0.780185
vt 0.231301 0.791996
vt 0.268063 0.681972
vt 0.399164 0.588092
vt 0.335137 0.588838
vt 0.359329 0.598616
vt 0.403056 0.616805
vt 0.345956 0.613781
vt 0.279221 0.766040
vt 0.274503 0.744122
vt 0.223229 0.806875
vt 0.238829 0.817818
vt 0.299951 0.755781
vt 0.299943 0.731459
vt 0.289164 0.747824
vt 0.329545 0.603153
vt 0.314277 0.686121
vt 0.319230 0.668014
vt 0.291066 0.671784
vt 0.251528 0.658779
vt 0.278977 0.809662
vt 0.365549 0.662325
vt 0.291568 0.784263
vt 0.302242 0.799585
vt 0.364191 0.803367
vt 0.372026 0.818650
vt 0.395747 0.816726
vt 0.279611 0.616994
vt 0.400986 0.747961
vt 0.367376 0.757556
vt 0.408842 0.764176
vt 0.228001 0.823803
vt 0.220476 0.826511
vt 0.332413 0.720472
vt 0.364103 0.725015
vt 0.352365 0.710007
vt 0.358103 0.815870
vt 0.400689 0.600741
vt 0.334296 0.703064
vt 0.403787 0.644985
vt 0.259995 0.624387
vt 0.405961 0.604829
vt 0.314446 0.700903
vt 0.293249 0.693114
vt 0.303324 0.716526
vt 0.348048 0.745088
vt 0.320939 0.734859
vt 0.332150 0.751880
vt 0.310374 0.750618
vt 0.371839 0.735327
vt 0.309992 0.597221
vt 0.276603 0.700793
vt 0.283569 0.714373
vt 0.406267 0.665871
vt 0.418523 0.687562
vt 0.416259 0.721818
vt 0.345460 0.817565
vt 0.323889 0.810171
vt 0.296708 0.811563
vt 0.315366 0.815838
vt 0.400218 0.803942
vt 0.372222 0.793258
vt 0.260774 0.719750
vt 0.239992 0.725383
vt 0.275504 0.821391
vt 0.415254 0.658875
vt 0.428252 0.729477
vt 0.425830 0.715680
vt 0.279868 0.601178
vt 0.264857 0.609735
vt 0.418495 0.675362
vt 0.411009 0.694288
vt 0.224859 0.709370
vt 0.227710 0.727190
vt 0.234490 0.825662
vt 0.422804 0.780769
vt 0.400108 0.788425
vt 0.428274 0.743549
vt 0.286930 0.820577
vt 0.336380 0.787734
vt 0.350689 0.767333
vt 0.267640 0.819824
vt 0.420493 0.801549
vt 0.426318 0.754111
vt 0.310260 0.766312
vt 0.368081 0.780335
vt 0.311788 0.782601
vt 0.320494 0.798616
vt 0.409021 0.639709
vt 0.406244 0.624831
vt 0.395933 0.699553
vt 0.233729 0.739904
vt 0.216634 0.749519
vt 0.217629 0.788272
vt 0.432609 0.828554
vt 0.429062 0.846843
vt 0.450168 0.830012
vt 0.555493 0.918304
vt 0.564601 0.888132
vt 0.541091 0.901507
vt 0.404374 0.890203
vt 0.410249 0.873002
vt 0.394932 0.882874
vt 0.501326 0.965246
vt 0.508874 0.934527
vt 0.494780 0.939602
vt 0.587317 0.865312
vt 0.618220 0.869012
vt 0.606682 0.858529
vt 0.451511 0.810050
vt 0.434820 0.803044
vt 0.374461 0.907727
vt 0.380253 0.915601
vt 0.375813 0.895707
vt 0.533198 0.962533
vt 0.524147 0.932579
vt 0.517395 0.969205
vt 0.479448 0.846507
vt 0.492497 0.809746
vt 0.475795 0.836560
vt 0.564553 0.836868
vt 0.555307 0.870195
vt 0.450764 0.844799
vt 0.450875 0.857445
vt 0.399950 0.865930
vt 0.379792 0.882546
vt 0.411730 0.956850
vt 0.405685 0.937291
vt 0.397205 0.951520
vt 0.586900 0.906782
vt 0.563384 0.936327
vt 0.542540 0.935981
vt 0.384111 0.896948
vt 0.393918 0.906701
vt 0.400054 0.900267
vt 0.408064 0.851566
vt 0.390487 0.859172
vt 0.426360 0.941213
vt 0.427343 0.912971
vt 0.407058 0.915891
vt 0.378342 0.927432
vt 0.364482 0.921104
vt 0.502011 0.800093
vt 0.488858 0.793478
vt 0.447423 0.890457
vt 0.433262 0.886865
vt 0.428028 0.901467
vt 0.529011 0.861184
vt 0.562627 0.948646
vt 0.542680 0.956765
vt 0.468122 0.823759
vt 0.476266 0.886005
vt 0.455300 0.908167
vt 0.443201 0.872090
vt 0.423135 0.882663
vt 0.496120 0.865728
vt 0.491341 0.891987
vt 0.521771 0.825845
vt 0.515743 0.807535
vt 0.476209 0.865081
vt 0.412042 0.904203
vt 0.513181 0.840929
vt 0.398994 0.926191
vt 0.392895 0.920380
vt 0.390610 0.940751
vt 0.478358 0.917211
vt 0.504003 0.905177
vt 0.462722 0.786711
vt 0.430642 0.858969
vt 0.440194 0.782909
vt 0.527826 0.813764
vt 0.373578 0.933082
vt 0.478924 0.959537
vt 0.478561 0.938496
vt 0.520718 0.904664
vt 0.442773 0.927499
vt 0.432290 0.953157
vt 0.451576 0.948712
vt 0.462419 0.923890
vt 0.416685 0.840973
vt 0.547984 0.826655
vt 0.468025 0.957754
vt 0.508351 0.863980
vt 0.474935 0.788373
vt 0.448149 0.959918
vt 0.585742 0.847889
vt 0.120798 0.418945
vt 0.106256 0.404877
vt 0.107230 0.421727
vt 0.174765 0.406796
vt 0.174848 0.433407
vt 0.183337 0.411436
vt 0.126621 0.448094
vt 0.120842 0.466691
vt 0.132262 0.457251
vt 0.167815 0.358074
vt 0.156979 0.369816
vt 0.168159 0.367088
vt 0.181369 0.465085
vt 0.193070 0.452211
vt 0.125555 0.489514
vt 0.132065 0.491609
vt 0.131915 0.472633
vt 0.161057 0.393104
vt 0.142116 0.404804
vt 0.152386 0.465450
vt 0.145313 0.484929
vt 0.163116 0.476099
vt 0.205920 0.396218
vt 0.192135 0.392936
vt 0.173988 0.364266
vt 0.174375 0.350517
vt 0.166636 0.381853
vt 0.179109 0.384740
vt 0.104621 0.427829
vt 0.114493 0.426603
vt 0.146393 0.433105
vt 0.179224 0.369916
vt 0.182803 0.354935
vt 0.202286 0.409295
vt 0.185037 0.363067
vt 0.115198 0.444725
vt 0.189193 0.375292
vt 0.187430 0.372755
vt 0.140490 0.453027
vt 0.129828 0.344330
vt 0.108208 0.349901
vt 0.106899 0.367245
vt 0.166474 0.492601
vt 0.173818 0.473945
vt 0.211099 0.400007
vt 0.189994 0.380608
vt 0.160228 0.509043
vt 0.136270 0.504541
vt 0.176459 0.496097
vt 0.168385 0.466291
vt 0.186215 0.367961
vt 0.182416 0.366737
vt 0.213487 0.407735
vt 0.110665 0.395277
vt 0.159004 0.323044
vt 0.168440 0.354070
vt 0.187116 0.472017
vt 0.142768 0.320540
vt 0.118997 0.332923
vt 0.684166 0.580495
vt 0.665250 0.611473
vt 0.711329 0.616174
vt 0.599547 0.772324
vt 0.593703 0.756435
vt 0.585865 0.766526
vt 0.586723 0.689276
vt 0.591598 0.670974
vt 0.576823 0.660137
vt 0.637140 0.744607
vt 0.635528 0.730637
vt 0.626599 0.745453
vt 0.683966 0.791648
vt 0.688541 0.774438
vt 0.670729 0.783294
vt 0.635655 0.703203
vt 0.606329 0.699196
vt 0.622115 0.711029
vt 0.653704 0.570795
vt 0.646143 0.589217
vt 0.621521 0.785221
vt 0.609122 0.773012
vt 0.615968 0.792520
vt 0.637722 0.681954
vt 0.622359 0.692385
vt 0.648580 0.686604
vt 0.624187 0.617541
vt 0.695158 0.632180
vt 0.608743 0.628066
vt 0.606056 0.653951
vt 0.728239 0.645382
vt 0.717948 0.648282
vt 0.721494 0.717582
vt 0.708550 0.711214
vt 0.708624 0.721310
vt 0.741729 0.750101
vt 0.746254 0.739122
vt 0.723985 0.750531
vt 0.607151 0.674451
vt 0.568432 0.814576
vt 0.570898 0.830687
vt 0.582486 0.816892
vt 0.657321 0.766286
vt 0.664154 0.753168
vt 0.647700 0.751956
vt 0.714457 0.689915
vt 0.698844 0.697871
vt 0.709163 0.702035
vt 0.764777 0.768584
vt 0.763247 0.748729
vt 0.749434 0.761738
vt 0.686627 0.718697
vt 0.775691 0.760281
vt 0.774434 0.747574
vt 0.639457 0.655968
vt 0.732287 0.703453
vt 0.751209 0.701401
vt 0.745246 0.695687
vt 0.533448 0.693887
vt 0.532670 0.707415
vt 0.541752 0.695109
vt 0.593085 0.742629
vt 0.609867 0.759663
vt 0.746508 0.772767
vt 0.759579 0.788343
vt 0.621184 0.721498
vt 0.702722 0.654474
vt 0.698302 0.755448
vt 0.722685 0.763517
vt 0.764845 0.701638
vt 0.750994 0.711400
vt 0.682150 0.767166
vt 0.698722 0.778826
vt 0.736036 0.733567
vt 0.723954 0.744288
vt 0.681325 0.753504
vt 0.671708 0.760425
vt 0.706997 0.684470
vt 0.723756 0.684357
vt 0.731458 0.676962
vt 0.622409 0.668657
vt 0.615493 0.752754
vt 0.592841 0.727596
vt 0.632648 0.770881
vt 0.635833 0.782053
vt 0.643166 0.769889
vt 0.669598 0.799900
vt 0.590864 0.640079
vt 0.625696 0.646703
vt 0.727376 0.657369
vt 0.731187 0.668917
vt 0.790560 0.754219
vt 0.778902 0.739213
vt 0.761321 0.686050
vt 0.703522 0.677614
vt 0.698196 0.727052
vt 0.719135 0.731364
vt 0.678552 0.723999
vt 0.689548 0.739203
vt 0.672443 0.719421
vt 0.667181 0.729917
vt 0.643493 0.709039
vt 0.748037 0.671873
vt 0.740625 0.653053
vt 0.741609 0.662350
vt 0.762031 0.733972
vt 0.706151 0.768503
vt 0.675470 0.738837
vt 0.651255 0.786667
vt 0.736984 0.767585
vt 0.736707 0.786499
vt 0.735513 0.714820
vt 0.748845 0.720619
vt 0.717706 0.780709
vt 0.596640 0.713692
vt 0.580934 0.799607
vt 0.605464 0.810694
vt 0.603300 0.801069
vt 0.688803 0.810711
vt 0.668288 0.807853
vt 0.704688 0.794707
vt 0.620313 0.772780
vt 0.723782 0.794721
vt 0.776629 0.730614
vt 0.787830 0.732210
vt 0.784820 0.722977
vt 0.677858 0.816213
vt 0.751030 0.793309
vt 0.775063 0.776298
vt 0.596731 0.794632
vt 0.569271 0.685919
vt 0.662652 0.558813
vt 0.764648 0.719592
vt 0.775397 0.715286
vt 0.658980 0.732647
vt 0.627890 0.785292
vt 0.590918 0.780064
vt 0.575249 0.791020
vt 0.788375 0.756226
vt 0.675455 0.708460
vt 0.716083 0.804341
vt 0.714037 0.745309
vt 0.615801 0.735263
vt 0.537498 0.730955
vt 0.517030 0.721959
vt 0.623254 0.603319
vt 0.553897 0.803145
vt 0.549323 0.781886
vt 0.566423 0.778271
vt 0.559110 0.758081
vt 0.780537 0.711164
vt 0.596486 0.815733
vt 0.631280 0.593771
vt 0.540595 0.768501
vt 0.552223 0.774549
vt 0.732759 0.724705
vt 0.739304 0.652229
vt 0.591834 0.828237
vt 0.574690 0.708038
vt 0.557740 0.689643
vt 0.552048 0.693983
vt 0.562677 0.704996
vt 0.576144 0.751617
vt 0.578704 0.725504
vt 0.550360 0.712737
vt 0.575837 0.737763
vt 0.560751 0.724478
vt 0.521118 0.699743
vt 0.539604 0.718418
vt 0.559121 0.739404
vt 0.534683 0.746294
vt 0.529852 0.755979
vt 0.643064 0.792041
vt 0.753191 0.680325
vt 0.759660 0.797307
vt 0.648881 0.577631
vt 0.925402 0.750032
vt 0.943683 0.750654
vt 0.942086 0.735150
vt 0.934442 0.704581
vt 0.926279 0.726194
vt 0.942458 0.708759
vt 0.894554 0.741234
vt 0.908250 0.747371
vt 0.895468 0.720907
vt 0.914923 0.715765
vt 0.910210 0.728538
vt 0.922894 0.702210
vt 0.928610 0.700981
vt 0.903479 0.763320
vt 0.913877 0.774889
vt 0.926353 0.761311
vt 0.942947 0.759509
vt 0.887879 0.762143
vt 0.889735 0.767421
vt 0.902962 0.784430
vt 0.926930 0.776244
vt 0.890328 0.783867
vt 0.936896 0.770857
vt 0.890841 0.813765
vt 0.885336 0.830711
vt 0.901977 0.828326
vt 0.896244 0.852731
vt 0.937317 0.847470
vt 0.942225 0.859031
vt 0.952500 0.844042
vt 0.913494 0.847684
vt 0.910266 0.860194
vt 0.945490 0.834689
vt 0.927889 0.838107
vt 0.933053 0.815171
vt 0.920307 0.820670
vt 0.923172 0.868434
vt 0.931455 0.863563
vt 0.909075 0.814276
vt 0.918770 0.791036
vt 0.909225 0.870209
vt 0.929569 0.800281
vt 0.943889 0.795469
vt 0.934789 0.792601
vt 0.945565 0.826142
vt 0.952470 0.825917
vt 0.955123 0.818226
vt 0.873662 0.830764
vt 0.951466 0.808593
vt 0.954619 0.791342
vt 0.861111 0.964051
vt 0.860466 0.972376
vt 0.870234 0.965338
vt 0.845586 0.966264
vt 0.856810 0.955199
vt 0.859043 0.896876
vt 0.844931 0.901707
vt 0.860790 0.914539
vt 0.878428 0.967166
vt 0.871059 0.916591
vt 0.884804 0.916787
vt 0.882273 0.905282
vt 0.867904 0.866780
vt 0.879684 0.887042
vt 0.878708 0.870426
vt 0.865500 0.931048
vt 0.865090 0.916648
vt 0.849908 0.891098
vt 0.845372 0.896441
vt 0.880187 0.954202
vt 0.842725 0.928703
vt 0.818214 0.943894
vt 0.821207 0.951140
vt 0.829451 0.944257
vt 0.889566 0.889369
vt 0.871932 0.899345
vt 0.846686 0.947556
vt 0.878083 0.959767
vt 0.844873 0.961626
vt 0.881299 0.928950
vt 0.868470 0.944417
vt 0.884762 0.945724
vt 0.856915 0.946532
vt 0.828273 0.929208
vt 0.832380 0.923601
vt 0.380920 0.955324
vt 0.391753 0.957969
vt 0.391226 0.950753
vt 0.355198 0.929274
vt 0.353366 0.952599
vt 0.369577 0.940956
vt 0.326490 0.957215
vt 0.314373 0.964041
vt 0.331684 0.973259
vt 0.339719 0.923383
vt 0.336082 0.943907
vt 0.325231 0.934810
vt 0.314564 0.940736
vt 0.366985 0.958239
vt 0.381055 0.978238
vt 0.340023 0.909049
vt 0.355304 0.976616
vt 0.328525 0.918735
vt 0.339049 0.958503
vt 0.392227 0.966575
vt 0.344778 0.984717
vt 0.367707 0.989688
vt 0.353355 0.914665
vt 0.382896 0.989170
vt 0.377563 0.944333
vt 0.192371 0.138295
vt 0.219477 0.121528
vt 0.201229 0.116516
vt 0.191321 0.153006
vt 0.178409 0.162860
vt 0.188335 0.170377
vt 0.167014 0.156184
vt 0.176152 0.142125
vt 0.153068 0.162149
vt 0.155187 0.155442
vt 0.149068 0.143319
vt 0.195355 0.170430
vt 0.203614 0.151904
vt 0.130269 0.149795
vt 0.125585 0.129652
vt 0.119955 0.144278
vt 0.212979 0.161452
vt 0.198976 0.093534
vt 0.172495 0.113159
vt 0.193103 0.120716
vt 0.138987 0.130885
vt 0.124649 0.113849
vt 0.113267 0.131182
vt 0.235067 0.153879
vt 0.222197 0.144367
vt 0.141200 0.114625
vt 0.153332 0.129280
vt 0.157372 0.112065
vt 0.139417 0.140837
vt 0.179613 0.082315
vt 0.172870 0.098856
vt 0.187263 0.081203
vt 0.154588 0.097874
vt 0.169831 0.128842
vt 0.161125 0.143423
vt 0.198175 0.184283
vt 0.219152 0.175498
vt 0.180408 0.198395
vt 0.212670 0.098933
vt 0.148667 0.171684
vt 0.153268 0.173008
vt 0.156092 0.181801
vt 0.125933 0.169204
vt 0.159841 0.190476
vt 0.199984 0.196255
vt 0.095070 0.555857
vt 0.089539 0.530520
vt 0.071757 0.529393
vt 0.032529 0.528583
vt 0.044862 0.514867
vt 0.033540 0.515268
vt 0.035902 0.547100
vt 0.046634 0.550085
vt 0.050984 0.513095
vt 0.063072 0.544440
vt 0.058899 0.511978
vt 0.058288 0.569466
vt 0.067579 0.561535
vt 0.045191 0.533725
vt 0.134630 0.560328
vt 0.127754 0.536059
vt 0.111303 0.570418
vt 0.109100 0.533049
vt 0.088292 0.571475
vt 0.101245 0.585249
vt 0.087246 0.589143
vt 0.071685 0.575765
vt 0.077233 0.511845
vt 0.050405 0.564905
vt 0.105103 0.515568
vt 0.134038 0.516479
vt 0.146998 0.538227
vt 0.147243 0.526278
vt 0.345926 0.353267
vt 0.345871 0.348659
vt 0.339078 0.347583
vt 0.320647 0.359854
vt 0.331816 0.381699
vt 0.361312 0.377220
vt 0.365880 0.379333
vt 0.365891 0.375611
vt 0.347853 0.358144
vt 0.358339 0.394405
vt 0.339317 0.343537
vt 0.334641 0.343555
vt 0.353117 0.363294
vt 0.356750 0.368671
vt 0.312467 0.324332
vt 0.340130 0.405390
vt 0.361257 0.381790
vt 0.334845 0.437365
vt 0.335655 0.448577
vt 0.339440 0.446971
vt 0.352209 0.406650
vt 0.356250 0.401454
vt 0.329813 0.469904
vt 0.337276 0.455559
vt 0.321307 0.464436
vt 0.339911 0.436339
vt 0.315834 0.492047
vt 0.325096 0.485742
vt 0.324123 0.477258
vt 0.350321 0.415500
vt 0.337783 0.420588
vt 0.363066 0.386333
vt 0.327195 0.480940
vt 0.343539 0.433521
vt 0.323780 0.331344
vt 0.636690 0.518324
vt 0.644974 0.518905
vt 0.644295 0.512007
vt 0.663215 0.481688
vt 0.658526 0.488110
vt 0.674987 0.481872
vt 0.647356 0.505383
vt 0.638872 0.509501
vt 0.566425 0.583850
vt 0.559830 0.588448
vt 0.569179 0.598563
vt 0.612398 0.538249
vt 0.619312 0.538271
vt 0.617063 0.531617
vt 0.647771 0.498418
vt 0.657010 0.496247
vt 0.651826 0.495479
vt 0.581900 0.620349
vt 0.597138 0.628293
vt 0.580443 0.611776
vt 0.574870 0.601388
vt 0.568037 0.577461
vt 0.723675 0.506878
vt 0.714531 0.509214
vt 0.725717 0.518073
vt 0.577980 0.568588
vt 0.588868 0.585692
vt 0.582618 0.566370
vt 0.560863 0.592319
vt 0.732405 0.508910
vt 0.608728 0.555253
vt 0.599278 0.550888
vt 0.600112 0.586526
vt 0.696139 0.509378
vt 0.710255 0.495233
vt 0.628772 0.527972
vt 0.627199 0.522558
vt 0.590572 0.556284
vt 0.745543 0.514392
vt 0.744192 0.507696
vt 0.737680 0.510706
vt 0.784826 0.511685
vt 0.777570 0.512269
vt 0.787210 0.515466
vt 0.772180 0.514022
vt 0.769599 0.523591
vt 0.765870 0.512604
vt 0.757026 0.509171
vt 0.755015 0.519394
vt 0.784024 0.520610
vt 0.597732 0.602898
vt 0.557449 0.593617
vt 0.603370 0.544598
vt 0.607630 0.541588
vt 0.700126 0.488086
vt 0.686210 0.472647
vt 0.686869 0.476065
vt 0.678761 0.465884
vt 0.668707 0.475582
vt 0.571954 0.574739
vt 0.597757 0.613993
vt 0.673549 0.466503
vt 0.662515 0.491909
vt 0.675351 0.509110
vt 0.737580 0.504564
vt 0.654588 0.512504
vt 0.692189 0.481485
vt 0.665145 0.477041
vt 0.691200 0.476941
vt 0.703989 0.498309
vt 0.584400 0.623790
vt 0.565497 0.600166
vt 0.571040 0.603817
vt 0.722316 0.498642
s 1
f 12/1/12 3/2/3 1/3/1
f 12/1/12 1/3/1 13/4/13
f 12/1/12 2/5/2 3/2/3
f 12/1/12 6/6/6 2/5/2
f 13/7/13 4/8/4 5/9/5
f 5/9/5 11/10/11 13/7/13
f 12/11/12 10/12/10 6/13/6
f 4/14/4 6/13/6 10/12/10
f 13/15/13 6/13/6 4/14/4
f 13/15/13 3/16/3 2/17/2
f 13/15/13 2/17/2 6/13/6
f 7/18/7 9/19/9 11/20/11
f 7/18/7 11/20/11 8/21/8
f 9/19/9 5/22/5 10/23/10
f 9/24/9 347/25/336 370/26/359
f 370/26/359 5/27/5 9/24/9
f 370/26/359 8/28/8 11/29/11
f 7/30/7 347/25/336 9/24/9
f 370/26/359 11/29/11 5/27/5
f 13/31/13 10/32/10 12/33/12
f 13/31/13 11/34/11 10/32/10
f 4/35/4 10/36/10 5/37/5
f 13/38/13 1/39/1 351/40/340
f 351/40/340 3/41/3 13/38/13
f 9/42/9 10/43/10 11/44/11
f 21/45/20 22/46/21 27/47/26
f 34/48/33 17/49/16 652/50/638
f 37/51/36 32/52/31 38/53/37
f 17/49/16 18/54/17 652/50/638
f 34/48/33 33/55/32 24/56/23
f 33/55/32 23/57/22 24/56/23
f 34/48/33 24/56/23 17/49/16
f 35/58/34 46/59/43 25/60/24
f 24/56/23 16/61/15 15/62/14
f 31/63/30 257/64/246 25/60/24
f 31/63/30 53/65/48 54/66/49
f 257/64/246 31/63/30 54/66/49
f 58/67/51 59/68/51 57/69/51
f 46/59/43 31/63/30 25/60/24
f 30/70/29 27/47/26 22/46/21
f 29/71/28 257/64/246 55/72/50
f 29/71/28 22/46/21 60/73/52
f 27/47/26 39/74/38 47/75/44
f 35/58/34 64/76/55 46/59/43
f 46/59/43 64/76/55 49/77/45
f 30/70/29 29/71/28 55/72/50
f 35/58/34 43/78/42 64/76/55
f 36/79/35 35/58/34 25/60/24
f 38/53/37 36/79/35 52/80/47
f 37/51/36 66/81/57 65/82/56
f 36/79/35 25/60/24 29/71/28
f 38/53/37 32/52/31 36/79/35
f 18/54/17 19/83/18 224/84/213
f 30/70/29 39/74/38 27/47/26
f 65/82/56 40/85/39 37/51/36
f 32/52/31 37/51/36 70/86/59
f 39/74/38 30/70/29 19/83/18
f 71/87/60 41/88/40 72/89/61
f 24/56/23 15/62/14 67/90/58
f 62/91/54 63/92/54 26/93/25
f 32/52/31 72/89/61 35/58/34
f 42/94/41 43/78/42 35/58/34
f 20/95/19 19/83/18 30/70/29
f 40/85/39 61/96/53 73/97/62
f 72/89/61 41/88/40 35/58/34
f 39/74/38 19/83/18 24/56/23
f 51/98/46 47/75/44 39/74/38
f 17/49/16 19/83/18 18/54/17
f 29/71/28 30/70/29 22/46/21
f 29/71/28 25/60/24 257/64/246
f 70/86/59 37/51/36 40/85/39
f 41/88/40 42/94/41 35/58/34
f 71/87/60 73/97/62 61/96/53
f 28/99/27 21/45/20 27/47/26
f 32/52/31 35/58/34 36/79/35
f 26/93/25 61/96/53 40/85/39
f 19/83/18 17/49/16 24/56/23
f 229/100/218 30/70/29 55/72/50
f 30/70/29 229/100/218 20/95/19
f 67/90/58 39/74/38 24/56/23
f 40/85/39 73/97/62 70/86/59
f 85/101/74 86/102/75 121/103/110
f 76/104/65 77/105/66 119/106/108
f 91/107/80 88/108/77 99/109/88
f 106/110/95 74/111/63 81/112/70
f 82/113/71 102/114/91 79/115/68
f 82/113/71 79/115/68 131/116/120
f 117/117/106 118/118/107 87/119/76
f 112/120/101 114/121/103 115/122/104
f 580/123/569 101/124/90 103/125/92
f 117/117/106 83/126/72 118/118/107
f 94/127/83 121/103/110 122/128/111
f 92/129/81 118/118/107 83/126/72
f 116/130/105 124/131/113 110/132/99
f 114/121/103 97/133/86 577/134/566
f 128/135/117 129/136/118 354/137/343
f 81/112/70 122/128/111 84/138/73
f 79/115/68 497/139/486 463/140/452
f 75/141/64 100/142/89 94/127/83
f 90/143/79 103/125/92 74/111/63
f 104/144/93 85/101/74 134/145/123
f 109/146/98 159/147/148 88/108/77
f 99/109/88 88/108/77 159/147/148
f 114/121/103 577/134/566 169/148/158
f 113/149/102 127/150/116 126/151/115
f 108/152/97 107/153/96 99/109/88
f 93/154/82 135/155/124 76/104/65
f 130/156/119 93/154/82 110/132/99
f 110/132/99 76/104/65 132/157/121
f 94/127/83 85/101/74 121/103/110
f 111/158/100 116/130/105 136/159/125
f 134/145/123 85/101/74 80/160/69
f 111/158/100 136/159/125 123/161/112
f 116/130/105 110/132/99 136/159/125
f 95/162/84 134/145/123 118/118/107
f 112/120/101 113/149/102 119/106/108
f 125/163/114 104/144/93 128/135/117
f 80/160/69 87/119/76 134/145/123
f 77/105/66 89/164/78 74/111/63
f 534/165/523 105/166/94 78/167/67
f 124/131/113 116/130/105 133/168/122
f 106/110/95 84/138/73 105/166/94
f 92/129/81 83/126/72 107/153/96
f 133/168/122 91/107/80 124/131/113
f 79/115/68 102/114/91 497/139/486
f 124/131/113 83/126/72 117/117/106
f 132/157/121 76/104/65 119/106/108
f 75/141/64 87/119/76 80/160/69
f 85/101/74 100/142/89 80/160/69
f 135/155/124 75/141/64 94/127/83
f 91/107/80 133/168/122 88/108/77
f 85/101/74 125/163/114 96/169/85
f 129/136/118 137/170/126 343/171/332
f 138/172/127 91/107/80 107/153/96
f 113/149/102 132/157/121 119/106/108
f 76/104/65 135/155/124 89/164/78
f 87/119/76 118/118/107 134/145/123
f 104/144/93 95/162/84 129/136/118
f 107/153/96 83/126/72 138/172/127
f 83/126/72 124/131/113 138/172/127
f 96/169/85 86/102/75 85/101/74
f 104/144/93 129/136/118 128/135/117
f 121/103/110 131/116/120 78/167/67
f 534/165/523 78/167/67 98/173/87
f 132/157/121 113/149/102 126/151/115
f 137/170/126 366/174/355 343/171/332
f 93/154/82 130/156/119 87/119/76
f 111/158/100 123/161/112 109/146/98
f 124/131/113 91/107/80 138/172/127
f 96/169/85 128/135/117 367/175/356
f 130/156/119 117/117/106 87/119/76
f 119/106/108 97/133/86 112/120/101
f 95/162/84 104/144/93 134/145/123
f 105/166/94 84/138/73 78/167/67
f 136/159/125 120/176/109 123/161/112
f 366/174/355 137/170/126 140/177/129
f 98/173/87 536/178/525 534/165/523
f 79/115/68 490/179/479 98/173/87
f 133/168/122 116/130/105 111/158/100
f 142/180/131 113/149/102 158/181/147
f 142/180/131 139/182/128 127/150/116
f 85/101/74 104/144/93 125/163/114
f 118/118/107 92/129/81 95/162/84
f 137/170/126 92/129/81 140/177/129
f 98/173/87 490/179/479 536/178/525
f 78/167/67 84/138/73 121/103/110
f 112/120/101 97/133/86 114/121/103
f 131/116/120 121/103/110 82/113/71
f 76/104/65 110/132/99 93/154/82
f 91/107/80 99/109/88 107/153/96
f 372/183/361 140/177/129 345/184/334
f 580/123/569 103/125/92 90/143/79
f 82/113/71 121/103/110 86/102/75
f 120/176/109 127/150/116 165/185/154
f 88/108/77 133/168/122 111/158/100
f 132/157/121 126/151/115 136/159/125
f 96/169/85 102/114/91 82/113/71
f 78/167/67 131/116/120 98/173/87
f 131/116/120 79/115/68 98/173/87
f 127/150/116 113/149/102 142/180/131
f 366/174/355 140/177/129 372/183/361
f 96/169/85 125/163/114 128/135/117
f 86/102/75 96/169/85 82/113/71
f 75/141/64 80/160/69 100/142/89
f 108/186/97 92/129/81 107/153/96
f 89/164/78 135/155/124 94/127/83
f 94/127/83 122/128/111 89/164/78
f 87/119/76 75/141/64 93/154/82
f 81/112/70 74/111/63 122/128/111
f 103/125/92 101/124/90 97/133/86
f 115/122/104 113/149/102 112/120/101
f 122/128/111 121/103/110 84/138/73
f 74/111/63 89/164/78 122/128/111
f 106/110/95 90/143/79 74/111/63
f 130/156/119 110/132/99 117/117/106
f 92/129/81 137/170/126 95/162/84
f 119/106/108 74/111/63 103/125/92
f 103/125/92 97/133/86 119/106/108
f 84/138/73 106/110/95 81/112/70
f 126/151/115 127/150/116 120/176/109
f 75/141/64 135/155/124 93/154/82
f 115/122/104 158/181/147 113/149/102
f 126/151/115 120/176/109 136/159/125
f 110/132/99 132/157/121 136/159/125
f 140/177/129 92/129/81 108/186/97
f 110/132/99 124/131/113 117/117/106
f 85/101/74 94/127/83 100/142/89
f 77/105/66 76/104/65 89/164/78
f 77/105/66 74/111/63 119/106/108
f 129/136/118 95/162/84 137/170/126
f 109/146/98 88/108/77 111/158/100
f 144/187/133 297/188/286 203/189/192
f 141/190/130 147/191/136 148/192/137
f 148/192/137 147/191/136 482/193/471
f 154/194/143 166/195/155 162/196/151
f 203/189/192 281/197/270 235/198/224
f 579/199/568 155/200/144 160/201/149
f 109/202/98 421/203/410 159/204/148
f 158/205/147 115/206/104 152/207/141
f 141/190/130 168/208/157 147/191/136
f 167/209/156 402/210/391 172/211/161
f 297/188/286 281/197/270 203/189/192
f 158/205/147 152/207/141 172/211/161
f 577/212/566 173/213/162 164/214/153
f 148/192/137 170/215/159 145/216/134
f 171/217/160 170/215/159 148/192/137
f 156/218/145 149/219/138 139/220/128
f 153/221/142 151/222/140 143/223/132
f 139/220/128 172/211/161 156/218/145
f 162/196/151 166/195/155 160/201/149
f 139/220/128 165/224/154 127/225/116
f 164/214/153 161/226/150 114/227/103
f 141/190/130 148/192/137 145/216/134
f 170/215/159 162/196/151 145/216/134
f 145/216/134 162/196/151 155/200/144
f 148/192/137 482/193/471 475/228/464
f 624/229/613 163/230/152 168/208/157
f 168/208/157 153/221/142 147/191/136
f 143/223/132 147/191/136 153/221/142
f 172/211/161 174/231/163 167/209/156
f 154/194/143 162/196/151 150/232/139
f 174/231/163 154/194/143 167/209/156
f 167/209/156 154/194/143 432/233/421
f 154/194/143 150/232/139 432/233/421
f 172/211/161 402/234/391 156/218/145
f 151/222/140 168/208/157 175/235/164
f 176/236/165 175/235/164 163/230/152
f 175/235/164 157/237/146 151/222/140
f 168/208/157 151/222/140 153/221/142
f 168/208/157 163/230/152 175/235/164
f 402/234/391 420/238/409 149/219/138
f 145/216/134 146/239/135 627/240/616
f 157/237/146 144/187/133 143/223/132
f 624/229/613 141/190/130 627/240/616
f 624/229/613 168/208/157 141/190/130
f 145/216/134 155/200/144 146/239/135
f 144/187/133 238/241/227 143/223/132
f 172/211/161 161/226/150 174/231/163
f 162/196/151 160/201/149 155/200/144
f 145/216/134 627/240/616 141/190/130
f 154/194/143 174/231/163 161/226/150
f 157/237/146 143/223/132 151/222/140
f 161/226/150 160/201/149 166/195/155
f 139/220/128 158/205/147 172/211/161
f 164/214/153 160/201/149 161/226/150
f 173/213/162 160/201/149 164/214/153
f 143/223/132 482/193/471 147/191/136
f 158/205/147 139/220/128 142/242/131
f 164/214/153 114/227/103 169/243/158
f 152/207/141 115/206/104 114/227/103
f 160/201/149 173/213/162 579/199/568
f 161/226/150 152/207/141 114/227/103
f 238/241/227 482/244/471 143/223/132
f 161/226/150 172/211/161 152/207/141
f 163/230/152 632/245/621 176/236/165
f 149/219/138 156/218/145 402/234/391
f 149/219/138 109/202/98 165/224/154
f 120/246/109 165/224/154 109/202/98
f 165/224/154 139/220/128 149/219/138
f 109/202/98 123/247/112 120/246/109
f 166/195/155 154/194/143 161/226/150
f 157/237/146 297/188/286 144/187/133
f 170/215/159 150/232/139 162/196/151
f 201/248/190 270/249/259 192/250/181
f 186/251/175 249/252/238 210/253/199
f 217/254/206 184/255/173 190/256/179
f 217/254/206 191/257/180 181/258/170
f 562/259/551 561/260/550 196/261/185
f 204/262/193 221/263/210 190/256/179
f 197/264/186 204/262/193 218/265/207
f 209/266/198 602/267/591 217/254/206
f 209/266/198 217/254/206 190/256/179
f 189/268/178 185/269/174 252/270/241
f 211/271/200 235/272/224 214/273/203
f 236/274/225 192/250/181 179/275/168
f 196/261/185 189/268/178 195/276/184
f 225/277/214 306/278/295 198/279/187
f 218/265/207 215/280/204 219/281/208
f 181/258/170 184/255/173 217/254/206
f 234/282/223 233/283/222 192/250/181
f 211/271/200 212/284/201 203/285/192
f 180/286/169 183/287/172 206/288/195
f 198/279/187 240/289/229 219/281/208
f 205/290/194 208/291/197 223/292/212
f 181/258/170 191/257/180 598/293/587
f 211/271/200 203/285/192 235/272/224
f 217/254/206 602/267/591 191/257/180
f 214/273/203 235/272/224 227/294/216
f 196/261/185 185/269/174 189/268/178
f 218/265/207 204/262/193 222/295/211
f 195/276/184 562/259/551 196/261/185
f 202/296/191 227/294/216 237/297/226
f 223/292/212 184/255/173 181/258/170
f 214/273/203 227/294/216 202/296/191
f 177/298/166 274/299/263 314/300/303
f 219/281/208 197/264/186 218/265/207
f 236/274/225 179/275/168 211/271/200
f 223/292/212 208/291/197 204/262/193
f 562/259/551 195/276/184 181/258/170
f 182/301/171 209/266/198 190/256/179
f 236/274/225 211/271/200 214/273/203
f 247/302/236 246/303/235 229/304/218
f 238/305/227 212/284/201 482/306/471
f 204/262/193 197/264/186 221/263/210
f 182/301/171 190/256/179 221/263/210
f 238/305/227 203/285/192 212/284/201
f 178/307/167 230/308/219 187/309/176
f 274/299/263 177/298/166 276/310/265
f 199/311/188 198/279/187 219/281/208
f 178/307/167 187/309/176 220/312/209
f 561/260/550 185/269/174 196/261/185
f 184/255/173 204/262/193 190/256/179
f 215/280/204 218/265/207 216/313/205
f 219/281/208 240/289/229 221/263/210
f 215/280/204 199/311/188 219/281/208
f 562/259/551 181/258/170 598/293/587
f 199/311/188 225/277/214 198/279/187
f 223/292/212 204/262/193 184/255/173
f 181/258/170 195/276/184 223/292/212
f 182/301/171 231/314/220 209/266/198
f 682/315/660 199/311/188 215/280/204
f 218/265/207 222/295/211 216/313/205
f 219/281/208 221/263/210 197/264/186
f 194/316/183 228/317/217 193/318/182
f 251/319/240 230/308/219 213/320/202
f 248/321/237 213/320/202 242/322/231
f 194/316/183 193/318/182 220/312/209
f 306/278/295 240/289/229 198/279/187
f 194/316/183 205/290/194 228/317/217
f 222/295/211 210/253/199 249/252/238
f 236/274/225 214/273/203 202/296/191
f 247/302/236 232/323/221 246/303/235
f 240/289/229 306/278/295 254/324/243
f 207/325/196 195/276/184 189/268/178
f 228/317/217 207/325/196 226/326/215
f 241/327/230 249/252/238 188/328/177
f 232/323/221 253/329/242 230/308/219
f 213/320/202 230/308/219 178/307/167
f 177/298/166 307/330/296 276/310/265
f 193/318/182 213/320/202 178/307/167
f 255/331/244 239/332/228 282/333/271
f 177/298/166 224/334/213 266/335/255
f 234/282/223 206/288/195 233/283/222
f 187/309/176 186/251/175 220/312/209
f 183/287/172 244/336/233 206/288/195
f 251/319/240 232/323/221 230/308/219
f 193/318/182 178/307/167 220/312/209
f 252/270/241 271/337/260 244/336/233
f 179/275/168 212/284/201 211/271/200
f 202/296/191 234/282/223 236/274/225
f 279/338/268 227/294/216 235/272/224
f 251/319/240 213/320/202 248/321/237
f 180/286/169 242/322/231 183/287/172
f 228/317/217 226/326/215 193/318/182
f 241/327/230 685/339/663 216/313/205
f 205/290/194 210/253/199 208/291/197
f 253/329/242 261/340/250 256/341/245
f 247/302/236 253/329/242 232/323/221
f 210/253/199 205/290/194 220/312/209
f 206/288/195 234/282/223 180/286/169
f 232/323/221 251/319/240 246/303/235
f 193/318/182 226/326/215 183/287/172
f 222/295/211 208/291/197 210/253/199
f 254/324/243 277/342/266 182/301/171
f 182/301/171 221/263/210 254/324/243
f 277/342/266 599/343/588 182/301/171
f 209/266/198 231/314/220 602/267/591
f 231/314/220 182/301/171 599/343/588
f 240/289/229 254/324/243 221/263/210
f 239/332/228 255/331/244 237/297/226
f 241/327/230 188/328/177 258/344/247
f 260/345/249 188/328/177 249/252/238
f 222/295/211 241/327/230 216/313/205
f 241/327/230 222/295/211 249/252/238
f 205/290/194 223/292/212 228/317/217
f 195/276/184 228/317/217 223/292/212
f 228/317/217 195/276/184 207/325/196
f 411/346/400 245/347/234 252/270/241
f 203/285/192 238/305/227 144/348/133
f 252/270/241 185/269/174 411/346/400
f 207/325/196 189/268/178 244/336/233
f 244/336/233 189/268/178 252/270/241
f 194/316/183 220/312/209 205/290/194
f 20/349/19 229/304/218 250/350/239
f 257/351/246 261/340/250 253/329/242
f 294/352/283 227/294/216 279/338/268
f 239/332/228 227/294/216 294/352/283
f 20/349/19 250/350/239 224/334/213
f 262/353/251 265/354/254 248/321/237
f 281/355/270 279/338/268 235/272/224
f 224/334/213 19/356/18 20/349/19
f 55/357/50 257/351/246 229/304/218
f 183/287/172 213/320/202 193/318/182
f 247/302/236 229/304/218 257/351/246
f 314/300/303 224/334/213 177/298/166
f 183/287/172 242/322/231 213/320/202
f 202/296/191 243/358/232 234/282/223
f 222/295/211 204/262/193 208/291/197
f 266/335/255 250/350/239 264/359/253
f 227/294/216 239/332/228 237/297/226
f 248/321/237 243/358/232 263/360/252
f 266/335/255 262/353/251 177/298/166
f 246/303/235 264/359/253 229/304/218
f 262/353/251 255/331/244 177/298/166
f 266/335/255 224/334/213 250/350/239
f 262/353/251 264/359/253 265/354/254
f 202/296/191 263/360/252 243/358/232
f 259/361/248 263/360/252 237/297/226
f 259/361/248 237/297/226 255/331/244
f 266/335/255 264/359/253 262/353/251
f 259/361/248 262/353/251 263/360/252
f 262/353/251 248/321/237 263/360/252
f 229/304/218 264/359/253 250/350/239
f 237/297/226 263/360/252 202/296/191
f 192/250/181 233/283/222 201/248/190
f 264/359/253 246/303/235 265/354/254
f 259/361/248 255/331/244 262/353/251
f 242/322/231 180/286/169 243/358/232
f 243/358/232 248/321/237 242/322/231
f 267/362/256 216/313/205 685/339/663
f 267/362/256 200/363/189 216/313/205
f 200/363/189 215/280/204 216/313/205
f 230/308/219 268/364/257 187/309/176
f 268/364/257 186/251/175 187/309/176
f 186/251/175 268/364/257 249/252/238
f 230/308/219 253/329/242 268/364/257
f 268/364/257 253/329/242 260/345/249
f 188/328/177 260/345/249 256/341/245
f 253/329/242 256/341/245 260/345/249
f 248/321/237 265/354/254 251/319/240
f 269/365/258 201/248/190 233/283/222
f 245/347/234 271/337/260 252/270/241
f 269/365/258 511/366/500 270/249/259
f 269/365/258 244/336/233 271/337/260
f 212/284/201 179/275/168 520/367/509
f 685/339/663 241/327/230 258/344/247
f 201/248/190 269/365/258 270/249/259
f 233/283/222 244/336/233 269/365/258
f 271/337/260 245/347/234 269/365/258
f 245/347/234 511/366/500 269/365/258
f 249/252/238 268/364/257 260/345/249
f 233/283/222 206/288/195 244/336/233
f 244/336/233 226/326/215 207/325/196
f 257/351/246 253/329/242 247/302/236
f 210/253/199 220/312/209 186/251/175
f 177/298/166 255/331/244 307/330/296
f 192/250/181 236/274/225 234/282/223
f 244/336/233 183/287/172 226/326/215
f 180/286/169 234/282/223 243/358/232
f 520/367/509 179/275/168 192/250/181
f 251/319/240 265/354/254 246/303/235
f 274/368/263 273/369/262 291/370/280
f 280/371/269 292/372/281 275/373/264
f 285/374/274 311/375/300 296/376/285
f 615/377/604 288/378/277 295/379/284
f 286/380/275 225/381/214 686/382/664
f 274/368/263 302/383/291 314/384/303
f 279/385/268 290/386/279 294/387/283
f 277/388/266 320/389/309 309/390/298
f 298/391/287 289/392/278 305/393/294
f 286/380/275 284/394/273 283/395/272
f 317/396/306 299/397/288 298/391/287
f 282/398/271 239/399/228 296/376/285
f 632/400/621 321/401/310 176/402/165
f 306/403/295 292/372/281 280/371/269
f 254/404/243 306/403/295 280/371/269
f 291/370/280 273/369/262 317/396/306
f 277/388/266 315/405/304 320/389/309
f 272/406/261 290/386/279 333/407/322
f 287/408/276 296/376/285 272/406/261
f 307/409/296 255/410/244 282/398/271
f 339/411/328 323/412/312 331/413/320
f 297/414/286 279/385/268 281/415/270
f 289/392/278 663/416/648 310/417/299
f 324/418/313 293/419/282 336/420/325
f 284/394/273 338/421/327 283/395/272
f 306/403/295 286/380/275 292/372/281
f 254/422/243 315/405/304 277/423/266
f 310/417/299 325/424/314 289/392/278
f 294/387/283 272/406/261 296/376/285
f 308/425/297 324/418/313 303/426/292
f 280/371/269 315/405/304 254/404/243
f 306/403/295 225/381/214 286/380/275
f 278/427/267 337/428/326 293/419/282
f 329/429/318 308/425/297 312/430/301
f 289/392/278 322/431/311 304/432/293
f 298/391/287 301/433/290 329/429/318
f 279/385/268 297/414/286 290/386/279
f 305/393/294 289/392/278 325/424/314
f 336/420/325 334/434/323 323/412/312
f 298/391/287 305/393/294 317/396/306
f 316/435/305 298/391/287 329/429/318
f 301/433/290 324/418/313 308/425/297
f 336/420/325 337/428/326 334/434/323
f 321/401/310 331/413/320 332/436/321
f 293/419/282 337/428/326 336/420/325
f 307/409/296 282/398/271 311/375/300
f 333/407/322 287/408/276 272/406/261
f 324/418/313 278/427/267 293/419/282
f 297/414/286 332/436/321 335/437/324
f 332/436/321 297/414/286 175/438/164
f 332/436/321 175/438/164 321/401/310
f 326/439/315 295/379/284 328/440/317
f 302/383/291 325/424/314 18/441/17
f 335/437/324 331/413/320 333/407/322
f 287/408/276 334/434/323 285/374/274
f 331/413/320 334/434/323 287/408/276
f 296/376/285 287/408/276 285/374/274
f 301/433/290 298/391/287 299/397/288
f 298/391/287 322/431/311 289/392/278
f 324/418/313 301/433/290 278/427/267
f 296/376/285 311/375/300 282/398/271
f 330/442/319 317/396/306 273/369/262
f 224/443/213 314/384/303 302/383/291
f 335/437/324 333/407/322 290/386/279
f 335/437/324 332/436/321 331/413/320
f 289/392/278 304/432/293 663/416/648
f 334/434/323 337/428/326 285/374/274
f 311/375/300 285/374/274 337/428/326
f 311/375/300 330/442/319 273/369/262
f 312/430/301 308/425/297 326/439/315
f 291/370/280 302/383/291 274/368/263
f 287/408/276 333/407/322 331/413/320
f 239/399/228 294/387/283 296/376/285
f 323/412/312 334/434/323 331/413/320
f 317/396/306 305/393/294 325/424/314
f 342/444/331 304/432/293 322/431/311
f 325/424/314 310/417/299 18/441/17
f 307/409/296 311/375/300 273/369/262
f 297/414/286 157/445/146 175/438/164
f 302/383/291 18/441/17 224/443/213
f 320/389/309 315/405/304 280/371/269
f 318/446/307 295/379/284 319/447/308
f 337/428/326 278/427/267 330/442/319
f 336/420/325 323/412/312 303/426/292
f 313/448/302 338/421/327 328/440/317
f 323/412/312 300/449/289 303/426/292
f 330/442/319 311/375/300 337/428/326
f 620/450/609 341/451/330 339/411/328
f 321/401/310 632/400/621 339/411/328
f 340/452/329 326/439/315 303/426/292
f 175/438/164 176/402/165 321/401/310
f 307/409/296 273/369/262 276/453/265
f 326/439/315 308/425/297 303/426/292
f 341/451/330 340/452/329 300/449/289
f 301/433/290 308/425/297 329/429/318
f 321/401/310 339/411/328 331/413/320
f 299/397/288 278/427/267 301/433/290
f 298/391/287 316/435/305 322/431/311
f 338/421/327 284/394/273 655/454/640
f 286/380/275 283/395/272 292/372/281
f 294/387/283 290/386/279 272/406/261
f 300/449/289 339/411/328 341/451/330
f 317/396/306 330/442/319 299/397/288
f 319/447/308 341/451/330 610/455/599
f 322/431/311 327/456/316 338/421/327
f 327/456/316 316/435/305 329/429/318
f 325/424/314 291/370/280 317/396/306
f 275/373/264 313/448/302 320/389/309
f 335/437/324 290/386/279 297/414/286
f 310/417/299 652/457/638 18/441/17
f 341/451/330 626/458/615 610/455/599
f 339/411/328 300/449/289 323/412/312
f 322/431/311 316/435/305 327/456/316
f 275/373/264 320/389/309 280/371/269
f 313/448/302 328/440/317 288/378/277
f 338/421/327 327/456/316 328/440/317
f 303/426/292 300/449/289 340/452/329
f 318/446/307 615/377/604 295/379/284
f 326/439/315 328/440/317 312/430/301
f 292/372/281 283/395/272 275/373/264
f 325/424/314 302/383/291 291/370/280
f 312/430/301 328/440/317 327/456/316
f 320/389/309 288/378/277 615/377/604
f 338/421/327 313/448/302 283/395/272
f 275/373/264 283/395/272 313/448/302
f 336/420/325 303/426/292 324/418/313
f 320/389/309 313/448/302 288/378/277
f 340/452/329 319/447/308 326/439/315
f 615/377/604 309/390/298 320/389/309
f 295/379/284 288/378/277 328/440/317
f 319/447/308 295/379/284 326/439/315
f 322/431/311 338/421/327 655/454/640
f 299/397/288 330/442/319 278/427/267
f 286/380/275 694/459/672 284/394/273
f 286/380/275 686/382/664 694/459/672
f 273/369/262 274/368/263 276/453/265
f 327/456/316 329/429/318 312/430/301
f 655/454/640 342/444/331 322/431/311
f 340/452/329 341/451/330 319/447/308
f 319/447/308 610/455/599 318/446/307
f 368/460/357 458/461/447 441/462/430
f 377/463/366 343/464/332 366/465/355
f 376/466/365 349/467/338 360/468/349
f 345/469/334 375/470/364 365/471/354
f 343/464/332 354/472/343 129/473/118
f 445/474/434 373/475/362 350/476/339
f 374/477/363 344/478/333 377/463/366
f 353/479/342 350/476/339 361/480/350
f 361/480/350 369/481/358 353/479/342
f 377/463/366 3/482/3 351/483/340
f 345/469/334 359/484/348 372/485/361
f 348/486/337 374/477/363 364/487/353
f 366/465/355 3/482/3 377/463/366
f 400/488/389 357/489/346 441/462/430
f 349/467/338 350/476/339 360/468/349
f 344/478/333 376/466/365 362/490/351
f 359/484/348 345/469/334 365/471/354
f 357/489/346 368/460/357 441/462/430
f 364/487/353 374/477/363 377/463/366
f 346/491/335 1/492/1 359/484/348
f 3/482/3 366/465/355 372/493/361
f 351/494/340 1/492/1 346/491/335
f 357/489/346 356/495/345 376/466/365
f 351/483/340 364/487/353 377/463/366
f 370/496/359 347/497/336 364/487/353
f 371/498/360 376/466/365 360/468/349
f 363/499/352 417/500/406 414/501/403
f 355/502/344 361/480/350 373/475/362
f 371/498/360 350/476/339 353/479/342
f 369/481/358 355/502/344 367/503/356
f 372/493/361 1/504/1 3/482/3
f 370/496/359 364/487/353 8/505/8
f 349/467/338 376/466/365 356/495/345
f 8/505/8 364/487/353 351/483/340
f 102/506/91 355/502/344 352/507/341
f 96/508/85 367/503/356 355/502/344
f 353/479/342 343/464/332 362/490/351
f 352/507/341 355/502/344 373/475/362
f 353/479/342 369/481/358 358/509/347
f 343/464/332 353/479/342 354/472/343
f 7/510/7 8/511/8 346/491/335
f 371/498/360 360/468/349 350/476/339
f 359/512/348 1/504/1 372/493/361
f 367/503/356 354/472/343 358/509/347
f 368/460/357 424/513/413 458/461/447
f 354/472/343 353/479/342 358/509/347
f 373/475/362 445/474/434 352/507/341
f 108/514/97 375/470/364 140/515/129
f 346/491/335 8/511/8 351/494/340
f 343/464/332 377/463/366 344/478/333
f 344/478/333 375/470/364 363/499/352
f 128/516/117 354/472/343 367/503/356
f 344/478/333 374/477/363 375/470/364
f 365/471/354 375/470/364 348/486/337
f 358/509/347 369/481/358 367/503/356
f 376/466/365 368/460/357 357/489/346
f 376/466/365 371/498/360 362/490/351
f 424/513/413 368/460/357 363/499/352
f 424/513/413 363/499/352 414/501/403
f 382/517/371 378/518/367 363/499/352
f 359/484/348 365/471/354 348/486/337
f 344/478/333 362/490/351 343/464/332
f 348/486/337 347/497/336 346/491/335
f 347/497/336 348/486/337 364/487/353
f 346/491/335 359/484/348 348/486/337
f 346/491/335 347/497/336 7/510/7
f 375/470/364 345/469/334 140/515/129
f 400/488/389 356/495/345 357/489/346
f 375/470/364 108/514/97 363/499/352
f 368/460/357 344/478/333 363/499/352
f 361/480/350 355/502/344 369/481/358
f 382/517/371 363/499/352 108/514/97
f 96/508/85 355/502/344 102/506/91
f 374/477/363 348/486/337 375/470/364
f 361/480/350 350/476/339 373/475/362
f 417/500/406 363/499/352 378/518/367
f 344/478/333 368/460/357 376/466/365
f 362/490/351 371/498/360 353/479/342
f 382/519/371 403/520/392 378/521/367
f 396/522/385 480/523/469 454/524/443
f 452/525/441 398/526/387 167/527/156
f 510/528/499 508/529/497 404/530/393
f 405/531/394 437/532/426 406/533/395
f 385/534/374 436/535/425 386/536/375
f 99/537/88 421/538/410 382/519/371
f 569/539/558 415/540/404 477/541/466
f 390/542/379 380/543/369 419/544/408
f 403/520/392 421/538/410 420/545/409
f 378/521/367 403/520/392 391/546/380
f 402/547/391 412/548/401 420/545/409
f 417/549/406 378/521/367 379/550/368
f 385/534/374 419/544/408 380/543/369
f 429/551/418 394/552/383 383/553/372
f 439/554/428 494/555/483 444/556/433
f 380/543/369 408/557/397 436/535/425
f 379/550/368 378/521/367 391/546/380
f 411/558/400 185/559/174 426/560/415
f 446/561/435 428/562/417 498/563/487
f 450/564/439 399/565/388 413/566/402
f 463/567/452 468/568/457 455/569/444
f 403/520/392 382/519/371 421/538/410
f 394/552/383 399/565/388 395/570/384
f 468/568/457 497/571/486 469/572/458
f 391/546/380 403/520/392 410/573/399
f 486/574/475 423/575/412 422/576/411
f 148/577/137 475/578/464 171/579/160
f 479/580/468 480/523/469 481/581/470
f 463/567/452 473/582/462 490/583/479
f 385/534/374 386/536/375 503/584/492
f 381/585/370 379/550/368 391/546/380
f 399/565/388 394/552/383 413/566/402
f 459/586/448 431/587/420 444/556/433
f 400/588/389 423/575/412 434/589/423
f 438/590/427 437/532/426 472/591/461
f 444/556/433 488/592/477 461/593/450
f 438/590/427 388/594/377 389/595/378
f 450/564/439 451/596/440 399/565/388
f 493/597/482 422/576/411 416/598/405
f 408/557/397 478/599/467 412/548/401
f 450/564/439 486/574/475 493/597/482
f 413/566/402 486/574/475 450/564/439
f 504/600/493 509/601/498 481/581/470
f 476/602/465 449/603/438 397/604/386
f 394/552/383 486/574/475 413/566/402
f 406/533/395 389/595/378 446/561/435
f 406/533/395 500/605/489 405/531/394
f 412/548/401 402/547/391 167/606/156
f 412/548/401 384/607/373 420/545/409
f 412/548/401 167/527/156 398/526/387
f 417/549/406 379/550/368 506/608/495
f 447/609/436 450/564/439 493/597/482
f 352/610/341 445/611/434 469/572/458
f 400/588/389 441/612/430 422/576/411
f 410/573/399 403/520/392 420/545/409
f 419/544/408 489/613/478 381/585/370
f 388/594/377 438/590/427 459/586/448
f 420/545/409 384/607/373 410/573/399
f 383/553/372 448/614/437 483/615/472
f 395/570/384 427/616/416 409/617/398
f 427/616/416 440/618/429 499/619/488
f 391/546/380 410/573/399 419/544/408
f 478/599/467 380/543/369 390/542/379
f 398/526/387 408/557/397 412/548/401
f 485/620/474 489/613/478 419/544/408
f 419/544/408 410/573/399 390/542/379
f 424/621/413 414/622/403 495/623/484
f 468/568/457 469/572/458 457/624/446
f 459/586/448 435/625/424 431/587/420
f 387/626/376 427/616/416 499/619/488
f 455/569/444 468/568/457 439/554/428
f 391/546/380 419/544/408 381/585/370
f 418/627/407 446/561/435 397/604/386
f 435/625/424 438/590/427 472/591/461
f 410/573/399 478/599/467 390/542/379
f 473/582/462 465/628/454 393/629/382
f 434/589/423 442/630/431 433/631/422
f 431/587/420 456/632/445 465/628/454
f 436/535/425 452/525/441 492/633/481
f 487/634/476 411/558/400 426/560/415
f 422/576/411 424/621/413 416/598/405
f 444/556/433 431/587/420 439/554/428
f 560/635/549 477/541/466 460/636/449
f 501/637/490 405/531/394 496/638/485
f 405/531/394 462/639/451 472/591/461
f 569/539/558 407/640/396 415/540/404
f 456/632/445 462/639/451 392/641/381
f 471/642/460 350/643/339 349/644/338
f 389/595/378 406/533/395 438/590/427
f 472/591/461 456/632/445 435/625/424
f 541/645/530 501/637/490 496/638/485
f 380/543/369 436/535/425 385/534/374
f 485/620/474 385/534/374 503/584/492
f 436/535/425 408/557/397 398/526/387
f 452/525/441 436/535/425 398/526/387
f 506/608/495 447/609/436 417/549/406
f 464/646/453 490/583/479 393/629/382
f 462/639/451 456/632/445 472/591/461
f 392/641/381 393/629/382 456/632/445
f 388/594/377 387/626/376 428/562/417
f 79/647/68 463/567/452 490/583/479
f 426/560/415 460/636/449 467/648/456
f 492/633/481 503/584/492 436/535/425
f 473/582/462 455/569/444 465/628/454
f 431/587/420 465/628/454 439/554/428
f 492/633/481 452/525/441 432/649/421
f 108/650/97 99/537/88 382/519/371
f 486/574/475 434/589/423 423/575/412
f 453/651/442 471/642/460 470/652/459
f 506/608/495 379/550/368 381/585/370
f 440/618/429 484/653/473 499/619/488
f 484/653/473 440/618/429 485/620/474
f 485/620/474 508/529/497 484/653/473
f 449/603/438 476/602/465 443/654/432
f 401/655/390 466/656/455 487/634/476
f 428/562/417 446/561/435 389/595/378
f 102/657/91 352/610/341 497/571/486
f 485/620/474 440/618/429 507/658/496
f 486/574/475 429/551/418 442/630/431
f 397/604/386 449/603/438 418/627/407
f 462/639/451 501/637/490 532/659/521
f 409/617/398 387/626/376 388/594/377
f 422/576/411 493/597/482 486/574/475
f 489/613/478 450/564/439 447/609/436
f 451/596/440 450/564/439 489/613/478
f 485/620/474 507/658/496 489/613/478
f 483/615/472 448/614/437 425/660/414
f 483/615/472 461/593/450 488/592/477
f 427/616/416 395/570/384 440/618/429
f 502/661/491 508/529/497 503/584/492
f 489/613/478 447/609/436 506/608/495
f 399/565/388 489/613/478 507/658/496
f 523/662/512 475/578/464 212/663/201
f 494/555/483 488/592/477 444/556/433
f 440/618/429 395/570/384 507/658/496
f 453/651/442 400/588/389 434/589/423
f 468/568/457 463/567/452 497/571/486
f 399/565/388 451/596/440 489/613/478
f 507/658/496 395/570/384 399/565/388
f 384/607/373 478/599/467 410/573/399
f 459/586/448 438/590/427 435/625/424
f 409/617/398 459/586/448 425/660/414
f 459/586/448 444/556/433 425/660/414
f 470/652/459 400/588/389 453/651/442
f 392/641/381 464/646/453 393/629/382
f 404/530/393 508/529/497 502/661/491
f 409/617/398 388/594/377 459/586/448
f 457/624/446 469/572/458 445/611/434
f 510/528/499 498/563/487 484/653/473
f 488/592/477 494/555/483 433/631/422
f 409/617/398 448/614/437 395/570/384
f 502/661/491 504/600/493 404/530/393
f 420/545/409 421/538/410 149/664/138
f 245/665/234 411/558/400 487/634/476
f 401/655/390 396/522/385 454/524/443
f 508/529/497 485/620/474 503/584/492
f 467/648/456 487/634/476 426/560/415
f 502/661/491 503/584/492 492/633/481
f 490/583/479 473/582/462 393/629/382
f 487/634/476 467/648/456 401/655/390
f 511/666/500 491/667/480 505/668/494
f 509/601/498 502/661/491 492/633/481
f 448/614/437 394/552/383 395/570/384
f 479/580/468 481/581/470 509/601/498
f 510/528/499 484/653/473 508/529/497
f 356/669/345 400/588/389 470/652/459
f 460/636/449 474/670/463 560/635/549
f 392/641/381 462/639/451 532/659/521
f 383/553/372 483/615/472 429/551/418
f 349/644/338 470/652/459 471/642/460
f 433/631/422 494/555/483 457/624/446
f 415/540/404 481/581/470 480/523/469
f 109/671/98 149/664/138 421/538/410
f 506/608/495 381/585/370 489/613/478
f 493/597/482 416/598/405 447/609/436
f 505/668/494 270/672/259 511/673/500
f 480/523/469 396/522/385 415/540/404
f 467/648/456 477/541/466 396/522/385
f 396/522/385 401/655/390 467/648/456
f 396/522/385 477/541/466 415/540/404
f 407/640/396 481/581/470 415/540/404
f 417/549/406 447/609/436 495/623/484
f 430/674/419 433/631/422 442/630/431
f 414/675/403 417/549/406 495/623/484
f 445/611/434 471/642/460 457/624/446
f 185/559/174 512/676/501 426/560/415
f 447/609/436 416/598/405 495/623/484
f 492/633/481 432/649/421 514/677/503
f 514/677/503 432/649/421 150/678/139
f 433/631/422 453/651/442 434/589/423
f 150/678/139 170/679/159 513/680/502
f 492/633/481 514/677/503 509/601/498
f 385/534/374 485/620/474 419/544/408
f 509/601/498 504/600/493 502/661/491
f 491/667/480 521/681/510 505/668/494
f 437/532/426 438/590/427 406/533/395
f 513/680/502 514/677/503 150/678/139
f 521/681/510 454/524/443 480/523/469
f 466/656/455 245/665/234 487/634/476
f 478/599/467 384/607/373 412/548/401
f 461/593/450 483/615/472 425/660/414
f 406/533/395 418/627/407 500/605/489
f 397/604/386 446/561/435 498/563/487
f 484/653/473 387/626/376 499/619/488
f 509/601/498 515/682/504 479/580/468
f 515/682/504 514/677/503 513/680/502
f 515/682/504 509/601/498 514/677/503
f 518/683/507 171/579/160 475/578/464
f 479/580/468 517/684/506 480/523/469
f 513/680/502 170/679/159 171/579/160
f 479/580/468 515/682/504 517/684/506
f 471/642/460 453/651/442 457/624/446
f 519/685/508 517/684/506 515/682/504
f 513/680/502 519/685/508 515/682/504
f 428/562/417 389/595/378 388/594/377
f 518/683/507 519/685/508 513/680/502
f 405/531/394 500/605/489 496/638/485
f 476/602/465 397/604/386 404/530/393
f 212/663/201 475/578/464 482/686/471
f 516/687/505 518/683/507 475/578/464
f 429/551/418 430/674/419 442/630/431
f 522/688/511 521/681/510 517/684/506
f 397/604/386 510/528/499 404/530/393
f 518/683/507 523/662/512 519/685/508
f 425/660/414 448/614/437 409/617/398
f 513/680/502 171/579/160 518/683/507
f 476/602/465 404/530/393 504/600/493
f 427/616/416 387/626/376 409/617/398
f 510/528/499 397/604/386 498/563/487
f 519/685/508 523/662/512 522/688/511
f 433/631/422 430/674/419 488/592/477
f 446/561/435 418/627/407 406/533/395
f 443/654/432 407/640/396 569/539/558
f 520/689/509 270/672/259 505/668/494
f 491/667/480 454/524/443 521/681/510
f 380/543/369 478/599/467 408/557/397
f 212/663/201 520/689/509 523/662/512
f 517/684/506 521/681/510 480/523/469
f 192/690/181 270/672/259 520/689/509
f 495/623/484 416/598/405 424/621/413
f 465/628/454 455/569/444 439/554/428
f 356/669/345 470/652/459 349/644/338
f 497/571/486 352/610/341 469/572/458
f 428/562/417 484/653/473 498/563/487
f 407/640/396 504/600/493 481/581/470
f 167/527/156 432/649/421 452/525/441
f 418/627/407 449/603/438 549/691/538
f 458/692/447 422/576/411 441/612/430
f 428/562/417 387/626/376 484/653/473
f 471/642/460 445/611/434 350/643/339
f 494/555/483 468/568/457 457/624/446
f 494/555/483 439/554/428 468/568/457
f 500/605/489 418/627/407 496/638/485
f 386/536/375 436/535/425 503/584/492
f 488/592/477 430/674/419 483/615/472
f 456/632/445 393/629/382 465/628/454
f 522/688/511 505/668/494 521/681/510
f 491/667/480 466/656/455 401/655/390
f 453/651/442 433/631/422 457/624/446
f 466/656/455 491/667/480 245/665/234
f 512/676/501 474/670/463 426/560/415
f 443/654/432 476/602/465 407/640/396
f 486/574/475 394/552/383 429/551/418
f 491/667/480 511/666/500 245/665/234
f 477/541/466 467/648/456 460/636/449
f 483/615/472 430/674/419 429/551/418
f 383/553/372 394/552/383 448/614/437
f 405/531/394 472/591/461 437/532/426
f 435/625/424 456/632/445 431/587/420
f 463/567/452 455/569/444 473/582/462
f 536/693/525 490/583/479 464/646/453
f 424/621/413 422/576/411 458/692/447
f 486/574/475 442/630/431 434/589/423
f 405/531/394 501/637/490 462/639/451
f 519/685/508 522/688/511 517/684/506
f 444/556/433 461/593/450 425/660/414
f 491/667/480 401/655/390 454/524/443
f 523/662/512 520/689/509 522/688/511
f 426/560/415 474/670/463 460/636/449
f 516/687/505 475/578/464 523/662/512
f 504/600/493 407/640/396 476/602/465
f 99/537/88 159/694/148 421/538/410
f 523/662/512 518/683/507 516/687/505
f 522/688/511 520/689/509 505/668/494
f 400/588/389 422/576/411 423/575/412
f 526/695/515 392/696/381 532/697/521
f 533/698/522 527/699/516 501/700/490
f 525/701/514 524/702/513 529/703/518
f 531/704/520 530/705/519 527/699/516
f 548/706/537 533/698/522 541/707/530
f 535/708/524 534/709/523 528/710/517
f 524/702/513 526/695/515 527/699/516
f 392/696/381 528/710/517 464/711/453
f 527/699/516 526/695/515 532/697/521
f 526/695/515 524/702/513 535/708/524
f 573/712/562 535/708/524 524/702/513
f 527/699/516 530/705/519 524/702/513
f 573/712/562 524/702/513 525/701/514
f 527/699/516 532/697/521 501/700/490
f 526/695/515 528/710/517 392/696/381
f 530/705/519 531/704/520 529/703/518
f 535/708/524 573/712/562 537/713/526
f 105/714/94 535/708/524 537/713/526
f 528/710/517 534/709/523 536/715/525
f 537/713/526 106/716/95 105/714/94
f 526/695/515 535/708/524 528/710/517
f 533/698/522 548/706/537 531/704/520
f 105/714/94 534/709/523 535/708/524
f 524/702/513 530/705/519 529/703/518
f 531/704/520 527/699/516 533/698/522
f 536/715/525 464/717/453 528/710/517
f 589/718/578 546/719/535 544/720/533
f 538/721/527 544/720/533 546/719/535
f 539/722/528 529/723/518 531/724/520
f 540/725/529 538/721/527 631/726/620
f 548/727/537 539/722/528 531/724/520
f 545/728/534 552/729/541 547/730/536
f 547/730/536 540/725/529 545/728/534
f 539/722/528 550/731/539 576/732/565
f 550/731/539 539/722/528 545/728/534
f 539/722/528 576/732/565 529/723/518
f 543/733/532 538/721/527 540/725/529
f 547/730/536 551/734/540 543/733/532
f 628/735/617 550/731/539 631/726/620
f 544/720/533 543/733/532 589/718/578
f 542/736/531 549/737/538 571/738/560
f 540/725/529 550/731/539 545/728/534
f 541/739/530 545/728/534 548/727/537
f 541/739/530 533/740/522 501/741/490
f 547/730/536 543/733/532 540/725/529
f 538/721/527 546/719/535 623/742/612
f 538/721/527 543/733/532 544/720/533
f 631/726/620 550/731/539 540/725/529
f 548/727/537 545/728/534 539/722/528
f 541/739/530 496/743/485 552/729/541
f 551/734/540 547/730/536 542/736/531
f 549/737/538 552/729/541 496/743/485
f 541/739/530 552/729/541 545/728/534
f 552/729/541 549/737/538 542/736/531
f 589/718/578 623/742/612 546/719/535
f 549/737/538 496/743/485 418/744/407
f 542/736/531 547/730/536 552/729/541
f 571/745/560 549/746/538 553/747/542
f 542/748/531 571/745/560 554/749/543
f 565/750/554 556/751/545 558/752/547
f 549/746/538 449/753/438 553/747/542
f 559/754/548 474/755/463 512/756/501
f 598/757/587 561/758/550 562/759/551
f 567/760/556 559/754/548 557/761/546
f 565/750/554 601/762/590 566/763/555
f 554/749/543 571/745/560 569/764/558
f 558/752/547 556/751/545 555/765/544
f 589/766/578 543/767/532 563/768/552
f 512/756/501 185/769/174 561/758/550
f 559/754/548 512/756/501 564/770/553
f 564/770/553 561/758/550 565/750/554
f 555/765/544 551/771/540 567/760/556
f 553/747/542 449/753/438 443/772/432
f 554/749/543 551/773/540 542/748/531
f 512/756/501 561/758/550 564/770/553
f 560/774/549 568/775/557 477/776/466
f 559/754/548 567/760/556 560/774/549
f 555/765/544 567/760/556 558/752/547
f 568/775/557 560/774/549 567/760/556
f 565/750/554 558/752/547 564/770/553
f 443/772/432 571/745/560 553/747/542
f 556/751/545 565/750/554 566/763/555
f 554/749/543 570/777/559 551/771/540
f 559/754/548 564/770/553 558/752/547
f 554/749/543 569/764/558 568/775/557
f 555/765/544 563/768/552 551/771/540
f 570/777/559 567/760/556 551/771/540
f 569/764/558 571/745/560 443/772/432
f 589/766/578 563/768/552 588/778/577
f 477/776/466 568/775/557 569/764/558
f 559/754/548 560/774/549 474/755/463
f 563/768/552 543/767/532 551/771/540
f 558/752/547 567/760/556 557/761/546
f 588/778/577 555/765/544 592/779/581
f 588/778/577 563/768/552 555/765/544
f 557/761/546 559/754/548 558/752/547
f 568/775/557 570/777/559 554/749/543
f 565/750/554 561/758/550 598/757/587
f 567/760/556 570/777/559 568/775/557
f 577/780/566 164/781/153 169/782/158
f 580/783/569 582/784/571 101/785/90
f 578/786/567 529/787/518 576/788/565
f 575/789/564 574/790/563 580/783/569
f 578/786/567 573/791/562 525/792/514
f 525/792/514 529/787/518 578/786/567
f 583/793/572 579/794/568 577/780/566
f 575/789/564 580/783/569 106/795/95
f 579/794/568 583/793/572 584/796/573
f 576/788/565 584/796/573 582/784/571
f 582/784/571 580/783/569 574/790/563
f 574/790/563 575/789/564 573/791/562
f 575/789/564 106/795/95 537/797/526
f 575/789/564 537/797/526 573/791/562
f 572/798/561 582/784/571 574/790/563
f 577/780/566 579/794/568 173/799/162
f 584/796/573 550/800/539 581/801/570
f 578/786/567 572/798/561 574/790/563
f 578/786/567 576/788/565 572/798/561
f 580/783/569 90/802/79 106/795/95
f 579/794/568 581/801/570 155/803/144
f 581/801/570 579/794/568 584/796/573
f 584/796/573 583/793/572 582/784/571
f 101/785/90 577/780/566 97/804/86
f 583/793/572 577/780/566 101/785/90
f 576/788/565 550/800/539 584/796/573
f 574/790/563 573/791/562 578/786/567
f 572/798/561 576/788/565 582/784/571
f 101/785/90 582/784/571 583/793/572
f 600/805/589 615/806/604 613/807/602
f 596/808/585 585/809/574 587/810/576
f 586/811/575 585/809/574 597/812/586
f 586/811/575 605/813/594 585/809/574
f 600/805/589 597/812/586 596/808/585
f 606/814/595 591/815/580 605/813/594
f 586/811/575 606/814/595 605/813/594
f 596/808/585 604/816/593 594/817/583
f 592/818/581 607/819/596 588/820/577
f 604/816/593 599/821/588 594/817/583
f 610/822/599 608/823/597 614/824/603
f 592/818/581 611/825/600 607/819/596
f 607/819/596 623/826/612 589/827/578
f 599/821/588 277/828/266 309/829/298
f 599/821/588 309/829/298 594/817/583
f 594/817/583 600/805/589 596/808/585
f 615/806/604 600/805/589 309/829/298
f 629/830/618 603/831/592 609/832/598
f 611/825/600 595/833/584 591/815/580
f 620/834/609 612/835/601 626/836/615
f 588/820/577 607/819/596 589/827/578
f 609/832/598 612/835/601 630/837/619
f 309/829/298 600/805/589 594/817/583
f 600/805/589 590/838/579 597/812/586
f 593/839/582 603/831/592 591/815/580
f 591/815/580 595/833/584 592/818/581
f 602/840/591 231/841/220 604/816/593
f 604/816/593 587/810/576 602/840/591
f 591/815/580 603/831/592 611/825/600
f 592/818/581 595/833/584 611/825/600
f 585/809/574 598/842/587 602/840/591
f 629/830/618 607/819/596 611/825/600
f 607/819/596 629/830/618 623/826/612
f 614/824/603 590/838/579 600/805/589
f 318/843/307 610/822/599 613/807/602
f 608/823/597 590/838/579 614/824/603
f 597/812/586 593/839/582 586/811/575
f 587/810/576 604/816/593 596/808/585
f 608/823/597 609/832/598 590/838/579
f 629/830/618 611/825/600 603/831/592
f 585/809/574 596/808/585 597/812/586
f 556/844/545 566/845/555 601/846/590
f 231/841/220 599/821/588 604/816/593
f 556/844/545 605/813/594 592/818/581
f 593/839/582 597/812/586 590/838/579
f 592/818/581 555/847/544 556/844/545
f 606/814/595 586/811/575 593/839/582
f 605/813/594 591/815/580 592/818/581
f 603/831/592 593/839/582 590/838/579
f 612/835/601 609/832/598 608/823/597
f 565/848/554 598/842/587 601/846/590
f 590/838/579 609/832/598 603/831/592
f 602/840/591 598/842/587 191/849/180
f 598/842/587 585/809/574 601/846/590
f 605/813/594 601/846/590 585/809/574
f 587/810/576 585/809/574 602/840/591
f 614/824/603 600/805/589 613/807/602
f 318/843/307 613/807/602 615/806/604
f 630/837/619 629/830/618 609/832/598
f 613/807/602 610/822/599 614/824/603
f 610/822/599 626/836/615 612/835/601
f 593/839/582 591/815/580 606/814/595
f 605/813/594 556/844/545 601/846/590
f 610/822/599 612/835/601 608/823/597
f 625/850/614 616/851/605 633/852/622
f 581/853/570 146/854/135 155/855/144
f 581/853/570 550/856/539 628/857/617
f 627/858/616 619/859/608 624/860/613
f 538/861/527 622/862/611 619/859/608
f 581/853/570 628/857/617 618/863/607
f 612/864/601 620/865/609 630/866/619
f 618/863/607 619/859/608 627/858/616
f 621/867/610 616/851/605 625/850/614
f 619/859/608 622/862/611 625/850/614
f 617/868/606 629/869/618 630/866/619
f 620/865/609 625/850/614 630/866/619
f 617/868/606 623/870/612 629/869/618
f 633/852/622 619/859/608 625/850/614
f 617/868/606 538/871/527 623/870/612
f 163/872/152 633/852/622 616/851/605
f 631/873/620 619/859/608 628/857/617
f 625/850/614 620/865/609 621/867/610
f 618/863/607 146/854/135 581/853/570
f 619/859/608 618/863/607 628/857/617
f 616/851/605 621/867/610 632/874/621
f 625/850/614 617/868/606 630/866/619
f 619/859/608 631/873/620 538/861/527
f 618/863/607 627/858/616 146/854/135
f 339/875/328 632/874/621 620/865/609
f 538/871/527 617/868/606 622/862/611
f 617/868/606 625/850/614 622/862/611
f 620/865/609 632/874/621 621/867/610
f 620/865/609 626/876/615 341/877/330
f 632/874/621 163/872/152 616/851/605
f 624/860/613 633/852/622 163/872/152
f 633/852/622 624/860/613 619/859/608
f 635/878/624 636/879/625 637/880/626
f 652/881/638 310/882/299 637/880/626
f 642/883/629 643/884/630 644/885/631
f 646/886/633 310/882/299 650/887/637
f 637/880/626 645/888/632 641/889/628
f 647/890/634 646/886/633 660/891/645
f 34/892/33 652/881/638 641/889/628
f 310/882/299 663/893/648 650/887/637
f 637/880/626 641/889/628 652/881/638
f 646/886/633 650/887/637 638/894/627
f 342/895/331 665/896/649 662/897/647
f 663/893/648 659/898/644 658/899/643
f 670/900/652 661/901/646 655/902/640
f 665/896/649 655/902/640 661/901/646
f 657/903/642 342/895/331 662/897/647
f 704/904/682 649/905/636 654/906/639
f 667/907/651 659/898/644 304/908/293
f 659/898/644 663/893/648 304/908/293
f 638/894/627 650/887/637 673/909/654
f 655/902/640 665/896/649 342/895/331
f 655/902/640 654/906/639 670/900/652
f 649/905/636 648/910/635 654/906/639
f 642/883/629 646/886/633 638/894/627
f 656/911/641 667/907/651 304/908/293
f 655/902/640 704/904/682 654/906/639
f 641/889/628 634/912/623 34/892/33
f 663/893/648 658/899/643 650/887/637
f 342/895/331 656/911/641 304/908/293
f 646/886/633 635/878/624 637/880/626
f 642/883/629 638/894/627 643/884/630
f 657/903/642 656/911/641 342/895/331
f 646/886/633 642/883/629 660/891/645
f 637/880/626 310/882/299 646/886/633
f 682/913/660 215/914/204 683/915/661
f 691/916/669 692/917/670 729/918/707
f 683/915/661 215/914/204 688/919/666
f 682/913/660 683/915/661 690/920/668
f 693/921/671 700/922/678 677/923/655
f 679/924/657 225/925/214 689/926/667
f 681/927/659 684/928/662 680/929/658
f 672/930/653 704/931/682 697/932/675
f 677/923/655 698/933/676 705/934/683
f 678/935/656 258/936/247 188/937/177
f 709/938/687 710/939/688 701/940/679
f 677/923/655 700/922/678 706/941/684
f 188/937/177 712/942/690 678/935/656
f 701/940/679 686/943/664 699/944/677
f 694/945/672 686/943/664 710/939/688
f 685/946/663 258/936/247 695/947/673
f 199/948/188 687/949/665 225/925/214
f 710/939/688 709/938/687 698/933/676
f 699/944/677 702/950/680 701/940/679
f 717/951/695 719/952/697 720/953/698
f 723/954/701 721/955/699 54/956/49
f 721/955/699 722/957/700 261/958/250
f 716/959/694 715/960/693 256/961/245
f 256/961/245 261/958/250 722/957/700
f 721/955/699 261/958/250 257/962/246
f 697/932/675 284/963/273 694/945/672
f 707/964/685 706/941/684 700/922/678
f 188/937/177 256/961/245 720/953/698
f 727/965/705 699/944/677 686/943/664
f 722/957/700 716/959/694 256/961/245
f 725/966/703 727/965/705 225/925/214
f 715/960/693 717/951/695 256/961/245
f 729/918/707 685/946/663 718/967/696
f 225/925/214 679/924/657 725/966/703
f 257/962/246 54/956/49 721/955/699
f 730/968/708 729/918/707 731/969/709
f 733/970/711 691/916/669 730/968/708
f 691/916/669 733/970/711 734/971/712
f 694/945/672 710/939/688 697/932/675
f 713/972/691 698/933/676 709/938/687
f 655/973/640 284/963/273 704/931/682
f 733/970/711 728/974/706 734/971/712
f 188/937/177 720/953/698 712/942/690
f 711/975/689 267/976/256 729/918/707
f 684/928/662 681/927/659 267/976/256
f 692/917/670 711/975/689 729/918/707
f 720/953/698 256/961/245 717/951/695
f 726/977/704 712/942/690 720/953/698
f 215/914/204 200/978/189 688/919/666
f 729/918/707 730/968/708 691/916/669
f 729/918/707 267/976/256 685/946/663
f 718/967/696 735/979/713 729/918/707
f 734/971/712 724/980/702 691/916/669
f 681/927/659 200/978/189 267/976/256
f 732/981/710 731/969/709 729/918/707
f 732/981/710 729/918/707 735/979/713
f 267/976/256 711/975/689 684/928/662
f 681/927/659 688/919/666 200/978/189
f 682/913/660 687/949/665 199/948/188
f 284/963/273 697/932/675 704/931/682
f 705/934/683 698/933/676 713/972/691
f 695/947/673 708/982/686 685/946/663
f 672/930/653 666/983/650 704/931/682
f 703/984/681 677/923/655 706/941/684
f 714/985/692 698/933/676 677/923/655
f 677/923/655 705/934/683 693/921/671
f 685/946/663 708/982/686 718/967/696
f 258/936/247 678/935/656 696/986/674
f 710/939/688 698/933/676 697/932/675
f 686/943/664 701/940/679 710/939/688
f 727/965/705 686/943/664 225/925/214
f 695/947/673 258/936/247 696/986/674
f 687/949/665 689/926/667 225/925/214
l 45 56
l 50 51
l 52 57
l 651 660
l 56 62
l 640 651
l 668 670
l 14 67
l 21 48
l 58 68
l 636 674
l 44 45
l 59 66
l 48 69
