# Blender 5.1.1
# www.blender.org
o propane_tank
v 0.000000 0.061364 -0.140245
v -0.129570 0.061364 0.053669
v -0.099168 0.061364 0.099168
v -0.000000 0.061364 0.140245
v 0.000000 0.000027 -0.154371
v -0.059075 0.000027 -0.142621
v -0.109157 0.000027 -0.109157
v -0.142621 0.000027 -0.059075
v -0.154371 0.000027 0.000000
v -0.142621 0.000027 0.059075
v -0.109157 0.000027 0.109157
v -0.059075 0.000027 0.142621
v -0.000000 0.000027 0.154371
v 0.000000 0.057961 -0.142273
v -0.000000 0.057961 0.142273
v -0.142273 0.057961 0.000000
v 0.000000 0.044549 -0.150265
v -0.000000 0.044549 0.150265
v -0.150265 0.044549 0.000000
v 0.000000 0.058668 -0.135462
v -0.051839 0.058668 -0.125151
v -0.095786 0.058668 -0.095786
v -0.000000 0.058668 0.135462
v 0.000000 0.000027 -0.148818
v -0.056950 0.000027 -0.137489
v -0.105230 0.000027 -0.105230
v -0.137489 0.000027 -0.056950
v -0.148818 0.000027 0.000000
v -0.137489 0.000027 0.056950
v -0.105230 0.000027 0.105230
v -0.056950 0.000027 0.137489
v -0.000000 0.000027 0.148818
v 0.000000 0.055089 -0.137545
v -0.000000 0.055089 0.137546
v -0.137546 0.055089 0.000172
v 0.000000 0.041677 -0.145537
v -0.000000 0.041677 0.145537
v -0.145537 0.041677 -0.000145
v -0.000000 0.460755 0.029559
v -0.000000 0.391298 0.164706
v -0.000000 0.455468 0.086112
v -0.000000 0.440166 0.129978
v -0.000000 0.418748 0.155026
v -0.011312 0.460755 0.027309
v -0.063030 0.391298 0.152168
v -0.032954 0.455468 0.079557
v -0.049740 0.440166 0.120084
v -0.059326 0.418748 0.143225
v -0.020902 0.460755 0.020902
v -0.116464 0.391298 0.116464
v -0.060891 0.455468 0.060891
v -0.091908 0.440166 0.091908
v -0.109620 0.418748 0.109620
v -0.027309 0.460755 0.011312
v -0.152168 0.391298 0.063030
v -0.079557 0.455468 0.032954
v -0.120084 0.440166 0.049740
v -0.143225 0.418748 0.059326
v -0.029559 0.460755 -0.000000
v -0.164706 0.391298 -0.000000
v -0.086112 0.455468 -0.000000
v -0.129978 0.440166 -0.000000
v -0.155026 0.418748 0.000000
v -0.027309 0.460755 -0.011312
v -0.152168 0.391298 -0.063030
v -0.079557 0.455468 -0.032954
v -0.120084 0.440166 -0.049740
v -0.143225 0.418748 -0.059326
v -0.020902 0.460755 -0.020902
v -0.116464 0.391298 -0.116464
v -0.060891 0.455468 -0.060891
v -0.091908 0.440166 -0.091908
v -0.109620 0.418748 -0.109620
v -0.011312 0.460755 -0.027309
v -0.063030 0.391298 -0.152168
v -0.032954 0.455468 -0.079557
v -0.049740 0.440166 -0.120084
v -0.059326 0.418748 -0.143225
v 0.000000 0.460755 -0.029559
v 0.000000 0.391298 -0.164706
v 0.000000 0.455468 -0.086112
v 0.000000 0.440166 -0.129978
v 0.000000 0.418748 -0.155026
v -0.000000 0.098591 0.164706
v 0.000000 0.024429 0.000000
v -0.000000 0.076109 0.156588
v -0.000000 0.038593 0.096812
v -0.000000 0.028059 0.050897
v -0.063030 0.098591 0.152168
v -0.059924 0.076109 0.144669
v -0.053669 0.061364 0.129570
v -0.037048 0.038593 0.089442
v -0.019477 0.028059 0.047023
v -0.116464 0.098591 0.116464
v -0.110725 0.076109 0.110725
v -0.068456 0.038593 0.068456
v -0.035990 0.028059 0.035989
v -0.152168 0.098591 0.063030
v -0.144669 0.076109 0.059924
v -0.089442 0.038593 0.037048
v -0.047023 0.028059 0.019477
v -0.164706 0.098591 -0.000000
v -0.156588 0.076109 0.000000
v -0.140245 0.061364 0.000000
v -0.096812 0.038593 -0.000000
v -0.050897 0.028059 -0.000000
v -0.152168 0.098591 -0.063030
v -0.144669 0.076109 -0.059924
v -0.129570 0.061364 -0.053669
v -0.089442 0.038593 -0.037048
v -0.047023 0.028059 -0.019477
v -0.116464 0.098591 -0.116464
v -0.110725 0.076109 -0.110725
v -0.099168 0.061364 -0.099168
v -0.068456 0.038593 -0.068456
v -0.035989 0.028059 -0.035990
v -0.063030 0.098591 -0.152168
v -0.059924 0.076109 -0.144669
v -0.053669 0.061364 -0.129570
v -0.037048 0.038593 -0.089442
v -0.019477 0.028059 -0.047023
v 0.000000 0.098591 -0.164706
v 0.000000 0.076109 -0.156588
v 0.000000 0.038593 -0.096812
v 0.000000 0.028059 -0.050897
v -0.051839 0.058668 0.125151
v -0.095786 0.058668 0.095786
v -0.125151 0.058668 0.051839
v -0.135462 0.058668 0.000000
v -0.125151 0.058668 -0.051839
v 0.000000 0.037657 -0.154371
v -0.059075 0.037657 -0.142621
v -0.109157 0.037657 -0.109157
v -0.142621 0.037657 -0.059075
v -0.154371 0.037657 0.000000
v -0.142621 0.037657 0.059075
v -0.109157 0.037657 0.109157
v -0.059075 0.037657 0.142621
v -0.000000 0.037657 0.154371
v 0.000000 0.036151 -0.148819
v -0.056950 0.036151 -0.137490
v -0.105231 0.036151 -0.105231
v -0.137490 0.036151 -0.056950
v -0.148819 0.036151 0.000000
v -0.137490 0.036151 0.056950
v -0.105231 0.036151 0.105231
v -0.056950 0.036151 0.137490
v -0.000000 0.036151 0.148819
v -0.027756 0.057961 0.139539
v -0.026665 0.055089 0.134936
v -0.032132 0.391298 0.161541
v -0.030244 0.418748 0.152047
v -0.025357 0.440166 0.127481
v -0.016800 0.455468 0.084458
v -0.032132 0.098591 0.161541
v -0.030549 0.076109 0.153580
v -0.018887 0.038593 0.094951
v -0.009929 0.028059 0.049919
v -0.027360 0.061364 0.137550
v -0.026427 0.058668 0.132859
v -0.085764 0.000027 0.128355
v -0.082679 0.000027 0.123737
v -0.091506 0.391298 0.136948
v -0.086128 0.418748 0.128900
v -0.072212 0.440166 0.108073
v -0.047841 0.455468 0.071600
v -0.091506 0.098591 0.136948
v -0.086996 0.076109 0.130198
v -0.053786 0.038593 0.080496
v -0.028277 0.028059 0.042319
v -0.075259 0.058668 0.112633
v -0.077916 0.061364 0.116610
v -0.085764 0.037657 0.128355
v -0.082679 0.036151 0.123738
v -0.116610 0.061364 0.077916
v -0.128355 0.000027 0.085764
v -0.123737 0.000027 0.082679
v -0.136948 0.391298 0.091506
v -0.128900 0.418748 0.086128
v -0.108073 0.440166 0.072212
v -0.071600 0.455468 0.047841
v -0.136948 0.098591 0.091506
v -0.130198 0.076109 0.086996
v -0.080496 0.038593 0.053786
v -0.042319 0.028059 0.028277
v -0.112633 0.058668 0.075259
v -0.128355 0.037657 0.085764
v -0.123738 0.036151 0.082679
v -0.139539 0.057961 0.027756
v -0.134869 0.055089 0.027002
v -0.161541 0.391298 0.032132
v -0.152047 0.418748 0.030244
v -0.127481 0.440166 0.025357
v -0.084458 0.455468 0.016800
v -0.161541 0.098591 0.032132
v -0.153580 0.076109 0.030549
v -0.094951 0.038593 0.018887
v -0.049919 0.028059 0.009929
v -0.132859 0.058668 0.026427
v -0.137550 0.061364 0.027360
v -0.139539 0.057961 -0.027756
v -0.134936 0.055089 -0.026665
v -0.161541 0.391298 -0.032132
v -0.152047 0.418748 -0.030244
v -0.127481 0.440166 -0.025357
v -0.084458 0.455468 -0.016800
v -0.161541 0.098591 -0.032132
v -0.153580 0.076109 -0.030549
v -0.137550 0.061364 -0.027360
v -0.094951 0.038593 -0.018887
v -0.049919 0.028059 -0.009929
v -0.132859 0.058668 -0.026427
v -0.128355 0.000027 -0.085764
v -0.123737 0.000027 -0.082679
v -0.136948 0.391298 -0.091506
v -0.128900 0.418748 -0.086128
v -0.108073 0.440166 -0.072212
v -0.071600 0.455468 -0.047841
v -0.136948 0.098591 -0.091506
v -0.130198 0.076109 -0.086996
v -0.116609 0.061364 -0.077916
v -0.080496 0.038593 -0.053786
v -0.042319 0.028059 -0.028277
v -0.112633 0.058668 -0.075259
v -0.128355 0.037657 -0.085764
v -0.123738 0.036151 -0.082679
v -0.085764 0.000027 -0.128355
v -0.075259 0.058668 -0.112633
v -0.082679 0.000027 -0.123737
v -0.091506 0.391298 -0.136948
v -0.086128 0.418748 -0.128899
v -0.072212 0.440166 -0.108073
v -0.047841 0.455468 -0.071600
v -0.091506 0.098591 -0.136948
v -0.086996 0.076109 -0.130198
v -0.077916 0.061364 -0.116609
v -0.053786 0.038593 -0.080496
v -0.028277 0.028059 -0.042319
v -0.085764 0.037657 -0.128355
v -0.082679 0.036151 -0.123738
v -0.027756 0.057961 -0.139539
v -0.026427 0.058668 -0.132859
v -0.027002 0.055089 -0.134869
v -0.032132 0.391298 -0.161541
v -0.030244 0.418748 -0.152047
v -0.025357 0.440166 -0.127481
v -0.016800 0.455468 -0.084458
v -0.032132 0.098591 -0.161541
v -0.030549 0.076109 -0.153580
v -0.018887 0.038593 -0.094951
v -0.009929 0.028059 -0.049919
v -0.027360 0.061364 -0.137550
v -0.030116 0.000027 -0.151405
v -0.029315 0.044549 -0.147377
v -0.029033 0.000027 -0.145958
v -0.028251 0.041677 -0.142769
v -0.030116 0.037657 -0.151405
v -0.029033 0.036151 -0.145959
v -0.030116 0.000027 0.151405
v -0.029315 0.044549 0.147377
v -0.029033 0.000027 0.145958
v -0.028535 0.041677 0.142713
v -0.030116 0.037657 0.151405
v -0.029033 0.036151 0.145959
v -0.151405 0.000027 0.030116
v -0.147377 0.044549 0.029315
v -0.145958 0.000027 0.029033
v -0.142769 0.041677 0.028251
v -0.151405 0.037657 0.030116
v -0.145959 0.036151 0.029033
v -0.151405 0.000027 -0.030116
v -0.147377 0.044549 -0.029315
v -0.145958 0.000027 -0.029033
v -0.142713 0.041677 -0.028535
v -0.151405 0.037657 -0.030116
v -0.145959 0.036151 -0.029033
v -0.000000 0.471763 0.017736
v -0.006787 0.471763 0.016386
v -0.012541 0.471763 0.012541
v -0.016386 0.471763 0.006787
v -0.017736 0.471763 -0.000000
v -0.016386 0.471763 -0.006787
v -0.012541 0.471763 -0.012541
v -0.006787 0.471763 -0.016386
v 0.000000 0.471763 -0.017736
v -0.022648 0.467388 -0.009381
v 0.000000 0.467388 -0.024514
v -0.017334 0.467388 0.017334
v -0.009381 0.467388 -0.022648
v -0.000000 0.467388 0.024514
v -0.009381 0.467388 0.022648
v -0.024514 0.467388 -0.000000
v -0.017334 0.467388 -0.017334
v -0.022648 0.467388 0.009381
v -0.000000 0.478627 0.017531
v -0.006709 0.478627 0.016197
v -0.012396 0.478627 0.012396
v -0.016197 0.478627 0.006709
v -0.017531 0.478627 -0.000000
v -0.016197 0.478627 -0.006709
v -0.012396 0.478627 -0.012396
v -0.006709 0.478627 -0.016197
v 0.000000 0.478627 -0.017531
v 0.000000 0.244945 -0.168681
v -0.032908 0.244945 0.165440
v -0.000000 0.244945 0.168681
v -0.093714 0.244945 0.140253
v -0.064551 0.244945 0.155841
v -0.140253 0.244945 0.093714
v -0.119275 0.244945 0.119275
v -0.165440 0.244945 0.032908
v -0.155841 0.244945 0.064551
v -0.165440 0.244945 -0.032908
v -0.168681 0.244945 -0.000000
v -0.140253 0.244945 -0.093714
v -0.155841 0.244945 -0.064551
v -0.093714 0.244945 -0.140253
v -0.119275 0.244945 -0.119275
v -0.032908 0.244945 -0.165440
v -0.064551 0.244945 -0.155841
v -0.000000 0.234849 0.164706
v -0.000000 0.255040 0.164706
v -0.000000 0.239074 0.167199
v -0.000000 0.250815 0.167199
v -0.063030 0.234849 0.152168
v -0.063030 0.255040 0.152168
v -0.063984 0.239074 0.154472
v -0.063984 0.250815 0.154472
v -0.116464 0.234849 0.116464
v -0.116464 0.255040 0.116464
v -0.118227 0.239074 0.118227
v -0.118227 0.250815 0.118227
v -0.152168 0.234849 0.063030
v -0.152168 0.255040 0.063030
v -0.154472 0.239074 0.063984
v -0.154472 0.250815 0.063984
v -0.164706 0.234849 -0.000000
v -0.164706 0.255040 -0.000000
v -0.167199 0.239074 -0.000000
v -0.167199 0.250815 -0.000000
v -0.152168 0.234849 -0.063030
v -0.152168 0.255040 -0.063030
v -0.154472 0.239074 -0.063984
v -0.154472 0.250815 -0.063984
v -0.116464 0.234849 -0.116464
v -0.116464 0.255040 -0.116464
v -0.118227 0.239074 -0.118227
v -0.118227 0.250815 -0.118227
v -0.063030 0.234849 -0.152168
v -0.063030 0.255040 -0.152168
v -0.063984 0.239074 -0.154472
v -0.063984 0.250815 -0.154472
v 0.000000 0.234849 -0.164706
v 0.000000 0.255040 -0.164706
v 0.000000 0.239074 -0.167199
v 0.000000 0.250815 -0.167199
v -0.032132 0.255040 0.161541
v -0.032132 0.234849 0.161541
v -0.032619 0.250815 0.163986
v -0.032619 0.239074 0.163986
v -0.091506 0.255040 0.136948
v -0.091506 0.234849 0.136948
v -0.092891 0.250815 0.139021
v -0.092891 0.239074 0.139021
v -0.136948 0.255040 0.091506
v -0.136948 0.234849 0.091506
v -0.139021 0.250815 0.092891
v -0.139021 0.239074 0.092891
v -0.161541 0.255040 0.032132
v -0.161541 0.234849 0.032132
v -0.163986 0.250815 0.032619
v -0.163986 0.239074 0.032619
v -0.161541 0.255040 -0.032132
v -0.161541 0.234849 -0.032132
v -0.163986 0.250815 -0.032619
v -0.163986 0.239074 -0.032619
v -0.136948 0.255040 -0.091506
v -0.136948 0.234849 -0.091506
v -0.139021 0.250815 -0.092891
v -0.139021 0.239074 -0.092891
v -0.091506 0.255040 -0.136948
v -0.091506 0.234849 -0.136948
v -0.092891 0.250815 -0.139021
v -0.092891 0.239074 -0.139021
v -0.032132 0.255040 -0.161541
v -0.032132 0.234849 -0.161541
v -0.032619 0.250815 -0.163986
v -0.032619 0.239074 -0.163986
v -0.000000 0.451070 0.102582
v -0.039256 0.451070 0.094773
v -0.072536 0.451070 0.072536
v -0.094773 0.451070 0.039256
v -0.102582 0.451070 -0.000000
v -0.094773 0.451070 -0.039256
v -0.072536 0.451070 -0.072536
v -0.039256 0.451070 -0.094773
v 0.000000 0.451070 -0.102582
v -0.020013 0.451070 0.100611
v -0.056991 0.451070 0.085294
v -0.085294 0.451070 0.056991
v -0.100611 0.451070 0.020013
v -0.100611 0.451070 -0.020013
v -0.085294 0.451070 -0.056991
v -0.056991 0.451070 -0.085294
v -0.020013 0.451070 -0.100611
v -0.054204 0.452249 0.081900
v -0.081900 0.452249 0.054204
v -0.081624 0.452249 -0.054539
v -0.054204 0.452249 -0.081900
v -0.069415 0.452249 0.069415
v -0.090901 0.452249 -0.037184
v -0.069415 0.452249 -0.069415
v 0.000000 0.469171 -0.098169
v 0.000000 0.532369 -0.098075
v 0.000000 0.547423 -0.099035
v 0.000000 0.549127 -0.098888
v 0.000000 0.550018 -0.100094
v -0.098169 0.469171 -0.000000
v -0.096283 0.469171 -0.019152
v -0.090756 0.469171 -0.037435
v -0.081625 0.469171 -0.054540
v -0.069416 0.469171 -0.069416
v -0.054422 0.469171 -0.081709
v -0.037568 0.469171 -0.090696
v -0.019152 0.469171 -0.096283
v -0.054204 0.469171 0.081900
v -0.069416 0.469171 0.069416
v -0.081709 0.469171 0.054422
v -0.090696 0.469171 0.037568
v -0.096283 0.469171 0.019152
v -0.098169 0.484107 -0.000000
v -0.096283 0.484107 -0.019152
v -0.090758 0.484105 -0.037431
v -0.081710 0.484106 0.054420
v -0.090696 0.484107 0.037568
v -0.096283 0.484107 0.019152
v -0.098131 0.533710 -0.000097
v -0.096232 0.531533 -0.019392
v -0.090776 0.524934 -0.037352
v -0.081519 0.532395 -0.054466
v -0.069358 0.532391 -0.069372
v -0.054489 0.532382 -0.081557
v -0.037528 0.532375 -0.090612
v -0.019131 0.532370 -0.096190
v -0.054190 0.532498 0.081895
v -0.069419 0.532498 0.069366
v -0.081734 0.525023 0.054360
v -0.090751 0.531632 0.037864
v -0.096305 0.533750 0.019236
v -0.099577 0.547463 -0.001326
v -0.097664 0.547455 -0.018881
v -0.091999 0.547448 -0.037561
v -0.082797 0.547441 -0.054777
v -0.070414 0.547435 -0.069868
v -0.055324 0.547430 -0.082252
v -0.038108 0.547426 -0.091455
v -0.019427 0.547424 -0.097122
v -0.055656 0.547491 0.081190
v -0.070409 0.547491 0.069083
v -0.082793 0.547485 0.053994
v -0.091995 0.547478 0.036780
v -0.097663 0.547471 0.018100
v -0.100441 0.550054 0.000424
v -0.097870 0.549375 -0.018344
v -0.098479 0.550022 -0.019196
v -0.092741 0.549993 -0.038018
v -0.083658 0.550035 -0.055445
v -0.071148 0.550043 -0.070697
v -0.055884 0.550027 -0.083183
v -0.038483 0.550024 -0.092459
v -0.019615 0.550020 -0.098166
v -0.055629 0.549777 0.084620
v -0.071237 0.549726 0.071678
v -0.083822 0.549495 0.056479
v -0.092975 0.550011 0.039012
v -0.098579 0.550029 0.020077
v -0.099804 0.549442 -0.000697
v -0.099547 0.548221 -0.001278
v -0.092176 0.549329 -0.037109
v -0.082967 0.549330 -0.054397
v -0.070540 0.549269 -0.069560
v -0.055399 0.549214 -0.082010
v -0.038141 0.549172 -0.091263
v -0.019436 0.549142 -0.096966
v -0.055476 0.549774 0.082565
v -0.070575 0.549697 0.069979
v -0.083017 0.549626 0.054875
v -0.092227 0.549633 0.037597
v -0.097891 0.549527 0.018817
v -0.083912 0.528035 0.050460
v -0.091759 0.527583 -0.034114
v -0.094742 0.530004 0.000452
v -0.092946 0.528043 -0.018515
v -0.087348 0.528016 0.037601
v -0.092854 0.529995 0.019381
v -0.088688 0.524648 -0.032856
v -0.080902 0.524935 0.049968
v -0.090109 0.530472 0.001069
v -0.088232 0.528508 -0.017841
v -0.082804 0.528365 0.038156
v -0.088277 0.530424 0.019971
v -0.076407 0.525233 0.050162
v -0.083984 0.525155 -0.031831
v -0.091988 0.528794 0.000728
v -0.091096 0.529072 0.001021
v -0.091988 0.528794 0.000728
v -0.090138 0.526827 -0.017933
v -0.089220 0.527099 -0.017869
v -0.090138 0.526827 -0.017933
v -0.083841 0.526962 0.038077
v -0.084786 0.526868 0.037325
v -0.084786 0.526868 0.037325
v -0.089281 0.529028 0.019896
v -0.090182 0.528807 0.019355
v -0.090182 0.528807 0.019355
v -0.078552 0.523811 0.049495
v -0.077505 0.523759 0.050115
v -0.078552 0.523811 0.049495
v -0.084990 0.523729 -0.031844
v -0.085977 0.523479 -0.031977
v -0.085977 0.523479 -0.031977
v -0.091155 0.526565 -0.036246
v -0.082642 0.526771 0.052884
v -0.096798 0.531894 0.000170
v -0.089377 0.529798 0.037878
v -0.082736 0.526637 0.050426
v -0.095101 0.529705 -0.019064
v -0.094923 0.531889 0.019390
v -0.090716 0.526256 -0.033665
v 0.000000 0.469171 -0.102602
v 0.000000 0.532118 -0.102509
v 0.000000 0.547238 -0.096478
v 0.000000 0.553730 -0.100619
v 0.000000 0.550497 -0.102828
v 0.000000 0.552633 -0.102165
v 0.000000 0.551025 -0.096320
v 0.000000 0.553434 -0.097956
v -0.102602 0.469171 -0.000000
v -0.100631 0.469171 -0.020017
v -0.094792 0.469171 -0.039264
v -0.085311 0.469171 -0.057003
v -0.072551 0.469171 -0.072551
v -0.057003 0.469171 -0.085311
v -0.039264 0.469171 -0.094792
v -0.020017 0.469171 -0.100631
v -0.057003 0.469171 0.085311
v -0.072551 0.469171 0.072551
v -0.085311 0.469171 0.057003
v -0.094792 0.469171 0.039264
v -0.100631 0.469171 0.020017
v -0.102602 0.484107 -0.000000
v -0.100631 0.484107 -0.020017
v -0.094792 0.484107 -0.039264
v -0.085311 0.484107 0.057003
v -0.094792 0.484107 0.039264
v -0.100631 0.484107 0.020017
v -0.102393 0.532118 -0.000037
v -0.100485 0.530013 -0.020014
v -0.094792 0.524713 -0.039264
v -0.085189 0.532118 -0.056948
v -0.072493 0.532118 -0.072508
v -0.056948 0.532118 -0.085246
v -0.039222 0.532118 -0.094710
v -0.019994 0.532118 -0.100538
v -0.056997 0.532118 0.085299
v -0.072527 0.532118 0.072521
v -0.085311 0.524713 0.057003
v -0.094781 0.530013 0.039258
v -0.100493 0.532118 0.019964
v -0.095149 0.547238 -0.001329
v -0.093321 0.547238 -0.019891
v -0.087906 0.547238 -0.037741
v -0.079114 0.547238 -0.054191
v -0.067281 0.547238 -0.068609
v -0.052862 0.547238 -0.080442
v -0.036412 0.547238 -0.089235
v -0.018563 0.547238 -0.094650
v -0.052862 0.547238 0.077785
v -0.067281 0.547238 0.065952
v -0.079114 0.547238 0.051534
v -0.087906 0.547238 0.035083
v -0.093321 0.547238 0.017234
v -0.103191 0.550518 0.000431
v -0.102548 0.552604 0.000177
v -0.098603 0.553728 -0.019950
v -0.101156 0.550499 -0.019709
v -0.100481 0.552614 -0.019827
v -0.095248 0.550480 -0.039043
v -0.094557 0.552616 -0.039031
v -0.085926 0.550505 -0.056954
v -0.085289 0.552620 -0.056813
v -0.073089 0.550509 -0.072628
v -0.072476 0.552617 -0.072307
v -0.057405 0.550502 -0.085455
v -0.056900 0.552623 -0.085001
v -0.039529 0.550500 -0.094981
v -0.039169 0.552629 -0.094418
v -0.020148 0.550498 -0.100846
v -0.019961 0.552632 -0.100210
v -0.058662 0.550211 0.086299
v -0.057951 0.552655 0.085634
v -0.073164 0.550157 0.073633
v -0.072741 0.552543 0.072976
v -0.086090 0.549942 0.058010
v -0.085506 0.552557 0.057355
v -0.095527 0.550508 0.040051
v -0.094924 0.552569 0.039528
v -0.101294 0.550512 0.020607
v -0.100675 0.552588 0.020220
v -0.100609 0.553726 -0.000324
v -0.094957 0.551025 -0.001363
v -0.096928 0.553441 -0.000995
v -0.093133 0.551025 -0.019888
v -0.095071 0.553440 -0.019905
v -0.087729 0.551025 -0.037701
v -0.092820 0.553727 -0.038797
v -0.089561 0.553438 -0.038090
v -0.078954 0.551025 -0.054118
v -0.083488 0.553726 -0.056146
v -0.080609 0.553437 -0.054852
v -0.067145 0.551025 -0.068508
v -0.070961 0.553726 -0.071330
v -0.068557 0.553436 -0.069546
v -0.052755 0.551025 -0.080317
v -0.055725 0.553728 -0.083776
v -0.053868 0.553436 -0.081608
v -0.036338 0.551025 -0.089092
v -0.038369 0.553729 -0.093015
v -0.037107 0.553435 -0.090572
v -0.018525 0.551025 -0.094495
v -0.019556 0.553730 -0.098700
v -0.018918 0.553434 -0.096092
v -0.053155 0.550539 0.078087
v -0.056371 0.553822 0.083491
v -0.054073 0.552931 0.080019
v -0.067145 0.551025 0.065782
v -0.071320 0.553719 0.071038
v -0.068535 0.553444 0.067538
v -0.078954 0.551025 0.051393
v -0.083818 0.553721 0.055713
v -0.080586 0.553444 0.052849
v -0.087729 0.551025 0.034976
v -0.093079 0.553722 0.038253
v -0.089543 0.553443 0.036093
v -0.093133 0.551025 0.017163
v -0.098746 0.553724 0.019329
v -0.095061 0.553442 0.017912
v -0.087869 0.526672 0.052216
v -0.096030 0.526387 -0.035104
v -0.097208 0.526289 0.000663
v -0.095338 0.524291 -0.018337
v -0.089802 0.524297 0.037953
v -0.095339 0.526291 0.019679
v -0.090999 0.520854 -0.032645
v -0.083239 0.521131 0.050237
v -0.086493 0.527901 0.001190
v -0.084728 0.526016 -0.016730
v -0.079502 0.526016 0.036340
v -0.084728 0.527901 0.019109
v -0.073304 0.523026 0.047934
v -0.080630 0.522770 -0.030240
v -0.093141 0.524466 0.000958
v -0.087974 0.525819 0.001190
v -0.090307 0.524270 0.001122
v -0.091323 0.522529 -0.017435
v -0.086209 0.523934 -0.016730
v -0.088526 0.522370 -0.016936
v -0.080981 0.523936 0.036340
v -0.085986 0.522543 0.037053
v -0.083267 0.522375 0.036549
v -0.086208 0.525819 0.019109
v -0.091340 0.524471 0.019360
v -0.088531 0.524272 0.019183
v -0.079632 0.519477 0.048954
v -0.074784 0.520945 0.047934
v -0.077023 0.519363 0.048233
v -0.082111 0.520687 -0.030240
v -0.087117 0.519198 -0.031294
v -0.084396 0.519099 -0.030549
v -0.095407 0.526191 -0.037360
v -0.086590 0.526263 0.054786
v -0.100146 0.528971 0.000342
v -0.092613 0.526862 0.038687
v -0.085866 0.523608 0.051317
v -0.098432 0.526735 -0.019194
v -0.098236 0.528974 0.019886
v -0.093970 0.523199 -0.033910
v 0.129570 0.061364 0.053669
v 0.099168 0.061364 0.099168
v 0.059075 0.000027 -0.142621
v 0.109157 0.000027 -0.109157
v 0.142621 0.000027 -0.059075
v 0.154371 0.000027 0.000000
v 0.142621 0.000027 0.059075
v 0.109157 0.000027 0.109157
v 0.059075 0.000027 0.142621
v 0.142273 0.057961 0.000000
v 0.150265 0.044549 0.000000
v 0.051839 0.058668 -0.125151
v 0.095786 0.058668 -0.095786
v 0.056950 0.000027 -0.137489
v 0.105230 0.000027 -0.105230
v 0.137489 0.000027 -0.056950
v 0.148818 0.000027 0.000000
v 0.137489 0.000027 0.056950
v 0.105230 0.000027 0.105230
v 0.056950 0.000027 0.137489
v 0.137546 0.055089 0.000172
v 0.145537 0.041677 -0.000145
v 0.011312 0.460755 0.027309
v 0.063030 0.391298 0.152168
v 0.032954 0.455468 0.079557
v 0.049740 0.440166 0.120084
v 0.059326 0.418748 0.143225
v 0.020902 0.460755 0.020902
v 0.116464 0.391298 0.116464
v 0.060891 0.455468 0.060891
v 0.091908 0.440166 0.091908
v 0.109620 0.418748 0.109620
v 0.027309 0.460755 0.011312
v 0.152168 0.391298 0.063030
v 0.079557 0.455468 0.032954
v 0.120084 0.440166 0.049740
v 0.143225 0.418748 0.059326
v 0.029559 0.460755 -0.000000
v 0.164706 0.391298 -0.000000
v 0.086112 0.455468 -0.000000
v 0.129978 0.440166 0.000000
v 0.155026 0.418748 0.000000
v 0.027309 0.460755 -0.011312
v 0.152168 0.391298 -0.063030
v 0.079557 0.455468 -0.032954
v 0.120084 0.440166 -0.049740
v 0.143225 0.418748 -0.059326
v 0.020902 0.460755 -0.020902
v 0.116464 0.391298 -0.116464
v 0.060891 0.455468 -0.060891
v 0.091908 0.440166 -0.091908
v 0.109620 0.418748 -0.109620
v 0.011312 0.460755 -0.027309
v 0.063030 0.391298 -0.152168
v 0.032954 0.455468 -0.079557
v 0.049740 0.440166 -0.120084
v 0.059326 0.418748 -0.143225
v 0.063030 0.098591 0.152168
v 0.059924 0.076109 0.144669
v 0.053669 0.061364 0.129570
v 0.037048 0.038593 0.089442
v 0.019477 0.028059 0.047023
v 0.116464 0.098591 0.116464
v 0.110725 0.076109 0.110725
v 0.068456 0.038593 0.068456
v 0.035990 0.028059 0.035989
v 0.152168 0.098591 0.063030
v 0.144669 0.076109 0.059924
v 0.089442 0.038593 0.037048
v 0.047023 0.028059 0.019477
v 0.164706 0.098591 0.000000
v 0.156588 0.076109 0.000000
v 0.140245 0.061364 0.000000
v 0.096812 0.038593 -0.000000
v 0.050897 0.028059 -0.000000
v 0.152168 0.098591 -0.063030
v 0.144669 0.076109 -0.059924
v 0.129570 0.061364 -0.053669
v 0.089442 0.038593 -0.037048
v 0.047023 0.028059 -0.019477
v 0.116464 0.098591 -0.116464
v 0.110725 0.076109 -0.110725
v 0.099168 0.061364 -0.099168
v 0.068456 0.038593 -0.068456
v 0.035989 0.028059 -0.035990
v 0.063030 0.098591 -0.152168
v 0.059924 0.076109 -0.144669
v 0.053669 0.061364 -0.129570
v 0.037048 0.038593 -0.089442
v 0.019477 0.028059 -0.047023
v 0.051839 0.058668 0.125151
v 0.095786 0.058668 0.095786
v 0.125151 0.058668 0.051839
v 0.135462 0.058668 0.000000
v 0.125151 0.058668 -0.051839
v 0.059075 0.037657 -0.142621
v 0.109157 0.037657 -0.109157
v 0.142621 0.037657 -0.059075
v 0.154371 0.037657 0.000000
v 0.142621 0.037657 0.059075
v 0.109157 0.037657 0.109157
v 0.059075 0.037657 0.142621
v 0.056950 0.036151 -0.137490
v 0.105231 0.036151 -0.105231
v 0.137490 0.036151 -0.056950
v 0.148819 0.036151 0.000000
v 0.137490 0.036151 0.056950
v 0.105231 0.036151 0.105231
v 0.056950 0.036151 0.137490
v 0.027756 0.057961 0.139539
v 0.026665 0.055089 0.134936
v 0.032132 0.391298 0.161541
v 0.030244 0.418748 0.152047
v 0.025357 0.440166 0.127481
v 0.016800 0.455468 0.084458
v 0.032132 0.098591 0.161541
v 0.030549 0.076109 0.153580
v 0.018887 0.038593 0.094951
v 0.009929 0.028059 0.049919
v 0.027360 0.061364 0.137550
v 0.026427 0.058668 0.132859
v 0.085764 0.000027 0.128355
v 0.082679 0.000027 0.123737
v 0.091506 0.391298 0.136948
v 0.086128 0.418748 0.128900
v 0.072212 0.440166 0.108073
v 0.047841 0.455468 0.071600
v 0.091506 0.098591 0.136948
v 0.086996 0.076109 0.130198
v 0.053786 0.038593 0.080496
v 0.028277 0.028059 0.042319
v 0.075259 0.058668 0.112633
v 0.077916 0.061364 0.116610
v 0.085764 0.037657 0.128355
v 0.082679 0.036151 0.123738
v 0.116610 0.061364 0.077916
v 0.128355 0.000027 0.085764
v 0.123737 0.000027 0.082679
v 0.136948 0.391298 0.091506
v 0.128899 0.418748 0.086128
v 0.108073 0.440166 0.072212
v 0.071600 0.455468 0.047841
v 0.136948 0.098591 0.091506
v 0.130198 0.076109 0.086996
v 0.080496 0.038593 0.053786
v 0.042319 0.028059 0.028277
v 0.112633 0.058668 0.075259
v 0.128355 0.037657 0.085764
v 0.123738 0.036151 0.082679
v 0.139539 0.057961 0.027756
v 0.134869 0.055089 0.027002
v 0.161541 0.391298 0.032132
v 0.152047 0.418748 0.030244
v 0.127481 0.440166 0.025357
v 0.084458 0.455468 0.016800
v 0.161541 0.098591 0.032132
v 0.153580 0.076109 0.030549
v 0.094951 0.038593 0.018887
v 0.049919 0.028059 0.009929
v 0.132859 0.058668 0.026427
v 0.137550 0.061364 0.027360
v 0.139539 0.057961 -0.027756
v 0.134936 0.055089 -0.026665
v 0.161541 0.391298 -0.032132
v 0.152047 0.418748 -0.030244
v 0.127481 0.440166 -0.025357
v 0.084458 0.455468 -0.016800
v 0.161541 0.098591 -0.032132
v 0.153580 0.076109 -0.030549
v 0.137550 0.061364 -0.027360
v 0.094951 0.038593 -0.018887
v 0.049919 0.028059 -0.009929
v 0.132859 0.058668 -0.026427
v 0.128355 0.000027 -0.085764
v 0.123737 0.000027 -0.082679
v 0.136948 0.391298 -0.091506
v 0.128900 0.418748 -0.086128
v 0.108073 0.440166 -0.072212
v 0.071600 0.455468 -0.047841
v 0.136948 0.098591 -0.091506
v 0.130198 0.076109 -0.086996
v 0.116609 0.061364 -0.077916
v 0.080496 0.038593 -0.053786
v 0.042319 0.028059 -0.028277
v 0.112633 0.058668 -0.075259
v 0.128355 0.037657 -0.085764
v 0.123738 0.036151 -0.082679
v 0.085764 0.000027 -0.128355
v 0.075259 0.058668 -0.112633
v 0.082679 0.000027 -0.123737
v 0.091506 0.391298 -0.136948
v 0.086128 0.418748 -0.128899
v 0.072212 0.440166 -0.108073
v 0.047841 0.455468 -0.071600
v 0.091506 0.098591 -0.136948
v 0.086996 0.076109 -0.130198
v 0.077916 0.061364 -0.116609
v 0.053786 0.038593 -0.080496
v 0.028277 0.028059 -0.042319
v 0.085764 0.037657 -0.128355
v 0.082679 0.036151 -0.123738
v 0.027756 0.057961 -0.139539
v 0.026427 0.058668 -0.132859
v 0.027002 0.055089 -0.134869
v 0.032132 0.391298 -0.161541
v 0.030244 0.418748 -0.152047
v 0.025357 0.440166 -0.127481
v 0.016800 0.455468 -0.084458
v 0.032132 0.098591 -0.161541
v 0.030549 0.076109 -0.153580
v 0.018887 0.038593 -0.094951
v 0.009929 0.028059 -0.049919
v 0.027360 0.061364 -0.137550
v 0.030116 0.000027 -0.151405
v 0.029315 0.044549 -0.147377
v 0.029033 0.000027 -0.145958
v 0.028251 0.041677 -0.142769
v 0.030116 0.037657 -0.151405
v 0.029033 0.036151 -0.145959
v 0.030116 0.000027 0.151405
v 0.029315 0.044549 0.147377
v 0.029033 0.000027 0.145958
v 0.028535 0.041677 0.142713
v 0.030116 0.037657 0.151405
v 0.029033 0.036151 0.145959
v 0.151405 0.000027 0.030116
v 0.147377 0.044549 0.029315
v 0.145958 0.000027 0.029033
v 0.142769 0.041677 0.028251
v 0.151405 0.037657 0.030116
v 0.145959 0.036151 0.029033
v 0.151405 0.000027 -0.030116
v 0.147377 0.044549 -0.029315
v 0.145958 0.000027 -0.029033
v 0.142713 0.041677 -0.028535
v 0.151405 0.037657 -0.030116
v 0.145959 0.036151 -0.029033
v 0.006787 0.471763 0.016386
v 0.012541 0.471763 0.012541
v 0.016386 0.471763 0.006787
v 0.017736 0.471763 -0.000000
v 0.016386 0.471763 -0.006787
v 0.012541 0.471763 -0.012541
v 0.006787 0.471763 -0.016386
v 0.022648 0.467388 -0.009381
v 0.017334 0.467388 0.017334
v 0.009381 0.467388 -0.022648
v 0.009381 0.467388 0.022648
v 0.024514 0.467388 -0.000000
v 0.017334 0.467388 -0.017334
v 0.022648 0.467388 0.009381
v 0.006709 0.478627 0.016197
v 0.012396 0.478627 0.012396
v 0.016197 0.478627 0.006709
v 0.017531 0.478627 -0.000000
v 0.016197 0.478627 -0.006709
v 0.012396 0.478627 -0.012396
v 0.006709 0.478627 -0.016197
v 0.032908 0.244945 0.165440
v 0.093714 0.244945 0.140253
v 0.064551 0.244945 0.155841
v 0.140253 0.244945 0.093714
v 0.119275 0.244945 0.119275
v 0.165440 0.244945 0.032908
v 0.155841 0.244945 0.064551
v 0.165440 0.244945 -0.032908
v 0.168681 0.244945 -0.000000
v 0.140253 0.244945 -0.093714
v 0.155841 0.244945 -0.064551
v 0.093714 0.244945 -0.140253
v 0.119275 0.244945 -0.119275
v 0.032908 0.244945 -0.165440
v 0.064551 0.244945 -0.155841
v 0.063030 0.234849 0.152168
v 0.063030 0.255040 0.152168
v 0.063984 0.239074 0.154472
v 0.063984 0.250815 0.154472
v 0.116464 0.234849 0.116464
v 0.116464 0.255040 0.116464
v 0.118227 0.239074 0.118227
v 0.118227 0.250815 0.118227
v 0.152168 0.234849 0.063030
v 0.152168 0.255040 0.063030
v 0.154472 0.239074 0.063984
v 0.154472 0.250815 0.063984
v 0.164706 0.234849 -0.000000
v 0.164706 0.255040 -0.000000
v 0.167199 0.239074 -0.000000
v 0.167199 0.250815 -0.000000
v 0.152168 0.234849 -0.063030
v 0.152168 0.255040 -0.063030
v 0.154472 0.239074 -0.063984
v 0.154472 0.250815 -0.063984
v 0.116464 0.234849 -0.116464
v 0.116464 0.255040 -0.116464
v 0.118227 0.239074 -0.118227
v 0.118227 0.250815 -0.118227
v 0.063030 0.234849 -0.152168
v 0.063030 0.255040 -0.152168
v 0.063984 0.239074 -0.154472
v 0.063984 0.250815 -0.154472
v 0.032132 0.255040 0.161541
v 0.032132 0.234849 0.161541
v 0.032619 0.250815 0.163986
v 0.032619 0.239074 0.163986
v 0.091506 0.255040 0.136948
v 0.091506 0.234849 0.136948
v 0.092891 0.250815 0.139021
v 0.092891 0.239074 0.139021
v 0.136948 0.255040 0.091506
v 0.136948 0.234849 0.091506
v 0.139021 0.250815 0.092891
v 0.139021 0.239074 0.092891
v 0.161541 0.255040 0.032132
v 0.161541 0.234849 0.032132
v 0.163986 0.250815 0.032619
v 0.163986 0.239074 0.032619
v 0.161541 0.255040 -0.032132
v 0.161541 0.234849 -0.032132
v 0.163986 0.250815 -0.032619
v 0.163986 0.239074 -0.032619
v 0.136948 0.255040 -0.091506
v 0.136948 0.234849 -0.091506
v 0.139021 0.250815 -0.092891
v 0.139021 0.239074 -0.092891
v 0.091506 0.255040 -0.136948
v 0.091506 0.234849 -0.136948
v 0.092891 0.250815 -0.139021
v 0.092891 0.239074 -0.139021
v 0.032132 0.255040 -0.161541
v 0.032132 0.234849 -0.161541
v 0.032619 0.250815 -0.163986
v 0.032619 0.239074 -0.163986
v 0.039256 0.451070 0.094773
v 0.072536 0.451070 0.072536
v 0.094773 0.451070 0.039256
v 0.102582 0.451070 -0.000000
v 0.094773 0.451070 -0.039256
v 0.072536 0.451070 -0.072536
v 0.039256 0.451070 -0.094773
v 0.020013 0.451070 0.100611
v 0.056991 0.451070 0.085294
v 0.085294 0.451070 0.056991
v 0.100611 0.451070 0.020013
v 0.100611 0.451070 -0.020013
v 0.085294 0.451070 -0.056991
v 0.056991 0.451070 -0.085294
v 0.020013 0.451070 -0.100611
v 0.054204 0.452249 0.081900
v 0.081900 0.452249 0.054204
v 0.081624 0.452249 -0.054539
v 0.054204 0.452249 -0.081900
v 0.069415 0.452249 0.069415
v 0.090901 0.452249 -0.037184
v 0.069415 0.452249 -0.069415
v 0.098169 0.469171 0.000000
v 0.096283 0.469171 -0.019152
v 0.090756 0.469171 -0.037435
v 0.081625 0.469171 -0.054540
v 0.069416 0.469171 -0.069416
v 0.054422 0.469171 -0.081709
v 0.037568 0.469171 -0.090696
v 0.019152 0.469171 -0.096283
v 0.054204 0.469171 0.081900
v 0.069416 0.469171 0.069416
v 0.081709 0.469171 0.054422
v 0.090696 0.469171 0.037568
v 0.096283 0.469171 0.019152
v 0.098169 0.484107 0.000000
v 0.096283 0.484107 -0.019152
v 0.090758 0.484105 -0.037431
v 0.081710 0.484106 0.054421
v 0.090696 0.484107 0.037568
v 0.096283 0.484107 0.019152
v 0.098131 0.533710 -0.000097
v 0.096232 0.531533 -0.019392
v 0.090776 0.524934 -0.037352
v 0.081519 0.532395 -0.054466
v 0.069358 0.532391 -0.069372
v 0.054489 0.532382 -0.081557
v 0.037528 0.532375 -0.090612
v 0.019131 0.532370 -0.096190
v 0.054190 0.532498 0.081895
v 0.069419 0.532498 0.069366
v 0.081734 0.525023 0.054360
v 0.090751 0.531632 0.037864
v 0.096305 0.533750 0.019236
v 0.099577 0.547463 -0.001326
v 0.097664 0.547455 -0.018881
v 0.091999 0.547448 -0.037561
v 0.055656 0.547491 0.081190
v 0.070409 0.547491 0.069083
v 0.082793 0.547485 0.053994
v 0.091995 0.547478 0.036780
v 0.097663 0.547471 0.018100
v 0.100441 0.550054 0.000424
v 0.097870 0.549375 -0.018344
v 0.098479 0.550022 -0.019196
v 0.092741 0.549993 -0.038018
v 0.083658 0.550035 -0.055445
v 0.071148 0.550043 -0.070697
v 0.055884 0.550027 -0.083183
v 0.038483 0.550024 -0.092459
v 0.019615 0.550020 -0.098166
v 0.055629 0.549777 0.084620
v 0.071237 0.549726 0.071678
v 0.083822 0.549495 0.056479
v 0.092975 0.550011 0.039012
v 0.098579 0.550029 0.020077
v 0.099804 0.549442 -0.000697
v 0.092176 0.549329 -0.037109
v 0.082756 0.548139 -0.054750
v 0.082967 0.549330 -0.054397
v 0.070377 0.548099 -0.069846
v 0.070540 0.549269 -0.069560
v 0.055290 0.548067 -0.082245
v 0.055400 0.549214 -0.082010
v 0.038079 0.548041 -0.091460
v 0.038141 0.549172 -0.091263
v 0.019410 0.548024 -0.097138
v 0.019436 0.549142 -0.096966
v 0.055476 0.549774 0.082565
v 0.070575 0.549697 0.069979
v 0.083017 0.549626 0.054875
v 0.092227 0.549633 0.037597
v 0.097891 0.549527 0.018817
v 0.083912 0.528035 0.050460
v 0.091759 0.527583 -0.034114
v 0.094742 0.530004 0.000452
v 0.092946 0.528043 -0.018515
v 0.087348 0.528016 0.037601
v 0.092854 0.529995 0.019381
v 0.088688 0.524648 -0.032856
v 0.080902 0.524935 0.049968
v 0.090109 0.530472 0.001069
v 0.088232 0.528508 -0.017841
v 0.082804 0.528365 0.038156
v 0.088277 0.530424 0.019971
v 0.076407 0.525233 0.050162
v 0.083984 0.525155 -0.031831
v 0.091988 0.528794 0.000728
v 0.091096 0.529072 0.001021
v 0.091988 0.528794 0.000728
v 0.090138 0.526827 -0.017933
v 0.089220 0.527099 -0.017869
v 0.090138 0.526827 -0.017933
v 0.083841 0.526962 0.038077
v 0.084786 0.526868 0.037325
v 0.084786 0.526868 0.037325
v 0.089281 0.529028 0.019896
v 0.090182 0.528807 0.019355
v 0.090182 0.528807 0.019355
v 0.078552 0.523811 0.049495
v 0.077505 0.523759 0.050115
v 0.078552 0.523811 0.049495
v 0.084990 0.523729 -0.031844
v 0.085977 0.523479 -0.031977
v 0.085977 0.523479 -0.031977
v 0.091155 0.526565 -0.036246
v 0.082642 0.526771 0.052884
v 0.096798 0.531894 0.000170
v 0.089377 0.529798 0.037878
v 0.082736 0.526637 0.050426
v 0.095101 0.529705 -0.019064
v 0.094923 0.531889 0.019390
v 0.090716 0.526256 -0.033665
v 0.102602 0.469171 0.000000
v 0.100631 0.469171 -0.020017
v 0.094792 0.469171 -0.039264
v 0.085311 0.469171 -0.057003
v 0.072551 0.469171 -0.072551
v 0.057003 0.469171 -0.085311
v 0.039264 0.469171 -0.094792
v 0.020017 0.469171 -0.100631
v 0.057003 0.469171 0.085311
v 0.072551 0.469171 0.072551
v 0.085311 0.469171 0.057003
v 0.094792 0.469171 0.039264
v 0.100631 0.469171 0.020017
v 0.102602 0.484107 0.000000
v 0.100631 0.484107 -0.020017
v 0.094792 0.484107 -0.039264
v 0.085311 0.484107 0.057003
v 0.094792 0.484107 0.039264
v 0.100631 0.484107 0.020017
v 0.102393 0.532118 -0.000037
v 0.100485 0.530013 -0.020014
v 0.094792 0.524713 -0.039264
v 0.085189 0.532118 -0.056948
v 0.072493 0.532118 -0.072508
v 0.056948 0.532118 -0.085246
v 0.039222 0.532118 -0.094710
v 0.019994 0.532118 -0.100538
v 0.056997 0.532118 0.085299
v 0.072527 0.532118 0.072521
v 0.085311 0.524713 0.057003
v 0.094781 0.530013 0.039258
v 0.100493 0.532118 0.019964
v 0.095149 0.547238 -0.001329
v 0.093321 0.547238 -0.019891
v 0.087906 0.547238 -0.037741
v 0.079114 0.547238 -0.054191
v 0.067281 0.547238 -0.068609
v 0.052862 0.547238 -0.080442
v 0.036412 0.547238 -0.089235
v 0.018563 0.547238 -0.094650
v 0.052862 0.547238 0.077785
v 0.067281 0.547238 0.065952
v 0.079114 0.547238 0.051534
v 0.087906 0.547238 0.035083
v 0.093321 0.547238 0.017234
v 0.103191 0.550518 0.000431
v 0.102548 0.552604 0.000177
v 0.098603 0.553728 -0.019950
v 0.101156 0.550499 -0.019709
v 0.100481 0.552614 -0.019827
v 0.095248 0.550480 -0.039043
v 0.094557 0.552616 -0.039031
v 0.085926 0.550505 -0.056954
v 0.085289 0.552620 -0.056813
v 0.073089 0.550509 -0.072628
v 0.072476 0.552617 -0.072307
v 0.057405 0.550502 -0.085455
v 0.056900 0.552623 -0.085001
v 0.039529 0.550500 -0.094981
v 0.039169 0.552629 -0.094418
v 0.020148 0.550498 -0.100846
v 0.019961 0.552632 -0.100210
v 0.058662 0.550211 0.086299
v 0.057951 0.552655 0.085634
v 0.073164 0.550157 0.073633
v 0.072741 0.552543 0.072976
v 0.086090 0.549942 0.058010
v 0.085506 0.552557 0.057355
v 0.095527 0.550508 0.040051
v 0.094924 0.552569 0.039528
v 0.101294 0.550512 0.020607
v 0.100675 0.552588 0.020220
v 0.100609 0.553726 -0.000324
v 0.094957 0.551025 -0.001363
v 0.096928 0.553441 -0.000995
v 0.093133 0.551025 -0.019888
v 0.095071 0.553440 -0.019905
v 0.087729 0.551025 -0.037701
v 0.092820 0.553727 -0.038797
v 0.089561 0.553438 -0.038090
v 0.078954 0.551025 -0.054118
v 0.083488 0.553726 -0.056146
v 0.080609 0.553437 -0.054852
v 0.067145 0.551025 -0.068508
v 0.070961 0.553726 -0.071330
v 0.068557 0.553436 -0.069546
v 0.052755 0.551025 -0.080317
v 0.055725 0.553728 -0.083776
v 0.053868 0.553436 -0.081608
v 0.036338 0.551025 -0.089092
v 0.038369 0.553729 -0.093015
v 0.037107 0.553435 -0.090572
v 0.018525 0.551025 -0.094495
v 0.019556 0.553730 -0.098700
v 0.018918 0.553434 -0.096092
v 0.053155 0.550539 0.078087
v 0.056371 0.553822 0.083491
v 0.054073 0.552931 0.080019
v 0.067145 0.551025 0.065782
v 0.071320 0.553719 0.071038
v 0.068535 0.553444 0.067538
v 0.078954 0.551025 0.051393
v 0.083818 0.553721 0.055713
v 0.080586 0.553444 0.052849
v 0.087729 0.551025 0.034976
v 0.093079 0.553722 0.038253
v 0.089543 0.553443 0.036093
v 0.093133 0.551025 0.017163
v 0.098746 0.553724 0.019329
v 0.095061 0.553442 0.017912
v 0.087869 0.526672 0.052216
v 0.096030 0.526387 -0.035104
v 0.097208 0.526289 0.000663
v 0.095338 0.524291 -0.018337
v 0.089802 0.524297 0.037953
v 0.095339 0.526291 0.019679
v 0.090999 0.520854 -0.032645
v 0.083239 0.521131 0.050237
v 0.086493 0.527901 0.001190
v 0.084728 0.526016 -0.016730
v 0.079502 0.526016 0.036340
v 0.084728 0.527901 0.019109
v 0.073304 0.523026 0.047934
v 0.080630 0.522770 -0.030240
v 0.093141 0.524466 0.000958
v 0.087974 0.525819 0.001190
v 0.090307 0.524270 0.001122
v 0.091323 0.522529 -0.017435
v 0.086209 0.523934 -0.016730
v 0.088526 0.522370 -0.016936
v 0.080981 0.523936 0.036340
v 0.085986 0.522543 0.037053
v 0.083267 0.522375 0.036549
v 0.086208 0.525819 0.019109
v 0.091340 0.524471 0.019360
v 0.088531 0.524272 0.019183
v 0.079632 0.519477 0.048954
v 0.074784 0.520945 0.047934
v 0.077023 0.519363 0.048233
v 0.082111 0.520687 -0.030240
v 0.087117 0.519198 -0.031294
v 0.084396 0.519099 -0.030549
v 0.095407 0.526191 -0.037360
v 0.086590 0.526263 0.054786
v 0.100146 0.528971 0.000342
v 0.092613 0.526862 0.038687
v 0.085866 0.523608 0.051317
v 0.098432 0.526735 -0.019194
v 0.098236 0.528974 0.019886
v 0.093970 0.523199 -0.033910
v -0.000000 0.478627 0.011650
v -0.004458 0.478627 0.010763
v -0.008238 0.478627 0.008238
v -0.010763 0.478627 0.004458
v -0.011650 0.478627 -0.000000
v -0.010763 0.478627 -0.004458
v -0.008238 0.478627 -0.008238
v -0.004458 0.478627 -0.010763
v 0.000000 0.478627 -0.011650
v 0.004458 0.478627 0.010763
v 0.008238 0.478627 0.008238
v 0.010763 0.478627 0.004458
v 0.011650 0.478627 -0.000000
v 0.010763 0.478627 -0.004458
v 0.008238 0.478627 -0.008238
v 0.004458 0.478627 -0.010763
v -0.000000 0.405425 0.162104
v -0.062034 0.405425 0.149764
v -0.114625 0.405425 0.114625
v -0.149764 0.405425 0.062034
v -0.162104 0.405425 0.000000
v -0.149764 0.405425 -0.062034
v -0.114625 0.405425 -0.114625
v -0.062034 0.405425 -0.149764
v 0.000000 0.405425 -0.162104
v -0.031625 0.405425 0.158989
v -0.090060 0.405425 0.134784
v -0.134784 0.405425 0.090060
v -0.158989 0.405425 0.031625
v -0.158989 0.405425 -0.031625
v -0.134784 0.405425 -0.090060
v -0.090060 0.405425 -0.134784
v -0.031625 0.405425 -0.158989
v 0.062034 0.405425 0.149764
v 0.114625 0.405425 0.114625
v 0.149764 0.405425 0.062034
v 0.162104 0.405425 0.000000
v 0.149764 0.405425 -0.062034
v 0.114625 0.405425 -0.114625
v 0.062034 0.405425 -0.149764
v 0.031625 0.405425 0.158989
v 0.090060 0.405425 0.134784
v 0.134784 0.405425 0.090060
v 0.158989 0.405425 0.031625
v 0.158989 0.405425 -0.031625
v 0.134784 0.405425 -0.090060
v 0.090060 0.405425 -0.134784
v 0.031625 0.405425 -0.158989
v -0.000000 0.431094 0.144082
v -0.055138 0.431094 0.133115
v -0.101882 0.431094 0.101882
v -0.133115 0.431094 0.055138
v -0.144082 0.431094 0.000000
v -0.133115 0.431094 -0.055138
v -0.101882 0.431094 -0.101882
v -0.055138 0.431094 -0.133115
v 0.000000 0.431094 -0.144082
v -0.028109 0.431094 0.141314
v -0.080048 0.431094 0.119800
v -0.119800 0.431094 0.080048
v -0.141314 0.431094 0.028109
v -0.141314 0.431094 -0.028109
v -0.119800 0.431094 -0.080048
v -0.080048 0.431094 -0.119800
v -0.028109 0.431094 -0.141314
v 0.055138 0.431094 0.133115
v 0.101882 0.431094 0.101882
v 0.133115 0.431094 0.055138
v 0.144082 0.431094 0.000000
v 0.133115 0.431094 -0.055138
v 0.101882 0.431094 -0.101882
v 0.055138 0.431094 -0.133115
v 0.028109 0.431094 0.141314
v 0.080048 0.431094 0.119800
v 0.119800 0.431094 0.080048
v 0.141314 0.431094 0.028109
v 0.141314 0.431094 -0.028109
v 0.119800 0.431094 -0.080048
v 0.080048 0.431094 -0.119800
v 0.028109 0.431094 -0.141314
v -0.000000 0.446298 0.115987
v -0.044386 0.446298 0.107158
v -0.082015 0.446298 0.082015
v -0.107158 0.446298 0.044386
v -0.115987 0.446298 -0.000000
v -0.107158 0.446298 -0.044386
v -0.082015 0.446298 -0.082015
v -0.044386 0.446298 -0.107158
v 0.000000 0.446298 -0.115987
v -0.022628 0.446298 0.113758
v -0.064439 0.446298 0.096440
v -0.096440 0.446298 0.064439
v -0.113758 0.446298 0.022628
v -0.113758 0.446298 -0.022628
v -0.096440 0.446298 -0.064439
v -0.064439 0.446298 -0.096440
v -0.022628 0.446298 -0.113758
v 0.044386 0.446298 0.107158
v 0.082015 0.446298 0.082015
v 0.107158 0.446298 0.044386
v 0.115987 0.446298 -0.000000
v 0.107158 0.446298 -0.044386
v 0.082015 0.446298 -0.082015
v 0.044386 0.446298 -0.107158
v 0.022628 0.446298 0.113758
v 0.064439 0.446298 0.096440
v 0.096440 0.446298 0.064439
v 0.113758 0.446298 0.022628
v 0.113758 0.446298 -0.022628
v 0.096440 0.446298 -0.064439
v 0.064439 0.446298 -0.096440
v 0.022628 0.446298 -0.113758
v -0.000000 0.086356 0.162418
v -0.062155 0.086356 0.150054
v -0.114847 0.086356 0.114847
v -0.150054 0.086356 0.062155
v -0.162418 0.086356 -0.000000
v -0.150054 0.086356 -0.062155
v -0.114847 0.086356 -0.114847
v -0.062155 0.086356 -0.150054
v 0.000000 0.086356 -0.162418
v -0.031686 0.086356 0.159297
v -0.090234 0.086356 0.135045
v -0.135045 0.086356 0.090234
v -0.159297 0.086356 0.031686
v -0.159297 0.086356 -0.031686
v -0.135045 0.086356 -0.090234
v -0.090234 0.086356 -0.135045
v -0.031686 0.086356 -0.159297
v 0.062155 0.086356 0.150054
v 0.114847 0.086356 0.114847
v 0.150054 0.086356 0.062155
v 0.162418 0.086356 0.000000
v 0.150054 0.086356 -0.062155
v 0.114847 0.086356 -0.114847
v 0.062155 0.086356 -0.150054
v 0.031686 0.086356 0.159297
v 0.090234 0.086356 0.135045
v 0.135045 0.086356 0.090234
v 0.159297 0.086356 0.031686
v 0.159297 0.086356 -0.031686
v 0.135045 0.086356 -0.090234
v 0.090234 0.086356 -0.135045
v 0.031686 0.086356 -0.159297
v -0.057246 0.067399 0.138203
v -0.149590 0.067399 0.000000
v -0.138203 0.067399 -0.057246
v -0.105776 0.067399 -0.105776
v -0.057246 0.067399 -0.138203
v -0.000000 0.067399 0.149590
v -0.105776 0.067399 0.105776
v -0.138203 0.067399 0.057246
v 0.000000 0.067399 -0.149590
v -0.029184 0.067399 0.146716
v -0.083108 0.067399 0.124379
v -0.124379 0.067399 0.083108
v -0.146716 0.067399 0.029184
v -0.146716 0.067399 -0.029184
v -0.124379 0.067399 -0.083108
v -0.083108 0.067399 -0.124379
v -0.029184 0.067399 -0.146716
v 0.057246 0.067399 0.138203
v 0.149590 0.067399 0.000000
v 0.138203 0.067399 -0.057246
v 0.105776 0.067399 -0.105776
v 0.057246 0.067399 -0.138203
v 0.105776 0.067399 0.105776
v 0.138203 0.067399 0.057246
v 0.029184 0.067399 0.146716
v 0.083108 0.067399 0.124379
v 0.124379 0.067399 0.083108
v 0.146716 0.067399 0.029184
v 0.146716 0.067399 -0.029184
v 0.124379 0.067399 -0.083108
v 0.083108 0.067399 -0.124379
v 0.029184 0.067399 -0.146716
v -0.055975 0.051255 0.135135
v -0.046926 0.057961 0.133724
v -0.054203 0.054608 0.133595
v -0.050891 0.057063 0.133078
v -0.046965 0.057961 -0.133712
v -0.055975 0.051255 -0.135135
v -0.050910 0.057063 -0.133072
v -0.054208 0.054608 -0.133593
v -0.135135 0.051255 -0.055975
v -0.133724 0.057961 -0.046926
v -0.133595 0.054608 -0.054203
v -0.133078 0.057063 -0.050891
v -0.133712 0.057961 0.046965
v -0.135135 0.051255 0.055975
v -0.133072 0.057063 0.050910
v -0.133593 0.054608 0.054208
v -0.050022 0.044549 0.141096
v -0.053558 0.045447 0.139467
v -0.055737 0.047902 0.137285
v -0.049989 0.044549 -0.141106
v -0.055732 0.047902 -0.137286
v -0.053541 0.045447 -0.139472
v -0.141096 0.044549 -0.050021
v -0.139467 0.045447 -0.053558
v -0.137285 0.047902 -0.055737
v -0.141106 0.044549 0.049989
v -0.137286 0.047902 0.055732
v -0.139472 0.045447 0.053541
v -0.044955 0.055089 0.129413
v -0.054153 0.048385 0.130772
v -0.048941 0.054191 0.128764
v -0.052307 0.051737 0.129261
v -0.054178 0.048385 -0.130761
v -0.045318 0.055089 -0.129288
v -0.052485 0.051737 -0.129191
v -0.049242 0.054191 -0.128652
v -0.129413 0.055089 -0.044955
v -0.130772 0.048385 -0.054153
v -0.128763 0.054191 -0.048941
v -0.129261 0.051737 -0.052307
v -0.130761 0.048385 0.054178
v -0.129288 0.055089 0.045318
v -0.129191 0.051737 0.052485
v -0.128652 0.054191 0.049242
v -0.048349 0.041677 0.136681
v -0.053989 0.045029 0.132893
v -0.051864 0.042575 0.135056
v -0.048043 0.041677 -0.136787
v -0.051617 0.042575 -0.135148
v -0.053862 0.045029 -0.132943
v -0.136681 0.041677 -0.048349
v -0.132893 0.045029 -0.053989
v -0.135056 0.042575 -0.051864
v -0.136787 0.041677 0.048043
v -0.135148 0.042575 0.051617
v -0.132943 0.045029 0.053862
v 0.046926 0.057961 0.133724
v 0.055975 0.051255 0.135135
v 0.050891 0.057063 0.133078
v 0.054203 0.054608 0.133595
v 0.055975 0.051255 -0.135135
v 0.046965 0.057961 -0.133712
v 0.054208 0.054608 -0.133593
v 0.050910 0.057063 -0.133072
v 0.133724 0.057961 -0.046926
v 0.135135 0.051255 -0.055975
v 0.133078 0.057063 -0.050891
v 0.133595 0.054608 -0.054203
v 0.135135 0.051255 0.055975
v 0.133712 0.057961 0.046965
v 0.133593 0.054608 0.054208
v 0.133072 0.057063 0.050910
v 0.050022 0.044549 0.141096
v 0.055737 0.047902 0.137285
v 0.053558 0.045447 0.139467
v 0.049989 0.044549 -0.141106
v 0.053541 0.045447 -0.139472
v 0.055732 0.047902 -0.137286
v 0.141096 0.044549 -0.050021
v 0.137285 0.047902 -0.055737
v 0.139467 0.045447 -0.053558
v 0.141106 0.044549 0.049989
v 0.139472 0.045447 0.053541
v 0.137286 0.047902 0.055732
v 0.054153 0.048385 0.130772
v 0.044955 0.055089 0.129413
v 0.052307 0.051737 0.129261
v 0.048941 0.054191 0.128764
v 0.045318 0.055089 -0.129288
v 0.054178 0.048385 -0.130761
v 0.049242 0.054191 -0.128652
v 0.052485 0.051737 -0.129191
v 0.130772 0.048385 -0.054153
v 0.129413 0.055089 -0.044955
v 0.129261 0.051737 -0.052307
v 0.128764 0.054191 -0.048941
v 0.129288 0.055089 0.045318
v 0.130761 0.048385 0.054178
v 0.128652 0.054191 0.049242
v 0.129191 0.051737 0.052485
v 0.048349 0.041677 0.136681
v 0.051864 0.042575 0.135056
v 0.053989 0.045029 0.132893
v 0.048043 0.041677 -0.136787
v 0.053862 0.045029 -0.132943
v 0.051617 0.042575 -0.135148
v 0.136681 0.041677 -0.048349
v 0.135056 0.042575 -0.051864
v 0.132893 0.045029 -0.053989
v 0.136787 0.041677 0.048043
v 0.132943 0.045029 0.053862
v 0.135148 0.042575 0.051617
v -0.007201 0.513773 0.005299
v -0.007686 0.510517 0.004733
v -0.005844 0.517040 0.006734
v -0.003090 0.519835 0.008542
v -0.003908 0.522812 0.008077
v 0.000835 0.523814 0.009350
v 0.000835 0.521294 0.009352
v -0.008221 0.509027 0.003285
v -0.008300 0.505806 0.003341
v -0.008870 0.505818 0.000737
v -0.008781 0.509224 0.000866
v -0.006798 0.505433 0.006056
v -0.008038 0.503938 0.004761
v -0.009475 0.502496 0.002094
v -0.008955 0.502487 0.003737
v -0.010518 0.507284 0.011114
v -0.012630 0.507943 0.016889
v -0.012832 0.510633 0.016889
v -0.007569 0.508914 0.004733
v -0.006312 0.491367 0.011180
v -0.009091 0.501044 0.018887
v -0.007204 0.499396 0.019064
v -0.004853 0.498107 0.019051
v -0.002433 0.497310 0.018877
v 0.000835 0.496982 0.018825
v -0.012779 0.500887 0.006527
v -0.007538 0.512006 0.004793
v -0.007360 0.522255 0.004716
v -0.006678 0.515371 0.006051
v -0.004682 0.518700 0.007665
v -0.001582 0.523469 0.009023
v -0.001252 0.520712 0.009137
v -0.001849 0.523515 0.016889
v -0.008781 0.519969 0.016889
v -0.012556 0.513149 0.016889
v -0.004361 0.522796 0.016889
v -0.010484 0.517949 0.016889
v -0.006695 0.521611 0.016889
v 0.000835 0.523724 0.016914
v -0.011757 0.515669 0.016889
v -0.012614 0.507856 0.047955
v -0.002322 0.497284 0.047955
v -0.007077 0.499347 0.047955
v -0.011931 0.505454 0.047955
v 0.000835 0.496988 0.047955
v -0.004842 0.498101 0.047955
v -0.009115 0.501073 0.047955
v -0.010359 0.502595 0.018391
v -0.010694 0.503067 0.047955
v 0.000835 0.523722 0.047955
v -0.011762 0.515654 0.047955
v -0.001882 0.523510 0.047955
v -0.008796 0.519952 0.047955
v -0.012563 0.513133 0.047955
v -0.004394 0.522794 0.047955
v -0.010497 0.517938 0.047955
v -0.006719 0.521603 0.047955
v -0.012855 0.510618 0.047955
v 0.000835 0.496259 0.018477
v 0.000835 0.491948 0.014124
v 0.000835 0.491374 0.013348
v -0.001675 0.491373 0.013101
v 0.000835 0.493617 0.016690
v -0.004088 0.491370 0.012368
v -0.012779 0.502716 0.007986
v -0.012779 0.503495 0.012462
v -0.012779 0.503657 0.010128
v -0.011678 0.504911 0.016850
v -0.012779 0.502267 0.014453
v -0.012779 0.500255 0.015646
v 0.000835 0.491627 0.013165
v -0.012779 0.495794 0.014788
v -0.012779 0.497919 0.015767
v -0.012779 0.494368 0.012933
v -0.008262 0.491361 0.009580
v -0.009862 0.491355 0.007630
v -0.012779 0.496350 0.006761
v -0.011051 0.491347 0.005406
v -0.012779 0.493966 0.010628
v -0.012779 0.494682 0.008401
v -0.011783 0.491339 0.002992
v -0.012779 0.491406 -0.005727
v -0.007944 0.502460 -0.005759
v -0.007540 0.505706 -0.004934
v -0.012779 0.502540 -0.005746
v -0.009862 0.491306 -0.006665
v -0.009654 0.502500 -0.000118
v -0.012030 0.491330 0.000483
v -0.008779 0.505808 -0.001710
v -0.011783 0.491322 -0.002027
v -0.009431 0.502499 -0.002062
v -0.008250 0.505719 -0.003604
v -0.011051 0.491314 -0.004441
v -0.008906 0.502499 -0.003787
v -0.008355 0.522801 0.002249
v -0.012779 0.498590 0.006085
v -0.008583 0.499718 -0.005746
v -0.008262 0.491300 -0.008614
v -0.007212 0.505691 -0.006438
v -0.007687 0.502627 -0.006868
v -0.006172 0.498182 -0.008691
v -0.007075 0.499956 -0.007802
v -0.004679 0.496720 -0.009880
v -0.003102 0.495707 -0.010951
v -0.001271 0.494872 -0.011609
v 0.000835 0.494591 -0.011681
v -0.006312 0.491294 -0.010214
v -0.004088 0.491290 -0.011403
v -0.001675 0.491288 -0.012135
v 0.000835 0.491287 -0.012383
v -0.006611 0.507199 -0.006454
v -0.007333 0.509187 -0.005287
v -0.008151 0.509524 -0.003577
v -0.008729 0.509371 -0.001458
v -0.005729 0.508373 -0.006750
v -0.004364 0.509516 -0.007904
v -0.002680 0.510344 -0.008837
v 0.000835 0.510970 -0.009323
v 0.000835 0.524235 -0.009219
v -0.004715 0.523822 -0.007453
v -0.002235 0.524012 -0.008737
v -0.006685 0.523644 -0.005541
v -0.008570 0.523193 -0.000448
v -0.008024 0.523449 -0.003129
v -0.008470 0.530535 0.000121
v -0.008061 0.530527 0.003013
v -0.007967 0.530526 -0.002756
v 0.000835 0.530369 -0.009061
v -0.004500 0.530465 -0.007368
v -0.006777 0.530505 0.005637
v -0.001877 0.530419 -0.008651
v -0.006599 0.530502 -0.005337
v -0.004746 0.530469 0.007736
v -0.002166 0.530424 0.009104
v 0.000835 0.530374 0.009608
v -0.006307 0.477882 0.010689
v 0.000835 0.477882 0.012856
v -0.001673 0.477882 0.012609
v -0.004084 0.477882 0.011877
v -0.008255 0.477882 0.009090
v -0.009854 0.477882 0.007142
v -0.011042 0.477882 0.004920
v -0.011773 0.477882 0.002508
v -0.009854 0.477882 -0.007142
v -0.012020 0.477882 0.000000
v -0.011773 0.477882 -0.002508
v -0.011042 0.477882 -0.004919
v -0.008255 0.477882 -0.009090
v -0.006307 0.477882 -0.010688
v -0.004084 0.477882 -0.011876
v -0.001673 0.477882 -0.012608
v 0.000835 0.477882 -0.012855
v -0.007243 0.504998 -0.026539
v -0.007528 0.502834 -0.026539
v -0.006407 0.498652 -0.026539
v -0.007243 0.500669 -0.026539
v -0.005078 0.496920 -0.026539
v -0.003346 0.495591 -0.026539
v -0.001329 0.494756 -0.026539
v 0.000835 0.494471 -0.026539
v -0.006407 0.507015 -0.026539
v -0.005078 0.508747 -0.026539
v -0.003346 0.510076 -0.026539
v -0.001329 0.510912 -0.026539
v 0.000835 0.511197 -0.026539
v -0.012779 0.502505 0.018452
v -0.012779 0.496417 0.018447
v -0.012779 0.502561 0.003764
v -0.012774 0.505856 0.006548
v -0.012779 0.504890 0.016884
v -0.012779 0.507322 0.011149
v -0.012779 0.499483 0.019267
v -0.012779 0.493781 0.016619
v -0.012779 0.492128 0.013991
v -0.012779 0.491665 0.012425
v -0.012779 0.491405 0.010845
v -0.012779 0.491406 0.008003
v -0.012779 0.491406 0.004578
v -0.012779 0.497038 0.004167
v -0.013922 0.504661 0.039857
v -0.013921 0.504659 0.037322
v -0.008318 0.497596 0.037322
v -0.008314 0.497593 0.039857
v -0.005681 0.496127 0.037322
v -0.005684 0.496129 0.039857
v -0.002816 0.495201 0.037322
v -0.002809 0.495198 0.039857
v 0.000835 0.494853 0.039857
v 0.000835 0.494853 0.037322
v -0.012506 0.501917 0.037322
v -0.012504 0.501915 0.039857
v -0.010657 0.499584 0.039857
v -0.010657 0.499584 0.037322
v -0.014731 0.507512 0.039857
v -0.014732 0.507521 0.037322
v -0.014989 0.510658 0.039857
v -0.014987 0.510660 0.037321
v -0.014657 0.513587 0.039857
v -0.014656 0.513588 0.037322
v -0.013728 0.516510 0.039857
v -0.013728 0.516511 0.037322
v -0.012256 0.519161 0.039857
v -0.012254 0.519162 0.037322
v -0.010282 0.521499 0.039857
v -0.010280 0.521501 0.037322
v -0.007866 0.523411 0.039857
v -0.007864 0.523412 0.037322
v -0.005165 0.524790 0.039857
v -0.005162 0.524790 0.037322
v 0.000835 0.525856 0.037322
v 0.000835 0.525856 0.039858
v -0.002250 0.525622 0.039857
v -0.002246 0.525622 0.037322
v -0.009115 0.501073 0.037322
v -0.009115 0.501073 0.039857
v -0.011928 0.505448 0.037322
v -0.011928 0.505449 0.039857
v -0.012622 0.507902 0.037322
v -0.012621 0.507894 0.039857
v -0.007093 0.499356 0.039857
v -0.007096 0.499358 0.037322
v -0.004829 0.498095 0.039857
v -0.004825 0.498093 0.037322
v -0.002353 0.497293 0.039857
v -0.002360 0.497296 0.037322
v 0.000835 0.496987 0.039857
v 0.000835 0.496986 0.037322
v -0.010703 0.503078 0.039857
v -0.010705 0.503080 0.037322
v -0.012843 0.510626 0.037322
v -0.012845 0.510625 0.039857
v -0.012559 0.513141 0.037322
v -0.012560 0.513140 0.039857
v -0.011759 0.515662 0.037322
v -0.011760 0.515660 0.039857
v -0.010490 0.517944 0.037322
v -0.010491 0.517943 0.039857
v -0.008788 0.519961 0.037322
v -0.008789 0.519959 0.039857
v -0.006706 0.521607 0.037322
v -0.006708 0.521607 0.039857
v -0.004377 0.522795 0.037322
v -0.004380 0.522795 0.039857
v -0.001864 0.523513 0.037322
v -0.001867 0.523512 0.039857
v 0.000835 0.523723 0.037322
v 0.000835 0.523723 0.039857
v -0.011929 0.505450 0.042387
v -0.011930 0.505452 0.044922
v -0.007084 0.499350 0.044922
v -0.007088 0.499353 0.042387
v -0.002334 0.497288 0.044922
v -0.002344 0.497291 0.042387
v -0.012561 0.513138 0.042387
v -0.012562 0.513135 0.044922
v -0.011760 0.515659 0.042387
v -0.011761 0.515657 0.044922
v -0.006711 0.521606 0.042387
v -0.006714 0.521604 0.044922
v -0.004384 0.522794 0.042387
v -0.004388 0.522794 0.044922
v -0.009115 0.501073 0.042387
v -0.009115 0.501073 0.044922
v -0.012619 0.507883 0.042387
v -0.012617 0.507871 0.044922
v -0.004837 0.498099 0.044922
v -0.004832 0.498097 0.042387
v 0.000835 0.496987 0.044922
v 0.000835 0.496987 0.042387
v -0.010698 0.503072 0.044922
v -0.010700 0.503075 0.042387
v -0.012848 0.510623 0.042387
v -0.012851 0.510621 0.044922
v -0.010493 0.517941 0.042387
v -0.010495 0.517940 0.044922
v -0.008791 0.519957 0.042387
v -0.008793 0.519955 0.044922
v -0.001871 0.523511 0.042387
v -0.001876 0.523511 0.044922
v 0.000835 0.523722 0.042387
v 0.000835 0.523722 0.044922
v -0.002253 0.525621 0.042387
v -0.002258 0.525620 0.044922
v 0.000835 0.525855 0.044923
v 0.000835 0.525856 0.042387
v -0.005169 0.524790 0.042386
v -0.005174 0.524789 0.044922
v -0.007871 0.523409 0.042387
v -0.007874 0.523408 0.044922
v -0.010284 0.521496 0.042387
v -0.010286 0.521494 0.044922
v -0.012258 0.519159 0.042387
v -0.012259 0.519157 0.044922
v -0.013729 0.516508 0.042387
v -0.013730 0.516505 0.044922
v -0.014657 0.513586 0.042386
v -0.014658 0.513584 0.044922
v -0.014992 0.510655 0.042386
v -0.014995 0.510653 0.044921
v -0.014728 0.507499 0.042386
v -0.014726 0.507486 0.044922
v -0.010657 0.499583 0.042387
v -0.010657 0.499583 0.044923
v -0.012498 0.501908 0.044923
v -0.012501 0.501912 0.042387
v 0.000835 0.494853 0.042386
v 0.000835 0.494854 0.044922
v -0.002789 0.495192 0.044922
v -0.002800 0.495196 0.042387
v -0.005693 0.496133 0.044922
v -0.005688 0.496131 0.042387
v -0.008304 0.497588 0.044922
v -0.008310 0.497591 0.042387
v -0.013922 0.504661 0.042387
v -0.013923 0.504663 0.044922
v -0.009690 0.508408 0.047955
v -0.001691 0.500190 0.047955
v -0.005387 0.501794 0.047955
v -0.009159 0.506541 0.047955
v 0.000835 0.499960 0.047955
v -0.003650 0.500826 0.047955
v -0.006971 0.503136 0.047955
v -0.008198 0.504686 0.047955
v 0.000835 0.520740 0.047955
v -0.009028 0.514470 0.047955
v -0.001348 0.520576 0.047955
v -0.006723 0.517810 0.047955
v -0.009651 0.512510 0.047955
v -0.003301 0.520019 0.047955
v -0.008045 0.516245 0.047955
v -0.005108 0.519094 0.047955
v -0.009878 0.510555 0.047955
v -0.009690 0.508408 0.036481
v -0.001691 0.500190 0.036481
v -0.005387 0.501794 0.036481
v -0.009159 0.506541 0.036481
v 0.000835 0.499960 0.036481
v -0.003650 0.500826 0.036481
v -0.006971 0.503136 0.036481
v -0.008198 0.504686 0.036481
v 0.000835 0.520740 0.036481
v -0.009028 0.514470 0.036481
v -0.001348 0.520576 0.036481
v -0.006723 0.517810 0.036481
v -0.009651 0.512510 0.036481
v -0.003301 0.520019 0.036481
v -0.008045 0.516245 0.036481
v -0.005108 0.519094 0.036481
v -0.009878 0.510555 0.036481
v -0.005377 0.504477 -0.026539
v -0.005596 0.502812 -0.026539
v -0.004735 0.499596 -0.026539
v -0.005377 0.501147 -0.026539
v -0.003713 0.498264 -0.026539
v -0.002381 0.497242 -0.026539
v -0.000830 0.496600 -0.026539
v 0.000835 0.496381 -0.026539
v -0.004735 0.506028 -0.026539
v -0.003713 0.507360 -0.026539
v -0.002381 0.508382 -0.026539
v -0.000830 0.509024 -0.026539
v 0.000835 0.509244 -0.026539
v -0.005377 0.504477 -0.023509
v -0.005596 0.502812 -0.023509
v -0.004735 0.499596 -0.023509
v -0.005377 0.501147 -0.023509
v -0.003713 0.498264 -0.023509
v -0.002381 0.497242 -0.023509
v -0.000830 0.496600 -0.023509
v 0.000835 0.496381 -0.023509
v -0.004735 0.506028 -0.023509
v -0.003713 0.507360 -0.023509
v -0.002381 0.508382 -0.023509
v -0.000830 0.509024 -0.023509
v 0.000835 0.509244 -0.023509
v -0.010793 0.501772 0.013969
v -0.010858 0.498028 0.015100
v -0.010811 0.500584 0.007144
v -0.010784 0.502158 0.008400
v -0.010774 0.502829 0.012254
v -0.010771 0.502969 0.010245
v -0.010823 0.500039 0.014996
v -0.010890 0.496198 0.014257
v -0.010911 0.494970 0.012660
v -0.010916 0.494625 0.010676
v -0.010905 0.495241 0.008758
v -0.010879 0.496678 0.007346
v -0.010846 0.498606 0.006763
v -0.010785 0.502248 0.014454
v -0.010860 0.497900 0.015767
v -0.010806 0.500868 0.006527
v -0.010775 0.502697 0.007986
v -0.010763 0.503476 0.012462
v -0.010759 0.503638 0.010128
v -0.010820 0.500236 0.015647
v -0.010897 0.495775 0.014788
v -0.010921 0.494348 0.012934
v -0.010928 0.493947 0.010629
v -0.010915 0.494663 0.008401
v -0.010885 0.496331 0.006761
v -0.010846 0.498571 0.006085
v -0.012737 0.501806 0.013969
v -0.012803 0.498062 0.015100
v -0.012756 0.500618 0.007143
v -0.012729 0.502192 0.008400
v -0.012719 0.502863 0.012254
v -0.012716 0.503003 0.010244
v -0.012768 0.500073 0.014996
v -0.012834 0.496232 0.014257
v -0.012855 0.495004 0.012660
v -0.012861 0.494658 0.010675
v -0.012849 0.495275 0.008757
v -0.012824 0.496711 0.007345
v -0.012790 0.498640 0.006763
v -0.004815 0.530485 0.000249
v -0.004509 0.530479 0.001999
v -0.004566 0.530480 -0.001511
v 0.000835 0.530373 -0.005523
v -0.002549 0.530440 -0.004384
v -0.003677 0.530463 0.003569
v -0.000980 0.530409 -0.005217
v -0.003785 0.530465 -0.003107
v -0.002400 0.530437 0.004805
v -0.000804 0.530405 0.005586
v 0.000835 0.530370 0.005835
v 0.008871 0.513773 0.005299
v 0.009356 0.510517 0.004733
v 0.007514 0.517040 0.006734
v 0.004760 0.519835 0.008542
v 0.005578 0.522812 0.008077
v 0.009891 0.509027 0.003285
v 0.009970 0.505806 0.003341
v 0.010540 0.505818 0.000737
v 0.010451 0.509224 0.000866
v 0.008468 0.505433 0.006056
v 0.009709 0.503938 0.004761
v 0.011145 0.502496 0.002094
v 0.010625 0.502487 0.003737
v 0.012188 0.507284 0.011114
v 0.014300 0.507943 0.016889
v 0.014502 0.510633 0.016889
v 0.009239 0.508914 0.004733
v 0.007983 0.491367 0.011180
v 0.010761 0.501044 0.018887
v 0.008874 0.499396 0.019064
v 0.006523 0.498107 0.019051
v 0.004103 0.497310 0.018877
v 0.014449 0.500887 0.006527
v 0.009209 0.512006 0.004793
v 0.009031 0.522255 0.004716
v 0.008348 0.515371 0.006051
v 0.006352 0.518700 0.007665
v 0.003252 0.523469 0.009023
v 0.002922 0.520712 0.009137
v 0.003519 0.523515 0.016889
v 0.010451 0.519969 0.016889
v 0.014226 0.513149 0.016889
v 0.006031 0.522796 0.016889
v 0.012154 0.517949 0.016889
v 0.008365 0.521611 0.016889
v 0.013427 0.515669 0.016889
v 0.014284 0.507856 0.047955
v 0.003992 0.497284 0.047955
v 0.008747 0.499347 0.047955
v 0.013601 0.505454 0.047955
v 0.006512 0.498101 0.047955
v 0.010785 0.501073 0.047955
v 0.012029 0.502595 0.018391
v 0.012364 0.503067 0.047955
v 0.013432 0.515654 0.047955
v 0.003552 0.523510 0.047955
v 0.010466 0.519952 0.047955
v 0.014233 0.513133 0.047955
v 0.006064 0.522794 0.047955
v 0.012167 0.517938 0.047955
v 0.008389 0.521603 0.047955
v 0.014525 0.510618 0.047955
v 0.003345 0.491373 0.013101
v 0.005758 0.491370 0.012368
v 0.014449 0.502716 0.007986
v 0.014449 0.503495 0.012462
v 0.014449 0.503657 0.010128
v 0.013348 0.504911 0.016850
v 0.014449 0.502267 0.014453
v 0.014449 0.500255 0.015646
v 0.014449 0.495794 0.014788
v 0.014449 0.497919 0.015767
v 0.014449 0.494368 0.012933
v 0.009932 0.491361 0.009580
v 0.011532 0.491355 0.007630
v 0.014449 0.496350 0.006761
v 0.012721 0.491347 0.005406
v 0.014449 0.493966 0.010628
v 0.014449 0.494682 0.008401
v 0.013453 0.491339 0.002992
v 0.014449 0.491406 -0.005727
v 0.009614 0.502460 -0.005759
v 0.009210 0.505706 -0.004934
v 0.014449 0.502540 -0.005746
v 0.011532 0.491306 -0.006665
v 0.011324 0.502500 -0.000118
v 0.013700 0.491330 0.000483
v 0.010449 0.505808 -0.001710
v 0.013453 0.491322 -0.002027
v 0.011101 0.502499 -0.002062
v 0.009920 0.505719 -0.003604
v 0.012721 0.491314 -0.004441
v 0.010576 0.502499 -0.003787
v 0.010025 0.522801 0.002249
v 0.014449 0.498590 0.006085
v 0.010253 0.499718 -0.005746
v 0.009932 0.491300 -0.008614
v 0.008882 0.505691 -0.006438
v 0.009357 0.502627 -0.006868
v 0.007842 0.498182 -0.008691
v 0.008745 0.499956 -0.007802
v 0.006349 0.496720 -0.009880
v 0.004773 0.495707 -0.010951
v 0.002941 0.494872 -0.011609
v 0.007983 0.491294 -0.010214
v 0.005758 0.491290 -0.011403
v 0.003345 0.491288 -0.012135
v 0.008281 0.507199 -0.006454
v 0.009003 0.509187 -0.005287
v 0.009821 0.509524 -0.003577
v 0.010399 0.509371 -0.001458
v 0.007399 0.508373 -0.006750
v 0.006035 0.509516 -0.007904
v 0.004351 0.510344 -0.008837
v 0.006385 0.523822 -0.007453
v 0.003905 0.524012 -0.008737
v 0.008355 0.523644 -0.005541
v 0.010240 0.523193 -0.000448
v 0.009694 0.523449 -0.003129
v 0.010141 0.530535 0.000121
v 0.009731 0.530527 0.003013
v 0.009637 0.530526 -0.002756
v 0.006170 0.530465 -0.007368
v 0.008447 0.530505 0.005637
v 0.003547 0.530419 -0.008651
v 0.008269 0.530502 -0.005337
v 0.006416 0.530469 0.007736
v 0.003836 0.530424 0.009104
v 0.007977 0.477882 0.010689
v 0.003343 0.477882 0.012609
v 0.005755 0.477882 0.011877
v 0.009925 0.477882 0.009090
v 0.011524 0.477882 0.007142
v 0.012712 0.477882 0.004920
v 0.013443 0.477882 0.002508
v 0.011524 0.477882 -0.007142
v 0.013690 0.477882 0.000000
v 0.013443 0.477882 -0.002508
v 0.012712 0.477882 -0.004919
v 0.009925 0.477882 -0.009090
v 0.007977 0.477882 -0.010688
v 0.005755 0.477882 -0.011876
v 0.003343 0.477882 -0.012608
v 0.008913 0.504998 -0.026539
v 0.009198 0.502834 -0.026539
v 0.008078 0.498652 -0.026539
v 0.008913 0.500669 -0.026539
v 0.006749 0.496920 -0.026539
v 0.005017 0.495591 -0.026539
v 0.003000 0.494756 -0.026539
v 0.008078 0.507015 -0.026539
v 0.006749 0.508747 -0.026539
v 0.005017 0.510076 -0.026539
v 0.003000 0.510912 -0.026539
v 0.014449 0.502505 0.018452
v 0.014449 0.496417 0.018447
v 0.014449 0.502561 0.003764
v 0.014445 0.505856 0.006548
v 0.014449 0.504890 0.016884
v 0.014449 0.507322 0.011149
v 0.014449 0.499483 0.019267
v 0.014449 0.493781 0.016619
v 0.014449 0.492128 0.013991
v 0.014449 0.491665 0.012425
v 0.014449 0.491405 0.010845
v 0.014449 0.491406 0.008003
v 0.014449 0.491406 0.004578
v 0.014449 0.497038 0.004167
v 0.015592 0.504661 0.039857
v 0.015592 0.504659 0.037322
v 0.009988 0.497596 0.037322
v 0.009984 0.497593 0.039857
v 0.007351 0.496127 0.037322
v 0.007355 0.496129 0.039857
v 0.004487 0.495201 0.037322
v 0.004479 0.495198 0.039857
v 0.014176 0.501917 0.037322
v 0.014174 0.501915 0.039857
v 0.012327 0.499584 0.039857
v 0.012327 0.499584 0.037322
v 0.016401 0.507512 0.039857
v 0.016403 0.507521 0.037322
v 0.016659 0.510658 0.039857
v 0.016657 0.510660 0.037321
v 0.016327 0.513587 0.039857
v 0.016326 0.513588 0.037322
v 0.015398 0.516510 0.039857
v 0.015398 0.516511 0.037322
v 0.013926 0.519161 0.039857
v 0.013925 0.519162 0.037322
v 0.011952 0.521499 0.039857
v 0.011950 0.521501 0.037322
v 0.009536 0.523411 0.039857
v 0.009534 0.523412 0.037322
v 0.006835 0.524790 0.039857
v 0.006832 0.524790 0.037322
v 0.003920 0.525622 0.039857
v 0.003917 0.525622 0.037322
v 0.010785 0.501073 0.037322
v 0.010785 0.501073 0.039857
v 0.013598 0.505448 0.037322
v 0.013598 0.505449 0.039857
v 0.014293 0.507902 0.037322
v 0.014291 0.507894 0.039857
v 0.008763 0.499356 0.039857
v 0.008766 0.499358 0.037322
v 0.006499 0.498095 0.039857
v 0.006496 0.498093 0.037322
v 0.004023 0.497293 0.039857
v 0.004030 0.497296 0.037322
v 0.012373 0.503078 0.039857
v 0.012375 0.503080 0.037322
v 0.014513 0.510626 0.037322
v 0.014515 0.510625 0.039857
v 0.014229 0.513141 0.037322
v 0.014230 0.513140 0.039857
v 0.013429 0.515662 0.037322
v 0.013430 0.515660 0.039857
v 0.012160 0.517944 0.037322
v 0.012161 0.517943 0.039857
v 0.010458 0.519961 0.037322
v 0.010460 0.519959 0.039857
v 0.008376 0.521607 0.037322
v 0.008378 0.521607 0.039857
v 0.006047 0.522795 0.037322
v 0.006050 0.522795 0.039857
v 0.003534 0.523513 0.037322
v 0.003537 0.523512 0.039857
v 0.013599 0.505450 0.042387
v 0.013600 0.505452 0.044922
v 0.008754 0.499350 0.044922
v 0.008758 0.499353 0.042387
v 0.004004 0.497288 0.044922
v 0.004014 0.497291 0.042387
v 0.014231 0.513138 0.042387
v 0.014232 0.513135 0.044922
v 0.013430 0.515659 0.042387
v 0.013431 0.515657 0.044922
v 0.008381 0.521606 0.042387
v 0.008384 0.521604 0.044922
v 0.006054 0.522794 0.042387
v 0.006059 0.522794 0.044922
v 0.010785 0.501073 0.042387
v 0.010785 0.501073 0.044922
v 0.014289 0.507883 0.042387
v 0.014287 0.507871 0.044922
v 0.006507 0.498099 0.044922
v 0.006503 0.498097 0.042387
v 0.012368 0.503072 0.044922
v 0.012370 0.503075 0.042387
v 0.014518 0.510623 0.042387
v 0.014521 0.510621 0.044922
v 0.012163 0.517941 0.042387
v 0.012165 0.517940 0.044922
v 0.010461 0.519957 0.042387
v 0.010463 0.519955 0.044922
v 0.003542 0.523511 0.042387
v 0.003546 0.523511 0.044922
v 0.003923 0.525621 0.042387
v 0.003928 0.525620 0.044922
v 0.006839 0.524790 0.042386
v 0.006844 0.524789 0.044922
v 0.009541 0.523409 0.042387
v 0.009544 0.523408 0.044922
v 0.011954 0.521496 0.042387
v 0.011956 0.521494 0.044922
v 0.013928 0.519159 0.042387
v 0.013930 0.519157 0.044922
v 0.015399 0.516508 0.042387
v 0.015400 0.516505 0.044922
v 0.016327 0.513586 0.042386
v 0.016328 0.513584 0.044922
v 0.016662 0.510655 0.042386
v 0.016665 0.510653 0.044921
v 0.016398 0.507499 0.042386
v 0.016396 0.507486 0.044922
v 0.012327 0.499583 0.042387
v 0.012327 0.499583 0.044923
v 0.014168 0.501908 0.044923
v 0.014171 0.501912 0.042387
v 0.004459 0.495192 0.044922
v 0.004470 0.495196 0.042387
v 0.007363 0.496133 0.044922
v 0.007359 0.496131 0.042387
v 0.009974 0.497588 0.044922
v 0.009980 0.497591 0.042387
v 0.015592 0.504661 0.042387
v 0.015593 0.504663 0.044922
v 0.011360 0.508408 0.047955
v 0.003361 0.500190 0.047955
v 0.007057 0.501794 0.047955
v 0.010829 0.506541 0.047955
v 0.005320 0.500826 0.047955
v 0.008641 0.503136 0.047955
v 0.009868 0.504686 0.047955
v 0.010698 0.514470 0.047955
v 0.003018 0.520576 0.047955
v 0.008393 0.517810 0.047955
v 0.011321 0.512510 0.047955
v 0.004971 0.520019 0.047955
v 0.009715 0.516245 0.047955
v 0.006778 0.519094 0.047955
v 0.011548 0.510555 0.047955
v 0.011360 0.508408 0.036481
v 0.003361 0.500190 0.036481
v 0.007057 0.501794 0.036481
v 0.010829 0.506541 0.036481
v 0.005320 0.500826 0.036481
v 0.008641 0.503136 0.036481
v 0.009868 0.504686 0.036481
v 0.010698 0.514470 0.036481
v 0.003018 0.520576 0.036481
v 0.008393 0.517810 0.036481
v 0.011321 0.512510 0.036481
v 0.004971 0.520019 0.036481
v 0.009715 0.516245 0.036481
v 0.006778 0.519094 0.036481
v 0.011548 0.510555 0.036481
v 0.007047 0.504477 -0.026539
v 0.007267 0.502812 -0.026539
v 0.006405 0.499596 -0.026539
v 0.007047 0.501147 -0.026539
v 0.005383 0.498264 -0.026539
v 0.004051 0.497242 -0.026539
v 0.002500 0.496600 -0.026539
v 0.006405 0.506028 -0.026539
v 0.005383 0.507360 -0.026539
v 0.004051 0.508382 -0.026539
v 0.002500 0.509024 -0.026539
v 0.007047 0.504477 -0.023509
v 0.007267 0.502812 -0.023509
v 0.006405 0.499596 -0.023509
v 0.007047 0.501147 -0.023509
v 0.005383 0.498264 -0.023509
v 0.004051 0.497242 -0.023509
v 0.002500 0.496600 -0.023509
v 0.006405 0.506028 -0.023509
v 0.005383 0.507360 -0.023509
v 0.004051 0.508382 -0.023509
v 0.002500 0.509024 -0.023509
v 0.012463 0.501772 0.013969
v 0.012528 0.498028 0.015100
v 0.012482 0.500584 0.007144
v 0.012454 0.502158 0.008400
v 0.012444 0.502829 0.012254
v 0.012441 0.502969 0.010245
v 0.012493 0.500039 0.014996
v 0.012560 0.496198 0.014257
v 0.012581 0.494970 0.012660
v 0.012586 0.494625 0.010676
v 0.012575 0.495241 0.008758
v 0.012549 0.496678 0.007346
v 0.012516 0.498606 0.006763
v 0.012455 0.502248 0.014454
v 0.012531 0.497900 0.015767
v 0.012476 0.500868 0.006527
v 0.012445 0.502697 0.007986
v 0.012433 0.503476 0.012462
v 0.012429 0.503638 0.010128
v 0.012490 0.500236 0.015647
v 0.012567 0.495775 0.014788
v 0.012592 0.494348 0.012934
v 0.012598 0.493947 0.010629
v 0.012585 0.494663 0.008401
v 0.012555 0.496331 0.006761
v 0.012516 0.498571 0.006085
v 0.014408 0.501806 0.013969
v 0.014473 0.498062 0.015100
v 0.014426 0.500618 0.007143
v 0.014399 0.502192 0.008400
v 0.014389 0.502863 0.012254
v 0.014386 0.503003 0.010244
v 0.014438 0.500073 0.014996
v 0.014504 0.496232 0.014257
v 0.014525 0.495004 0.012660
v 0.014531 0.494658 0.010675
v 0.014520 0.495275 0.008757
v 0.014494 0.496711 0.007345
v 0.014461 0.498640 0.006763
v 0.006485 0.530485 0.000249
v 0.006179 0.530479 0.001999
v 0.006236 0.530480 -0.001511
v 0.004220 0.530440 -0.004384
v 0.005347 0.530463 0.003569
v 0.002650 0.530409 -0.005217
v 0.005455 0.530465 -0.003107
v 0.004070 0.530437 0.004805
v 0.002474 0.530405 0.005586
v 0.006960 0.536313 0.000156
v 0.008873 0.544248 0.000156
v 0.004017 0.536313 0.005255
v 0.025117 0.536313 -0.007170
v 0.025117 0.536313 0.007482
v 0.028606 0.536313 0.000156
v 0.004017 0.536313 -0.004943
v 0.024575 0.544248 0.000156
v 0.022329 0.536313 0.008172
v 0.014180 0.536313 0.010843
v 0.017780 0.536313 0.009510
v 0.014180 0.536313 -0.010531
v 0.022329 0.536313 -0.007860
v 0.017780 0.536313 -0.009197
v 0.027879 0.536313 -0.003507
v 0.006172 0.536313 -0.002788
v 0.007828 0.544248 -0.003744
v 0.023902 0.544248 -0.003670
v 0.019447 0.544248 -0.004406
v 0.015870 0.544248 -0.005169
v 0.006172 0.536313 0.003100
v 0.007828 0.544248 0.004056
v 0.027879 0.536313 0.003819
v 0.023902 0.544248 0.003982
v 0.019447 0.544248 0.004718
v 0.015870 0.544248 0.005482
v -0.001871 0.536313 -0.004943
v -0.002827 0.544248 -0.006599
v -0.017294 0.536313 -0.017004
v -0.004605 0.536313 -0.024330
v -0.012694 0.536313 -0.023689
v -0.004815 0.536313 0.000156
v -0.010679 0.544248 -0.020198
v -0.002613 0.536313 -0.022260
v 0.003774 0.536313 -0.016539
v 0.000819 0.536313 -0.018990
v -0.014736 0.536313 -0.005852
v -0.016497 0.536313 -0.014244
v -0.015382 0.536313 -0.009636
v -0.015503 0.536313 -0.021228
v -0.004026 0.536313 -0.002788
v -0.005682 0.544248 -0.003744
v -0.013656 0.544248 -0.017702
v -0.012066 0.544248 -0.013476
v -0.010938 0.544248 -0.009996
v 0.001073 0.536313 -0.005732
v 0.001073 0.544248 -0.007644
v -0.009159 0.536313 -0.024891
v -0.007029 0.544248 -0.021528
v -0.004164 0.544248 -0.018038
v -0.001714 0.544248 -0.015322
v -0.001871 0.536313 0.005255
v -0.002827 0.544248 0.006911
v -0.004605 0.536313 0.024642
v -0.017294 0.536313 0.017316
v -0.012694 0.536313 0.024001
v -0.010679 0.544248 0.020510
v -0.016497 0.536313 0.014556
v -0.014736 0.536313 0.006164
v -0.015382 0.536313 0.009949
v 0.003774 0.536313 0.016851
v -0.002613 0.536313 0.022572
v 0.000819 0.536313 0.019302
v -0.009159 0.536313 0.025203
v 0.001073 0.536313 0.006044
v 0.001073 0.544248 0.007956
v -0.007029 0.544248 0.021840
v -0.004164 0.544248 0.018350
v -0.001714 0.544248 0.015634
v -0.004026 0.536313 0.003100
v -0.005682 0.544248 0.004056
v -0.015503 0.536313 0.021540
v -0.013656 0.544248 0.018014
v -0.012066 0.544248 0.013788
v -0.010938 0.544248 0.010308
v 0.004973 0.544248 0.006911
v 0.008355 0.540705 0.012769
v 0.007985 0.543210 0.012128
v 0.023447 0.544248 -0.004894
v 0.024489 0.540720 -0.006978
v 0.023976 0.543215 -0.006304
v 0.023447 0.544248 0.005206
v 0.024489 0.540720 0.007290
v 0.023976 0.543215 0.006617
v 0.027886 0.540730 0.000156
v 0.026858 0.543218 0.000156
v 0.008355 0.540705 -0.012457
v 0.004973 0.544248 -0.006599
v 0.007985 0.543210 -0.011816
v 0.021774 0.540713 0.007963
v 0.021380 0.543212 0.007284
v 0.014667 0.544248 0.008016
v 0.013839 0.540706 0.010565
v 0.013968 0.543211 0.009725
v 0.018350 0.544248 0.006666
v 0.017345 0.540709 0.009266
v 0.017494 0.543211 0.008423
v 0.021774 0.540713 -0.007651
v 0.021126 0.543212 -0.007046
v 0.013839 0.540706 -0.010252
v 0.014667 0.544248 -0.007704
v 0.013968 0.543211 -0.009413
v 0.017345 0.540709 -0.008954
v 0.018350 0.544248 -0.006353
v 0.017494 0.543211 -0.008111
v 0.027178 0.540727 -0.003411
v 0.026143 0.543217 -0.003436
v 0.027178 0.540727 0.003723
v 0.026143 0.543217 0.003748
v -0.014488 0.544248 -0.016696
v -0.016814 0.540720 -0.016556
v -0.015974 0.543215 -0.016448
v -0.005741 0.544248 -0.021746
v -0.004457 0.540720 -0.023690
v -0.004784 0.543215 -0.022909
v -0.012334 0.540730 -0.023065
v 0.020898 0.544248 -0.005624
v -0.011820 0.543218 -0.022175
v -0.013492 0.540705 0.000156
v -0.006727 0.544248 0.000156
v -0.012752 0.543210 0.000156
v -0.002517 0.540713 -0.021676
v 0.020898 0.544248 0.005936
v -0.002731 0.543212 -0.020826
v 0.001082 0.544248 -0.015547
v 0.003703 0.540706 -0.016104
v 0.002912 0.543211 -0.015796
v -0.001928 0.544248 -0.018061
v 0.000826 0.540709 -0.018491
v 0.000021 0.543211 -0.018199
v -0.016039 0.540713 -0.013869
v -0.015179 0.543212 -0.013560
v -0.014325 0.540706 -0.005696
v -0.012531 0.544248 -0.007687
v -0.013662 0.543211 -0.006227
v -0.014953 0.540709 -0.009381
v -0.013203 0.544248 -0.011552
v -0.014298 0.543211 -0.009932
v -0.015069 0.540727 -0.020668
v -0.014573 0.543217 -0.019759
v -0.008891 0.540727 -0.024236
v -0.008352 0.543217 -0.023351
v -0.005741 0.544248 0.022058
v -0.004457 0.540720 0.024002
v -0.004784 0.543215 0.023221
v -0.014488 0.544248 0.017008
v -0.016814 0.540720 0.016868
v -0.015974 0.543215 0.016760
v -0.012334 0.540730 0.023377
v -0.011820 0.543218 0.022487
v -0.016039 0.540713 0.014181
v -0.015223 0.543212 0.014051
v -0.012531 0.544248 0.007999
v -0.014325 0.540706 0.006008
v -0.013662 0.543211 0.006539
v -0.013203 0.544248 0.011864
v -0.014953 0.540709 0.009694
v -0.014298 0.543211 0.010244
v -0.003835 0.544248 0.020216
v -0.002517 0.540713 0.021988
v -0.002857 0.543212 0.021258
v 0.003703 0.540706 0.016416
v 0.001082 0.544248 0.015859
v 0.002912 0.543211 0.016108
v 0.000826 0.540709 0.018803
v -0.001928 0.544248 0.018373
v 0.000021 0.543211 0.018511
v -0.008891 0.540727 0.024548
v -0.008352 0.543217 0.023663
v -0.013846 0.544248 0.014436
v -0.015069 0.540727 0.020981
v -0.014573 0.543217 0.020071
v -0.013846 0.544248 -0.014124
v -0.003835 0.544248 -0.019903
v 0.012428 0.544248 0.006327
v 0.013542 0.544248 0.000156
v 0.012428 0.544248 -0.006015
v 0.000739 0.544248 -0.012764
v -0.005162 0.544248 -0.010642
v -0.009949 0.544248 -0.006593
v -0.009949 0.544248 0.006905
v -0.005162 0.544248 0.010955
v 0.000739 0.544248 0.013076
v 0.007314 0.544248 0.010966
v 0.007314 0.544248 -0.010654
v -0.011410 0.544248 0.000156
v -0.006727 0.542347 0.000156
v 0.004973 0.542347 -0.006599
v 0.004973 0.542347 0.006911
v 0.001073 0.542347 0.007956
v -0.002827 0.542347 0.006911
v -0.005682 0.542347 0.004056
v -0.005682 0.542347 -0.003744
v -0.002827 0.542347 -0.006599
v 0.001073 0.542347 -0.007644
v 0.007828 0.542347 -0.003744
v 0.008873 0.542347 0.000156
v 0.007828 0.542347 0.004056
v 0.008549 0.536313 0.013106
v 0.008549 0.536313 -0.012794
v -0.013881 0.536313 0.000156
v 0.007157 0.530984 0.000156
v 0.004115 0.530984 0.005425
v -0.001970 0.530984 0.005425
v -0.005012 0.530984 0.000156
v -0.001970 0.530984 -0.005113
v 0.004115 0.530984 -0.005113
v 0.009250 0.530984 0.000156
v 0.005161 0.530984 0.007238
v -0.003016 0.530984 0.007238
v -0.007105 0.530984 0.000156
v -0.003016 0.530984 -0.006926
v 0.005161 0.530984 -0.006926
v 0.006342 0.530984 0.003198
v 0.001073 0.530984 0.006240
v -0.004197 0.530984 0.003198
v -0.004197 0.530984 -0.002886
v 0.001073 0.530984 -0.005928
v 0.006342 0.530984 -0.002886
v 0.006342 0.529947 0.003198
v 0.004115 0.529947 0.005425
v 0.001073 0.529947 0.006240
v -0.001970 0.529947 0.005425
v -0.004197 0.529947 0.003198
v -0.005012 0.529947 0.000156
v -0.004197 0.529947 -0.002886
v -0.001970 0.529947 -0.005113
v 0.001073 0.529947 -0.005928
v 0.004115 0.529947 -0.005113
v 0.006342 0.529947 -0.002886
v 0.007157 0.529947 0.000156
v 0.007157 0.535852 0.000156
v 0.004115 0.535852 0.005425
v -0.001970 0.535852 0.005425
v -0.005012 0.535852 0.000156
v -0.001970 0.535852 -0.005113
v 0.004115 0.535852 -0.005113
v 0.009250 0.535852 0.000156
v 0.005161 0.535852 0.007238
v -0.003016 0.535852 0.007238
v -0.007105 0.535852 0.000156
v -0.003016 0.535852 -0.006926
v 0.005161 0.535852 -0.006926
v 0.006342 0.535852 0.003198
v 0.001073 0.535852 0.006240
v -0.004197 0.535852 0.003198
v -0.004197 0.535852 -0.002886
v 0.001073 0.535852 -0.005928
v 0.006342 0.535852 -0.002886
v 0.006342 0.536621 0.003198
v 0.004115 0.536621 0.005425
v 0.001073 0.536621 0.006240
v -0.001970 0.536621 0.005425
v -0.004197 0.536621 0.003198
v -0.005012 0.536621 0.000156
v -0.004197 0.536621 -0.002886
v -0.001970 0.536621 -0.005113
v 0.001073 0.536621 -0.005928
v 0.004115 0.536621 -0.005113
v 0.006342 0.536621 -0.002886
v 0.007157 0.536621 0.000156
vn -0.8438 0.5119 0.1613
vn -0.8590 0.5119 -0.0000
vn -0.8437 0.5119 0.1613
vn -0.1613 0.5119 -0.8438
vn -0.0000 0.5119 -0.8590
vn -0.7065 0.5119 -0.4886
vn -0.6074 0.5119 -0.6074
vn -0.7097 0.5120 -0.4839
vn -0.4886 0.5119 0.7065
vn -0.6074 0.5119 0.6074
vn -0.4839 0.5120 0.7097
vn 0.8487 -0.5033 -0.1625
vn 0.8642 -0.5031 -0.0005
vn 0.1623 -0.5025 0.8492
vn -0.0000 -0.5016 0.8651
vn 0.7083 -0.5100 0.4881
vn 0.7101 -0.5104 0.4850
vn 0.6082 -0.5102 0.6082
vn 0.4881 -0.5100 -0.7082
vn 0.4850 -0.5104 -0.7101
vn 0.6082 -0.5102 -0.6082
vn -0.0000 -1.0000 -0.0000
vn 0.7097 0.5120 -0.4839
vn 0.7661 0.5107 -0.3903
vn 0.7956 0.5172 -0.3155
vn 0.7609 0.5099 -0.4014
vn 0.3154 0.5172 -0.7956
vn 0.2497 0.5101 -0.8231
vn 0.4839 0.5120 0.7097
vn 0.4014 0.5099 0.7609
vn 0.3902 0.5107 0.7661
vn -0.5110 -0.8545 0.0933
vn -0.5192 -0.8547 0.0003
vn 0.7065 0.5119 0.4886
vn 0.7609 0.5098 0.4014
vn 0.7663 0.5108 0.3897
vn -0.0930 -0.8548 -0.5106
vn -0.0000 -0.8551 -0.5185
vn -0.0931 -0.8548 -0.5106
vn 0.4886 0.5119 -0.7065
vn 0.3897 0.5108 -0.7663
vn 0.3271 0.5027 -0.8002
vn 0.4014 0.5098 -0.7609
vn 0.5108 0.8545 0.0937
vn 0.5192 0.8547 0.0002
vn -0.7097 0.5120 0.4839
vn -0.7661 0.5107 0.3902
vn -0.7956 0.5172 0.3154
vn 0.0936 0.8548 -0.5105
vn -0.0000 0.8550 -0.5186
vn -0.1841 0.3304 0.9257
vn -0.0000 0.3304 0.9439
vn -0.0000 0.5718 0.8204
vn -0.1601 0.5718 0.8047
vn -0.1277 0.7561 0.6419
vn -0.0000 0.7561 0.6545
vn -0.0000 0.8774 0.4797
vn -0.0936 0.8774 0.4705
vn -0.0578 0.9551 0.2905
vn -0.0000 0.9551 0.2962
vn -0.0000 0.9873 0.1590
vn -0.0288 0.9891 0.1447
vn -0.5244 0.3304 0.7848
vn -0.3612 0.3304 0.8720
vn -0.3140 0.5718 0.7580
vn -0.4558 0.5718 0.6822
vn -0.3636 0.7561 0.5442
vn -0.2504 0.7561 0.6046
vn -0.1836 0.8774 0.4432
vn -0.2665 0.8774 0.3989
vn -0.1398 0.9661 0.2169
vn -0.1132 0.9551 0.2739
vn -0.0587 0.9878 0.1443
vn -0.0766 0.9903 0.1158
vn -0.7848 0.3304 0.5244
vn -0.6674 0.3304 0.6674
vn -0.5801 0.5718 0.5801
vn -0.6822 0.5718 0.4558
vn -0.5441 0.7561 0.3636
vn -0.4628 0.7561 0.4628
vn -0.3392 0.8774 0.3392
vn -0.3989 0.8774 0.2665
vn -0.2169 0.9661 0.1398
vn -0.1824 0.9662 0.1824
vn -0.1037 0.9892 0.1037
vn -0.1158 0.9903 0.0766
vn -0.9257 0.3304 0.1841
vn -0.8720 0.3304 0.3612
vn -0.7580 0.5718 0.3140
vn -0.8047 0.5718 0.1601
vn -0.6419 0.7561 0.1277
vn -0.6047 0.7561 0.2505
vn -0.4432 0.8774 0.1836
vn -0.4705 0.8774 0.0936
vn -0.2906 0.9551 0.0578
vn -0.2739 0.9551 0.1132
vn -0.1443 0.9878 0.0587
vn -0.1447 0.9891 0.0288
vn -0.9257 0.3304 -0.1841
vn -0.9439 0.3304 -0.0000
vn -0.8204 0.5718 -0.0000
vn -0.8047 0.5718 -0.1601
vn -0.6419 0.7561 -0.1277
vn -0.6545 0.7561 -0.0000
vn -0.4797 0.8774 -0.0000
vn -0.4705 0.8774 -0.0936
vn -0.2908 0.9551 -0.0576
vn -0.2963 0.9551 -0.0000
vn -0.1590 0.9873 -0.0000
vn -0.1419 0.9895 -0.0274
vn -0.7848 0.3304 -0.5244
vn -0.8720 0.3304 -0.3612
vn -0.7580 0.5718 -0.3140
vn -0.6822 0.5718 -0.4558
vn -0.5442 0.7561 -0.3636
vn -0.6047 0.7561 -0.2505
vn -0.4432 0.8774 -0.1836
vn -0.3989 0.8774 -0.2665
vn -0.2147 0.9662 -0.1430
vn -0.2400 0.9661 -0.0948
vn -0.1385 0.9888 -0.0565
vn -0.1132 0.9907 -0.0756
vn -0.5244 0.3304 -0.7848
vn -0.6674 0.3304 -0.6674
vn -0.5801 0.5718 -0.5801
vn -0.4558 0.5718 -0.6822
vn -0.3636 0.7561 -0.5442
vn -0.4628 0.7561 -0.4628
vn -0.3392 0.8774 -0.3392
vn -0.2665 0.8774 -0.3989
vn -0.1398 0.9661 -0.2169
vn -0.1824 0.9662 -0.1824
vn -0.1036 0.9892 -0.1036
vn -0.0766 0.9903 -0.1158
vn -0.1841 0.3304 -0.9257
vn -0.3612 0.3304 -0.8720
vn -0.3140 0.5718 -0.7580
vn -0.1601 0.5718 -0.8047
vn -0.1277 0.7561 -0.6419
vn -0.2505 0.7561 -0.6047
vn -0.1836 0.8774 -0.4432
vn -0.0936 0.8774 -0.4705
vn -0.0578 0.9551 -0.2905
vn -0.1132 0.9551 -0.2739
vn -0.0587 0.9878 -0.1443
vn -0.0288 0.9891 -0.1447
vn -0.0000 0.7171 -0.6970
vn -0.2667 0.7171 -0.6440
vn -0.2076 0.8401 -0.5011
vn -0.0000 0.8401 -0.5424
vn -0.1836 -0.3376 0.9232
vn -0.3602 -0.3376 0.8696
vn -0.3173 -0.5590 0.7660
vn -0.1617 -0.5591 0.8132
vn -0.1313 -0.7395 0.6602
vn -0.2576 -0.7395 0.6219
vn -0.2076 -0.8400 0.5012
vn -0.1058 -0.8400 0.5321
vn -0.0899 -0.8874 0.4521
vn -0.1764 -0.8874 0.4258
vn -0.1405 -0.9302 0.3391
vn -0.0716 -0.9302 0.3600
vn -0.0699 -0.9832 0.1687
vn -0.0356 -0.9832 0.1791
vn -0.0000 -0.9832 0.1826
vn -0.5229 -0.3376 0.7826
vn -0.6656 -0.3376 0.6656
vn -0.5862 -0.5591 0.5862
vn -0.4606 -0.5591 0.6894
vn -0.3740 -0.7395 0.5597
vn -0.4760 -0.7395 0.4760
vn -0.3836 -0.8400 0.3836
vn -0.3014 -0.8400 0.4511
vn -0.2561 -0.8874 0.3833
vn -0.3259 -0.8874 0.3259
vn -0.2595 -0.9302 0.2595
vn -0.2039 -0.9302 0.3052
vn -0.1291 -0.9832 0.1291
vn -0.1014 -0.9832 0.1518
vn -0.7826 -0.3376 0.5229
vn -0.8696 -0.3376 0.3602
vn -0.7659 -0.5592 0.3173
vn -0.6894 -0.5590 0.4607
vn -0.5597 -0.7395 0.3740
vn -0.6219 -0.7395 0.2576
vn -0.5012 -0.8400 0.2076
vn -0.4511 -0.8400 0.3014
vn -0.3833 -0.8874 0.2561
vn -0.4258 -0.8874 0.1764
vn -0.3391 -0.9302 0.1405
vn -0.3052 -0.9302 0.2039
vn -0.1687 -0.9832 0.0699
vn -0.1518 -0.9832 0.1014
vn -0.9232 -0.3376 0.1836
vn -0.9413 -0.3376 -0.0000
vn -0.8291 -0.5591 -0.0000
vn -0.8131 -0.5592 0.1617
vn -0.6602 -0.7395 0.1313
vn -0.6732 -0.7395 -0.0000
vn -0.5425 -0.8400 -0.0000
vn -0.5321 -0.8400 0.1058
vn -0.4521 -0.8874 0.0899
vn -0.4609 -0.8874 -0.0000
vn -0.3671 -0.9302 -0.0000
vn -0.3600 -0.9302 0.0716
vn -0.1826 -0.9832 -0.0000
vn -0.1791 -0.9832 0.0356
vn -0.9232 -0.3376 -0.1836
vn -0.8696 -0.3376 -0.3602
vn -0.7660 -0.5591 -0.3173
vn -0.8131 -0.5592 -0.1617
vn -0.6602 -0.7395 -0.1313
vn -0.6219 -0.7395 -0.2576
vn -0.5012 -0.8400 -0.2076
vn -0.5321 -0.8400 -0.1058
vn -0.4521 -0.8874 -0.0899
vn -0.4258 -0.8874 -0.1764
vn -0.3391 -0.9302 -0.1405
vn -0.3600 -0.9302 -0.0716
vn -0.1687 -0.9832 -0.0699
vn -0.1791 -0.9832 -0.0356
vn -0.7826 -0.3376 -0.5229
vn -0.6656 -0.3376 -0.6656
vn -0.5863 -0.5591 -0.5863
vn -0.6894 -0.5591 -0.4606
vn -0.5597 -0.7395 -0.3740
vn -0.4760 -0.7395 -0.4760
vn -0.3836 -0.8400 -0.3836
vn -0.4511 -0.8400 -0.3014
vn -0.3833 -0.8874 -0.2561
vn -0.3259 -0.8874 -0.3259
vn -0.2595 -0.9302 -0.2595
vn -0.3052 -0.9302 -0.2039
vn -0.1291 -0.9832 -0.1291
vn -0.1518 -0.9832 -0.1014
vn -0.5229 -0.3376 -0.7826
vn -0.3602 -0.3376 -0.8696
vn -0.3173 -0.5590 -0.7660
vn -0.4606 -0.5591 -0.6894
vn -0.3740 -0.7395 -0.5597
vn -0.2576 -0.7395 -0.6219
vn -0.2076 -0.8400 -0.5012
vn -0.3014 -0.8400 -0.4511
vn -0.2561 -0.8874 -0.3833
vn -0.1764 -0.8874 -0.4258
vn -0.1405 -0.9302 -0.3391
vn -0.2039 -0.9302 -0.3052
vn -0.0699 -0.9832 -0.1687
vn -0.1014 -0.9832 -0.1518
vn -0.1836 -0.3376 -0.9232
vn -0.0000 -0.3376 -0.9413
vn -0.0000 -0.5590 -0.8292
vn -0.1617 -0.5591 -0.8132
vn -0.1313 -0.7394 -0.6603
vn -0.0000 -0.7395 -0.6732
vn -0.0000 -0.8400 -0.5425
vn -0.1058 -0.8400 -0.5321
vn -0.0899 -0.8874 -0.4521
vn -0.0000 -0.8874 -0.4609
vn -0.0000 -0.9302 -0.3671
vn -0.0716 -0.9302 -0.3600
vn -0.0000 -0.9832 -0.1826
vn -0.0356 -0.9832 -0.1791
vn -0.8599 0.3656 -0.3562
vn -0.7739 0.3656 -0.5171
vn -0.8315 -0.0000 -0.5556
vn -0.9239 -0.0000 -0.3827
vn -0.0000 0.3656 0.9308
vn -0.1816 0.3656 0.9129
vn -0.1951 -0.0000 0.9808
vn -0.0000 -0.0000 1.0000
vn -0.1617 0.5119 -0.8437
vn -0.0000 0.5119 -0.8591
vn -0.1951 -0.0000 -0.9808
vn -0.3827 -0.0000 -0.9239
vn -0.5556 -0.0000 -0.8315
vn -0.7071 -0.0000 -0.7071
vn -0.7609 0.5098 0.4014
vn -0.9808 -0.0000 -0.1951
vn -1.0000 -0.0000 -0.0000
vn -0.8437 0.5119 0.1617
vn -0.8591 0.5119 -0.0000
vn -0.9808 -0.0000 0.1951
vn -0.9239 -0.0000 0.3827
vn -0.4839 0.5120 -0.7097
vn -0.4014 0.5098 -0.7609
vn -0.3902 0.5107 -0.7661
vn -0.8315 -0.0000 0.5556
vn -0.7071 -0.0000 0.7071
vn -0.5556 -0.0000 0.8315
vn -0.3827 -0.0000 0.9239
vn 0.1951 -0.0000 0.9808
vn 0.1615 -0.5102 0.8447
vn -0.0000 -0.5098 0.8603
vn 0.5556 -0.0000 0.8315
vn 0.3827 -0.0000 0.9239
vn 0.8315 -0.0000 0.5556
vn 0.7071 -0.0000 0.7071
vn 0.9808 -0.0000 0.1951
vn 0.9239 -0.0000 0.3827
vn 0.9808 -0.0000 -0.1951
vn 1.0000 -0.0000 -0.0000
vn 0.8445 -0.5107 -0.1613
vn 0.8598 -0.5106 0.0004
vn 0.8315 -0.0000 -0.5556
vn 0.9239 -0.0000 -0.3827
vn 0.5556 -0.0000 -0.8315
vn 0.7071 -0.0000 -0.7071
vn 0.1951 -0.0000 -0.9808
vn 0.3827 -0.0000 -0.9239
vn -0.5171 0.3656 -0.7739
vn -0.3562 0.3656 -0.8599
vn -0.6582 0.3656 -0.6582
vn -0.5171 0.3656 0.7739
vn -0.6582 0.3656 0.6582
vn -0.0000 -0.9302 0.3671
vn -0.0000 -0.8874 0.4609
vn -0.0000 -0.7395 0.6732
vn -0.0000 -0.8400 0.5425
vn -0.0000 -0.3376 0.9413
vn -0.0000 -0.5591 0.8291
vn -0.0000 -0.8542 0.5199
vn -0.0928 -0.8545 0.5111
vn -0.0000 -0.5046 -0.8633
vn 0.1617 -0.5037 -0.8486
vn -0.0000 0.5119 0.8590
vn -0.1613 0.5119 0.8438
vn -0.7739 0.3656 0.5171
vn 0.7102 -0.5104 -0.4849
vn 0.7081 -0.5100 -0.4883
vn -0.7065 0.5119 0.4886
vn -0.3562 0.3656 0.8599
vn -0.3155 0.5172 0.7956
vn -0.2497 0.5101 0.8231
vn -0.8002 0.5027 0.3271
vn -0.8231 0.5101 0.2497
vn -0.7663 0.5108 0.3897
vn -0.9308 0.3656 -0.0000
vn -0.9129 0.3656 -0.1816
vn -0.5108 -0.8547 -0.0926
vn 0.8491 -0.5029 0.1615
vn -0.8438 0.5119 -0.1613
vn -0.9129 0.3656 0.1816
vn 0.4849 -0.5104 0.7102
vn 0.4883 -0.5100 0.7081
vn -0.4886 0.5119 -0.7065
vn -0.0000 0.9551 -0.2962
vn -0.0000 0.9873 -0.1590
vn -0.0000 0.7561 -0.6544
vn -0.0000 0.8774 -0.4797
vn -0.0000 0.3304 -0.9439
vn -0.0000 0.5718 -0.8204
vn 0.7956 0.5172 0.3154
vn 0.8231 0.5101 0.2497
vn 0.8231 0.5101 -0.2497
vn 0.3902 0.5107 -0.7661
vn 0.2497 0.5101 0.8231
vn 0.3155 0.5172 0.7956
vn -0.0000 -0.0000 -1.0000
vn 0.8002 0.5026 -0.3271
vn 0.7664 0.5108 -0.3896
vn -0.0000 0.8543 0.5198
vn 0.0934 0.8545 0.5110
vn -0.0000 -0.5114 -0.8593
vn 0.1618 -0.5109 -0.8443
vn -0.0000 0.5119 0.8591
vn -0.1618 0.5119 0.8437
vn -0.7661 0.5107 -0.3902
vn -0.7609 0.5099 -0.4014
vn -0.2497 0.5101 -0.8231
vn -0.3154 0.5172 -0.7956
vn -0.3902 0.5107 0.7661
vn 0.5107 0.8547 -0.0932
vn 0.8445 -0.5104 0.1621
vn -0.8437 0.5119 -0.1618
vn -0.9996 0.0298 -0.0000
vn -0.9235 0.0298 0.3825
vn -0.6970 0.7171 -0.0000
vn -0.5424 0.8401 -0.0000
vn -0.5011 0.8401 -0.2076
vn -0.6439 0.7171 -0.2667
vn -0.6439 0.7171 0.2667
vn -0.5011 0.8401 0.2076
vn -0.4928 0.7171 0.4928
vn -0.3835 0.8401 0.3835
vn -0.2667 0.7171 0.6439
vn -0.0000 0.7171 0.6970
vn -0.0000 0.8401 0.5424
vn -0.2076 0.8401 0.5011
vn 0.3835 0.8401 0.3835
vn 0.2076 0.8401 0.5011
vn 0.2667 0.7171 0.6439
vn 0.4928 0.7171 0.4928
vn -0.4928 0.7171 -0.4928
vn -0.3835 0.8401 -0.3835
vn -0.3046 0.6054 -0.7353
vn -0.5628 0.6054 -0.5628
vn -0.0000 0.6054 -0.7959
vn -0.3046 0.6054 0.7353
vn -0.0000 0.6054 0.7959
vn -0.7959 0.6054 -0.0000
vn -0.7353 0.6054 0.3046
vn 0.4928 0.7171 -0.4928
vn 0.6439 0.7171 -0.2667
vn 0.7353 0.6054 -0.3046
vn 0.5628 0.6054 -0.5628
vn -0.7353 0.6054 -0.3046
vn -0.5628 0.6054 0.5628
vn -0.9235 0.0298 -0.3825
vn -0.7068 0.0298 -0.7068
vn -0.3825 0.0298 -0.9235
vn -0.3825 0.0298 0.9235
vn -0.0000 0.0298 0.9996
vn -0.0000 0.0298 -0.9996
vn -0.7068 0.0298 0.7068
vn 0.9235 0.0298 0.3825
vn 0.7068 0.0298 0.7068
vn -0.8599 0.3656 0.3562
vn -0.1816 0.3656 -0.9129
vn -0.0000 0.3656 -0.9308
vn -0.3826 0.0179 -0.9237
vn -0.1951 0.0179 -0.9806
vn -0.1816 -0.3656 -0.9129
vn -0.3562 -0.3656 -0.8599
vn -0.1951 -0.0179 -0.9806
vn -0.3826 -0.0179 -0.9237
vn -0.7070 0.0179 -0.7070
vn -0.5555 0.0179 -0.8313
vn -0.5171 -0.3656 -0.7739
vn -0.6582 -0.3656 -0.6582
vn -0.5555 -0.0179 -0.8313
vn -0.7070 -0.0179 -0.7070
vn -0.9237 0.0179 -0.3826
vn -0.8313 0.0179 -0.5555
vn -0.7739 -0.3656 -0.5171
vn -0.8599 -0.3656 -0.3562
vn -0.8313 -0.0179 -0.5555
vn -0.9237 -0.0179 -0.3826
vn -0.9998 0.0179 -0.0000
vn -0.9806 0.0179 -0.1951
vn -0.9129 -0.3656 -0.1816
vn -0.9308 -0.3656 -0.0000
vn -0.9806 -0.0179 -0.1950
vn -0.9998 -0.0179 -0.0000
vn -0.9237 0.0179 0.3826
vn -0.9806 0.0179 0.1951
vn -0.9129 -0.3656 0.1816
vn -0.8599 -0.3656 0.3562
vn -0.9806 -0.0179 0.1951
vn -0.9237 -0.0179 0.3826
vn -0.7070 0.0179 0.7070
vn -0.8313 0.0179 0.5555
vn -0.7739 -0.3656 0.5171
vn -0.6582 -0.3656 0.6582
vn -0.8313 -0.0179 0.5555
vn -0.7070 -0.0179 0.7070
vn -0.3826 0.0179 0.9237
vn -0.5555 0.0179 0.8313
vn -0.5171 -0.3656 0.7739
vn -0.3562 -0.3656 0.8599
vn -0.5555 -0.0179 0.8313
vn -0.3826 -0.0179 0.9237
vn -0.0000 0.0179 0.9998
vn -0.1951 0.0179 0.9806
vn -0.1816 -0.3656 0.9129
vn -0.0000 -0.3656 0.9308
vn -0.1950 -0.0179 0.9806
vn -0.0000 -0.0179 0.9998
vn -0.0000 0.0179 -0.9998
vn -0.0000 -0.3656 -0.9308
vn -0.0000 -0.0179 -0.9998
vn -0.0000 0.0172 0.9999
vn -0.1951 0.0172 0.9806
vn -0.0000 -0.0153 0.9999
vn -0.1951 -0.0153 0.9807
vn -0.3826 -0.0153 0.9238
vn -0.3826 0.0172 0.9237
vn -0.5555 0.0172 0.8313
vn -0.5555 -0.0153 0.8314
vn -0.7070 -0.0153 0.7070
vn -0.7070 0.0172 0.7070
vn -0.8313 0.0172 0.5555
vn -0.8314 -0.0153 0.5555
vn -0.9238 -0.0153 0.3826
vn -0.9237 0.0172 0.3826
vn -0.9806 0.0172 0.1951
vn -0.9807 -0.0153 0.1951
vn -0.9999 -0.0153 -0.0000
vn -0.9999 0.0172 -0.0000
vn -0.9806 0.0172 -0.1951
vn -0.9807 -0.0153 -0.1951
vn -0.9238 -0.0153 -0.3826
vn -0.9237 0.0172 -0.3826
vn -0.8313 0.0172 -0.5555
vn -0.8314 -0.0153 -0.5555
vn -0.7070 -0.0153 -0.7070
vn -0.7070 0.0172 -0.7070
vn -0.5555 0.0172 -0.8313
vn -0.5555 -0.0153 -0.8314
vn -0.3826 -0.0153 -0.9238
vn -0.3826 0.0172 -0.9237
vn -0.1951 0.0172 -0.9806
vn -0.1951 -0.0153 -0.9807
vn -0.0000 -0.0153 -0.9999
vn -0.0000 0.0172 -0.9999
vn -0.0000 0.9283 -0.3718
vn -0.0725 0.9283 -0.3646
vn -0.1422 0.9284 -0.3434
vn -0.2065 0.9283 -0.3091
vn -0.1821 0.9438 -0.2757
vn -0.2629 0.9283 -0.2629
vn -0.3091 0.9283 -0.2066
vn -0.2788 0.9421 -0.1863
vn -0.2371 0.9421 -0.2371
vn -0.3434 0.9283 -0.1423
vn -0.3646 0.9283 -0.0725
vn -0.3059 0.9438 -0.1248
vn -0.3717 0.9284 -0.0000
vn -0.3646 0.9283 0.0725
vn -0.3434 0.9283 0.1423
vn -0.3091 0.9283 0.2065
vn -0.2757 0.9438 0.1821
vn -0.2629 0.9283 0.2629
vn -0.2065 0.9283 0.3091
vn -0.1821 0.9438 0.2757
vn -0.2371 0.9421 0.2371
vn -0.1423 0.9283 0.3434
vn -0.0725 0.9284 0.3646
vn -0.0000 0.9283 0.3718
vn 0.7731 -0.0003 -0.6342
vn 0.8179 -0.0001 -0.5754
vn 0.7052 -0.0003 -0.7090
vn 0.7069 -0.0001 -0.7073
vn 0.6346 -0.0002 -0.7728
vn 0.6344 -0.0000 -0.7730
vn 0.6342 -0.0003 0.7732
vn 0.5651 -0.0012 0.8250
vn 0.7071 -0.0012 0.7071
vn 0.7064 -0.0001 0.7078
vn 0.8303 -0.0012 0.5573
vn 0.8319 -0.0001 0.5549
vn 0.9144 -0.0001 0.4048
vn 0.8820 -0.0003 0.4712
vn 0.9241 -0.0000 -0.3822
vn 0.7972 -0.0003 -0.6037
vn 0.8989 -0.0007 0.4382
vn 0.9810 -0.0000 0.1941
vn 0.7731 0.0427 -0.6329
vn 0.7001 0.0386 -0.7130
vn 0.6353 0.0371 -0.7713
vn -0.0000 -0.0015 1.0000
vn -0.0000 0.0241 0.9997
vn 0.1947 0.0242 0.9806
vn 0.1951 -0.0015 0.9808
vn 0.3818 0.0247 0.9239
vn 0.3823 -0.0015 0.9240
vn 0.5550 0.0255 0.8314
vn 0.7070 0.0265 0.7067
vn 0.8274 0.0281 0.5610
vn 0.8819 0.0306 0.4705
vn -0.6539 -0.7447 -0.1337
vn -0.9229 -0.3307 -0.1972
vn -0.9302 -0.3669 0.0076
vn -0.6476 -0.7619 -0.0035
vn -0.5447 -0.8079 -0.2249
vn -0.4492 -0.8414 -0.3005
vn -0.3754 -0.8472 -0.3760
vn -0.3037 -0.8373 -0.4546
vn -0.2165 -0.8245 -0.5229
vn -0.1137 -0.8125 -0.5718
vn -0.1138 -0.8125 -0.5717
vn -0.0000 -0.8075 -0.5899
vn 0.0144 -0.9999 -0.0040
vn -0.0024 -1.0000 0.0079
vn -0.0255 -0.9997 0.0067
vn -0.2166 -0.9738 0.0691
vn -0.4639 -0.8816 0.0869
vn -0.8750 -0.4525 0.1722
vn -0.9781 -0.0490 -0.2024
vn -0.9935 -0.1136 0.0018
vn -0.9242 0.0007 -0.3820
vn -0.8314 0.0391 -0.5542
vn -0.7066 0.0688 -0.7042
vn -0.5548 0.0879 -0.8273
vn -0.3824 0.0931 -0.9193
vn -0.3825 0.0932 -0.9193
vn -0.1955 0.0902 -0.9765
vn -0.1953 0.0902 -0.9766
vn -0.0104 0.0985 -0.9951
vn -0.7945 -0.2925 0.5321
vn -0.6650 -0.3391 0.6655
vn -0.6650 -0.3391 0.6654
vn -0.8968 -0.2392 0.3721
vn -0.9655 -0.1757 0.1923
vn -0.9911 -0.1159 0.0651
vn 0.5936 -0.3617 0.7189
vn 0.6650 -0.3391 0.6654
vn 0.9713 0.1591 0.1770
vn 0.9754 0.1142 0.1884
vn 0.9908 0.1352 0.0015
vn 0.9821 0.1885 -0.0025
vn 0.9720 0.1413 -0.1876
vn 0.9637 0.1952 -0.1824
vn 0.9553 0.1338 0.2636
vn 0.9181 0.1012 0.3832
vn 0.8267 0.1136 0.5511
vn 0.7018 0.1243 0.7014
vn 0.5509 0.1197 0.8259
vn 0.3794 0.1166 0.9179
vn 0.1939 0.1145 0.9743
vn -0.0000 0.1138 0.9935
vn 0.6939 0.1539 -0.7034
vn 0.6274 0.1701 -0.7599
vn 0.8217 0.1338 -0.5539
vn 0.8850 0.1574 -0.4382
vn 0.9021 0.1127 -0.4166
vn 0.9211 0.1345 -0.3654
vn 0.9180 0.1785 -0.3541
vn 0.9704 0.0829 0.2269
vn 0.7321 0.6728 -0.1065
vn 0.5420 0.8381 -0.0618
vn 0.5365 0.8426 -0.0471
vn 0.7370 0.6747 -0.0397
vn 0.6989 0.6886 -0.1934
vn 0.5397 0.8388 -0.0716
vn 0.5387 0.8395 -0.0708
vn 0.7144 0.6806 -0.1623
vn 0.7219 0.6919 0.0131
vn 0.5219 0.8519 -0.0447
vn 0.5148 0.8559 -0.0496
vn 0.7044 0.7087 0.0400
vn 0.2145 0.9766 -0.0163
vn -0.2879 0.9521 0.1032
vn -0.1338 0.9905 -0.0324
vn 0.4059 0.9127 -0.0481
vn -0.6676 0.7248 0.1701
vn -0.6606 0.7497 -0.0404
vn 0.2193 0.9757 -0.0021
vn -0.2884 0.9209 0.2621
vn -0.6456 0.6697 0.3671
vn 0.1895 0.9819 0.0042
vn -0.2755 0.8863 0.3722
vn -0.6133 0.6220 0.4867
vn -0.1221 0.9873 -0.1015
vn 0.4105 0.9090 -0.0718
vn -0.6297 0.7395 -0.2378
vn -0.1177 0.9813 -0.1520
vn 0.4155 0.9050 -0.0917
vn -0.5976 0.7196 -0.3536
vn -0.8013 0.5673 0.1900
vn -0.8160 0.5773 -0.0306
vn -0.7923 0.5614 -0.2389
vn -0.7605 0.5401 -0.3604
vn -0.7516 0.5331 0.3886
vn -0.7038 0.5002 0.5045
vn -0.7730 -0.0011 0.6344
vn -0.7071 -0.0011 0.7071
vn -0.7055 -0.0000 0.7088
vn -0.8168 -0.0005 0.5769
vn -0.6344 -0.0011 0.7730
vn -0.6346 -0.0004 0.7728
vn -0.6344 -0.0011 -0.7730
vn -0.7071 -0.0011 -0.7071
vn -0.7074 0.0009 -0.7068
vn -0.5656 0.0010 -0.8247
vn -0.8315 -0.0011 -0.5556
vn -0.8299 0.0008 -0.5580
vn -0.8819 -0.0011 -0.4714
vn -0.9137 -0.0005 -0.4064
vn -0.7970 0.0003 0.6040
vn -0.8987 0.0009 -0.4385
vn -0.7036 -0.0176 0.7104
vn -0.7758 -0.0176 0.6307
vn -0.6373 -0.0185 0.7704
vn -0.0000 0.0015 -1.0000
vn -0.1951 0.0015 -0.9808
vn -0.1950 -0.0030 -0.9808
vn -0.0000 -0.0028 -1.0000
vn -0.3825 0.0014 -0.9239
vn -0.3824 -0.0034 -0.9240
vn -0.5552 -0.0043 -0.8317
vn -0.7074 -0.0052 -0.7068
vn -0.8285 -0.0056 -0.5600
vn -0.8839 -0.0058 -0.4676
vn -0.9810 0.0038 -0.1940
vn -1.0000 -0.0058 -0.0036
vn -0.7804 0.6253 -0.0032
vn -0.7816 0.6032 -0.1587
vn -0.1516 0.9884 -0.0005
vn -0.1556 0.9873 -0.0316
vn -0.9250 0.0068 -0.3799
vn -0.7442 0.5938 -0.3060
vn -0.1524 0.9863 -0.0630
vn -0.8362 0.0050 -0.5484
vn -0.6672 0.5992 -0.4425
vn -0.1405 0.9856 -0.0937
vn -0.7072 0.0065 -0.7070
vn -0.5663 0.5963 -0.5689
vn -0.1234 0.9846 -0.1242
vn -0.5546 0.0111 -0.8321
vn -0.4497 0.5832 -0.6764
vn -0.1008 0.9833 -0.1516
vn -0.3820 0.0140 -0.9241
vn -0.3129 0.5713 -0.7587
vn -0.0714 0.9823 -0.1731
vn -0.1948 0.0158 -0.9807
vn -0.1605 0.5641 -0.8100
vn -0.0370 0.9817 -0.1869
vn -0.0000 0.0164 -0.9999
vn -0.0000 0.5618 -0.8273
vn -0.0000 0.9815 -0.1917
vn -0.7141 -0.0248 0.6996
vn -0.6470 -0.0338 0.7617
vn -0.4750 0.6885 0.5481
vn -0.5336 0.6698 0.5163
vn -0.0525 0.9962 0.0695
vn -0.0790 0.9938 0.0779
vn -0.8318 -0.0142 0.5549
vn -0.6291 0.6533 0.4213
vn -0.1144 0.9905 0.0761
vn -0.9271 -0.0085 0.3746
vn -0.6946 0.6590 0.2885
vn -0.1307 0.9900 0.0537
vn -0.9815 -0.0100 0.1913
vn -0.7467 0.6491 0.1452
vn -0.1433 0.9893 0.0281
vn 0.4255 0.9049 -0.0000
vn 0.0808 0.9966 0.0162
vn 0.7701 0.6193 0.1530
vn 0.9608 0.2774 -0.0001
vn 0.9447 0.2688 0.1878
vn 0.0809 0.9962 0.0335
vn 0.7346 0.6066 0.3041
vn 0.8920 0.2606 0.3694
vn 0.0767 0.9957 0.0515
vn 0.6687 0.5945 0.4466
vn 0.8045 0.2530 0.5374
vn 0.0688 0.9952 0.0689
vn 0.5743 0.5837 0.5740
vn 0.6854 0.2464 0.6853
vn 0.0568 0.9947 0.0852
vn 0.4548 0.5745 0.6805
vn 0.5393 0.2409 0.8069
vn 0.0406 0.9943 0.0984
vn 0.3152 0.5675 0.7606
vn 0.3718 0.2369 0.8976
vn 0.0209 0.9940 0.1072
vn 0.1612 0.5633 0.8104
vn 0.1897 0.2343 0.9535
vn -0.0000 0.9939 0.1101
vn -0.0000 0.5618 0.8273
vn -0.0000 0.2335 0.9724
vn 0.2847 0.9082 -0.3067
vn 0.2878 0.9180 -0.2728
vn 0.6158 0.3552 -0.7033
vn 0.6789 0.3310 -0.6554
vn 0.3163 0.9248 -0.2112
vn 0.7925 0.3025 -0.5296
vn 0.3637 0.9193 -0.1506
vn 0.8829 0.2944 -0.3657
vn 0.4009 0.9126 -0.0797
vn 0.9398 0.2860 -0.1870
vn -0.9780 -0.1107 -0.1767
vn -0.9911 -0.1330 0.0025
vn -0.9729 -0.1393 0.1844
vn -0.9591 -0.0866 -0.2694
vn -0.8880 -0.1065 0.4473
vn -0.8884 -0.0435 0.4570
vn -0.9254 -0.1276 0.3569
vn 0.9987 -0.0506 -0.0002
vn 0.9796 -0.0489 0.1950
vn 0.9794 -0.0524 -0.1949
vn 0.9229 -0.0472 0.3822
vn 0.8305 -0.0457 0.5552
vn 0.7064 -0.0443 0.7064
vn 0.5550 -0.0432 0.8307
vn 0.3825 -0.0424 0.9230
vn 0.1950 -0.0419 0.9799
vn -0.0000 -0.0417 0.9991
vn 0.6475 0.0286 -0.7615
vn 0.7152 -0.0152 -0.6987
vn 0.8301 -0.0556 -0.5548
vn 0.9225 -0.0540 -0.3821
vn -0.9598 -0.0131 -0.2802
vn -0.7418 -0.6616 0.1093
vn -0.7480 -0.6626 0.0382
vn -0.5383 -0.8414 0.0468
vn -0.5422 -0.8379 0.0620
vn -0.7139 -0.6683 0.2090
vn -0.7262 -0.6655 0.1725
vn -0.5373 -0.8405 0.0697
vn -0.5348 -0.8422 0.0686
vn -0.7404 -0.6718 -0.0229
vn -0.7315 -0.6795 -0.0569
vn -0.5189 -0.8535 0.0477
vn -0.5259 -0.8494 0.0435
vn -0.2861 -0.9582 0.0056
vn -0.2855 -0.9570 0.0504
vn 0.2485 -0.9673 0.0509
vn 0.2459 -0.9641 -0.1004
vn 0.6883 -0.7244 0.0381
vn 0.6779 -0.7145 -0.1731
vn -0.2930 -0.9551 -0.0453
vn 0.2247 -0.9423 -0.2483
vn 0.6359 -0.6790 -0.3668
vn -0.3000 -0.9502 -0.0846
vn 0.2030 -0.9165 -0.3448
vn 0.5942 -0.6429 -0.4834
vn -0.2913 -0.9513 0.1010
vn 0.2318 -0.9523 0.1987
vn 0.6652 -0.7072 0.2396
vn -0.2969 -0.9450 0.1370
vn 0.2143 -0.9330 0.2892
vn 0.6364 -0.6836 0.3573
vn 0.8146 -0.5793 0.0305
vn 0.8001 -0.5690 -0.1897
vn 0.7912 -0.5627 0.2395
vn 0.7602 -0.5406 0.3605
vn 0.7511 -0.5341 -0.3880
vn 0.7034 -0.5002 -0.5050
vn -0.4434 0.0082 0.8963
vn 0.7926 0.0082 -0.6097
vn 0.7729 -0.0001 0.6346
vn 0.7726 -0.0000 0.6349
vn -0.6097 0.0082 -0.7926
vn -0.4218 -0.0010 0.9067
vn -0.4164 -0.0381 0.9084
vn 0.7511 -0.0043 0.6602
vn 0.7511 -0.0044 0.6602
vn -0.5886 -0.0008 -0.8084
vn -0.0000 1.0000 -0.0000
vn 0.0001 1.0000 -0.0000
vn 0.0003 1.0000 -0.0000
vn -0.0420 -0.8687 0.4936
vn -0.0511 -0.9987 0.0001
vn -0.0517 -0.9986 -0.0102
vn -0.0517 -0.9986 -0.0103
vn -0.0512 -0.9987 0.0004
vn -0.0521 -0.9984 -0.0214
vn -0.0521 -0.9984 -0.0213
vn -0.0497 -0.9982 -0.0329
vn -0.0448 -0.9980 -0.0445
vn -0.0372 -0.9978 -0.0553
vn -0.0372 -0.9978 -0.0552
vn -0.0267 -0.9976 -0.0642
vn -0.0141 -0.9974 -0.0701
vn -0.0140 -0.9974 -0.0701
vn 0.0134 -0.9916 -0.1286
vn 0.0134 -0.9916 -0.1285
vn -0.0363 -0.9984 0.0442
vn -0.0399 -0.9984 0.0401
vn -0.0460 -0.9985 0.0310
vn -0.0498 -0.9985 0.0209
vn -0.0513 -0.9986 0.0105
vn 0.6788 0.0180 0.7341
vn 0.7690 0.2261 0.5980
vn 0.6471 -0.0149 0.7622
vn 0.8829 0.0283 0.4686
vn 0.8760 -0.0810 0.4755
vn 0.8559 0.1792 0.4851
vn 0.8551 -0.1041 0.5078
vn 0.8551 -0.1041 0.5079
vn 0.7734 0.0106 0.6339
vn 0.0618 -0.9364 -0.3454
vn -0.0895 -0.8853 -0.4564
vn 0.3013 -0.0138 0.9534
vn 0.3292 0.0374 0.9435
vn 0.2476 -0.1830 -0.9514
vn 0.2378 -0.1991 -0.9507
vn 0.5787 0.8145 -0.0412
vn 0.5664 0.8215 -0.0658
vn 0.5529 0.8298 -0.0758
vn 0.5461 0.8344 -0.0749
vn 0.5832 0.8120 -0.0230
vn 0.5831 0.8120 -0.0231
vn 0.5840 0.8115 -0.0175
vn 0.1782 -0.2791 0.9436
vn 0.2340 -0.1427 0.9617
vn 0.1600 -0.3012 0.9401
vn 0.2590 -0.3430 0.9029
vn 0.2416 -0.2108 -0.9472
vn 0.2536 -0.2246 -0.9409
vn 0.2383 -0.2084 -0.9486
vn 0.2776 -0.2181 -0.9356
vn 0.2777 -0.2180 -0.9356
vn 0.2974 -0.2071 -0.9320
vn 0.2501 -0.0940 0.9636
vn 0.2501 -0.0941 0.9636
vn 0.3976 -0.3000 0.8671
vn 0.1031 -0.9509 0.2918
vn -0.2510 -0.7910 -0.5580
vn 0.2536 -0.1720 -0.9519
vn 0.8437 0.5119 0.1613
vn 0.8590 0.5119 -0.0000
vn 0.1613 0.5119 -0.8438
vn 0.7065 0.5119 -0.4886
vn 0.6074 0.5119 -0.6074
vn 0.4886 0.5119 0.7065
vn 0.6074 0.5119 0.6074
vn -0.7956 0.5172 -0.3155
vn -0.8231 0.5101 -0.2497
vn -0.8487 -0.5033 -0.1625
vn -0.8642 -0.5031 -0.0005
vn -0.1623 -0.5025 0.8492
vn -0.7083 -0.5100 0.4881
vn -0.6082 -0.5102 0.6082
vn -0.7101 -0.5104 0.4850
vn -0.4881 -0.5100 -0.7082
vn -0.6082 -0.5102 -0.6082
vn -0.4850 -0.5104 -0.7101
vn 0.7661 0.5107 0.3902
vn 0.5110 -0.8545 0.0933
vn 0.5192 -0.8547 0.0003
vn 0.5192 -0.8547 0.0002
vn 0.7097 0.5120 0.4839
vn 0.0930 -0.8548 -0.5106
vn -0.5108 0.8545 0.0937
vn -0.5192 0.8547 0.0002
vn -0.5192 0.8547 0.0003
vn 0.8002 0.5027 0.3271
vn -0.0936 0.8548 -0.5105
vn 0.1841 0.3304 0.9257
vn 0.1601 0.5718 0.8047
vn 0.1277 0.7562 0.6418
vn 0.0936 0.8774 0.4705
vn 0.0578 0.9551 0.2906
vn 0.0288 0.9891 0.1447
vn 0.5244 0.3304 0.7848
vn 0.4558 0.5718 0.6822
vn 0.3140 0.5718 0.7580
vn 0.3612 0.3304 0.8720
vn 0.3636 0.7561 0.5441
vn 0.2665 0.8774 0.3989
vn 0.1836 0.8774 0.4432
vn 0.2504 0.7561 0.6046
vn 0.1398 0.9661 0.2169
vn 0.0766 0.9903 0.1158
vn 0.0587 0.9878 0.1443
vn 0.1132 0.9551 0.2739
vn 0.7848 0.3304 0.5244
vn 0.6822 0.5718 0.4558
vn 0.5801 0.5718 0.5801
vn 0.6674 0.3304 0.6674
vn 0.5441 0.7561 0.3636
vn 0.3989 0.8774 0.2665
vn 0.3392 0.8774 0.3392
vn 0.4628 0.7561 0.4628
vn 0.2169 0.9661 0.1398
vn 0.1158 0.9903 0.0766
vn 0.1037 0.9892 0.1037
vn 0.1824 0.9662 0.1824
vn 0.9257 0.3304 0.1841
vn 0.8047 0.5718 0.1601
vn 0.7580 0.5718 0.3140
vn 0.8720 0.3304 0.3612
vn 0.6419 0.7561 0.1277
vn 0.4705 0.8774 0.0936
vn 0.4432 0.8774 0.1836
vn 0.6047 0.7561 0.2505
vn 0.2906 0.9551 0.0578
vn 0.1447 0.9891 0.0288
vn 0.1443 0.9878 0.0587
vn 0.2739 0.9551 0.1132
vn 0.9257 0.3304 -0.1841
vn 0.8047 0.5718 -0.1601
vn 0.8204 0.5718 -0.0000
vn 0.9439 0.3304 -0.0000
vn 0.6419 0.7561 -0.1277
vn 0.4705 0.8774 -0.0936
vn 0.4797 0.8774 -0.0000
vn 0.6544 0.7561 -0.0000
vn 0.2908 0.9551 -0.0576
vn 0.1419 0.9895 -0.0274
vn 0.1590 0.9873 -0.0000
vn 0.2963 0.9551 -0.0000
vn 0.7848 0.3304 -0.5244
vn 0.6822 0.5718 -0.4558
vn 0.7580 0.5718 -0.3140
vn 0.8720 0.3304 -0.3612
vn 0.5441 0.7561 -0.3636
vn 0.3989 0.8774 -0.2665
vn 0.4432 0.8774 -0.1836
vn 0.6046 0.7561 -0.2504
vn 0.2147 0.9662 -0.1430
vn 0.1132 0.9907 -0.0756
vn 0.1385 0.9888 -0.0565
vn 0.2400 0.9661 -0.0948
vn 0.5244 0.3304 -0.7848
vn 0.4558 0.5718 -0.6822
vn 0.5801 0.5718 -0.5801
vn 0.6674 0.3304 -0.6674
vn 0.3636 0.7561 -0.5441
vn 0.2665 0.8774 -0.3989
vn 0.3392 0.8774 -0.3392
vn 0.4628 0.7561 -0.4628
vn 0.1398 0.9661 -0.2169
vn 0.0766 0.9903 -0.1158
vn 0.1036 0.9892 -0.1036
vn 0.1824 0.9662 -0.1824
vn 0.1841 0.3304 -0.9257
vn 0.1601 0.5718 -0.8047
vn 0.3140 0.5718 -0.7580
vn 0.3612 0.3304 -0.8720
vn 0.1277 0.7561 -0.6419
vn 0.0936 0.8774 -0.4705
vn 0.1836 0.8775 -0.4431
vn 0.2504 0.7561 -0.6046
vn 0.0578 0.9551 -0.2905
vn 0.0288 0.9891 -0.1447
vn 0.0587 0.9878 -0.1443
vn 0.1132 0.9551 -0.2739
vn 0.2076 0.8401 -0.5011
vn 0.2667 0.7171 -0.6439
vn 0.1836 -0.3376 0.9232
vn 0.1617 -0.5591 0.8132
vn 0.3173 -0.5591 0.7660
vn 0.3602 -0.3376 0.8696
vn 0.1313 -0.7395 0.6602
vn 0.1058 -0.8400 0.5321
vn 0.2076 -0.8400 0.5012
vn 0.2576 -0.7394 0.6220
vn 0.0899 -0.8874 0.4521
vn 0.0716 -0.9302 0.3600
vn 0.1405 -0.9302 0.3391
vn 0.1764 -0.8874 0.4258
vn 0.0356 -0.9832 0.1791
vn 0.0699 -0.9832 0.1687
vn 0.5229 -0.3376 0.7826
vn 0.4606 -0.5591 0.6894
vn 0.5863 -0.5591 0.5863
vn 0.6656 -0.3376 0.6656
vn 0.3740 -0.7394 0.5598
vn 0.3014 -0.8400 0.4511
vn 0.3836 -0.8400 0.3836
vn 0.4760 -0.7394 0.4760
vn 0.2561 -0.8874 0.3833
vn 0.2039 -0.9302 0.3052
vn 0.2595 -0.9302 0.2595
vn 0.3259 -0.8874 0.3259
vn 0.1014 -0.9832 0.1518
vn 0.1291 -0.9832 0.1291
vn 0.7826 -0.3376 0.5229
vn 0.6894 -0.5591 0.4606
vn 0.7660 -0.5591 0.3173
vn 0.8696 -0.3376 0.3602
vn 0.5597 -0.7395 0.3740
vn 0.4511 -0.8400 0.3014
vn 0.5012 -0.8400 0.2076
vn 0.6220 -0.7394 0.2576
vn 0.3833 -0.8874 0.2561
vn 0.3052 -0.9302 0.2039
vn 0.3391 -0.9302 0.1405
vn 0.4258 -0.8874 0.1764
vn 0.1518 -0.9832 0.1014
vn 0.1687 -0.9832 0.0699
vn 0.9232 -0.3376 0.1836
vn 0.8133 -0.5590 0.1618
vn 0.8291 -0.5591 -0.0000
vn 0.9413 -0.3376 -0.0000
vn 0.6602 -0.7395 0.1313
vn 0.5321 -0.8400 0.1058
vn 0.5425 -0.8400 -0.0000
vn 0.6732 -0.7395 -0.0000
vn 0.4521 -0.8874 0.0899
vn 0.3600 -0.9302 0.0716
vn 0.3671 -0.9302 -0.0000
vn 0.4609 -0.8874 -0.0000
vn 0.1791 -0.9832 0.0356
vn 0.1826 -0.9832 -0.0000
vn 0.9232 -0.3376 -0.1836
vn 0.8132 -0.5590 -0.1618
vn 0.7660 -0.5591 -0.3173
vn 0.8696 -0.3376 -0.3602
vn 0.6602 -0.7395 -0.1313
vn 0.5321 -0.8400 -0.1058
vn 0.5012 -0.8400 -0.2076
vn 0.6219 -0.7395 -0.2576
vn 0.4521 -0.8874 -0.0899
vn 0.3600 -0.9302 -0.0716
vn 0.3391 -0.9302 -0.1405
vn 0.4258 -0.8874 -0.1764
vn 0.1791 -0.9832 -0.0356
vn 0.1687 -0.9832 -0.0699
vn 0.7826 -0.3376 -0.5229
vn 0.6894 -0.5591 -0.4606
vn 0.5863 -0.5590 -0.5863
vn 0.6656 -0.3376 -0.6656
vn 0.5597 -0.7395 -0.3740
vn 0.4511 -0.8400 -0.3014
vn 0.3836 -0.8400 -0.3836
vn 0.4760 -0.7395 -0.4760
vn 0.3833 -0.8874 -0.2561
vn 0.3052 -0.9302 -0.2039
vn 0.2595 -0.9302 -0.2595
vn 0.3259 -0.8874 -0.3259
vn 0.1518 -0.9832 -0.1014
vn 0.1291 -0.9832 -0.1291
vn 0.5229 -0.3376 -0.7826
vn 0.4606 -0.5592 -0.6893
vn 0.3173 -0.5591 -0.7660
vn 0.3602 -0.3376 -0.8696
vn 0.3740 -0.7395 -0.5597
vn 0.3014 -0.8400 -0.4511
vn 0.2076 -0.8400 -0.5012
vn 0.2576 -0.7395 -0.6219
vn 0.2561 -0.8874 -0.3833
vn 0.2039 -0.9302 -0.3052
vn 0.1405 -0.9302 -0.3391
vn 0.1764 -0.8874 -0.4258
vn 0.1014 -0.9832 -0.1518
vn 0.0699 -0.9832 -0.1687
vn 0.1836 -0.3376 -0.9232
vn 0.1618 -0.5590 -0.8132
vn 0.1313 -0.7395 -0.6602
vn 0.1058 -0.8400 -0.5321
vn 0.0899 -0.8874 -0.4521
vn 0.0716 -0.9302 -0.3600
vn 0.0356 -0.9832 -0.1791
vn 0.8599 0.3656 -0.3562
vn 0.7739 0.3656 -0.5171
vn 0.1816 0.3656 0.9129
vn 0.1617 0.5119 -0.8437
vn 0.4839 0.5120 -0.7097
vn 0.8437 0.5119 0.1617
vn 0.8591 0.5119 -0.0000
vn 0.3271 0.5026 0.8002
vn -0.1615 -0.5102 0.8447
vn -0.8445 -0.5107 -0.1613
vn -0.8598 -0.5106 0.0004
vn 0.3896 0.5108 0.7664
vn 0.5171 0.3656 -0.7739
vn 0.3562 0.3656 -0.8599
vn 0.6582 0.3656 -0.6582
vn 0.5171 0.3656 0.7739
vn 0.6582 0.3656 0.6582
vn 0.0928 -0.8545 0.5111
vn -0.1617 -0.5037 -0.8486
vn 0.1613 0.5119 0.8438
vn -0.7664 0.5108 -0.3896
vn -0.8002 0.5026 -0.3271
vn 0.7739 0.3656 0.5171
vn -0.7081 -0.5100 -0.4883
vn -0.7102 -0.5104 -0.4849
vn 0.3562 0.3656 0.8599
vn 0.9308 0.3656 -0.0000
vn 0.9129 0.3656 -0.1816
vn 0.5108 -0.8547 -0.0926
vn -0.8491 -0.5029 0.1615
vn 0.8438 0.5119 -0.1613
vn 0.9129 0.3656 0.1816
vn -0.4883 -0.5100 0.7081
vn -0.4849 -0.5104 0.7102
vn -0.0933 0.8545 0.5110
vn -0.1618 -0.5109 -0.8443
vn 0.1617 0.5119 0.8437
vn 0.1618 0.5119 0.8437
vn -0.5107 0.8547 -0.0932
vn -0.8445 -0.5104 0.1621
vn 0.8437 0.5119 -0.1618
vn -0.4014 0.5099 0.7609
vn 0.9996 0.0298 -0.0000
vn 0.5011 0.8401 -0.2076
vn 0.5424 0.8401 -0.0000
vn 0.6970 0.7171 -0.0000
vn 0.5011 0.8401 0.2076
vn 0.6439 0.7171 0.2667
vn 0.3835 0.8401 -0.3835
vn 0.3046 0.6054 -0.7353
vn 0.3046 0.6054 0.7353
vn 0.7959 0.6054 -0.0000
vn 0.7353 0.6054 0.3046
vn 0.5628 0.6054 0.5628
vn 0.9235 0.0298 -0.3825
vn 0.7068 0.0298 -0.7068
vn 0.3825 0.0298 -0.9235
vn 0.3825 0.0298 0.9235
vn 0.8599 0.3656 0.3562
vn 0.1816 0.3656 -0.9129
vn 0.3826 0.0179 -0.9237
vn 0.1951 0.0179 -0.9806
vn 0.3562 -0.3656 -0.8599
vn 0.1816 -0.3656 -0.9129
vn 0.3826 -0.0179 -0.9237
vn 0.1951 -0.0179 -0.9806
vn 0.7070 0.0179 -0.7070
vn 0.5555 0.0179 -0.8313
vn 0.6582 -0.3656 -0.6582
vn 0.5171 -0.3656 -0.7739
vn 0.7070 -0.0179 -0.7070
vn 0.5555 -0.0179 -0.8313
vn 0.9237 0.0179 -0.3826
vn 0.8313 0.0179 -0.5555
vn 0.8599 -0.3656 -0.3562
vn 0.7739 -0.3656 -0.5171
vn 0.9237 -0.0179 -0.3826
vn 0.8313 -0.0179 -0.5555
vn 0.9998 0.0179 -0.0000
vn 0.9806 0.0179 -0.1950
vn 0.9308 -0.3656 -0.0000
vn 0.9129 -0.3656 -0.1816
vn 0.9998 -0.0179 -0.0000
vn 0.9806 -0.0179 -0.1951
vn 0.9237 0.0179 0.3826
vn 0.9806 0.0179 0.1951
vn 0.8599 -0.3656 0.3562
vn 0.9129 -0.3656 0.1816
vn 0.9237 -0.0179 0.3826
vn 0.9806 -0.0179 0.1951
vn 0.7070 0.0179 0.7070
vn 0.8313 0.0179 0.5555
vn 0.6582 -0.3656 0.6582
vn 0.7739 -0.3656 0.5171
vn 0.7070 -0.0179 0.7070
vn 0.8313 -0.0179 0.5555
vn 0.3826 0.0179 0.9237
vn 0.5555 0.0179 0.8313
vn 0.3562 -0.3656 0.8599
vn 0.5171 -0.3656 0.7739
vn 0.3826 -0.0179 0.9237
vn 0.5555 -0.0179 0.8313
vn 0.1950 0.0179 0.9806
vn 0.1816 -0.3656 0.9129
vn 0.1951 -0.0179 0.9806
vn 0.1951 0.0172 0.9806
vn 0.1951 -0.0153 0.9807
vn 0.3826 -0.0153 0.9238
vn 0.5555 0.0172 0.8313
vn 0.3826 0.0172 0.9237
vn 0.5555 -0.0153 0.8314
vn 0.7070 -0.0153 0.7070
vn 0.8313 0.0172 0.5555
vn 0.7070 0.0172 0.7070
vn 0.8314 -0.0153 0.5555
vn 0.9238 -0.0153 0.3826
vn 0.9806 0.0172 0.1951
vn 0.9237 0.0172 0.3826
vn 0.9807 -0.0153 0.1951
vn 0.9999 -0.0153 -0.0000
vn 0.9806 0.0172 -0.1951
vn 0.9999 0.0172 -0.0000
vn 0.9807 -0.0153 -0.1951
vn 0.9238 -0.0153 -0.3826
vn 0.8313 0.0172 -0.5555
vn 0.9237 0.0172 -0.3826
vn 0.8314 -0.0153 -0.5555
vn 0.7070 -0.0153 -0.7070
vn 0.5555 0.0172 -0.8313
vn 0.7070 0.0172 -0.7070
vn 0.5555 -0.0153 -0.8314
vn 0.3826 -0.0153 -0.9238
vn 0.1951 0.0172 -0.9806
vn 0.3826 0.0172 -0.9237
vn 0.1951 -0.0153 -0.9807
vn 0.0725 0.9283 -0.3646
vn 0.1423 0.9283 -0.3434
vn 0.1821 0.9438 -0.2757
vn 0.2065 0.9283 -0.3091
vn 0.2629 0.9283 -0.2629
vn 0.2371 0.9421 -0.2371
vn 0.2788 0.9421 -0.1863
vn 0.3092 0.9283 -0.2066
vn 0.3434 0.9283 -0.1423
vn 0.3060 0.9438 -0.1248
vn 0.3645 0.9284 -0.0725
vn 0.3717 0.9283 -0.0000
vn 0.3646 0.9283 0.0725
vn 0.3434 0.9284 0.1422
vn 0.2757 0.9438 0.1821
vn 0.3091 0.9283 0.2066
vn 0.2629 0.9283 0.2629
vn 0.2371 0.9421 0.2371
vn 0.1821 0.9438 0.2757
vn 0.2065 0.9284 0.3091
vn 0.1422 0.9284 0.3434
vn 0.0725 0.9283 0.3646
vn -0.7731 -0.0003 -0.6342
vn -0.7069 -0.0001 -0.7073
vn -0.7052 -0.0003 -0.7090
vn -0.8179 -0.0001 -0.5754
vn -0.6344 -0.0000 -0.7730
vn -0.6349 -0.0004 -0.7726
vn -0.6342 -0.0003 0.7731
vn -0.7065 -0.0001 0.7077
vn -0.7071 -0.0013 0.7071
vn -0.5651 -0.0012 0.8250
vn -0.8320 -0.0001 0.5548
vn -0.8303 -0.0011 0.5572
vn -0.8820 -0.0003 0.4712
vn -0.9144 -0.0001 0.4048
vn -0.9241 -0.0000 -0.3822
vn -0.9242 -0.0000 -0.3819
vn -0.7972 -0.0002 -0.6037
vn -0.8989 -0.0010 0.4382
vn -0.9809 -0.0000 0.1946
vn -0.7001 0.0386 -0.7130
vn -0.7731 0.0427 -0.6329
vn -0.6348 0.0371 -0.7718
vn -0.1951 -0.0015 0.9808
vn -0.1950 0.0242 0.9805
vn -0.3820 -0.0015 0.9242
vn -0.3820 0.0247 0.9238
vn -0.5550 0.0255 0.8314
vn -0.7070 0.0265 0.7067
vn -0.8274 0.0281 0.5610
vn -0.8819 0.0306 0.4705
vn 0.6539 -0.7447 -0.1337
vn 0.6476 -0.7619 -0.0035
vn 0.9397 -0.3420 0.0001
vn 0.9321 -0.3065 -0.1930
vn 0.5447 -0.8079 -0.2249
vn 0.4492 -0.8414 -0.3005
vn 0.3754 -0.8472 -0.3760
vn 0.3037 -0.8373 -0.4546
vn 0.2164 -0.8245 -0.5229
vn 0.2165 -0.8245 -0.5229
vn 0.1137 -0.8125 -0.5718
vn 0.1138 -0.8125 -0.5717
vn -0.0143 -0.9999 -0.0040
vn 0.0024 -1.0000 0.0079
vn 0.0255 -0.9997 0.0067
vn 0.2166 -0.9738 0.0691
vn 0.4639 -0.8816 0.0869
vn 0.8744 -0.4532 0.1735
vn 0.9277 -0.0063 -0.3734
vn 0.9779 -0.0487 -0.2034
vn 0.9277 -0.0063 -0.3733
vn 0.8384 0.0281 -0.5444
vn 0.8384 0.0282 -0.5444
vn 0.7062 0.0741 -0.7042
vn 0.7061 0.0741 -0.7042
vn 0.5532 0.1151 -0.8251
vn 0.3804 0.1379 -0.9145
vn 0.1821 0.1262 -0.9751
vn 0.1821 0.1262 -0.9752
vn 0.7945 -0.2925 0.5321
vn 0.8968 -0.2392 0.3721
vn 0.9650 -0.1762 0.1940
vn 0.9935 -0.1137 0.0018
vn -0.9713 0.1591 0.1770
vn -0.9821 0.1885 -0.0025
vn -0.9908 0.1352 0.0015
vn -0.9754 0.1142 0.1884
vn -0.9637 0.1952 -0.1824
vn -0.9720 0.1414 -0.1876
vn -0.9553 0.1338 0.2636
vn -0.9181 0.1012 0.3831
vn -0.8267 0.1136 0.5511
vn -0.7019 0.1243 0.7014
vn -0.5509 0.1197 0.8259
vn -0.3794 0.1166 0.9178
vn -0.1934 0.1145 0.9744
vn -0.6274 0.1701 -0.7599
vn -0.6940 0.1539 -0.7034
vn -0.8214 0.1339 -0.5544
vn -0.8850 0.1574 -0.4382
vn -0.9021 0.1127 -0.4166
vn -0.9180 0.1785 -0.3541
vn -0.9210 0.1345 -0.3656
vn -0.5936 -0.3617 0.7189
vn -0.9704 0.0829 0.2269
vn -0.7321 0.6728 -0.1065
vn -0.7370 0.6747 -0.0397
vn -0.5365 0.8426 -0.0471
vn -0.5420 0.8381 -0.0618
vn -0.6989 0.6886 -0.1934
vn -0.7144 0.6806 -0.1623
vn -0.5388 0.8395 -0.0708
vn -0.5397 0.8388 -0.0716
vn -0.7219 0.6919 0.0131
vn -0.7044 0.7087 0.0400
vn -0.5147 0.8559 -0.0497
vn -0.5219 0.8519 -0.0447
vn -0.4058 0.9134 -0.0320
vn -0.2145 0.9764 -0.0251
vn 0.2735 0.9604 -0.0526
vn 0.1404 0.9895 0.0354
vn 0.6606 0.7497 -0.0404
vn 0.6676 0.7248 0.1701
vn -0.4124 0.9110 -0.0102
vn 0.1457 0.9830 0.1114
vn 0.6456 0.6697 0.3671
vn -0.4211 0.9070 0.0093
vn 0.1755 0.9555 0.2370
vn 0.6134 0.6220 0.4867
vn -0.2175 0.9753 -0.0393
vn 0.2482 0.9476 -0.2009
vn 0.6297 0.7396 -0.2378
vn -0.2086 0.9769 -0.0461
vn 0.2250 0.9301 -0.2904
vn 0.5976 0.7196 -0.3536
vn 0.8160 0.5773 -0.0306
vn 0.8013 0.5673 0.1900
vn 0.7923 0.5614 -0.2389
vn 0.7605 0.5401 -0.3604
vn 0.7516 0.5331 0.3885
vn 0.7038 0.5002 0.5045
vn 0.7730 -0.0011 0.6344
vn 0.8168 -0.0005 0.5769
vn 0.7054 -0.0000 0.7088
vn 0.7071 -0.0011 0.7071
vn 0.6348 0.0001 0.7727
vn 0.6344 -0.0011 0.7730
vn 0.6344 -0.0011 -0.7730
vn 0.5656 0.0010 -0.8247
vn 0.7074 0.0008 -0.7068
vn 0.7071 -0.0011 -0.7071
vn 0.8299 0.0008 -0.5579
vn 0.8315 -0.0011 -0.5556
vn 0.9137 -0.0005 -0.4064
vn 0.8819 -0.0011 -0.4714
vn 0.7970 0.0003 0.6040
vn 0.8987 0.0009 -0.4385
vn 0.7758 -0.0176 0.6307
vn 0.7036 -0.0176 0.7104
vn 0.6373 -0.0185 0.7704
vn 0.1950 -0.0030 -0.9808
vn 0.1951 0.0015 -0.9808
vn 0.3824 -0.0034 -0.9240
vn 0.3825 0.0014 -0.9239
vn 0.5552 -0.0043 -0.8317
vn 0.7074 -0.0052 -0.7068
vn 0.8285 -0.0056 -0.5600
vn 0.8839 -0.0058 -0.4676
vn 0.9810 0.0038 -0.1940
vn 0.7816 0.6032 -0.1587
vn 0.7804 0.6253 -0.0032
vn 1.0000 -0.0058 -0.0036
vn 0.1556 0.9873 -0.0316
vn 0.1516 0.9884 -0.0005
vn 0.9250 0.0068 -0.3799
vn 0.7442 0.5937 -0.3060
vn 0.1525 0.9863 -0.0630
vn 0.8362 0.0050 -0.5484
vn 0.6672 0.5992 -0.4425
vn 0.1405 0.9856 -0.0937
vn 0.7072 0.0065 -0.7070
vn 0.5663 0.5964 -0.5689
vn 0.1234 0.9846 -0.1242
vn 0.5546 0.0111 -0.8321
vn 0.4497 0.5832 -0.6764
vn 0.1008 0.9833 -0.1516
vn 0.3820 0.0140 -0.9241
vn 0.3129 0.5713 -0.7587
vn 0.0714 0.9823 -0.1731
vn 0.1948 0.0158 -0.9807
vn 0.1605 0.5641 -0.8100
vn 0.0370 0.9817 -0.1869
vn 0.7141 -0.0248 0.6996
vn 0.5337 0.6698 0.5163
vn 0.4750 0.6885 0.5481
vn 0.6459 -0.0338 0.7626
vn 0.0790 0.9938 0.0780
vn 0.0525 0.9962 0.0695
vn 0.8318 -0.0142 0.5549
vn 0.6291 0.6533 0.4213
vn 0.1144 0.9905 0.0761
vn 0.9271 -0.0085 0.3746
vn 0.6946 0.6590 0.2885
vn 0.1307 0.9900 0.0537
vn 0.9815 -0.0100 0.1913
vn 0.7467 0.6491 0.1452
vn 0.1433 0.9893 0.0281
vn -0.0808 0.9966 0.0162
vn -0.4255 0.9049 -0.0000
vn -0.7701 0.6193 0.1530
vn -0.9447 0.2688 0.1878
vn -0.9608 0.2774 -0.0001
vn -0.0809 0.9962 0.0335
vn -0.7346 0.6066 0.3041
vn -0.8920 0.2606 0.3694
vn -0.0768 0.9957 0.0514
vn -0.6687 0.5945 0.4466
vn -0.8045 0.2530 0.5374
vn -0.0688 0.9952 0.0689
vn -0.5743 0.5836 0.5741
vn -0.6854 0.2464 0.6853
vn -0.0568 0.9947 0.0852
vn -0.4548 0.5745 0.6805
vn -0.5393 0.2409 0.8069
vn -0.0406 0.9943 0.0984
vn -0.3151 0.5676 0.7606
vn -0.3718 0.2369 0.8976
vn -0.0209 0.9940 0.1072
vn -0.1613 0.5633 0.8104
vn -0.1897 0.2343 0.9535
vn -0.2878 0.9180 -0.2728
vn -0.2847 0.9082 -0.3067
vn -0.6789 0.3310 -0.6554
vn -0.6158 0.3552 -0.7033
vn -0.3163 0.9248 -0.2112
vn -0.7925 0.3025 -0.5295
vn -0.3637 0.9193 -0.1506
vn -0.8829 0.2944 -0.3657
vn -0.4009 0.9126 -0.0797
vn -0.9398 0.2860 -0.1870
vn 0.9780 -0.1107 -0.1767
vn 0.9911 -0.1330 0.0025
vn 0.9729 -0.1393 0.1844
vn 0.9591 -0.0866 -0.2694
vn 0.8880 -0.1065 0.4473
vn 0.8884 -0.0435 0.4570
vn 0.9254 -0.1276 0.3569
vn -0.9796 -0.0489 0.1950
vn -0.9987 -0.0506 -0.0002
vn -0.9794 -0.0524 -0.1950
vn -0.9229 -0.0472 0.3821
vn -0.8305 -0.0457 0.5551
vn -0.7062 -0.0443 0.7066
vn -0.5553 -0.0432 0.8305
vn -0.3825 -0.0424 0.9230
vn -0.1950 -0.0419 0.9799
vn -0.7152 -0.0152 -0.6987
vn -0.6475 0.0286 -0.7615
vn -0.8303 -0.0556 -0.5546
vn -0.9225 -0.0540 -0.3823
vn 0.9598 -0.0131 -0.2802
vn 0.7418 -0.6616 0.1093
vn 0.5422 -0.8379 0.0620
vn 0.5383 -0.8414 0.0468
vn 0.7480 -0.6626 0.0382
vn 0.7139 -0.6683 0.2090
vn 0.5348 -0.8422 0.0686
vn 0.5373 -0.8405 0.0697
vn 0.7262 -0.6655 0.1725
vn 0.7404 -0.6717 -0.0230
vn 0.5259 -0.8494 0.0435
vn 0.5189 -0.8535 0.0477
vn 0.7315 -0.6795 -0.0569
vn 0.2861 -0.9582 0.0057
vn -0.2459 -0.9641 -0.1004
vn -0.2485 -0.9673 0.0509
vn 0.2855 -0.9570 0.0504
vn -0.6779 -0.7145 -0.1731
vn -0.6883 -0.7244 0.0381
vn 0.2930 -0.9551 -0.0453
vn -0.2247 -0.9423 -0.2483
vn -0.6359 -0.6790 -0.3668
vn 0.3000 -0.9502 -0.0846
vn -0.2030 -0.9165 -0.3448
vn -0.5942 -0.6429 -0.4834
vn -0.2318 -0.9523 0.1987
vn 0.2913 -0.9513 0.1010
vn -0.6652 -0.7072 0.2396
vn -0.2143 -0.9330 0.2892
vn 0.2969 -0.9450 0.1370
vn -0.6364 -0.6836 0.3573
vn -0.8002 -0.5690 -0.1896
vn -0.8146 -0.5793 0.0305
vn -0.7912 -0.5627 0.2395
vn -0.7602 -0.5406 0.3605
vn -0.7511 -0.5341 -0.3880
vn -0.7034 -0.5002 -0.5050
vn 0.4434 0.0082 0.8963
vn -0.7926 0.0082 -0.6097
vn -0.7729 -0.0001 0.6346
vn -0.7726 -0.0000 0.6349
vn 0.6097 0.0082 -0.7926
vn 0.4218 -0.0010 0.9067
vn 0.4164 -0.0381 0.9084
vn -0.7511 -0.0044 0.6602
vn 0.5886 -0.0008 -0.8084
vn -0.0001 1.0000 -0.0000
vn -0.0003 1.0000 -0.0000
vn 0.0420 -0.8687 0.4936
vn 0.0512 -0.9987 0.0005
vn 0.0512 -0.9987 0.0004
vn 0.0517 -0.9986 -0.0104
vn 0.0517 -0.9986 -0.0102
vn 0.0931 -0.9942 -0.0531
vn 0.1709 -0.9767 -0.1299
vn 0.1923 -0.9627 -0.1902
vn 0.1564 -0.9601 -0.2317
vn 0.1105 -0.9582 -0.2639
vn 0.1104 -0.9582 -0.2640
vn 0.0599 -0.9709 -0.2319
vn 0.0363 -0.9984 0.0442
vn 0.0399 -0.9984 0.0401
vn 0.0460 -0.9985 0.0310
vn 0.0498 -0.9985 0.0209
vn 0.0513 -0.9986 0.0105
vn -0.6788 0.0180 0.7341
vn -0.6471 -0.0149 0.7622
vn -0.7690 0.2261 0.5980
vn -0.8830 0.0283 0.4686
vn -0.8559 0.1792 0.4851
vn -0.8760 -0.0810 0.4755
vn -0.8551 -0.1041 0.5079
vn -0.7734 0.0106 0.6339
vn -0.0618 -0.9364 -0.3454
vn 0.0895 -0.8853 -0.4564
vn -0.3013 -0.0138 0.9534
vn -0.3292 0.0374 0.9435
vn -0.2476 -0.1830 -0.9514
vn -0.2378 -0.1991 -0.9507
vn -0.2377 -0.1992 -0.9507
vn -0.5787 0.8145 -0.0412
vn -0.5664 0.8215 -0.0658
vn -0.5527 0.8299 -0.0758
vn -0.5529 0.8298 -0.0758
vn -0.5461 0.8344 -0.0749
vn -0.5832 0.8120 -0.0224
vn -0.5832 0.8120 -0.0229
vn -0.5840 0.8115 -0.0175
vn -0.1600 -0.3012 0.9401
vn -0.2340 -0.1427 0.9617
vn -0.2393 -0.1527 0.9589
vn -0.2590 -0.3430 0.9029
vn -0.2589 -0.3430 0.9029
vn -0.2383 -0.2084 -0.9486
vn -0.2537 -0.2248 -0.9408
vn -0.2531 -0.2233 -0.9413
vn -0.2776 -0.2181 -0.9356
vn -0.2777 -0.2181 -0.9356
vn -0.2974 -0.2071 -0.9320
vn -0.2502 -0.0940 0.9636
vn -0.3976 -0.3000 0.8671
vn -0.1031 -0.9509 0.2918
vn 0.2510 -0.7910 -0.5580
vn -0.2535 -0.1720 -0.9519
vn -0.0352 0.9958 0.0850
vn -0.0651 0.9958 0.0651
vn -0.0850 0.9958 0.0352
vn -0.0920 0.9958 -0.0000
vn -0.0850 0.9958 -0.0352
vn -0.0651 0.9957 -0.0651
vn -0.0352 0.9958 -0.0850
vn -0.0000 0.9958 -0.0920
vn 0.0352 0.9958 -0.0849
vn 0.0651 0.9958 -0.0651
vn 0.0850 0.9958 -0.0352
vn 0.0921 0.9958 -0.0000
vn 0.0850 0.9958 0.0352
vn 0.0650 0.9958 0.0650
vn 0.0352 0.9958 0.0851
vn -0.0000 0.9958 0.0921
vn -0.3896 0.5108 0.7664
vn -0.3271 0.5026 0.8002
vn -0.3897 0.5108 -0.7663
vn -0.3271 0.5026 -0.8002
vn 0.3888 -0.5077 -0.7688
vn 0.3270 -0.4959 -0.8044
vn 0.3896 -0.5077 0.7684
vn 0.2468 -0.5040 0.8277
vn 0.3274 -0.4970 0.8036
vn 0.7689 -0.5077 0.3887
vn 0.8044 -0.4959 0.3270
vn 0.7684 -0.5077 -0.3896
vn 0.8277 -0.5041 -0.2467
vn 0.8036 -0.4970 -0.3274
vn 0.3906 -0.5102 -0.7663
vn 0.2498 -0.5098 -0.8232
vn 0.3182 -0.5169 -0.7947
vn 0.3899 -0.5101 0.7667
vn 0.3176 -0.5175 0.7945
vn 0.7663 -0.5102 0.3906
vn 0.8232 -0.5098 0.2498
vn 0.7947 -0.5169 0.3182
vn 0.7667 -0.5101 -0.3899
vn 0.7945 -0.5175 -0.3176
vn -0.3887 -0.5077 -0.7689
vn -0.2479 -0.5061 -0.8261
vn -0.3270 -0.4959 -0.8044
vn -0.3896 -0.5077 0.7684
vn -0.3274 -0.4970 0.8036
vn -0.7689 -0.5077 0.3887
vn -0.8261 -0.5061 0.2479
vn -0.8044 -0.4959 0.3270
vn -0.7684 -0.5077 -0.3896
vn -0.8036 -0.4970 -0.3274
vn -0.3906 -0.5102 -0.7663
vn -0.3182 -0.5169 -0.7947
vn -0.3899 -0.5101 0.7667
vn -0.2509 -0.5087 0.8236
vn -0.3176 -0.5175 0.7945
vn -0.7663 -0.5102 0.3906
vn -0.7947 -0.5169 0.3182
vn -0.7667 -0.5101 -0.3899
vn -0.8236 -0.5087 -0.2509
vn -0.7945 -0.5175 -0.3176
vn 0.9209 -0.0079 0.3898
vn 0.9209 -0.0078 0.3897
vn 0.6996 -0.4171 0.5802
vn 0.3173 -0.7183 0.6192
vn -0.1097 -0.8502 0.5149
vn -0.1096 -0.8513 -0.5131
vn 0.3301 -0.7287 -0.6001
vn 0.7180 -0.4186 -0.5561
vn 0.9268 0.0078 -0.3756
vn 0.9268 0.0078 -0.3755
vn -0.3897 -0.0078 0.9209
vn -0.5802 -0.4170 0.6996
vn -0.5802 -0.4171 0.6996
vn -0.6192 -0.7183 0.3173
vn -0.5149 -0.8502 -0.1097
vn -0.5131 -0.8513 0.1096
vn -0.6001 -0.7287 -0.3301
vn -0.5561 -0.4186 -0.7180
vn -0.5561 -0.4185 -0.7180
vn -0.3756 0.0078 -0.9268
vn 0.1907 0.8540 -0.4841
vn 0.1908 0.8540 -0.4841
vn 0.6114 0.7502 -0.2517
vn 0.9010 0.4260 0.0822
vn 0.8904 0.4470 -0.0856
vn 0.8904 0.4470 -0.0857
vn 0.6013 0.7620 0.2405
vn 0.1896 0.8553 0.4823
vn 0.4841 0.8540 0.1907
vn 0.4841 0.8540 0.1908
vn 0.2517 0.7502 0.6114
vn -0.0822 0.4260 0.9010
vn -0.0857 0.4470 -0.8904
vn -0.0856 0.4470 -0.8904
vn 0.2405 0.7620 -0.6013
vn 0.4823 0.8553 -0.1896
vn 0.1097 -0.8502 0.5149
vn -0.3173 -0.7183 0.6192
vn -0.3173 -0.7182 0.6192
vn -0.6996 -0.4170 0.5802
vn -0.9209 -0.0078 0.3897
vn -0.9268 0.0078 -0.3756
vn -0.7180 -0.4186 -0.5561
vn -0.7180 -0.4185 -0.5561
vn -0.3301 -0.7287 -0.6001
vn 0.1096 -0.8513 -0.5131
vn 0.5149 -0.8502 -0.1097
vn 0.6192 -0.7183 0.3173
vn 0.5802 -0.4170 0.6996
vn 0.3897 -0.0078 0.9209
vn 0.3756 0.0078 -0.9268
vn 0.5561 -0.4186 -0.7180
vn 0.6001 -0.7287 -0.3300
vn 0.6001 -0.7287 -0.3301
vn 0.5131 -0.8513 0.1096
vn -0.9010 0.4260 0.0822
vn -0.6114 0.7502 -0.2517
vn -0.1908 0.8540 -0.4841
vn -0.1907 0.8540 -0.4841
vn -0.1896 0.8553 0.4823
vn -0.6013 0.7620 0.2405
vn -0.8904 0.4470 -0.0857
vn -0.8904 0.4470 -0.0856
vn 0.0822 0.4260 0.9010
vn -0.2517 0.7502 0.6114
vn -0.4841 0.8540 0.1908
vn -0.4841 0.8540 0.1907
vn -0.4823 0.8553 -0.1896
vn -0.2405 0.7620 -0.6013
vn 0.0857 0.4470 -0.8904
vn 0.4010 -0.5089 -0.7617
vn 0.2503 -0.5019 -0.8279
vn 0.2510 -0.5020 0.8276
vn 0.4013 -0.5081 0.7621
vn 0.7617 -0.5089 0.4010
vn 0.8282 -0.5014 0.2506
vn 0.8276 -0.5020 -0.2510
vn 0.7621 -0.5081 -0.4013
vn 0.2503 -0.5085 -0.8239
vn 0.2497 -0.5088 0.8239
vn 0.8236 -0.5089 0.2502
vn 0.8239 -0.5088 -0.2497
vn -0.4010 -0.5089 -0.7617
vn -0.2505 -0.5016 -0.8281
vn -0.2510 -0.5020 0.8276
vn -0.4013 -0.5081 0.7621
vn -0.7617 -0.5089 0.4010
vn -0.8281 -0.5015 0.2505
vn -0.8276 -0.5020 -0.2510
vn -0.7621 -0.5081 -0.4013
vn -0.2502 -0.5089 -0.8236
vn -0.2497 -0.5088 0.8239
vn -0.8239 -0.5085 0.2503
vn -0.8239 -0.5088 -0.2497
vn 0.2479 -0.5061 -0.8261
vn 0.8261 -0.5061 0.2479
vn 0.2509 -0.5087 0.8236
vn 0.8236 -0.5087 -0.2509
vn -0.2467 -0.5041 0.8277
vn -0.8277 -0.5038 -0.2471
vn -0.2498 -0.5098 -0.8232
vn -0.8232 -0.5098 0.2498
vn -0.8497 0.0202 0.5268
vn -0.7752 0.0454 0.6300
vn -0.8467 0.0096 0.5320
vn -0.6976 0.0728 0.7128
vn -0.6639 0.0568 0.7457
vn -0.5559 0.0392 0.8303
vn -0.5892 -0.0127 0.8079
vn -0.2833 -0.0164 0.9589
vn -0.2474 0.0193 0.9687
vn -0.0000 0.0143 0.9999
vn -0.0000 -0.0203 0.9998
vn -0.9120 -0.0535 0.4067
vn -0.9455 0.0139 0.3253
vn -0.8880 0.0030 0.4599
vn -0.9464 0.0253 0.3219
vn -0.9874 0.0173 0.1573
vn -0.9950 0.0220 0.0978
vn -0.8293 0.2600 0.4946
vn -0.9298 0.2383 0.2804
vn -0.8802 0.2358 0.4118
vn -0.9439 0.2322 0.2349
vn -0.9035 0.2221 0.3666
vn -0.0175 0.6387 -0.7692
vn 0.0084 0.8283 -0.5603
vn 0.0084 0.8282 -0.5603
vn -0.0207 -0.9656 0.2593
vn -0.0111 -0.9988 0.0483
vn -0.0158 -0.9985 0.0520
vn -0.9295 -0.1853 -0.3188
vn -0.9211 0.0412 -0.3872
vn -0.9101 -0.1283 -0.3940
vn -0.9170 0.0581 -0.3946
vn -0.8985 -0.1020 -0.4269
vn -0.9388 0.0024 0.3445
vn -0.8101 -0.3563 -0.4655
vn 0.0193 0.9998 -0.0006
vn 0.0194 0.9998 -0.0003
vn 0.0167 0.9999 -0.0013
vn -0.9145 0.0245 0.4038
vn -0.8463 0.3611 -0.3916
vn -0.8994 0.1947 -0.3913
vn -0.8994 0.1946 -0.3913
vn -0.7681 0.5099 -0.3873
vn -0.2103 0.9167 -0.3397
vn -0.2099 0.9168 -0.3397
vn -0.0000 0.9446 -0.3282
vn -0.3507 0.8663 -0.3558
vn -0.5212 0.7714 -0.3652
vn -0.5211 0.7714 -0.3652
vn -0.6720 0.6374 -0.3769
vn -0.3663 0.9305 -0.0002
vn -0.1750 0.9846 -0.0000
vn -0.3661 0.9306 -0.0002
vn -0.0001 -0.0000 1.0000
vn -0.3986 -0.9171 0.0001
vn -0.5707 -0.8211 0.0001
vn -0.3985 -0.9172 -0.0000
vn -0.9844 -0.1758 -0.0003
vn -0.9999 0.0114 -0.0005
vn -0.9844 -0.1759 -0.0003
vn -0.5418 0.8405 -0.0003
vn -0.3666 0.9304 -0.0004
vn -0.3664 0.9305 -0.0004
vn -0.5416 0.8406 -0.0003
vn -0.7180 -0.6960 0.0001
vn -0.8411 -0.5409 0.0001
vn -0.7181 -0.6959 0.0001
vn -0.0001 0.0002 1.0000
vn 0.0001 -0.0001 -1.0000
vn 0.0001 -0.0002 -1.0000
vn -0.7176 -0.6965 0.0001
vn -0.8411 -0.5408 0.0001
vn -0.8229 0.5682 -0.0001
vn -0.6962 0.7178 -0.0001
vn -0.6961 0.7180 -0.0001
vn -0.8231 0.5679 -0.0001
vn -0.9184 0.3957 -0.0000
vn -0.8227 0.5685 -0.0001
vn -0.9184 0.3956 -0.0000
vn -0.9292 -0.3695 -0.0000
vn 0.0001 -0.0000 -1.0000
vn -0.5705 -0.8213 0.0001
vn -0.0127 -0.3377 0.9412
vn -0.0000 -0.5124 0.8587
vn -0.0000 -0.4343 0.9008
vn -0.0000 0.8646 0.5024
vn -0.1951 -0.0198 0.9806
vn 0.0001 -0.0294 0.9996
vn -0.0000 -0.9453 0.3263
vn -0.0313 -0.9702 0.2401
vn -0.0087 -0.4473 0.8943
vn -0.0124 -0.7154 0.6986
vn -0.0000 -0.7155 0.6986
vn -0.0144 -0.9999 0.0070
vn -0.0100 -0.9999 0.0073
vn -0.0119 -0.9999 0.0054
vn -0.0085 -0.2526 0.9675
vn 0.0277 0.9963 -0.0809
vn 0.0106 0.8333 0.5527
vn 0.0096 0.3266 0.9451
vn 0.0012 -0.0080 1.0000
vn 0.0012 -0.0081 1.0000
vn 0.0112 0.2290 0.9734
vn -0.0000 -0.8829 0.4696
vn -0.0155 -0.8828 0.4695
vn -0.0537 -0.9985 0.0050
vn -0.0445 -0.9988 0.0218
vn -0.1035 0.9355 0.3378
vn -0.0470 -0.9988 0.0128
vn 0.0132 0.9999 -0.0051
vn 0.0165 0.9998 -0.0116
vn 0.0150 0.9999 -0.0028
vn -0.9079 0.2121 -0.3615
vn -0.9080 0.2121 -0.3613
vn -0.9163 0.1982 -0.3479
vn -0.9059 0.1621 -0.3913
vn -0.0678 -0.9977 -0.0075
vn -0.0400 -0.9990 -0.0180
vn -0.0426 -0.9990 -0.0144
vn -0.0836 -0.9965 0.0009
vn -0.9717 0.2316 0.0461
vn 0.0164 0.9999 -0.0014
vn -0.0770 -0.9970 -0.0040
vn -0.9615 0.2188 -0.1661
vn 0.0147 0.9999 -0.0008
vn -0.0926 0.0440 -0.9947
vn -0.0027 -0.0040 -1.0000
vn -0.4127 0.1010 -0.9052
vn -0.9778 0.0144 0.2090
vn -0.1092 0.0528 -0.9926
vn -0.3894 0.1198 -0.9132
vn -0.9629 0.1750 -0.2056
vn -0.9260 0.1285 -0.3550
vn -0.8544 0.0229 -0.5191
vn -0.6811 0.1780 -0.7102
vn -0.6718 0.1946 -0.7147
vn -0.5234 0.1907 -0.8305
vn -0.5232 0.1907 -0.8306
vn -0.3826 0.1807 -0.9061
vn -0.3824 0.1807 -0.9061
vn -0.1758 0.1718 -0.9693
vn -0.1757 0.1718 -0.9693
vn -0.0000 0.1788 -0.9839
vn -0.8931 0.1124 -0.4356
vn -0.8938 0.0541 -0.4451
vn -0.7830 0.0269 -0.6215
vn -0.8203 0.1551 -0.5504
vn -0.9365 0.0240 -0.3500
vn -0.9378 0.0247 -0.3464
vn -0.9893 0.0255 -0.1436
vn -0.9942 0.0213 -0.1050
vn -0.6304 0.1323 -0.7649
vn -0.5999 0.0155 -0.7999
vn -0.9972 0.0200 -0.0725
vn -0.9399 0.0252 -0.3404
vn -0.7811 0.0223 -0.6240
vn -0.5930 0.0202 -0.8050
vn -0.2952 0.0184 -0.9553
vn -0.2898 0.0140 -0.9570
vn -0.0000 0.0100 -0.9999
vn -0.0000 0.0140 -0.9999
vn -0.9634 0.0115 0.2680
vn -0.9992 0.0195 -0.0335
vn -0.8052 -0.0188 0.5926
vn -0.9430 0.0260 -0.3318
vn -0.7984 0.0302 -0.6014
vn -0.5813 0.0315 -0.8131
vn -0.3065 0.0278 -0.9515
vn -0.0000 0.0238 -0.9997
vn -0.6015 -0.0329 0.7982
vn -0.2951 -0.0284 0.9550
vn -0.0000 -0.0316 0.9995
vn -0.9807 -0.0077 0.1951
vn -1.0000 -0.0007 -0.0000
vn -1.0000 -0.0007 0.0001
vn -0.9808 -0.0077 0.1951
vn -0.1948 -0.0358 0.9802
vn -0.0000 -0.0364 0.9993
vn -0.8313 -0.0206 0.5555
vn -0.9238 -0.0144 0.3827
vn -0.9237 -0.0144 0.3827
vn -0.8312 -0.0206 0.5556
vn -0.9238 0.0130 -0.3826
vn -0.8313 0.0192 -0.5555
vn -0.9238 0.0130 -0.3827
vn -0.5553 0.0291 -0.8311
vn -0.3826 0.0325 -0.9233
vn -0.3825 0.0325 -0.9234
vn -0.5553 -0.0305 0.8311
vn -0.7068 -0.0260 0.7070
vn -0.7069 -0.0260 0.7069
vn -0.5552 -0.0305 0.8311
vn -0.1949 0.0345 -0.9802
vn -0.9808 0.0063 -0.1951
vn -0.9808 0.0063 -0.1950
vn -0.0000 0.0352 -0.9994
vn -0.7069 0.0247 -0.7069
vn -0.3824 -0.0337 0.9234
vn -0.3823 -0.0337 0.9234
vn -0.2654 0.9641 0.0103
vn -0.0000 0.9999 0.0166
vn -0.0000 -1.0000 0.0082
vn -0.2664 -0.9638 0.0096
vn -0.2666 -0.9638 0.0096
vn -0.9697 0.2442 -0.0081
vn -0.8703 0.4923 -0.0133
vn -0.9574 -0.2887 -0.0038
vn -0.9999 -0.0106 -0.0046
vn -0.7152 0.6989 -0.0112
vn -0.5238 0.8519 -0.0034
vn -0.5237 0.8519 -0.0034
vn -0.7152 0.6988 -0.0112
vn -0.4899 -0.8717 0.0102
vn -0.6723 -0.7403 0.0049
vn -0.4898 -0.8718 0.0102
vn -0.8398 -0.5429 -0.0013
vn -1.0000 0.0004 -0.0000
vn -1.0000 0.0008 -0.0004
vn -1.0000 0.0008 -0.0005
vn -1.0000 0.0002 -0.0003
vn -1.0000 0.0003 -0.0004
vn -0.9109 -0.2823 -0.3010
vn -0.9775 0.2111 -0.0004
vn -0.9186 0.3952 -0.0001
vn -0.9185 0.3954 -0.0001
vn -0.1748 0.9846 -0.0001
vn -0.1747 0.9846 -0.0001
vn -0.0000 1.0000 0.0002
vn -0.9846 -0.1750 -0.0002
vn -0.9846 -0.1749 -0.0002
vn -0.3987 -0.9171 -0.0000
vn -0.3990 -0.9170 -0.0000
vn -0.1920 -0.9814 -0.0001
vn -0.1919 -0.9814 -0.0001
vn -0.0000 -1.0000 -0.0003
vn -0.9999 0.0124 -0.0004
vn -0.9776 0.2105 -0.0003
vn -0.9776 0.2104 -0.0002
vn -0.6959 0.7182 -0.0001
vn -0.6958 0.7183 -0.0001
vn -0.5409 0.8411 -0.0002
vn -0.5408 0.8411 -0.0002
vn -0.0000 1.0000 0.0001
vn -0.0000 -0.0001 1.0000
vn -0.0000 0.0001 -1.0000
vn -0.0000 0.0002 -1.0000
vn -0.0000 -0.0002 1.0000
vn -0.0001 0.0001 1.0000
vn -0.0000 -0.0001 -1.0000
vn -0.0001 -0.0001 -1.0000
vn 0.0003 -0.0000 -1.0000
vn 0.0002 -0.0000 -1.0000
vn -0.0002 -0.0000 1.0000
vn -0.0003 -0.0000 1.0000
vn -0.9288 -0.3706 -0.0000
vn -0.1923 -0.9813 -0.0001
vn -0.0000 -1.0000 -0.0004
vn 0.0001 0.0001 1.0000
vn -0.0000 0.0001 1.0000
vn 0.0005 -0.0000 -1.0000
vn -0.0005 -0.0000 1.0000
vn 0.0004 -0.0000 -1.0000
vn -0.0004 -0.0000 1.0000
vn -0.7159 -0.6982 0.0011
vn -0.5703 -0.8214 0.0009
vn -0.7177 -0.6963 0.0001
vn -0.8412 -0.5408 0.0001
vn -0.8412 -0.5407 0.0001
vn -0.8379 -0.5459 -0.0000
vn -0.8379 -0.5459 -0.0001
vn -0.9251 -0.3797 -0.0016
vn -0.9251 -0.3796 -0.0016
vn -0.9824 -0.1865 -0.0012
vn -0.9289 -0.3703 -0.0000
vn -0.9846 -0.1747 -0.0003
vn -0.9999 0.0113 -0.0005
vn -0.9999 0.0132 -0.0002
vn -0.3998 -0.9166 0.0003
vn -0.3986 -0.9171 -0.0000
vn -0.1927 -0.9813 -0.0000
vn -0.1921 -0.9814 -0.0001
vn -0.0000 -1.0000 -0.0001
vn -0.9775 0.2109 -0.0003
vn -0.9775 0.2108 -0.0003
vn -0.9778 0.2096 -0.0002
vn -0.9183 0.3959 -0.0000
vn -0.9182 0.3960 -0.0000
vn -0.9184 0.3956 -0.0001
vn -0.8225 0.5688 -0.0000
vn -0.8227 0.5684 -0.0001
vn -0.8228 0.5683 -0.0001
vn -0.6956 0.7184 -0.0001
vn -0.6958 0.7182 -0.0001
vn -0.6951 0.7189 -0.0000
vn -0.5411 0.8410 -0.0002
vn -0.5398 0.8418 -0.0001
vn -0.3659 0.9306 -0.0002
vn -0.3664 0.9304 -0.0003
vn -0.3666 0.9304 -0.0003
vn -0.1755 0.9845 -0.0000
vn -0.1751 0.9846 -0.0001
vn -0.1751 0.9845 -0.0001
vn -0.9844 -0.1758 -0.0004
vn -0.9284 -0.3716 -0.0000
vn -0.8413 -0.5406 0.0001
vn -0.3982 -0.9173 -0.0000
vn -0.5709 -0.8210 0.0001
vn -0.5710 -0.8210 0.0001
vn -0.7172 -0.6969 0.0001
vn -0.1924 -0.9813 -0.0001
vn -0.9773 0.2119 -0.0004
vn -0.9186 0.3951 -0.0001
vn -0.9999 0.0100 -0.0006
vn -0.5422 0.8402 -0.0003
vn -0.5423 0.8402 -0.0003
vn -0.3664 0.9304 -0.0004
vn -0.3665 0.9304 -0.0004
vn -0.6963 0.7177 -0.0001
vn -0.6965 0.7176 -0.0001
vn -0.0077 -0.7935 0.6085
vn -0.0094 -0.9852 0.1714
vn -0.0094 -0.9852 0.1713
vn 0.9282 0.3721 -0.0000
vn 0.8412 0.5407 -0.0000
vn 1.0000 -0.0096 -0.0000
vn 0.9844 0.1762 -0.0000
vn 0.9772 -0.2121 -0.0000
vn 0.9187 -0.3950 -0.0000
vn 0.8230 -0.5680 -0.0000
vn 0.6965 -0.7175 -0.0000
vn 0.6962 -0.7179 -0.0000
vn 0.5425 -0.8401 -0.0000
vn 0.3667 -0.9303 -0.0000
vn 0.7170 0.6970 -0.0000
vn 0.1717 -0.9851 -0.0000
vn 0.5710 0.8210 -0.0000
vn 0.5710 0.8209 -0.0000
vn 0.3980 0.9174 -0.0000
vn 0.1895 0.9819 -0.0000
vn 0.2588 0.9659 -0.0000
vn 0.5000 0.8660 -0.0000
vn 0.9659 -0.2588 -0.0000
vn 0.8660 -0.5000 -0.0000
vn 0.7071 -0.7071 -0.0000
vn 0.9659 0.2588 -0.0000
vn 0.5000 -0.8660 -0.0000
vn 0.8660 0.5000 -0.0000
vn 0.2588 -0.9659 -0.0000
vn 0.7071 0.7071 -0.0000
vn -0.0146 -0.8511 -0.5248
vn -0.0173 -0.9975 -0.0692
vn -0.0066 -0.7021 -0.7120
vn -0.0090 -0.9523 -0.3050
vn -0.0090 -0.9523 -0.3051
vn -0.0066 -0.7022 -0.7120
vn -0.0027 -0.2914 -0.9566
vn 0.0020 0.1866 -0.9824
vn 0.0065 0.6220 -0.7830
vn 0.0095 0.9150 -0.4033
vn 0.0095 0.9150 -0.4034
vn 0.0103 0.9975 0.0693
vn 0.0086 0.8505 0.5259
vn 0.0086 0.8504 0.5260
vn 0.0050 0.5078 0.8615
vn 0.0050 0.5079 0.8614
vn 0.0004 0.0490 0.9988
vn 0.0004 0.0492 0.9988
vn -0.0042 -0.4204 0.9073
vn -0.0042 -0.4205 0.9073
vn -0.9998 0.0174 -0.0003
vn -0.0160 -0.9153 0.4023
vn -0.0086 -0.5097 -0.8603
vn -0.0006 -0.0516 -0.9987
vn 0.0075 0.4184 -0.9082
vn 0.0120 0.7008 0.7133
vn 0.0165 0.9519 0.3059
vn -0.0111 -0.6235 0.7817
vn -0.0036 -0.1889 0.9820
vn 0.0048 0.2890 0.9573
vn 0.0139 0.7925 -0.6097
vn 0.0171 0.9850 -0.1716
vn 0.0166 0.9999 -0.0023
vn 0.0151 0.9999 -0.0023
vn 0.0180 0.9998 -0.0018
vn -0.0000 1.0000 -0.0015
vn 0.0153 0.9999 0.0022
vn 0.0167 0.9999 0.0022
vn 0.0136 0.9999 -0.0000
vn 0.0141 0.9999 0.0014
vn 0.0179 0.9998 0.0011
vn 0.0179 0.9998 0.0010
vn 0.0140 0.9999 -0.0014
vn 0.8497 0.0202 0.5268
vn 0.8467 0.0096 0.5320
vn 0.7752 0.0454 0.6300
vn 0.6976 0.0728 0.7128
vn 0.6639 0.0568 0.7457
vn 0.5892 -0.0127 0.8079
vn 0.5559 0.0392 0.8303
vn 0.2833 -0.0164 0.9589
vn 0.2474 0.0193 0.9687
vn 0.9120 -0.0534 0.4067
vn 0.8880 0.0030 0.4599
vn 0.9455 0.0139 0.3253
vn 0.9464 0.0253 0.3219
vn 0.9950 0.0221 0.0978
vn 0.9874 0.0171 0.1573
vn 0.8293 0.2600 0.4946
vn 0.8802 0.2358 0.4118
vn 0.9298 0.2383 0.2804
vn 0.9035 0.2221 0.3666
vn 0.9439 0.2322 0.2348
vn 0.0175 0.6387 -0.7692
vn -0.0084 0.8282 -0.5603
vn -0.0084 0.8283 -0.5603
vn 0.0207 -0.9656 0.2593
vn 0.0159 -0.9985 0.0520
vn 0.0111 -0.9988 0.0483
vn 0.9295 -0.1853 -0.3188
vn 0.9101 -0.1283 -0.3940
vn 0.9211 0.0412 -0.3872
vn 0.8985 -0.1020 -0.4269
vn 0.9170 0.0581 -0.3946
vn 0.9388 0.0024 0.3445
vn 0.8101 -0.3563 -0.4655
vn -0.0193 0.9998 -0.0006
vn -0.0167 0.9999 -0.0013
vn -0.0194 0.9998 -0.0003
vn 0.9145 0.0245 0.4038
vn 0.8464 0.3610 -0.3916
vn 0.8463 0.3611 -0.3916
vn 0.8994 0.1947 -0.3913
vn 0.7681 0.5099 -0.3873
vn 0.7682 0.5098 -0.3873
vn 0.2103 0.9167 -0.3397
vn 0.2104 0.9167 -0.3398
vn 0.3507 0.8663 -0.3558
vn 0.5211 0.7714 -0.3652
vn 0.5212 0.7714 -0.3652
vn 0.6720 0.6374 -0.3769
vn 0.3663 0.9305 -0.0002
vn 0.3661 0.9306 -0.0002
vn 0.1752 0.9845 -0.0000
vn 0.1751 0.9846 -0.0000
vn 0.0001 -0.0000 1.0000
vn 0.3984 -0.9172 -0.0000
vn 0.3985 -0.9172 0.0001
vn 0.5707 -0.8211 0.0001
vn 0.5707 -0.8212 0.0001
vn 0.9844 -0.1759 -0.0003
vn 0.9999 0.0114 -0.0005
vn 0.5415 0.8407 -0.0003
vn 0.5416 0.8406 -0.0003
vn 0.3668 0.9303 -0.0004
vn 0.3666 0.9304 -0.0004
vn 0.7181 -0.6960 0.0001
vn 0.7181 -0.6959 0.0001
vn 0.8411 -0.5409 0.0001
vn 0.8411 -0.5408 0.0001
vn 0.0001 0.0002 1.0000
vn -0.0001 -0.0002 -1.0000
vn 0.7176 -0.6965 0.0001
vn 0.7176 -0.6964 0.0001
vn 0.8229 0.5682 -0.0001
vn 0.8231 0.5679 -0.0001
vn 0.6961 0.7180 -0.0001
vn 0.6962 0.7178 -0.0001
vn 0.9184 0.3957 -0.0000
vn 0.9184 0.3956 -0.0000
vn 0.8227 0.5685 -0.0001
vn 0.9292 -0.3695 -0.0000
vn -0.0001 -0.0000 -1.0000
vn 0.5706 -0.8212 0.0001
vn 0.5705 -0.8213 0.0001
vn 0.0127 -0.3377 0.9412
vn 0.1951 -0.0198 0.9806
vn 0.0313 -0.9702 0.2401
vn 0.0124 -0.7154 0.6986
vn 0.0094 -0.4473 0.8943
vn 0.0143 -0.9999 0.0070
vn 0.0119 -0.9999 0.0054
vn 0.0100 -0.9999 0.0073
vn 0.0085 -0.2527 0.9675
vn -0.0277 0.9963 -0.0809
vn -0.0095 0.8333 0.5527
vn -0.0106 0.8333 0.5527
vn -0.0096 0.3266 0.9451
vn -0.0112 0.2290 0.9734
vn -0.0012 -0.0081 1.0000
vn -0.0012 -0.0080 1.0000
vn 0.0162 -0.8828 0.4695
vn 0.0445 -0.9988 0.0218
vn 0.0537 -0.9985 0.0050
vn 0.1035 0.9355 0.3378
vn 0.0471 -0.9988 0.0127
vn -0.0132 0.9999 -0.0051
vn -0.0150 0.9999 -0.0027
vn -0.0165 0.9998 -0.0116
vn 0.9080 0.2121 -0.3613
vn 0.9059 0.1621 -0.3913
vn 0.9163 0.1982 -0.3480
vn 0.9080 0.2121 -0.3612
vn 0.0678 -0.9977 -0.0075
vn 0.0426 -0.9990 -0.0143
vn 0.0400 -0.9990 -0.0180
vn 0.0836 -0.9965 0.0009
vn 0.9717 0.2316 0.0461
vn 0.0770 -0.9970 -0.0040
vn 0.9615 0.2188 -0.1661
vn -0.0147 0.9999 -0.0008
vn 0.0926 0.0440 -0.9947
vn 0.4127 0.1010 -0.9052
vn 0.0027 -0.0040 -1.0000
vn 0.9778 0.0144 0.2091
vn 0.1092 0.0528 -0.9926
vn 0.3894 0.1198 -0.9132
vn 0.9260 0.1285 -0.3550
vn 0.9629 0.1750 -0.2056
vn 0.8544 0.0229 -0.5191
vn 0.6811 0.1780 -0.7102
vn 0.6718 0.1946 -0.7147
vn 0.5233 0.1907 -0.8306
vn 0.5234 0.1907 -0.8305
vn 0.3825 0.1807 -0.9061
vn 0.3826 0.1807 -0.9061
vn 0.1757 0.1718 -0.9693
vn 0.8931 0.1124 -0.4356
vn 0.8203 0.1551 -0.5504
vn 0.7830 0.0269 -0.6215
vn 0.8938 0.0541 -0.4451
vn 0.9378 0.0247 -0.3464
vn 0.9365 0.0241 -0.3500
vn 0.9942 0.0213 -0.1050
vn 0.9893 0.0255 -0.1436
vn 0.6304 0.1323 -0.7649
vn 0.5999 0.0155 -0.7999
vn 0.9972 0.0200 -0.0725
vn 0.9399 0.0252 -0.3404
vn 0.7811 0.0223 -0.6240
vn 0.5930 0.0202 -0.8049
vn 0.2898 0.0140 -0.9570
vn 0.2952 0.0184 -0.9553
vn 0.9992 0.0195 -0.0335
vn 0.9634 0.0115 0.2680
vn 0.8052 -0.0188 0.5926
vn 0.9430 0.0260 -0.3318
vn 0.7984 0.0302 -0.6014
vn 0.5813 0.0315 -0.8131
vn 0.3064 0.0278 -0.9515
vn 0.6015 -0.0329 0.7982
vn 0.2951 -0.0284 0.9550
vn 0.9807 -0.0077 0.1952
vn 0.9808 -0.0077 0.1951
vn 1.0000 -0.0007 0.0001
vn 1.0000 -0.0007 -0.0000
vn 0.1948 -0.0358 0.9802
vn 0.8313 -0.0206 0.5555
vn 0.8312 -0.0206 0.5556
vn 0.9238 -0.0144 0.3826
vn 0.9238 -0.0144 0.3827
vn 0.9238 0.0130 -0.3827
vn 0.9238 0.0130 -0.3826
vn 0.8313 0.0192 -0.5555
vn 0.5553 0.0291 -0.8311
vn 0.3824 0.0325 -0.9234
vn 0.3825 0.0325 -0.9234
vn 0.5553 -0.0305 0.8311
vn 0.5552 -0.0305 0.8311
vn 0.7068 -0.0260 0.7069
vn 0.1945 0.0345 -0.9803
vn 0.1951 0.0345 -0.9802
vn 0.9808 0.0063 -0.1951
vn 0.9808 0.0063 -0.1950
vn 0.7068 0.0247 -0.7069
vn 0.7069 0.0247 -0.7069
vn 0.3823 -0.0337 0.9234
vn 0.3824 -0.0337 0.9234
vn 0.2654 0.9641 0.0103
vn 0.2666 -0.9638 0.0096
vn 0.2664 -0.9638 0.0096
vn 0.9697 0.2442 -0.0081
vn 0.8703 0.4923 -0.0133
vn 0.9574 -0.2887 -0.0038
vn 0.9999 -0.0106 -0.0046
vn 0.7152 0.6989 -0.0112
vn 0.7150 0.6990 -0.0112
vn 0.5237 0.8519 -0.0034
vn 0.5238 0.8519 -0.0034
vn 0.4899 -0.8717 0.0102
vn 0.6723 -0.7403 0.0049
vn 0.8398 -0.5429 -0.0013
vn 1.0000 0.0004 -0.0000
vn 1.0000 0.0008 -0.0005
vn 1.0000 0.0008 -0.0004
vn 1.0000 0.0003 -0.0004
vn 1.0000 0.0002 -0.0003
vn 0.9109 -0.2823 -0.3010
vn 0.9775 0.2111 -0.0004
vn 0.9775 0.2110 -0.0004
vn 0.9185 0.3955 -0.0001
vn 0.9185 0.3954 -0.0001
vn 0.1749 0.9846 -0.0001
vn 0.1748 0.9846 -0.0001
vn 0.9846 -0.1750 -0.0002
vn 0.3992 -0.9169 -0.0000
vn 0.3990 -0.9170 -0.0000
vn 0.1920 -0.9814 -0.0001
vn 0.1919 -0.9814 -0.0001
vn 0.9999 0.0124 -0.0004
vn 0.9776 0.2104 -0.0003
vn 0.9776 0.2104 -0.0002
vn 0.6958 0.7183 -0.0001
vn 0.6959 0.7182 -0.0001
vn 0.5408 0.8411 -0.0002
vn 0.5408 0.8412 -0.0002
vn -0.0003 -0.0000 -1.0000
vn -0.0002 -0.0000 -1.0000
vn 0.0002 -0.0000 1.0000
vn 0.0003 -0.0000 1.0000
vn 0.9288 -0.3706 -0.0000
vn 0.9288 -0.3705 -0.0000
vn 0.1922 -0.9813 -0.0001
vn 0.1922 -0.9814 -0.0001
vn -0.0005 -0.0000 -1.0000
vn 0.0005 -0.0000 1.0000
vn -0.0004 -0.0000 -1.0000
vn 0.0004 -0.0000 1.0000
vn 0.7159 -0.6982 0.0011
vn 0.5704 -0.8214 0.0009
vn 0.5703 -0.8214 0.0009
vn 0.7178 -0.6963 0.0001
vn 0.8412 -0.5407 0.0001
vn 0.8412 -0.5408 0.0001
vn 0.8379 -0.5458 -0.0001
vn 0.8379 -0.5459 -0.0001
vn 0.9251 -0.3797 -0.0016
vn 0.9824 -0.1865 -0.0012
vn 0.9289 -0.3703 -0.0000
vn 0.9846 -0.1747 -0.0003
vn 0.9999 0.0113 -0.0005
vn 0.9999 0.0132 -0.0002
vn 0.3997 -0.9166 0.0003
vn 0.3988 -0.9171 -0.0000
vn 0.3988 -0.9170 -0.0000
vn 0.1927 -0.9813 -0.0000
vn 0.1921 -0.9814 -0.0001
vn 0.9775 0.2109 -0.0003
vn 0.9778 0.2096 -0.0002
vn 0.9182 0.3960 -0.0000
vn 0.9183 0.3959 -0.0000
vn 0.8224 0.5689 -0.0000
vn 0.8227 0.5684 -0.0001
vn 0.8228 0.5683 -0.0001
vn 0.6960 0.7181 -0.0001
vn 0.6957 0.7183 -0.0001
vn 0.6952 0.7188 -0.0000
vn 0.6951 0.7189 -0.0000
vn 0.5412 0.8409 -0.0002
vn 0.5396 0.8419 -0.0001
vn 0.5397 0.8419 -0.0001
vn 0.3659 0.9306 -0.0002
vn 0.3666 0.9304 -0.0003
vn 0.3664 0.9304 -0.0003
vn 0.1755 0.9845 -0.0000
vn 0.1751 0.9845 -0.0001
vn 0.9844 -0.1758 -0.0004
vn 0.9284 -0.3716 -0.0000
vn 0.8413 -0.5406 0.0001
vn 0.3983 -0.9173 -0.0000
vn 0.5710 -0.8210 0.0001
vn 0.5709 -0.8210 0.0001
vn 0.3982 -0.9173 -0.0000
vn 0.7172 -0.6969 0.0001
vn 0.1924 -0.9813 -0.0001
vn 0.9773 0.2118 -0.0004
vn 0.9187 0.3951 -0.0001
vn 0.9187 0.3950 -0.0001
vn 0.9999 0.0100 -0.0006
vn 0.8230 0.5680 -0.0001
vn 0.8230 0.5681 -0.0001
vn 0.5421 0.8403 -0.0003
vn 0.3665 0.9304 -0.0004
vn 0.5423 0.8402 -0.0003
vn 0.6963 0.7177 -0.0001
vn 0.6961 0.7179 -0.0001
vn 0.0077 -0.7934 0.6086
vn 0.0094 -0.9852 0.1713
vn 0.0094 -0.9852 0.1714
vn -0.9282 0.3721 -0.0000
vn -0.8412 0.5407 -0.0000
vn -1.0000 -0.0096 -0.0000
vn -0.9844 0.1762 -0.0000
vn -0.9772 -0.2122 -0.0000
vn -0.9187 -0.3949 -0.0000
vn -0.8230 -0.5680 -0.0000
vn -0.6965 -0.7175 -0.0000
vn -0.5425 -0.8401 -0.0000
vn -0.3667 -0.9303 -0.0000
vn -0.7171 0.6970 -0.0000
vn -0.1717 -0.9851 -0.0000
vn -0.5710 0.8209 -0.0000
vn -0.3980 0.9174 -0.0000
vn -0.1895 0.9819 -0.0000
vn -0.2588 0.9659 -0.0000
vn -0.5000 0.8660 -0.0000
vn -0.9659 -0.2588 -0.0000
vn -0.8660 -0.5000 -0.0000
vn -0.7071 -0.7071 -0.0000
vn -0.9659 0.2588 -0.0000
vn -0.5000 -0.8660 -0.0000
vn -0.8660 0.5000 -0.0000
vn -0.2588 -0.9659 -0.0000
vn -0.7071 0.7071 -0.0000
vn 0.0146 -0.8511 -0.5248
vn 0.0173 -0.9975 -0.0692
vn 0.0066 -0.7023 -0.7119
vn 0.0066 -0.7022 -0.7120
vn 0.0090 -0.9523 -0.3051
vn 0.0090 -0.9523 -0.3050
vn 0.0027 -0.2915 -0.9566
vn 0.0027 -0.2914 -0.9566
vn -0.0021 0.1865 -0.9825
vn -0.0020 0.1865 -0.9825
vn -0.0065 0.6222 -0.7829
vn -0.0065 0.6220 -0.7830
vn -0.0095 0.9150 -0.4034
vn -0.0103 0.9975 0.0693
vn -0.0086 0.8505 0.5259
vn -0.0086 0.8504 0.5260
vn -0.0050 0.5079 0.8614
vn -0.0004 0.0490 0.9988
vn -0.0003 0.0492 0.9988
vn 0.0042 -0.4204 0.9073
vn 0.9998 0.0174 -0.0003
vn 0.0160 -0.9153 0.4023
vn 0.0086 -0.5097 -0.8603
vn 0.0006 -0.0516 -0.9987
vn -0.0075 0.4184 -0.9082
vn -0.0120 0.7008 0.7133
vn -0.0164 0.9519 0.3059
vn 0.0111 -0.6235 0.7817
vn 0.0036 -0.1889 0.9820
vn -0.0048 0.2890 0.9573
vn -0.0139 0.7925 -0.6097
vn -0.0171 0.9850 -0.1716
vn -0.0166 0.9999 -0.0023
vn -0.0151 0.9999 -0.0023
vn -0.0180 0.9998 -0.0018
vn -0.0152 0.9999 0.0022
vn -0.0153 0.9999 0.0022
vn -0.0167 0.9999 0.0022
vn -0.0136 0.9999 -0.0000
vn -0.0141 0.9999 0.0014
vn -0.0179 0.9998 0.0010
vn -0.0179 0.9998 0.0011
vn -0.0140 0.9999 -0.0014
vn 0.8817 0.2232 -0.4156
vn 0.6003 0.1926 -0.7763
vn 0.5049 0.5258 -0.6845
vn 0.7314 0.6039 -0.3167
vn 0.2153 0.9257 -0.3109
vn 0.1178 0.9922 -0.0411
vn 0.8817 0.2232 0.4156
vn 0.9695 0.2451 -0.0000
vn 0.7280 0.6856 -0.0000
vn 0.7314 0.6039 0.3167
vn 0.0912 0.9958 -0.0000
vn 0.1178 0.9922 0.0411
vn 0.2308 0.5091 -0.8292
vn 0.2707 0.5034 -0.8206
vn 0.1139 0.9323 -0.3432
vn 0.1013 0.9275 -0.3597
vn 0.2308 0.5091 0.8292
vn 0.2701 0.5038 0.8205
vn 0.3077 0.1582 0.9382
vn 0.2634 0.1565 0.9519
vn 0.1146 0.9313 0.3458
vn 0.1126 0.9507 0.2890
vn 0.3102 0.5193 0.7963
vn 0.3583 0.1607 0.9197
vn 0.2634 0.1563 -0.9519
vn 0.3080 0.1574 -0.9383
vn 0.3583 0.1607 -0.9197
vn 0.3102 0.5193 -0.7963
vn 0.1126 0.9507 -0.2890
vn 0.4933 0.1629 0.8545
vn 0.4251 0.5265 0.7363
vn 0.0752 0.9886 0.1303
vn 0.2162 0.9270 0.3065
vn 0.1014 0.9274 0.3600
vn 0.4933 0.1629 -0.8545
vn 0.4251 0.5265 -0.7363
vn 0.0752 0.9886 -0.1302
vn 0.6023 0.1920 0.7748
vn 0.5103 0.5253 0.6809
vn -0.8008 0.2232 -0.5558
vn -0.9724 0.1927 -0.1312
vn -0.8453 0.5259 -0.0938
vn -0.6400 0.6039 -0.4751
vn -0.3776 0.9255 -0.0303
vn -0.0945 0.9922 -0.0815
vn -0.0809 0.2232 -0.9714
vn -0.4847 0.2451 -0.8396
vn -0.3640 0.6856 -0.6304
vn -0.0914 0.6039 -0.7918
vn -0.0456 0.9958 -0.0790
vn -0.0233 0.9922 -0.1226
vn -0.8335 0.5091 0.2147
vn -0.8461 0.5033 0.1758
vn -0.3537 0.9325 0.0728
vn -0.3622 0.9276 0.0921
vn 0.6027 0.5091 -0.6145
vn 0.5754 0.5034 -0.6447
vn 0.6586 0.1574 -0.7358
vn 0.6927 0.1563 -0.7041
vn 0.2404 0.9323 -0.2704
vn 0.1940 0.9507 -0.2421
vn 0.5345 0.5193 -0.6668
vn 0.6173 0.1607 -0.7701
vn -0.9561 0.1562 0.2479
vn -0.9666 0.1572 0.2024
vn -0.9756 0.1608 0.1495
vn -0.8448 0.5193 0.1295
vn -0.3066 0.9507 0.0470
vn 0.1614 0.9258 -0.3418
vn 0.2609 0.9275 -0.2676
vn -0.9866 0.1629 -0.0000
vn -0.8502 0.5265 -0.0000
vn -0.1504 0.9886 -0.0000
vn 0.3720 0.1925 -0.9081
vn 0.3399 0.5258 -0.7797
vn -0.0809 0.2232 0.9714
vn 0.3705 0.1922 0.9087
vn 0.3361 0.5255 0.7816
vn -0.0914 0.6039 0.7918
vn 0.1585 0.9267 0.3408
vn -0.0233 0.9922 0.1226
vn -0.8008 0.2232 0.5558
vn -0.4847 0.2451 0.8396
vn -0.3640 0.6856 0.6304
vn -0.6400 0.6039 0.4751
vn -0.0456 0.9958 0.0790
vn -0.0945 0.9922 0.0815
vn 0.6027 0.5091 0.6145
vn 0.5755 0.5036 0.6443
vn 0.2417 0.9316 0.2716
vn 0.2603 0.9275 0.2684
vn -0.8335 0.5091 -0.2147
vn -0.8458 0.5035 -0.1761
vn -0.9665 0.1578 -0.2025
vn -0.9561 0.1564 -0.2479
vn -0.3555 0.9318 -0.0733
vn -0.3066 0.9507 -0.0470
vn -0.8448 0.5193 -0.1295
vn -0.9756 0.1607 -0.1495
vn 0.6927 0.1564 0.7041
vn 0.6586 0.1579 0.7357
vn 0.6173 0.1607 0.7701
vn 0.5345 0.5193 0.6668
vn 0.1940 0.9507 0.2421
vn -0.3752 0.9264 0.0325
vn -0.3623 0.9275 -0.0921
vn -0.9723 0.1923 0.1330
vn -0.8451 0.5256 0.0982
vn 0.4980 0.0883 0.8626
vn 0.6230 0.0869 0.7773
vn 0.3617 0.0869 0.9282
vn 0.8660 -0.0000 -0.5000
vn 0.6127 0.1212 -0.7809
vn 0.8925 0.1510 -0.4250
vn 0.2655 0.0791 -0.9609
vn 0.2656 0.0791 0.9608
vn 0.6127 0.1212 0.7809
vn 0.8925 0.1510 0.4250
vn 0.9870 0.1610 -0.0000
vn 0.4980 0.0883 -0.8626
vn 0.6230 0.0869 -0.7773
vn 0.3617 0.0869 -0.9282
vn 0.3104 0.0832 0.9470
vn 0.3104 0.0832 -0.9470
vn -0.9827 0.1212 -0.1402
vn -0.8143 0.1510 -0.5604
vn -0.9649 0.0791 0.2504
vn 0.6993 0.0791 -0.7104
vn 0.3700 0.1212 -0.9211
vn -0.0782 0.1510 -0.9854
vn -0.4935 0.1610 -0.8547
vn -0.9961 0.0883 -0.0000
vn -0.9847 0.0869 -0.1509
vn -0.9847 0.0869 0.1510
vn 0.6649 0.0832 -0.7423
vn -0.9753 0.0832 0.2047
vn 0.3700 0.1212 0.9211
vn -0.0782 0.1510 0.9854
vn 0.6993 0.0791 0.7104
vn -0.9649 0.0791 -0.2504
vn -0.9827 0.1212 0.1402
vn -0.8143 0.1510 0.5604
vn -0.4935 0.1610 0.8547
vn -0.9753 0.0832 -0.2046
vn 0.6649 0.0832 0.7423
vn 0.5000 -0.0000 0.8660
vn 0.8660 -0.0000 0.5000
vn -0.5000 -0.0000 -0.8660
vn -0.8660 -0.0000 -0.5000
vn 0.5000 -0.0000 -0.8660
vn -0.5000 -0.0000 0.8660
vn -0.8660 -0.0000 0.5000
vt 0.616709 0.265234
vt 0.616710 0.236548
vt 0.621209 0.235853
vt 0.621163 0.264596
vt 0.616709 0.035750
vt 0.616709 0.007064
vt 0.620813 0.006855
vt 0.620835 0.035788
vt 0.616709 0.150492
vt 0.616709 0.121806
vt 0.645403 0.118368
vt 0.645403 0.147340
vt 0.616709 0.379976
vt 0.616709 0.351291
vt 0.645403 0.350144
vt 0.645403 0.379117
vt 0.679642 0.255148
vt 0.675026 0.254716
vt 0.674982 0.227022
vt 0.679642 0.227504
vt 0.679642 0.033990
vt 0.675342 0.034208
vt 0.675363 0.006131
vt 0.679642 0.006346
vt 0.679642 0.144569
vt 0.652455 0.141561
vt 0.652455 0.113643
vt 0.679642 0.116925
vt 0.679642 0.365727
vt 0.652455 0.364905
vt 0.652455 0.336987
vt 0.679642 0.338082
vt 0.741971 0.629453
vt 0.767587 0.612338
vt 0.770251 0.617324
vt 0.745558 0.633824
vt 0.703071 0.676853
vt 0.720187 0.651238
vt 0.724557 0.654824
vt 0.708057 0.679518
vt 0.685271 0.735531
vt 0.691282 0.705315
vt 0.696692 0.706957
vt 0.690898 0.736085
vt 0.691281 0.796554
vt 0.685271 0.766338
vt 0.690898 0.765784
vt 0.696692 0.794912
vt 0.720187 0.850631
vt 0.703071 0.825016
vt 0.708057 0.822351
vt 0.724557 0.847044
vt 0.767586 0.889531
vt 0.741971 0.872415
vt 0.745558 0.868045
vt 0.770251 0.884545
vt 0.826264 0.907331
vt 0.796049 0.901320
vt 0.797690 0.895910
vt 0.826818 0.901704
vt 0.887287 0.901320
vt 0.857071 0.907331
vt 0.856517 0.901704
vt 0.885646 0.895910
vt 0.645403 0.784726
vt 0.633449 0.753846
vt 0.645403 0.755753
vt 0.629521 0.754041
vt 0.645403 0.871642
vt 0.637119 0.879560
vt 0.635667 0.875419
vt 0.645403 0.552949
vt 0.629076 0.523531
vt 0.633281 0.522844
vt 0.884949 0.917602
vt 0.858489 0.917602
vt 0.858489 0.912263
vt 0.884949 0.912263
vt 0.616709 0.609461
vt 0.628634 0.639044
vt 0.624808 0.639808
vt 0.941570 0.028344
vt 0.941570 0.054799
vt 0.936218 0.054799
vt 0.936217 0.028344
vt 0.616709 0.838945
vt 0.623872 0.869642
vt 0.616709 0.867631
vt 0.627183 0.869815
vt 0.756612 0.917602
vt 0.728279 0.917602
vt 0.728279 0.912263
vt 0.756612 0.912263
vt 0.645403 0.321173
vt 0.633114 0.291840
vt 0.645403 0.292201
vt 0.941570 0.421538
vt 0.941569 0.449854
vt 0.936215 0.449854
vt 0.936215 0.421538
vt 0.397318 0.495117
vt 0.397318 0.466153
vt 0.412120 0.466153
vt 0.412120 0.495118
vt 0.428306 0.495117
vt 0.428306 0.466153
vt 0.444759 0.466153
vt 0.444759 0.495117
vt 0.473708 0.495117
vt 0.473708 0.466153
vt 0.490432 0.466153
vt 0.490432 0.495117
vt 0.397318 0.553047
vt 0.397318 0.524082
vt 0.412120 0.524082
vt 0.412120 0.553047
vt 0.428306 0.553047
vt 0.428306 0.524082
vt 0.444759 0.524082
vt 0.444759 0.553047
vt 0.477901 0.553047
vt 0.473707 0.524082
vt 0.490432 0.524082
vt 0.490432 0.553047
vt 0.397318 0.610976
vt 0.397318 0.582011
vt 0.412120 0.582011
vt 0.412120 0.610976
vt 0.428306 0.610976
vt 0.428306 0.582011
vt 0.444759 0.582011
vt 0.444759 0.610976
vt 0.477901 0.610976
vt 0.477901 0.582011
vt 0.490432 0.582011
vt 0.490432 0.610976
vt 0.397318 0.668905
vt 0.397318 0.639940
vt 0.412120 0.639941
vt 0.412120 0.668905
vt 0.428306 0.668905
vt 0.428306 0.639940
vt 0.444759 0.639940
vt 0.444759 0.668905
vt 0.473708 0.668905
vt 0.473708 0.639940
vt 0.490432 0.639940
vt 0.490432 0.668905
vt 0.397318 0.726834
vt 0.397318 0.697868
vt 0.412120 0.697869
vt 0.412120 0.726834
vt 0.428306 0.726834
vt 0.428306 0.697868
vt 0.444759 0.697868
vt 0.444759 0.726834
vt 0.473708 0.726834
vt 0.473708 0.697868
vt 0.490432 0.697869
vt 0.490432 0.726834
vt 0.397318 0.784763
vt 0.397318 0.755799
vt 0.412120 0.755799
vt 0.412120 0.784763
vt 0.428306 0.784763
vt 0.428306 0.755799
vt 0.444759 0.755799
vt 0.444759 0.784763
vt 0.477901 0.784763
vt 0.477901 0.755799
vt 0.490432 0.755799
vt 0.490432 0.784763
vt 0.397318 0.842692
vt 0.397318 0.813727
vt 0.412120 0.813727
vt 0.412120 0.842691
vt 0.428306 0.842692
vt 0.428306 0.813727
vt 0.444759 0.813727
vt 0.444759 0.842692
vt 0.477901 0.842692
vt 0.477901 0.810546
vt 0.490432 0.813728
vt 0.490432 0.842692
vt 0.397318 0.900621
vt 0.397318 0.871656
vt 0.412120 0.871656
vt 0.412120 0.900621
vt 0.428306 0.900621
vt 0.428306 0.871656
vt 0.444759 0.871656
vt 0.444759 0.900621
vt 0.473708 0.900621
vt 0.473708 0.871656
vt 0.490432 0.871656
vt 0.490432 0.900621
vt 0.048210 0.947334
vt 0.058036 0.947334
vt 0.058036 0.955265
vt 0.048210 0.955265
vt 0.082135 0.495117
vt 0.082135 0.524082
vt 0.070568 0.524082
vt 0.070568 0.495117
vt 0.059605 0.495117
vt 0.059605 0.524082
vt 0.048691 0.524082
vt 0.048691 0.495118
vt 0.714620 0.815314
vt 0.703922 0.789533
vt 0.746920 0.776451
vt 0.754230 0.794135
vt 0.792102 0.762692
vt 0.795885 0.771845
vt 0.840439 0.748075
vt 0.801375 0.780093
vt 0.082135 0.553047
vt 0.082135 0.582011
vt 0.070568 0.582011
vt 0.070568 0.553047
vt 0.059605 0.553047
vt 0.059605 0.582011
vt 0.048691 0.582011
vt 0.048691 0.553047
vt 0.698440 0.762148
vt 0.698389 0.734204
vt 0.743179 0.738532
vt 0.743187 0.757678
vt 0.790193 0.743084
vt 0.790183 0.752981
vt 0.082135 0.610976
vt 0.082135 0.639940
vt 0.070568 0.639940
vt 0.070568 0.610976
vt 0.059605 0.610976
vt 0.059606 0.639940
vt 0.048691 0.639940
vt 0.048691 0.610976
vt 0.703779 0.706765
vt 0.714415 0.680874
vt 0.754184 0.702011
vt 0.746905 0.719742
vt 0.795914 0.724233
vt 0.792124 0.733378
vt 0.082135 0.668905
vt 0.082135 0.697868
vt 0.070568 0.697868
vt 0.070568 0.668905
vt 0.059605 0.668905
vt 0.059606 0.697869
vt 0.048691 0.697869
vt 0.048691 0.668904
vt 0.729911 0.657544
vt 0.749687 0.637671
vt 0.778356 0.672507
vt 0.764814 0.686071
vt 0.808419 0.709005
vt 0.801418 0.716002
vt 0.082135 0.726834
vt 0.082135 0.755798
vt 0.070568 0.755799
vt 0.070568 0.726834
vt 0.059606 0.726834
vt 0.059605 0.755799
vt 0.048691 0.755799
vt 0.048691 0.726833
vt 0.773002 0.622091
vt 0.798897 0.611367
vt 0.812016 0.654518
vt 0.794297 0.661852
vt 0.825797 0.699731
vt 0.816653 0.703515
vt 0.082135 0.784763
vt 0.082135 0.813727
vt 0.070568 0.813728
vt 0.070568 0.784763
vt 0.059605 0.784763
vt 0.059605 0.813727
vt 0.048691 0.813728
vt 0.048691 0.784763
vt 0.826379 0.605897
vt 0.854388 0.605897
vt 0.849991 0.650751
vt 0.830823 0.650741
vt 0.845411 0.697820
vt 0.835507 0.697806
vt 0.082135 0.842692
vt 0.082135 0.871656
vt 0.070568 0.871656
vt 0.070568 0.842692
vt 0.059606 0.842692
vt 0.059606 0.871656
vt 0.048691 0.871656
vt 0.048691 0.842692
vt 0.881860 0.611359
vt 0.907744 0.622071
vt 0.886500 0.661850
vt 0.868792 0.654500
vt 0.864262 0.703561
vt 0.855122 0.699759
vt 0.082135 0.900621
vt 0.082135 0.929586
vt 0.070569 0.929586
vt 0.070568 0.900621
vt 0.059605 0.900621
vt 0.059606 0.929586
vt 0.048691 0.929586
vt 0.048691 0.900621
vt 0.931057 0.637628
vt 0.950913 0.657448
vt 0.915966 0.686115
vt 0.902432 0.672523
vt 0.879485 0.716064
vt 0.872489 0.709065
vt 0.244726 0.755799
vt 0.244726 0.784763
vt 0.238786 0.784763
vt 0.238786 0.755799
vt 0.244726 0.466153
vt 0.244726 0.495117
vt 0.238786 0.495117
vt 0.238786 0.466153
vt 0.637692 0.031364
vt 0.637657 0.002879
vt 0.645403 0.002480
vt 0.645403 0.031452
vt 0.002779 0.032770
vt 0.041086 0.032770
vt 0.041086 0.063577
vt 0.002779 0.063577
vt 0.621171 0.871732
vt 0.620435 0.875538
vt 0.002779 0.094384
vt 0.041086 0.094384
vt 0.041086 0.125191
vt 0.002779 0.125191
vt 0.002779 0.155999
vt 0.041086 0.155999
vt 0.041086 0.186806
vt 0.002779 0.186806
vt 0.628634 0.293022
vt 0.002779 0.217613
vt 0.041086 0.217613
vt 0.041086 0.248420
vt 0.002779 0.248420
vt 0.637300 0.263872
vt 0.637319 0.234994
vt 0.645403 0.234256
vt 0.645403 0.263229
vt 0.002779 0.279227
vt 0.041086 0.279227
vt 0.041086 0.310034
vt 0.002779 0.310034
vt 0.645403 0.089396
vt 0.627183 0.062251
vt 0.632401 0.060194
vt 0.002779 0.340841
vt 0.041086 0.340841
vt 0.041086 0.371648
vt 0.002779 0.371648
vt 0.002779 0.402456
vt 0.041086 0.402456
vt 0.041086 0.433263
vt 0.002779 0.433263
vt 0.002779 0.464070
vt 0.041086 0.464070
vt 0.041086 0.494877
vt 0.002779 0.494877
vt 0.609433 0.032884
vt 0.572658 0.032886
vt 0.572656 0.003188
vt 0.609431 0.003184
vt 0.658613 0.029676
vt 0.652455 0.029889
vt 0.652455 0.001971
vt 0.658648 0.002287
vt 0.609438 0.092282
vt 0.572663 0.092284
vt 0.572661 0.062585
vt 0.609436 0.062583
vt 0.609442 0.151680
vt 0.572667 0.151682
vt 0.572665 0.121983
vt 0.609440 0.121981
vt 0.609446 0.211078
vt 0.572670 0.211080
vt 0.572669 0.181381
vt 0.609444 0.181379
vt 0.609448 0.270476
vt 0.572673 0.270477
vt 0.572672 0.240778
vt 0.609447 0.240777
vt 0.658965 0.253676
vt 0.652455 0.253233
vt 0.652455 0.225315
vt 0.658956 0.225848
vt 0.609450 0.329874
vt 0.572675 0.329875
vt 0.572674 0.300176
vt 0.609449 0.300175
vt 0.609452 0.389272
vt 0.572677 0.389272
vt 0.572676 0.359574
vt 0.609451 0.359573
vt 0.609452 0.448670
vt 0.572677 0.448670
vt 0.572677 0.418971
vt 0.609452 0.418971
vt 0.244726 0.842692
vt 0.244726 0.871656
vt 0.238786 0.871656
vt 0.238786 0.842692
vt 0.244726 0.813727
vt 0.238786 0.813727
vt 0.244726 0.553047
vt 0.244726 0.582011
vt 0.238786 0.582011
vt 0.238786 0.553047
vt 0.764828 0.810060
vt 0.730116 0.838508
vt 0.059606 0.466153
vt 0.048691 0.466153
vt 0.082135 0.466153
vt 0.070568 0.466153
vt 0.941569 0.320250
vt 0.941570 0.346664
vt 0.936215 0.346664
vt 0.936215 0.320250
vt 0.679642 0.448661
vt 0.674986 0.448669
vt 0.674987 0.421180
vt 0.679642 0.421016
vt 0.616710 0.466033
vt 0.616709 0.437347
vt 0.621204 0.437334
vt 0.621210 0.466040
vt 0.244726 0.610976
vt 0.238786 0.610976
vt 0.652455 0.309069
vt 0.679642 0.310438
vt 0.616709 0.322605
vt 0.244726 0.524082
vt 0.238786 0.524082
vt 0.645403 0.408089
vt 0.637076 0.415780
vt 0.636110 0.411984
vt 0.616709 0.293920
vt 0.621897 0.289435
vt 0.624808 0.292257
vt 0.244726 0.697869
vt 0.244726 0.726834
vt 0.238786 0.726834
vt 0.238786 0.697868
vt 0.832030 0.917602
vt 0.832030 0.912263
vt 0.674950 0.199395
vt 0.679642 0.199859
vt 0.616710 0.207863
vt 0.621245 0.207183
vt 0.244726 0.668905
vt 0.238786 0.668905
vt 0.652455 0.085725
vt 0.679642 0.089280
vt 0.616709 0.093121
vt 0.473707 0.929586
vt 0.490432 0.929586
vt 0.428306 0.929586
vt 0.444759 0.929586
vt 0.397318 0.929586
vt 0.412120 0.929586
vt 0.645403 0.639865
vt 0.637137 0.646883
vt 0.636075 0.643112
vt 0.636144 0.751197
vt 0.637014 0.747366
vt 0.632401 0.871872
vt 0.636109 0.520080
vt 0.637076 0.516284
vt 0.645403 0.523977
vt 0.002779 0.001963
vt 0.041086 0.001963
vt 0.616709 0.752888
vt 0.622047 0.749373
vt 0.625141 0.752504
vt 0.941570 0.184488
vt 0.941570 0.212787
vt 0.936217 0.212787
vt 0.936218 0.184488
vt 0.658955 0.448654
vt 0.652455 0.448659
vt 0.652455 0.420741
vt 0.658937 0.420665
vt 0.609452 0.478369
vt 0.572677 0.478369
vt 0.637317 0.466026
vt 0.637339 0.437139
vt 0.645403 0.437061
vt 0.645403 0.466033
vt 0.633449 0.178220
vt 0.629521 0.178026
vt 0.915749 0.889531
vt 0.913084 0.884545
vt 0.635667 0.056647
vt 0.637119 0.052506
vt 0.645403 0.060424
vt 0.633282 0.409222
vt 0.699946 0.917602
vt 0.699946 0.912263
vt 0.652455 0.197397
vt 0.658903 0.197991
vt 0.637376 0.206088
vt 0.645403 0.205285
vt 0.694393 0.257941
vt 0.694680 0.264980
vt 0.687694 0.265224
vt 0.687410 0.258267
vt 0.087516 0.947334
vt 0.087516 0.955265
vt 0.077689 0.955265
vt 0.077689 0.947334
vt 0.097342 0.947334
vt 0.097342 0.955265
vt 0.107168 0.947334
vt 0.107169 0.955265
vt 0.116995 0.947334
vt 0.126822 0.947334
vt 0.126821 0.955265
vt 0.116995 0.955265
vt 0.146474 0.955265
vt 0.136648 0.955265
vt 0.136648 0.947334
vt 0.146474 0.947334
vt 0.067863 0.947334
vt 0.067863 0.955265
vt 0.058036 0.939140
vt 0.067863 0.939140
vt 0.048210 0.939140
vt 0.116995 0.939140
vt 0.126821 0.939140
vt 0.087516 0.939140
vt 0.097342 0.939140
vt 0.185780 0.947334
vt 0.175954 0.947334
vt 0.175954 0.939140
vt 0.185780 0.939140
vt 0.077689 0.939140
vt 0.107169 0.939140
vt 0.694024 0.250906
vt 0.687046 0.251312
vt 0.693573 0.243875
vt 0.686600 0.244363
vt 0.693040 0.236850
vt 0.686073 0.237419
vt 0.695008 0.279066
vt 0.695050 0.286111
vt 0.688059 0.286111
vt 0.688018 0.279147
vt 0.692426 0.229832
vt 0.685466 0.230482
vt 0.694885 0.272022
vt 0.687897 0.272185
vt 0.687694 0.306997
vt 0.687897 0.300037
vt 0.694885 0.300199
vt 0.694680 0.307241
vt 0.244726 0.639940
vt 0.238786 0.639940
vt 0.244726 0.900621
vt 0.238786 0.900621
vt 0.244726 0.929586
vt 0.238786 0.929586
vt 0.249540 0.871656
vt 0.249540 0.900621
vt 0.232845 0.900621
vt 0.232845 0.871656
vt 0.228032 0.900621
vt 0.228032 0.871656
vt 0.249540 0.813727
vt 0.249540 0.842692
vt 0.232845 0.842691
vt 0.232845 0.813727
vt 0.228032 0.842692
vt 0.228032 0.813727
vt 0.249540 0.755799
vt 0.249540 0.784763
vt 0.232845 0.784763
vt 0.232845 0.755799
vt 0.228032 0.784763
vt 0.228032 0.755799
vt 0.249540 0.697869
vt 0.249540 0.726834
vt 0.232845 0.726834
vt 0.232845 0.697868
vt 0.228032 0.726834
vt 0.228032 0.697868
vt 0.249540 0.639940
vt 0.249540 0.668905
vt 0.232845 0.668905
vt 0.232845 0.639941
vt 0.228032 0.668905
vt 0.228032 0.639940
vt 0.249540 0.582011
vt 0.249540 0.610976
vt 0.232845 0.610976
vt 0.232845 0.582011
vt 0.228032 0.610976
vt 0.228032 0.582011
vt 0.249540 0.524082
vt 0.249540 0.553047
vt 0.232845 0.553047
vt 0.232845 0.524082
vt 0.228032 0.553047
vt 0.228032 0.524082
vt 0.249540 0.466153
vt 0.249540 0.495118
vt 0.232845 0.495117
vt 0.232845 0.466153
vt 0.228032 0.495118
vt 0.228032 0.466153
vt 0.249540 0.929586
vt 0.232845 0.929586
vt 0.228032 0.929586
vt 0.383225 0.466153
vt 0.383225 0.495117
vt 0.094347 0.466153
vt 0.094347 0.495117
vt 0.094347 0.524082
vt 0.383225 0.524082
vt 0.383225 0.553047
vt 0.094347 0.553047
vt 0.094347 0.582011
vt 0.383225 0.582011
vt 0.383225 0.610976
vt 0.094347 0.610976
vt 0.094347 0.639940
vt 0.383225 0.639940
vt 0.383225 0.668905
vt 0.094347 0.668905
vt 0.094347 0.697868
vt 0.383225 0.697869
vt 0.383225 0.726834
vt 0.094347 0.726834
vt 0.094347 0.755799
vt 0.383225 0.755799
vt 0.383225 0.784763
vt 0.094347 0.784763
vt 0.094347 0.813727
vt 0.383225 0.813727
vt 0.383225 0.842692
vt 0.094347 0.842692
vt 0.094347 0.871656
vt 0.383225 0.871656
vt 0.383225 0.900621
vt 0.094347 0.900621
vt 0.094347 0.929586
vt 0.383225 0.929586
vt 0.459747 0.929586
vt 0.459747 0.900621
vt 0.459747 0.871656
vt 0.459747 0.842692
vt 0.473708 0.842692
vt 0.459747 0.813727
vt 0.459747 0.784763
vt 0.473707 0.784763
vt 0.473708 0.813727
vt 0.459747 0.755799
vt 0.459747 0.726834
vt 0.473708 0.755799
vt 0.459747 0.697869
vt 0.459747 0.668905
vt 0.459747 0.639941
vt 0.459747 0.610976
vt 0.473708 0.610976
vt 0.459747 0.582011
vt 0.459747 0.553047
vt 0.473708 0.553047
vt 0.473707 0.582011
vt 0.459747 0.524082
vt 0.459747 0.495117
vt 0.459747 0.466153
vt 0.816180 0.468240
vt 0.832806 0.469012
vt 0.833273 0.487584
vt 0.815613 0.487584
vt 0.832806 0.508448
vt 0.815183 0.508078
vt 0.815750 0.313276
vt 0.832806 0.313609
vt 0.832806 0.333181
vt 0.815702 0.333111
vt 0.833169 0.352519
vt 0.815567 0.352519
vt 0.832806 0.372178
vt 0.815614 0.372512
vt 0.832806 0.410882
vt 0.847056 0.410853
vt 0.846278 0.430211
vt 0.832806 0.430307
vt 0.847641 0.450409
vt 0.832806 0.449733
vt 0.847979 0.468258
vt 0.848036 0.372277
vt 0.847824 0.390719
vt 0.832806 0.391457
vt 0.890719 0.464565
vt 0.899358 0.487584
vt 0.899334 0.507468
vt 0.832806 0.255479
vt 0.899504 0.255479
vt 0.899452 0.274743
vt 0.832806 0.274905
vt 0.899401 0.294024
vt 0.832806 0.294330
vt 0.899314 0.313346
vt 0.899160 0.332775
vt 0.898935 0.352519
vt 0.890212 0.374368
vt 0.809750 0.120814
vt 0.808757 0.120814
vt 0.808757 0.101704
vt 0.809750 0.101704
vt 0.809750 0.137703
vt 0.808757 0.137703
vt 0.809750 0.158071
vt 0.808757 0.158071
vt 0.809750 0.182680
vt 0.808757 0.182680
vt 0.809750 0.207303
vt 0.808757 0.207303
vt 0.809750 0.226735
vt 0.808757 0.226735
vt 0.809750 0.246173
vt 0.808757 0.246173
vt 0.809750 0.265607
vt 0.808758 0.265607
vt 0.809750 0.026862
vt 0.808757 0.026862
vt 0.808757 0.002223
vt 0.809750 0.002223
vt 0.809750 0.047246
vt 0.808757 0.047246
vt 0.809750 0.063537
vt 0.808757 0.063537
vt 0.809750 0.082655
vt 0.808757 0.082655
vt 0.807708 0.120814
vt 0.807722 0.101704
vt 0.807722 0.137703
vt 0.807722 0.158071
vt 0.807722 0.182680
vt 0.807722 0.207303
vt 0.807722 0.226735
vt 0.807722 0.246173
vt 0.807722 0.265607
vt 0.806666 0.047246
vt 0.806666 0.026862
vt 0.806666 0.063537
vt 0.806666 0.082655
vt 0.806666 0.101704
vt 0.806666 0.528991
vt 0.806666 0.504352
vt 0.808758 0.504353
vt 0.808757 0.528991
vt 0.900553 0.391901
vt 0.917602 0.390611
vt 0.917602 0.409929
vt 0.903341 0.410097
vt 0.917602 0.429271
vt 0.903291 0.428746
vt 0.892759 0.377202
vt 0.917602 0.371331
vt 0.917446 0.352519
vt 0.917602 0.332749
vt 0.917602 0.313427
vt 0.917602 0.294106
vt 0.917602 0.274791
vt 0.917602 0.255479
vt 0.917596 0.487584
vt 0.917602 0.507149
vt 0.917602 0.467947
vt 0.894223 0.460416
vt 0.892637 0.462889
vt 0.917602 0.448619
vt 0.900169 0.446985
vt 0.891576 0.375302
vt 0.901557 0.429026
vt 0.899364 0.429233
vt 0.899543 0.411512
vt 0.901680 0.410776
vt 0.892557 0.460043
vt 0.889995 0.458964
vt 0.895852 0.446434
vt 0.898216 0.446808
vt 0.898662 0.392938
vt 0.896426 0.394176
vt 0.889045 0.381711
vt 0.891177 0.378429
vt 0.663750 0.436678
vt 0.663750 0.436678
vt 0.663867 0.455774
vt 0.664619 0.436003
vt 0.664785 0.455413
vt 0.665641 0.417196
vt 0.665641 0.417196
vt 0.666461 0.416240
vt 0.972032 0.138451
vt 0.972034 0.138448
vt 0.971677 0.141417
vt 0.668323 0.402832
vt 0.669185 0.401935
vt 0.665771 0.474766
vt 0.666738 0.474702
vt 0.668399 0.489616
vt 0.669405 0.489533
vt 0.666370 0.435888
vt 0.666498 0.455203
vt 0.897054 0.429482
vt 0.897214 0.412286
vt 0.668432 0.474395
vt 0.893845 0.395530
vt 0.671082 0.489183
vt 0.887338 0.385328
vt 0.668276 0.416269
vt 0.888422 0.455507
vt 0.893517 0.446081
vt 0.671082 0.402086
vt 0.687191 0.047038
vt 0.687200 0.024866
vt 0.707258 0.024866
vt 0.707258 0.047048
vt 0.687221 0.002482
vt 0.707259 0.002467
vt 0.687195 0.225373
vt 0.687189 0.203083
vt 0.707259 0.203080
vt 0.707258 0.225370
vt 0.687194 0.180777
vt 0.707259 0.180789
vt 0.687218 0.158496
vt 0.707259 0.158499
vt 0.707259 0.113919
vt 0.707259 0.091628
vt 0.717327 0.090622
vt 0.719414 0.112418
vt 0.707259 0.069338
vt 0.721647 0.071438
vt 0.721468 0.048522
vt 0.722041 0.156603
vt 0.707259 0.136209
vt 0.722025 0.133958
vt 0.766495 0.024866
vt 0.759443 0.051379
vt 0.765643 0.002467
vt 0.707259 0.292240
vt 0.707259 0.269950
vt 0.768032 0.269671
vt 0.768164 0.292240
vt 0.707259 0.247660
vt 0.767928 0.246930
vt 0.767878 0.224013
vt 0.767974 0.200797
vt 0.768484 0.176940
vt 0.760928 0.152711
vt 0.787836 0.132527
vt 0.787836 0.111325
vt 0.789610 0.111705
vt 0.789610 0.133213
vt 0.791440 0.112370
vt 0.791440 0.134159
vt 0.787836 0.155364
vt 0.789610 0.155936
vt 0.791440 0.156742
vt 0.787836 0.177815
vt 0.789610 0.178376
vt 0.791440 0.179180
vt 0.787836 0.200707
vt 0.789610 0.201152
vt 0.791440 0.201799
vt 0.787836 0.223693
vt 0.789610 0.224002
vt 0.791440 0.224463
vt 0.787836 0.246612
vt 0.789610 0.246802
vt 0.791440 0.247092
vt 0.787836 0.269458
vt 0.789610 0.269547
vt 0.791440 0.269684
vt 0.787836 0.292241
vt 0.789610 0.292241
vt 0.791440 0.292241
vt 0.787836 0.024866
vt 0.787836 0.002468
vt 0.789610 0.002468
vt 0.789610 0.024866
vt 0.791440 0.002468
vt 0.791440 0.024866
vt 0.787836 0.046985
vt 0.789610 0.046801
vt 0.791440 0.046878
vt 0.787836 0.069100
vt 0.789610 0.068932
vt 0.791440 0.069024
vt 0.787836 0.090635
vt 0.789610 0.090612
vt 0.791440 0.090881
vt 0.794365 0.113295
vt 0.794365 0.135339
vt 0.796650 0.113919
vt 0.796650 0.136209
vt 0.794365 0.157754
vt 0.796650 0.158499
vt 0.794365 0.180101
vt 0.796650 0.180790
vt 0.794365 0.202533
vt 0.796650 0.203080
vt 0.794365 0.224986
vt 0.796650 0.225370
vt 0.794365 0.247422
vt 0.796650 0.247660
vt 0.794365 0.269840
vt 0.796650 0.269950
vt 0.794365 0.292241
vt 0.796650 0.292240
vt 0.794105 0.002421
vt 0.794365 0.024866
vt 0.797275 0.002461
vt 0.796650 0.024866
vt 0.794365 0.047091
vt 0.796650 0.047048
vt 0.794365 0.069320
vt 0.796650 0.069338
vt 0.794365 0.091396
vt 0.796650 0.091629
vt 0.771861 0.130817
vt 0.775574 0.111498
vt 0.774751 0.092448
vt 0.762355 0.146121
vt 0.760527 0.060957
vt 0.759941 0.056656
vt 0.769428 0.075284
vt 0.801143 0.113890
vt 0.801142 0.136178
vt 0.801145 0.091595
vt 0.801143 0.158466
vt 0.801146 0.180759
vt 0.801147 0.203056
vt 0.801148 0.225353
vt 0.801149 0.247652
vt 0.801147 0.269955
vt 0.801100 0.292240
vt 0.801190 0.002420
vt 0.801187 0.024866
vt 0.801143 0.047032
vt 0.801145 0.069305
vt 0.762364 0.149554
vt 0.772334 0.092969
vt 0.773163 0.110695
vt 0.770735 0.109921
vt 0.769905 0.093540
vt 0.756805 0.063492
vt 0.767065 0.076969
vt 0.765026 0.078929
vt 0.755009 0.069367
vt 0.769345 0.128766
vt 0.758636 0.143828
vt 0.756601 0.137834
vt 0.767210 0.126620
vt 0.767162 0.094123
vt 0.767980 0.109101
vt 0.766507 0.108551
vt 0.765692 0.094693
vt 0.765105 0.108054
vt 0.764288 0.095311
vt 0.762690 0.081318
vt 0.761519 0.083269
vt 0.760457 0.085228
vt 0.754362 0.075263
vt 0.755265 0.079400
vt 0.757014 0.083932
vt 0.764845 0.124191
vt 0.763634 0.122210
vt 0.762586 0.120322
vt 0.755511 0.131784
vt 0.756119 0.127636
vt 0.757466 0.122919
vt 0.763887 0.107659
vt 0.763071 0.095953
vt 0.761515 0.118406
vt 0.757739 0.121567
vt 0.759567 0.086739
vt 0.757943 0.085867
vt 0.633381 0.670970
vt 0.633419 0.688199
vt 0.628909 0.688202
vt 0.628909 0.669775
vt 0.645633 0.954084
vt 0.645662 0.936855
vt 0.650133 0.935658
vt 0.650144 0.954084
vt 0.909372 0.547822
vt 0.892159 0.547112
vt 0.892345 0.542624
vt 0.910755 0.543405
vt 0.638079 0.995640
vt 0.638108 0.978410
vt 0.642580 0.977213
vt 0.642590 0.995640
vt 0.690652 0.469957
vt 0.690652 0.489549
vt 0.686161 0.489991
vt 0.686161 0.469515
vt 0.694474 0.508764
vt 0.690155 0.510074
vt 0.701897 0.526736
vt 0.697991 0.528991
vt 0.856149 0.579000
vt 0.836652 0.580921
vt 0.835771 0.576494
vt 0.856149 0.574487
vt 0.817904 0.586608
vt 0.816177 0.582438
vt 0.800747 0.595757
vt 0.798119 0.592090
vt 0.701897 0.432771
vt 0.694474 0.450742
vt 0.690155 0.449432
vt 0.697991 0.430515
vt 0.628501 0.049604
vt 0.628894 0.008041
vt 0.633420 0.008312
vt 0.633012 0.049646
vt 0.827747 0.544466
vt 0.828319 0.539995
vt 0.953508 0.156352
vt 0.953525 0.114699
vt 0.958036 0.114699
vt 0.958036 0.156036
vt 0.864465 0.555409
vt 0.844874 0.555409
vt 0.844431 0.550918
vt 0.864908 0.550918
vt 0.883680 0.559231
vt 0.884990 0.554913
vt 0.901650 0.566654
vt 0.903907 0.562748
vt 0.825659 0.559231
vt 0.807692 0.566652
vt 0.805432 0.562748
vt 0.824349 0.554912
vt 0.628741 0.006004
vt 0.633227 0.005786
vt 0.929586 0.089109
vt 0.929586 0.105719
vt 0.924635 0.105719
vt 0.924635 0.089109
vt 0.929586 0.120400
vt 0.924635 0.120400
vt 0.929586 0.138104
vt 0.924635 0.138104
vt 0.929586 0.159494
vt 0.924635 0.159494
vt 0.929586 0.180897
vt 0.924635 0.180897
vt 0.929586 0.197788
vt 0.924635 0.197788
vt 0.929586 0.214684
vt 0.924635 0.214684
vt 0.929586 0.231576
vt 0.924635 0.231576
vt 0.929586 0.002639
vt 0.929586 0.024055
vt 0.924635 0.024055
vt 0.924635 0.002639
vt 0.929586 0.041774
vt 0.924635 0.041774
vt 0.929586 0.055933
vt 0.924635 0.055933
vt 0.929586 0.072551
vt 0.924635 0.072551
vt 0.810287 0.540670
vt 0.806967 0.537694
vt 0.809617 0.535916
vt 0.809987 0.542747
vt 0.806450 0.545312
vt 0.805639 0.540872
vt 0.812252 0.544279
vt 0.808567 0.547822
vt 0.815380 0.548531
vt 0.871321 0.428136
vt 0.871433 0.425069
vt 0.875925 0.425030
vt 0.875939 0.427983
vt 0.973384 0.143497
vt 0.974385 0.145065
vt 0.971662 0.148797
vt 0.969421 0.145682
vt 0.716346 0.951879
vt 0.713740 0.950968
vt 0.714660 0.946535
vt 0.718497 0.947868
vt 0.724817 0.484208
vt 0.724929 0.464876
vt 0.729415 0.465420
vt 0.729313 0.483750
vt 0.729293 0.445926
vt 0.733546 0.447459
vt 0.735523 0.433153
vt 0.739560 0.435121
vt 0.728957 0.503211
vt 0.733238 0.501758
vt 0.735502 0.517007
vt 0.739560 0.515082
vt 0.967481 0.137935
vt 0.968221 0.135279
vt 0.972646 0.137369
vt 0.970339 0.133434
vt 0.710615 0.950703
vt 0.710612 0.950703
vt 0.707396 0.946930
vt 0.710165 0.946163
vt 0.709734 0.951272
vt 0.705667 0.949197
vt 0.709226 0.952974
vt 0.704923 0.951689
vt 0.972339 0.141128
vt 0.967904 0.142159
vt 0.974385 0.136682
vt 0.972762 0.132495
vt 0.628501 0.003533
vt 0.633125 0.003398
vt 0.871438 0.422563
vt 0.875939 0.421985
vt 0.717849 0.952828
vt 0.721728 0.950310
vt 0.616709 0.666832
vt 0.621165 0.667472
vt 0.621208 0.696212
vt 0.616710 0.695517
vt 0.616709 0.896317
vt 0.620835 0.896279
vt 0.620813 0.925211
vt 0.616709 0.925002
vt 0.616709 0.781574
vt 0.645403 0.813698
vt 0.616709 0.810260
vt 0.616709 0.552089
vt 0.645403 0.581921
vt 0.616709 0.580775
vt 0.645403 0.176312
vt 0.636144 0.180869
vt 0.679642 0.642174
vt 0.679642 0.669819
vt 0.674982 0.670299
vt 0.675026 0.642605
vt 0.679642 0.863332
vt 0.679642 0.890977
vt 0.675363 0.891192
vt 0.675342 0.863114
vt 0.679642 0.752753
vt 0.679642 0.780397
vt 0.652455 0.783675
vt 0.652455 0.755757
vt 0.679642 0.531595
vt 0.679642 0.559240
vt 0.652455 0.560331
vt 0.652455 0.532413
vt 0.796049 0.600548
vt 0.797690 0.605959
vt 0.857071 0.594538
vt 0.856517 0.600165
vt 0.826819 0.600165
vt 0.826264 0.594538
vt 0.915749 0.612338
vt 0.913084 0.617324
vt 0.885645 0.605959
vt 0.887287 0.600548
vt 0.963148 0.651238
vt 0.958778 0.654825
vt 0.937778 0.633824
vt 0.941365 0.629453
vt 0.992054 0.705315
vt 0.986643 0.706957
vt 0.975277 0.679518
vt 0.980265 0.676853
vt 0.998064 0.766338
vt 0.992437 0.765784
vt 0.992437 0.736085
vt 0.998064 0.735531
vt 0.980264 0.825016
vt 0.975278 0.822351
vt 0.986643 0.794912
vt 0.992054 0.796553
vt 0.941365 0.872415
vt 0.937778 0.868045
vt 0.958779 0.847044
vt 0.963148 0.850631
vt 0.633114 0.640226
vt 0.831707 0.931298
vt 0.831707 0.925951
vt 0.858130 0.925951
vt 0.858130 0.931298
vt 0.645403 0.610893
vt 0.941570 0.081254
vt 0.936217 0.081254
vt 0.700254 0.931298
vt 0.700254 0.925951
vt 0.728549 0.925951
vt 0.728549 0.931298
vt 0.621898 0.642631
vt 0.620927 0.646759
vt 0.616709 0.638146
vt 0.941570 0.478170
vt 0.936215 0.478170
vt 0.397318 0.437189
vt 0.412120 0.437189
vt 0.428306 0.437189
vt 0.444759 0.437189
vt 0.473708 0.437189
vt 0.490432 0.437189
vt 0.397318 0.379260
vt 0.412120 0.379260
vt 0.412120 0.408224
vt 0.397318 0.408224
vt 0.428306 0.379260
vt 0.444759 0.379260
vt 0.444759 0.408224
vt 0.428306 0.408224
vt 0.477901 0.379260
vt 0.490432 0.379260
vt 0.490432 0.408224
vt 0.473708 0.408224
vt 0.397318 0.321330
vt 0.412120 0.321330
vt 0.412120 0.350295
vt 0.397318 0.350295
vt 0.428306 0.321330
vt 0.444759 0.321330
vt 0.444759 0.350295
vt 0.428306 0.350295
vt 0.477901 0.321330
vt 0.490432 0.321330
vt 0.490432 0.350295
vt 0.477901 0.350295
vt 0.397318 0.263402
vt 0.412120 0.263401
vt 0.412120 0.292366
vt 0.397318 0.292366
vt 0.428306 0.263402
vt 0.444759 0.263402
vt 0.444759 0.292366
vt 0.428306 0.292366
vt 0.473708 0.263402
vt 0.490432 0.263402
vt 0.490432 0.292366
vt 0.473708 0.292366
vt 0.397318 0.205472
vt 0.412120 0.205472
vt 0.412120 0.234436
vt 0.397318 0.234436
vt 0.428306 0.205472
vt 0.444759 0.205472
vt 0.444759 0.234436
vt 0.428306 0.234436
vt 0.473708 0.205472
vt 0.490432 0.205472
vt 0.490432 0.234437
vt 0.473708 0.234436
vt 0.397318 0.147543
vt 0.412120 0.147543
vt 0.412120 0.176508
vt 0.397318 0.176508
vt 0.428306 0.147543
vt 0.444759 0.147543
vt 0.444759 0.176508
vt 0.428306 0.176508
vt 0.477901 0.147543
vt 0.490432 0.147543
vt 0.490432 0.176508
vt 0.477901 0.176508
vt 0.397318 0.089614
vt 0.412120 0.089614
vt 0.412120 0.118578
vt 0.397318 0.118578
vt 0.428306 0.089614
vt 0.444759 0.089614
vt 0.444759 0.118578
vt 0.428306 0.118578
vt 0.477901 0.089614
vt 0.490432 0.089614
vt 0.490432 0.118579
vt 0.477901 0.118579
vt 0.397318 0.031685
vt 0.412120 0.031685
vt 0.412120 0.060649
vt 0.397318 0.060649
vt 0.428306 0.031685
vt 0.444760 0.031685
vt 0.444759 0.060649
vt 0.428306 0.060649
vt 0.473708 0.031685
vt 0.490432 0.031685
vt 0.490432 0.060649
vt 0.473708 0.060649
vt 0.205433 0.947334
vt 0.205433 0.955265
vt 0.195607 0.955265
vt 0.195607 0.947334
vt 0.082135 0.437189
vt 0.070568 0.437189
vt 0.070568 0.408224
vt 0.082135 0.408224
vt 0.059605 0.437189
vt 0.048691 0.437189
vt 0.048691 0.408224
vt 0.059605 0.408224
vt 0.749813 0.858276
vt 0.778376 0.823563
vt 0.794272 0.834229
vt 0.773013 0.873803
vt 0.808384 0.787101
vt 0.816614 0.792610
vt 0.082135 0.379260
vt 0.070568 0.379260
vt 0.070568 0.350295
vt 0.082135 0.350295
vt 0.059606 0.379260
vt 0.048691 0.379260
vt 0.048691 0.350295
vt 0.059605 0.350295
vt 0.798771 0.884559
vt 0.811953 0.841564
vt 0.830728 0.845326
vt 0.826159 0.890105
vt 0.825764 0.796401
vt 0.835474 0.798339
vt 0.082135 0.321330
vt 0.070568 0.321330
vt 0.070568 0.292366
vt 0.082135 0.292366
vt 0.059605 0.321330
vt 0.048691 0.321330
vt 0.048691 0.292366
vt 0.059605 0.292366
vt 0.854128 0.890211
vt 0.849882 0.845364
vt 0.868685 0.841665
vt 0.881607 0.884860
vt 0.845375 0.798347
vt 0.855085 0.796418
vt 0.082135 0.263401
vt 0.070568 0.263402
vt 0.070568 0.234436
vt 0.082135 0.234436
vt 0.059606 0.263401
vt 0.048691 0.263401
vt 0.048691 0.234437
vt 0.059606 0.234437
vt 0.907541 0.874242
vt 0.886413 0.834365
vt 0.902380 0.823736
vt 0.930929 0.858747
vt 0.864233 0.792638
vt 0.872467 0.787147
vt 0.082135 0.205472
vt 0.070568 0.205472
vt 0.070568 0.176508
vt 0.082135 0.176508
vt 0.059605 0.205472
vt 0.048691 0.205472
vt 0.048691 0.176508
vt 0.059605 0.176508
vt 0.950806 0.838934
vt 0.915983 0.810223
vt 0.926648 0.794282
vt 0.966410 0.815626
vt 0.879473 0.780150
vt 0.884982 0.771916
vt 0.082135 0.147543
vt 0.070568 0.147543
vt 0.070568 0.118578
vt 0.082135 0.118579
vt 0.059605 0.147543
vt 0.048691 0.147543
vt 0.048691 0.118579
vt 0.059605 0.118578
vt 0.977157 0.789727
vt 0.933996 0.776565
vt 0.937743 0.757753
vt 0.982641 0.762234
vt 0.888770 0.762763
vt 0.890704 0.753050
vt 0.082135 0.089614
vt 0.070568 0.089614
vt 0.070568 0.060649
vt 0.082135 0.060649
vt 0.059605 0.089614
vt 0.048691 0.089614
vt 0.048691 0.060649
vt 0.059605 0.060649
vt 0.982656 0.734203
vt 0.937745 0.738574
vt 0.933999 0.719763
vt 0.977203 0.706704
vt 0.890705 0.743148
vt 0.888768 0.733437
vt 0.082135 0.031685
vt 0.070568 0.031685
vt 0.070568 0.002721
vt 0.082135 0.002721
vt 0.059605 0.031685
vt 0.048691 0.031685
vt 0.048691 0.002721
vt 0.059606 0.002721
vt 0.966487 0.680790
vt 0.926647 0.702048
vt 0.884980 0.724292
vt 0.244726 0.176508
vt 0.238786 0.176508
vt 0.238786 0.147543
vt 0.244726 0.147543
vt 0.238786 0.437189
vt 0.244726 0.437189
vt 0.637692 0.900702
vt 0.645403 0.900614
vt 0.645403 0.929586
vt 0.637657 0.929187
vt 0.002779 0.956985
vt 0.002779 0.926178
vt 0.041086 0.926178
vt 0.041086 0.956985
vt 0.645403 0.842670
vt 0.002779 0.895371
vt 0.002779 0.864563
vt 0.041086 0.864563
vt 0.041086 0.895371
vt 0.002779 0.833756
vt 0.002779 0.802949
vt 0.041086 0.802949
vt 0.041086 0.833756
vt 0.002779 0.772142
vt 0.002779 0.741335
vt 0.041086 0.741335
vt 0.041086 0.772142
vt 0.637303 0.668202
vt 0.645403 0.668838
vt 0.645403 0.697809
vt 0.637316 0.697070
vt 0.002779 0.710527
vt 0.002779 0.679720
vt 0.041086 0.679720
vt 0.041087 0.710527
vt 0.616710 0.523404
vt 0.620907 0.515336
vt 0.621968 0.519397
vt 0.002779 0.648913
vt 0.002779 0.618106
vt 0.041087 0.618106
vt 0.041087 0.648913
vt 0.002779 0.587299
vt 0.002779 0.556491
vt 0.041086 0.556491
vt 0.041086 0.587299
vt 0.002779 0.525684
vt 0.041086 0.525684
vt 0.609433 0.923855
vt 0.609431 0.953553
vt 0.572656 0.953550
vt 0.572658 0.923851
vt 0.658613 0.867642
vt 0.658648 0.895031
vt 0.652455 0.895347
vt 0.652455 0.867429
vt 0.609438 0.864456
vt 0.609436 0.894155
vt 0.572661 0.894152
vt 0.572663 0.864453
vt 0.620927 0.285308
vt 0.609442 0.805058
vt 0.609440 0.834757
vt 0.572665 0.834754
vt 0.572667 0.805056
vt 0.609445 0.745660
vt 0.609444 0.775359
vt 0.572669 0.775357
vt 0.572670 0.745658
vt 0.609448 0.686262
vt 0.609447 0.715961
vt 0.572672 0.715959
vt 0.572673 0.686261
vt 0.658965 0.643643
vt 0.658956 0.671471
vt 0.652455 0.672003
vt 0.652455 0.644085
vt 0.609450 0.626864
vt 0.609449 0.656563
vt 0.572674 0.656562
vt 0.572675 0.626863
vt 0.624973 0.522379
vt 0.609451 0.567466
vt 0.609451 0.597165
vt 0.572676 0.597164
vt 0.572677 0.567465
vt 0.609452 0.508068
vt 0.609452 0.537767
vt 0.572677 0.537767
vt 0.572677 0.508068
vt 0.244726 0.089614
vt 0.238786 0.089614
vt 0.238786 0.060649
vt 0.244726 0.060649
vt 0.238786 0.118578
vt 0.244727 0.118578
vt 0.244727 0.379260
vt 0.238786 0.379260
vt 0.238786 0.350295
vt 0.244726 0.350295
vt 0.936215 0.293836
vt 0.941570 0.293836
vt 0.679642 0.476306
vt 0.674994 0.476153
vt 0.621203 0.494743
vt 0.616709 0.494718
vt 0.625141 0.179562
vt 0.616709 0.179177
vt 0.238786 0.321330
vt 0.244726 0.321330
vt 0.679642 0.586885
vt 0.652455 0.588249
vt 0.238786 0.408224
vt 0.244726 0.408224
vt 0.637014 0.184700
vt 0.244726 0.234436
vt 0.238786 0.234436
vt 0.238786 0.205472
vt 0.244726 0.205472
vt 0.884553 0.925951
vt 0.884553 0.931298
vt 0.679642 0.697464
vt 0.674950 0.697926
vt 0.621245 0.724883
vt 0.616709 0.724203
vt 0.244726 0.263402
vt 0.238786 0.263401
vt 0.679642 0.808042
vt 0.652455 0.811593
vt 0.473708 0.002721
vt 0.490432 0.002721
vt 0.428306 0.002721
vt 0.444759 0.002721
vt 0.397318 0.002721
vt 0.412120 0.002721
vt 0.002779 0.987792
vt 0.041086 0.987792
vt 0.936218 0.156190
vt 0.941570 0.156190
vt 0.658936 0.476644
vt 0.652455 0.476577
vt 0.645403 0.495005
vt 0.637339 0.494914
vt 0.620901 0.745390
vt 0.636074 0.288955
vt 0.637136 0.285184
vt 0.756843 0.925951
vt 0.756843 0.931298
vt 0.658903 0.699328
vt 0.652455 0.699921
vt 0.645403 0.726782
vt 0.637376 0.725978
vt 0.629078 0.408535
vt 0.687410 0.313955
vt 0.694393 0.314280
vt 0.175954 0.955265
vt 0.166127 0.955265
vt 0.166127 0.947334
vt 0.156301 0.955265
vt 0.156301 0.947334
vt 0.185780 0.955265
vt 0.195607 0.939140
vt 0.205433 0.939140
vt 0.136648 0.939140
vt 0.166127 0.939140
vt 0.156301 0.939140
vt 0.146474 0.939140
vt 0.687046 0.320909
vt 0.694024 0.321316
vt 0.686600 0.327858
vt 0.693574 0.328346
vt 0.686073 0.334802
vt 0.693041 0.335371
vt 0.695008 0.293155
vt 0.688018 0.293074
vt 0.685466 0.341739
vt 0.692426 0.342389
vt 0.238786 0.292366
vt 0.244726 0.292366
vt 0.238786 0.031685
vt 0.244726 0.031685
vt 0.238786 0.002721
vt 0.244726 0.002721
vt 0.249540 0.060649
vt 0.249540 0.031685
vt 0.232845 0.060649
vt 0.232845 0.031685
vt 0.228032 0.060649
vt 0.228032 0.031685
vt 0.249540 0.118578
vt 0.249540 0.089614
vt 0.232845 0.118579
vt 0.232845 0.089614
vt 0.228032 0.118578
vt 0.228032 0.089614
vt 0.249540 0.176508
vt 0.249540 0.147543
vt 0.232845 0.176508
vt 0.232845 0.147543
vt 0.228032 0.176508
vt 0.228032 0.147543
vt 0.249540 0.234436
vt 0.249540 0.205472
vt 0.232845 0.234437
vt 0.232845 0.205472
vt 0.228032 0.234436
vt 0.228032 0.205472
vt 0.249540 0.292366
vt 0.249540 0.263401
vt 0.232845 0.292366
vt 0.232845 0.263402
vt 0.228032 0.292366
vt 0.228032 0.263401
vt 0.249540 0.350295
vt 0.249540 0.321330
vt 0.232845 0.350295
vt 0.232845 0.321330
vt 0.228032 0.350295
vt 0.228032 0.321330
vt 0.249540 0.408224
vt 0.249540 0.379260
vt 0.232845 0.408224
vt 0.232845 0.379260
vt 0.228032 0.408224
vt 0.228032 0.379260
vt 0.249540 0.437189
vt 0.232845 0.437189
vt 0.228032 0.437189
vt 0.249540 0.002721
vt 0.232845 0.002721
vt 0.228032 0.002721
vt 0.383225 0.437189
vt 0.094347 0.437189
vt 0.094347 0.408224
vt 0.383225 0.379260
vt 0.383225 0.408224
vt 0.094347 0.379260
vt 0.094347 0.350295
vt 0.383225 0.321330
vt 0.383225 0.350295
vt 0.094347 0.321330
vt 0.094347 0.292366
vt 0.383225 0.263402
vt 0.383225 0.292366
vt 0.094347 0.263402
vt 0.094347 0.234436
vt 0.383225 0.205472
vt 0.383225 0.234436
vt 0.094347 0.205472
vt 0.094347 0.176508
vt 0.383225 0.147543
vt 0.383225 0.176508
vt 0.094347 0.147543
vt 0.094347 0.118578
vt 0.383225 0.089614
vt 0.383225 0.118578
vt 0.094347 0.089614
vt 0.094347 0.060649
vt 0.383225 0.031685
vt 0.383225 0.060649
vt 0.094347 0.031685
vt 0.094347 0.002721
vt 0.383225 0.002721
vt 0.459747 0.002721
vt 0.459747 0.031685
vt 0.459747 0.060649
vt 0.473708 0.089614
vt 0.459747 0.089614
vt 0.459747 0.118579
vt 0.473708 0.118579
vt 0.473708 0.147543
vt 0.459747 0.147543
vt 0.459747 0.176508
vt 0.473708 0.176508
vt 0.459747 0.205472
vt 0.459747 0.234437
vt 0.459747 0.263402
vt 0.459747 0.292366
vt 0.473708 0.321330
vt 0.459747 0.321330
vt 0.459747 0.350295
vt 0.473708 0.350295
vt 0.473708 0.379260
vt 0.459747 0.379260
vt 0.459747 0.408224
vt 0.459747 0.437189
vt 0.816180 0.042718
vt 0.815613 0.023374
vt 0.833272 0.023374
vt 0.832806 0.041946
vt 0.815183 0.002881
vt 0.832806 0.002511
vt 0.815750 0.197682
vt 0.815702 0.177847
vt 0.832806 0.177778
vt 0.832806 0.197350
vt 0.815567 0.158439
vt 0.833169 0.158439
vt 0.815614 0.138446
vt 0.832806 0.138781
vt 0.832806 0.100076
vt 0.832806 0.080651
vt 0.846278 0.080748
vt 0.847056 0.100105
vt 0.832806 0.061226
vt 0.847641 0.060550
vt 0.847979 0.042700
vt 0.848036 0.138682
vt 0.832806 0.119501
vt 0.847824 0.120239
vt 0.899358 0.023374
vt 0.890719 0.046394
vt 0.899334 0.003491
vt 0.832806 0.236054
vt 0.899453 0.236215
vt 0.832806 0.216629
vt 0.899401 0.216935
vt 0.899314 0.197613
vt 0.899160 0.178184
vt 0.898935 0.158439
vt 0.890212 0.136591
vt 0.809750 0.410400
vt 0.809750 0.429511
vt 0.808757 0.429510
vt 0.808757 0.410400
vt 0.809750 0.393511
vt 0.808757 0.393511
vt 0.809750 0.373143
vt 0.808757 0.373143
vt 0.809750 0.348534
vt 0.808757 0.348535
vt 0.809750 0.323911
vt 0.808757 0.323911
vt 0.809750 0.304479
vt 0.808757 0.304478
vt 0.809750 0.285041
vt 0.808757 0.285041
vt 0.809750 0.504352
vt 0.809750 0.528991
vt 0.809750 0.483968
vt 0.808757 0.483968
vt 0.809750 0.467677
vt 0.808757 0.467678
vt 0.809750 0.448559
vt 0.808757 0.448559
vt 0.807722 0.410400
vt 0.807722 0.393511
vt 0.807722 0.373143
vt 0.807722 0.348535
vt 0.807722 0.323911
vt 0.807722 0.304478
vt 0.807722 0.285041
vt 0.806666 0.483968
vt 0.806666 0.467677
vt 0.806666 0.448559
vt 0.806666 0.429510
vt 0.900553 0.119057
vt 0.903341 0.100861
vt 0.917602 0.101029
vt 0.917602 0.120348
vt 0.903290 0.082213
vt 0.917602 0.081687
vt 0.892759 0.133756
vt 0.917602 0.139627
vt 0.917446 0.158439
vt 0.917602 0.178210
vt 0.917602 0.197532
vt 0.917602 0.216852
vt 0.917602 0.236167
vt 0.917602 0.003810
vt 0.917596 0.023374
vt 0.917602 0.043011
vt 0.894223 0.050542
vt 0.892637 0.048069
vt 0.900169 0.063974
vt 0.917602 0.062339
vt 0.806666 0.002223
vt 0.891576 0.135656
vt 0.901557 0.081933
vt 0.901680 0.100181
vt 0.899543 0.099446
vt 0.899364 0.081725
vt 0.892557 0.050915
vt 0.898216 0.064150
vt 0.895851 0.064525
vt 0.889995 0.051995
vt 0.898662 0.118021
vt 0.891177 0.132530
vt 0.889045 0.129247
vt 0.896426 0.116782
vt 0.897054 0.081476
vt 0.897214 0.098673
vt 0.897214 0.098673
vt 0.897054 0.081476
vt 0.663750 0.232320
vt 0.663867 0.213223
vt 0.664785 0.213584
vt 0.664618 0.232995
vt 0.893517 0.064877
vt 0.893517 0.064877
vt 0.665641 0.251802
vt 0.666460 0.252758
vt 0.888422 0.055451
vt 0.668323 0.266167
vt 0.669185 0.267063
vt 0.893845 0.115428
vt 0.893845 0.115428
vt 0.665771 0.194231
vt 0.666738 0.194296
vt 0.887338 0.125630
vt 0.668399 0.179381
vt 0.669405 0.179464
vt 0.666498 0.213795
vt 0.666369 0.233110
vt 0.668432 0.194602
vt 0.671082 0.179815
vt 0.668275 0.252730
vt 0.671082 0.266913
vt 0.687191 0.537443
vt 0.707259 0.537433
vt 0.707258 0.559723
vt 0.687200 0.559738
vt 0.707259 0.582013
vt 0.687221 0.581999
vt 0.687195 0.359108
vt 0.707259 0.359111
vt 0.707259 0.381401
vt 0.687189 0.381398
vt 0.707259 0.403692
vt 0.687194 0.403704
vt 0.707259 0.425982
vt 0.687218 0.425985
vt 0.707259 0.470562
vt 0.719414 0.472062
vt 0.717327 0.493858
vt 0.707259 0.492852
vt 0.721647 0.513042
vt 0.707259 0.515142
vt 0.721468 0.535959
vt 0.722041 0.427877
vt 0.722025 0.450522
vt 0.707259 0.448272
vt 0.759443 0.533102
vt 0.766495 0.557930
vt 0.765643 0.582013
vt 0.768032 0.314810
vt 0.707259 0.314530
vt 0.767928 0.337551
vt 0.707259 0.336821
vt 0.767878 0.360468
vt 0.767974 0.383684
vt 0.768484 0.407540
vt 0.760928 0.431770
vt 0.787836 0.451954
vt 0.789610 0.451267
vt 0.789610 0.472776
vt 0.787836 0.473156
vt 0.791440 0.450322
vt 0.791440 0.472110
vt 0.787836 0.429116
vt 0.789610 0.428545
vt 0.791440 0.427739
vt 0.787836 0.406665
vt 0.789610 0.406105
vt 0.791440 0.405301
vt 0.787836 0.383774
vt 0.789610 0.383329
vt 0.791440 0.382682
vt 0.787836 0.360787
vt 0.789610 0.360479
vt 0.791440 0.360018
vt 0.787836 0.337869
vt 0.789610 0.337679
vt 0.791440 0.337389
vt 0.787836 0.315023
vt 0.789610 0.314933
vt 0.791440 0.314796
vt 0.787836 0.559999
vt 0.789610 0.560078
vt 0.789610 0.582014
vt 0.787836 0.582013
vt 0.791440 0.559967
vt 0.791440 0.582014
vt 0.787836 0.537496
vt 0.789610 0.537680
vt 0.791440 0.537602
vt 0.787836 0.515381
vt 0.789610 0.515548
vt 0.791440 0.515457
vt 0.787836 0.493846
vt 0.789610 0.493868
vt 0.791440 0.493600
vt 0.794365 0.449141
vt 0.794365 0.471186
vt 0.796650 0.448271
vt 0.796650 0.470562
vt 0.794365 0.426727
vt 0.796650 0.425981
vt 0.794365 0.404380
vt 0.796650 0.403692
vt 0.794365 0.381948
vt 0.796650 0.381401
vt 0.794365 0.359494
vt 0.796650 0.359111
vt 0.794365 0.337059
vt 0.796650 0.336821
vt 0.794365 0.314640
vt 0.796650 0.314530
vt 0.794365 0.559736
vt 0.794105 0.582060
vt 0.796650 0.559723
vt 0.797275 0.582020
vt 0.794365 0.537390
vt 0.796650 0.537433
vt 0.794365 0.515161
vt 0.796650 0.515143
vt 0.794365 0.493085
vt 0.796650 0.492852
vt 0.771861 0.453664
vt 0.775574 0.472983
vt 0.774751 0.492033
vt 0.762355 0.438360
vt 0.760527 0.523524
vt 0.759941 0.527824
vt 0.769428 0.509196
vt 0.801142 0.448302
vt 0.801143 0.470591
vt 0.801145 0.492885
vt 0.801143 0.426014
vt 0.801146 0.403722
vt 0.801147 0.381425
vt 0.801148 0.359128
vt 0.801149 0.336829
vt 0.801147 0.314526
vt 0.801187 0.559735
vt 0.801190 0.582061
vt 0.801143 0.537449
vt 0.801145 0.515176
vt 0.762364 0.434926
vt 0.772334 0.491511
vt 0.769905 0.490941
vt 0.770735 0.474560
vt 0.773163 0.473786
vt 0.756805 0.520989
vt 0.755009 0.515114
vt 0.765026 0.505551
vt 0.767065 0.507511
vt 0.769345 0.455715
vt 0.767210 0.457860
vt 0.756601 0.446647
vt 0.758636 0.440653
vt 0.767161 0.490358
vt 0.765692 0.489788
vt 0.766507 0.475929
vt 0.767980 0.475380
vt 0.764288 0.489170
vt 0.765105 0.476426
vt 0.762690 0.503162
vt 0.761519 0.501211
vt 0.760457 0.499253
vt 0.754362 0.509217
vt 0.755265 0.505080
vt 0.757014 0.500549
vt 0.763634 0.462271
vt 0.764845 0.460289
vt 0.762586 0.464159
vt 0.756119 0.456845
vt 0.755511 0.452696
vt 0.757466 0.461562
vt 0.763071 0.488527
vt 0.763887 0.476822
vt 0.761515 0.466075
vt 0.757739 0.462913
vt 0.759567 0.497741
vt 0.757943 0.498614
vt 0.697416 0.475811
vt 0.701887 0.474614
vt 0.701897 0.493040
vt 0.697387 0.493040
vt 0.868094 0.059796
vt 0.872605 0.059793
vt 0.872605 0.078220
vt 0.868133 0.077025
vt 0.820453 0.307097
vt 0.815945 0.308150
vt 0.816526 0.289733
vt 0.821015 0.289880
vt 0.629996 0.664232
vt 0.625485 0.664235
vt 0.625485 0.645808
vt 0.629957 0.647003
vt 0.754900 0.601537
vt 0.755343 0.606028
vt 0.734867 0.606028
vt 0.735309 0.601537
vt 0.714784 0.602033
vt 0.716094 0.597715
vt 0.695867 0.594198
vt 0.698123 0.590292
vt 0.876526 0.576494
vt 0.875646 0.580921
vt 0.896120 0.582438
vt 0.894393 0.586607
vt 0.914179 0.592090
vt 0.911551 0.595757
vt 0.792087 0.590292
vt 0.794342 0.594198
vt 0.775425 0.602033
vt 0.774115 0.597715
vt 0.666164 0.003440
vt 0.670675 0.003398
vt 0.671082 0.044732
vt 0.666557 0.045002
vt 0.818632 0.225687
vt 0.823134 0.225447
vt 0.865645 0.087113
vt 0.870172 0.087430
vt 0.870166 0.128768
vt 0.865655 0.128768
vt 0.690652 0.111209
vt 0.686161 0.111651
vt 0.686161 0.091175
vt 0.690652 0.091617
vt 0.694475 0.130424
vt 0.690156 0.131734
vt 0.701897 0.148394
vt 0.697992 0.150651
vt 0.694475 0.072402
vt 0.690156 0.071092
vt 0.697992 0.052174
vt 0.701896 0.054434
vt 0.670890 0.047257
vt 0.666404 0.047039
vt 0.929586 0.374043
vt 0.924635 0.374043
vt 0.924635 0.357432
vt 0.929586 0.357432
vt 0.924635 0.342752
vt 0.929586 0.342752
vt 0.924635 0.325048
vt 0.929586 0.325048
vt 0.924635 0.303657
vt 0.929586 0.303657
vt 0.924635 0.282255
vt 0.929586 0.282255
vt 0.924635 0.265363
vt 0.929586 0.265364
vt 0.924635 0.248468
vt 0.929586 0.248468
vt 0.929586 0.460513
vt 0.924635 0.460513
vt 0.924635 0.439097
vt 0.929586 0.439097
vt 0.924635 0.421378
vt 0.929586 0.421378
vt 0.924635 0.407218
vt 0.929586 0.407218
vt 0.924635 0.390601
vt 0.929586 0.390601
vt 0.820637 0.207754
vt 0.815945 0.206734
vt 0.817914 0.204223
vt 0.822731 0.207608
vt 0.821181 0.203134
vt 0.825549 0.204271
vt 0.827897 0.206568
vt 0.824091 0.209980
vt 0.828581 0.209884
vt 0.990705 0.111762
vt 0.995323 0.111915
vt 0.995309 0.114868
vt 0.990817 0.114829
vt 0.752594 0.982626
vt 0.756556 0.984811
vt 0.754314 0.987926
vt 0.751593 0.984192
vt 0.707845 0.967737
vt 0.703930 0.965415
vt 0.706526 0.962290
vt 0.709606 0.965610
vt 0.813838 0.079053
vt 0.818334 0.079511
vt 0.818436 0.097841
vt 0.813950 0.098385
vt 0.822567 0.115802
vt 0.818314 0.117335
vt 0.828581 0.128140
vt 0.824544 0.130108
vt 0.817978 0.060051
vt 0.822259 0.061504
vt 0.824523 0.046255
vt 0.828581 0.048180
vt 0.753946 0.977580
vt 0.757760 0.974411
vt 0.758499 0.977066
vt 0.753950 0.977581
vt 0.753333 0.976500
vt 0.755642 0.972564
vt 0.712145 0.963767
vt 0.710183 0.959648
vt 0.712949 0.958874
vt 0.712147 0.963764
vt 0.715599 0.959920
vt 0.713192 0.963797
vt 0.717524 0.961668
vt 0.714505 0.964991
vt 0.758074 0.981290
vt 0.753641 0.980258
vt 0.751593 0.975812
vt 0.753219 0.971624
vt 0.670788 0.049646
vt 0.666164 0.049511
vt 0.995323 0.117914
vt 0.990822 0.117335
vt 0.707049 0.969327
vt 0.702425 0.969177
vt 0.982656 0.472170
vt 0.976784 0.471002
vt 0.976784 0.466375
vt 0.982656 0.465206
vt 0.955237 0.483527
vt 0.950313 0.478604
vt 0.955291 0.475277
vt 0.958564 0.478549
vt 0.979991 0.478604
vt 0.975013 0.475277
vt 0.961670 0.486192
vt 0.962838 0.480320
vt 0.975067 0.483527
vt 0.971741 0.478549
vt 0.968634 0.451184
vt 0.975067 0.453849
vt 0.971741 0.458827
vt 0.967466 0.457056
vt 0.961670 0.451184
vt 0.962838 0.457057
vt 0.968634 0.486192
vt 0.967466 0.480320
vt 0.979992 0.458773
vt 0.975013 0.462099
vt 0.955237 0.453849
vt 0.958564 0.458827
vt 0.950313 0.458773
vt 0.955292 0.462099
vt 0.947648 0.465206
vt 0.953520 0.466375
vt 0.947648 0.472170
vt 0.953521 0.471002
vt 0.564942 0.524082
vt 0.564924 0.561193
vt 0.564924 0.544901
vt 0.564942 0.582011
vt 0.564924 0.619122
vt 0.564924 0.602830
vt 0.564942 0.639940
vt 0.564781 0.677035
vt 0.564781 0.660774
vt 0.564942 0.697869
vt 0.564781 0.734964
vt 0.564781 0.718703
vt 0.564942 0.755799
vt 0.564942 0.792911
vt 0.564942 0.776615
vt 0.564942 0.813727
vt 0.564748 0.850838
vt 0.565101 0.834546
vt 0.564942 0.871656
vt 0.564924 0.908767
vt 0.564924 0.892475
vt 0.564942 0.002721
vt 0.564942 0.039833
vt 0.564942 0.023537
vt 0.564942 0.060649
vt 0.564500 0.097714
vt 0.490432 0.089614
vt 0.564500 0.081514
vt 0.564942 0.118579
vt 0.564942 0.155691
vt 0.564942 0.139395
vt 0.564942 0.176508
vt 0.564942 0.213620
vt 0.490432 0.205472
vt 0.564942 0.197324
vt 0.564942 0.234437
vt 0.564500 0.271501
vt 0.490432 0.263402
vt 0.564500 0.255302
vt 0.564942 0.292366
vt 0.564942 0.329478
vt 0.564942 0.313182
vt 0.564942 0.350295
vt 0.564924 0.387406
vt 0.564924 0.371114
vt 0.564942 0.408224
vt 0.564942 0.445336
vt 0.564942 0.429041
vt 0.564942 0.466153
vt 0.564942 0.503265
vt 0.564942 0.486969
vt 0.564942 0.929586
vt 0.624976 0.409686
vt 0.621975 0.412669
vt 0.616709 0.408662
vt 0.623872 0.062424
vt 0.616709 0.064435
vt 0.622047 0.182693
vt 0.671215 0.394502
vt 0.679642 0.393372
vt 0.672289 0.059713
vt 0.674991 0.057677
vt 0.679642 0.061635
vt 0.671054 0.172707
vt 0.679642 0.172214
vt 0.671381 0.281219
vt 0.674286 0.278486
vt 0.679642 0.282793
vt 0.662966 0.393904
vt 0.660146 0.396582
vt 0.652455 0.392823
vt 0.663833 0.057404
vt 0.652455 0.057807
vt 0.662804 0.171267
vt 0.660105 0.173833
vt 0.652455 0.169479
vt 0.663134 0.280638
vt 0.652455 0.281151
vt 0.671218 0.502818
vt 0.674213 0.499792
vt 0.679642 0.503951
vt 0.672288 0.837608
vt 0.679642 0.835687
vt 0.671054 0.724614
vt 0.674131 0.721445
vt 0.679642 0.725108
vt 0.671381 0.616102
vt 0.679642 0.614529
vt 0.662965 0.503414
vt 0.652455 0.504495
vt 0.663832 0.839916
vt 0.660566 0.843474
vt 0.652455 0.839511
vt 0.662805 0.726053
vt 0.652455 0.727839
vt 0.663134 0.616681
vt 0.660189 0.619603
vt 0.652455 0.616167
vt 0.941569 0.384336
vt 0.936215 0.384336
vt 0.936215 0.380397
vt 0.941570 0.380397
vt 0.936215 0.376390
vt 0.941570 0.376390
vt 0.936215 0.372429
vt 0.941570 0.372429
vt 0.941570 0.261928
vt 0.936218 0.261928
vt 0.936217 0.258002
vt 0.941570 0.258002
vt 0.936218 0.254040
vt 0.941570 0.254040
vt 0.936217 0.250119
vt 0.941570 0.250119
vt 0.793868 0.917602
vt 0.793868 0.912263
vt 0.797813 0.912263
vt 0.797813 0.917602
vt 0.801826 0.912263
vt 0.801826 0.917602
vt 0.805793 0.912263
vt 0.805793 0.917602
vt 0.650784 0.917602
vt 0.650784 0.912263
vt 0.654711 0.912263
vt 0.654711 0.917602
vt 0.658675 0.912263
vt 0.658675 0.917602
vt 0.662598 0.912263
vt 0.662598 0.917602
vt 0.941569 0.395746
vt 0.936215 0.395746
vt 0.936215 0.391921
vt 0.941570 0.391921
vt 0.936215 0.388157
vt 0.941570 0.388157
vt 0.936218 0.246274
vt 0.941570 0.246274
vt 0.936218 0.242458
vt 0.941570 0.242458
vt 0.936218 0.238593
vt 0.941570 0.238593
vt 0.782441 0.917602
vt 0.782441 0.912263
vt 0.786272 0.912263
vt 0.786272 0.917602
vt 0.790041 0.912263
vt 0.790041 0.917602
vt 0.666445 0.912263
vt 0.666445 0.917602
vt 0.670262 0.912263
vt 0.670262 0.917602
vt 0.674129 0.912263
vt 0.674129 0.917602
vt 0.941569 0.527279
vt 0.936215 0.527279
vt 0.936215 0.523319
vt 0.941570 0.523319
vt 0.936215 0.519311
vt 0.941570 0.519311
vt 0.936215 0.515372
vt 0.941569 0.515372
vt 0.941570 0.118858
vt 0.936218 0.118857
vt 0.936218 0.114936
vt 0.941570 0.114936
vt 0.936218 0.110975
vt 0.941570 0.110975
vt 0.936217 0.107049
vt 0.941570 0.107049
vt 0.651143 0.931298
vt 0.651142 0.925951
vt 0.655104 0.925951
vt 0.655104 0.931298
vt 0.659111 0.925951
vt 0.659111 0.931298
vt 0.663050 0.925951
vt 0.663050 0.931298
vt 0.794140 0.931298
vt 0.794140 0.925951
vt 0.798057 0.925951
vt 0.798057 0.931298
vt 0.802015 0.925951
vt 0.802015 0.931298
vt 0.805936 0.925951
vt 0.805936 0.931298
vt 0.936215 0.511550
vt 0.941570 0.511551
vt 0.936215 0.507787
vt 0.941570 0.507787
vt 0.936215 0.503962
vt 0.941569 0.503962
vt 0.941570 0.130384
vt 0.936217 0.130384
vt 0.936218 0.126519
vt 0.941570 0.126519
vt 0.936218 0.122704
vt 0.941570 0.122704
vt 0.666873 0.925951
vt 0.666873 0.931298
vt 0.670636 0.925951
vt 0.670636 0.931298
vt 0.674462 0.925951
vt 0.674462 0.931298
vt 0.782624 0.931298
vt 0.782624 0.925951
vt 0.786486 0.925951
vt 0.786486 0.931298
vt 0.790297 0.925951
vt 0.790297 0.931298
vt 0.620921 0.416732
vt 0.620901 0.186676
vt 0.620435 0.056528
vt 0.941570 0.002549
vt 0.936218 0.002549
vt 0.621171 0.060333
vt 0.910755 0.917602
vt 0.910755 0.912263
vt 0.667129 0.393286
vt 0.675261 0.401593
vt 0.675744 0.053918
vt 0.668964 0.059458
vt 0.666702 0.171114
vt 0.675274 0.179867
vt 0.675269 0.274417
vt 0.667563 0.281886
vt 0.659194 0.400323
vt 0.659125 0.049776
vt 0.659245 0.177633
vt 0.659130 0.273979
vt 0.936215 0.268071
vt 0.941569 0.268071
vt 0.910755 0.925951
vt 0.910755 0.931298
vt 0.667131 0.504033
vt 0.675275 0.495725
vt 0.675743 0.843404
vt 0.668962 0.837862
vt 0.666703 0.726206
vt 0.675274 0.717455
vt 0.675269 0.622903
vt 0.667562 0.615434
vt 0.659188 0.496994
vt 0.659124 0.847542
vt 0.659244 0.719686
vt 0.659130 0.623340
vt 0.674206 0.397528
vt 0.674131 0.175876
vt 0.660567 0.053844
vt 0.660188 0.277716
vt 0.674990 0.839645
vt 0.674286 0.618836
vt 0.660143 0.500735
vt 0.660105 0.723487
vt 0.968289 0.185192
vt 0.966543 0.186167
vt 0.959062 0.184466
vt 0.964706 0.187294
vt 0.962870 0.188864
vt 0.961608 0.190806
vt 0.958384 0.189736
vt 0.957637 0.192472
vt 0.960626 0.192876
vt 0.959982 0.195132
vt 0.957252 0.195132
vt 0.973574 0.184524
vt 0.973485 0.182784
vt 0.977277 0.186286
vt 0.977023 0.182902
vt 0.973302 0.180069
vt 0.977076 0.179950
vt 0.979023 0.184519
vt 0.980761 0.181377
vt 0.980703 0.183207
vt 0.976309 0.389434
vt 0.976602 0.394098
vt 0.970095 0.393819
vt 0.971299 0.391594
vt 0.972170 0.389612
vt 0.977888 0.424444
vt 0.978003 0.426157
vt 0.971061 0.426276
vt 0.942081 0.555450
vt 0.942511 0.558305
vt 0.934972 0.555910
vt 0.927946 0.561394
vt 0.927468 0.559595
vt 0.971839 0.184454
vt 0.927423 0.555190
vt 0.700800 0.087277
vt 0.700236 0.089059
vt 0.696650 0.087247
vt 0.970214 0.184553
vt 0.929324 0.565292
vt 0.928389 0.563196
vt 0.942881 0.560960
vt 0.943180 0.563700
vt 0.943392 0.566377
vt 0.930447 0.567274
vt 0.934551 0.576941
vt 0.943644 0.577006
vt 0.943673 0.579705
vt 0.934920 0.579638
vt 0.933801 0.574388
vt 0.943650 0.574388
vt 0.932750 0.571935
vt 0.943618 0.571754
vt 0.931476 0.569503
vt 0.943537 0.569067
vt 0.710235 0.897723
vt 0.713525 0.897722
vt 0.713528 0.900473
vt 0.710239 0.900473
vt 0.583793 0.966343
vt 0.581762 0.968237
vt 0.580016 0.966700
vt 0.582378 0.964496
vt 0.701958 0.620804
vt 0.701491 0.623707
vt 0.699183 0.623518
vt 0.699710 0.620203
vt 0.689902 0.598744
vt 0.689903 0.601988
vt 0.687153 0.601995
vt 0.687151 0.598740
vt 0.689908 0.615103
vt 0.689909 0.618553
vt 0.687158 0.618556
vt 0.687157 0.615119
vt 0.689913 0.635030
vt 0.689913 0.638321
vt 0.687162 0.638326
vt 0.687162 0.635035
vt 0.677242 0.897728
vt 0.680469 0.897727
vt 0.680473 0.900478
vt 0.677243 0.900479
vt 0.702956 0.618150
vt 0.700868 0.617124
vt 0.694263 0.950665
vt 0.693260 0.948013
vt 0.695347 0.946984
vt 0.696509 0.950062
vt 0.689905 0.605335
vt 0.687154 0.605336
vt 0.689906 0.608553
vt 0.687155 0.608559
vt 0.689912 0.628371
vt 0.689912 0.631689
vt 0.687161 0.631693
vt 0.687161 0.628374
vt 0.696990 0.897723
vt 0.700281 0.897723
vt 0.700283 0.900474
vt 0.696992 0.900474
vt 0.683822 0.897726
vt 0.683822 0.900477
vt 0.606667 0.974113
vt 0.605671 0.971459
vt 0.607760 0.970435
vt 0.608915 0.973515
vt 0.673906 0.897728
vt 0.673911 0.900480
vt 0.966315 0.415229
vt 0.962778 0.416550
vt 0.962778 0.415670
vt 0.962778 0.424593
vt 0.965779 0.425296
vt 0.962778 0.424979
vt 0.968592 0.425172
vt 0.977549 0.415976
vt 0.977658 0.419436
vt 0.962778 0.420051
vt 0.975119 0.429812
vt 0.973264 0.427844
vt 0.978213 0.429197
vt 0.968912 0.414275
vt 0.976904 0.399320
vt 0.974456 0.399411
vt 0.977206 0.406062
vt 0.976013 0.406072
vt 0.977335 0.409151
vt 0.977468 0.412539
vt 0.971431 0.412829
vt 0.973407 0.410959
vt 0.974710 0.409142
vt 0.962778 0.423461
vt 0.977795 0.422788
vt 0.978465 0.432861
vt 0.976554 0.432104
vt 0.953491 0.515924
vt 0.954828 0.518083
vt 0.954577 0.522423
vt 0.951986 0.520726
vt 0.977515 0.434631
vt 0.700854 0.095441
vt 0.701897 0.097581
vt 0.696650 0.097567
vt 0.980727 0.175009
vt 0.977137 0.175049
vt 0.977085 0.173397
vt 0.980669 0.172649
vt 0.979232 0.443884
vt 0.976180 0.445106
vt 0.977285 0.442637
vt 0.977965 0.437298
vt 0.980781 0.179023
vt 0.700042 0.091460
vt 0.977887 0.440001
vt 0.977083 0.177229
vt 0.980771 0.176939
vt 0.700284 0.093569
vt 0.988047 0.514995
vt 0.982800 0.514995
vt 0.983444 0.512008
vt 0.958492 0.181568
vt 0.966595 0.507347
vt 0.960482 0.506911
vt 0.966576 0.496164
vt 0.987848 0.502915
vt 0.984524 0.502785
vt 0.954489 0.506484
vt 0.954494 0.496164
vt 0.977141 0.171728
vt 0.980502 0.171419
vt 0.983333 0.170101
vt 0.983700 0.172838
vt 0.985202 0.168675
vt 0.992855 0.169944
vt 0.992928 0.172663
vt 0.986604 0.166494
vt 0.992682 0.167230
vt 0.987493 0.164342
vt 0.992394 0.164525
vt 0.988093 0.162139
vt 0.992011 0.161832
vt 0.987971 0.159849
vt 0.991546 0.159152
vt 0.973276 0.173047
vt 0.975410 0.171520
vt 0.972949 0.175120
vt 0.973143 0.177520
vt 0.974056 0.170650
vt 0.972747 0.168775
vt 0.958077 0.178626
vt 0.957793 0.175660
vt 0.957552 0.172675
vt 0.957305 0.169712
vt 0.957025 0.166702
vt 0.971803 0.166715
vt 0.971008 0.162899
vt 0.956677 0.163353
vt 0.950100 0.182362
vt 0.950119 0.179202
vt 0.950081 0.185516
vt 0.950132 0.176044
vt 0.950134 0.172885
vt 0.950122 0.169725
vt 0.950092 0.166566
vt 0.950048 0.163601
vt 0.950062 0.188674
vt 0.950067 0.191837
vt 0.950105 0.195132
vt 0.727737 0.079172
vt 0.727847 0.076438
vt 0.742449 0.076453
vt 0.742349 0.079186
vt 0.727288 0.098323
vt 0.727299 0.095586
vt 0.741948 0.095588
vt 0.741938 0.098323
vt 0.727536 0.084642
vt 0.727632 0.081907
vt 0.742253 0.081919
vt 0.742165 0.084652
vt 0.728063 0.070969
vt 0.728161 0.068234
vt 0.742737 0.068255
vt 0.742647 0.070988
vt 0.728321 0.062763
vt 0.728377 0.060027
vt 0.742935 0.060053
vt 0.742884 0.062788
vt 0.727382 0.090113
vt 0.727451 0.087377
vt 0.742087 0.087386
vt 0.742024 0.090119
vt 0.728413 0.057290
vt 0.742969 0.057319
vt 0.727957 0.073703
vt 0.742550 0.073721
vt 0.728429 0.054554
vt 0.742984 0.054585
vt 0.728249 0.065499
vt 0.742817 0.065521
vt 0.727331 0.092849
vt 0.741977 0.092854
vt 0.949666 0.341794
vt 0.950203 0.337921
vt 0.968886 0.337921
vt 0.968882 0.340290
vt 0.952838 0.366356
vt 0.952756 0.364051
vt 0.968957 0.363979
vt 0.968961 0.366348
vt 0.947049 0.349107
vt 0.947062 0.347346
vt 0.968859 0.347396
vt 0.968864 0.349765
vt 0.948565 0.355436
vt 0.947530 0.352470
vt 0.968874 0.352134
vt 0.968891 0.354503
vt 0.947386 0.345753
vt 0.948645 0.343826
vt 0.968871 0.342659
vt 0.968862 0.345027
vt 0.952033 0.361869
vt 0.950857 0.359844
vt 0.968930 0.359241
vt 0.968948 0.361610
vt 0.949546 0.357589
vt 0.968909 0.356872
vt 0.959549 0.519500
vt 0.961853 0.518433
vt 0.964041 0.520417
vt 0.961183 0.522405
vt 0.957014 0.519373
vt 0.957857 0.523301
vt 0.956311 0.509479
vt 0.954329 0.511065
vt 0.950918 0.509511
vt 0.953312 0.513391
vt 0.949337 0.514506
vt 0.963397 0.516419
vt 0.965829 0.517562
vt 0.963828 0.513917
vt 0.966607 0.514147
vt 0.966329 0.515862
vt 0.963048 0.511501
vt 0.966602 0.511063
vt 0.961234 0.509724
vt 0.958802 0.508995
vt 0.941384 0.551949
vt 0.689910 0.621754
vt 0.687159 0.621757
vt 0.689911 0.625080
vt 0.687160 0.625083
vt 0.689913 0.641612
vt 0.687162 0.641617
vt 0.689914 0.644978
vt 0.687163 0.644978
vt 0.687039 0.897726
vt 0.687050 0.900476
vt 0.670640 0.897729
vt 0.670636 0.900480
vt 0.667360 0.897730
vt 0.667369 0.900481
vt 0.663388 0.897732
vt 0.663389 0.900483
vt 0.690464 0.897725
vt 0.690466 0.900476
vt 0.693662 0.897724
vt 0.693664 0.900475
vt 0.703601 0.897723
vt 0.703604 0.900474
vt 0.706944 0.897723
vt 0.706947 0.900474
vt 0.716882 0.897722
vt 0.716882 0.900473
vt 0.769854 0.977171
vt 0.769207 0.974390
vt 0.771411 0.973645
vt 0.772161 0.976871
vt 0.691765 0.945604
vt 0.693610 0.944187
vt 0.665866 0.952521
vt 0.665824 0.955986
vt 0.663517 0.956178
vt 0.663559 0.952217
vt 0.743964 0.970202
vt 0.742465 0.972607
vt 0.740380 0.971574
vt 0.742121 0.968782
vt 0.769888 0.980625
vt 0.772195 0.980821
vt 0.607131 0.977014
vt 0.609438 0.976827
vt 0.726868 0.614955
vt 0.724841 0.613060
vt 0.726258 0.611216
vt 0.728616 0.613419
vt 0.741459 0.975258
vt 0.739213 0.974651
vt 0.671366 0.942963
vt 0.669345 0.944857
vt 0.667594 0.943325
vt 0.669946 0.941120
vt 0.591767 0.963368
vt 0.588840 0.963846
vt 0.588244 0.961597
vt 0.591616 0.961047
vt 0.719803 0.610559
vt 0.716869 0.610074
vt 0.717023 0.607753
vt 0.720402 0.608311
vt 0.689907 0.611919
vt 0.687156 0.611918
vt 0.689901 0.595432
vt 0.687150 0.595445
vt 0.689898 0.591482
vt 0.687147 0.591483
vt 0.694735 0.953573
vt 0.697042 0.953380
vt 0.766384 0.969491
vt 0.764369 0.967597
vt 0.765792 0.965757
vt 0.768137 0.967961
vt 0.594512 0.963455
vt 0.594812 0.961148
vt 0.740982 0.978170
vt 0.738675 0.977974
vt 0.679335 0.939959
vt 0.676392 0.940454
vt 0.675787 0.938208
vt 0.679176 0.937638
vt 0.714124 0.610160
vt 0.713827 0.607852
vt 0.759356 0.965081
vt 0.756404 0.964575
vt 0.756566 0.962254
vt 0.759966 0.962836
vt 0.586247 0.964812
vt 0.585219 0.962725
vt 0.597309 0.964099
vt 0.598055 0.961896
vt 0.722385 0.611525
vt 0.723415 0.609438
vt 0.682080 0.940043
vt 0.682376 0.937735
vt 0.711327 0.610801
vt 0.710583 0.608597
vt 0.753658 0.964657
vt 0.753366 0.962349
vt 0.673824 0.941420
vt 0.672791 0.939335
vt 0.599888 0.965272
vt 0.601051 0.963257
vt 0.684878 0.940681
vt 0.685618 0.938475
vt 0.761908 0.966046
vt 0.762944 0.963963
vt 0.708746 0.611971
vt 0.707585 0.609954
vt 0.580083 0.970571
vt 0.578070 0.969404
vt 0.750859 0.965291
vt 0.750122 0.963085
vt 0.728546 0.617295
vt 0.730560 0.616130
vt 0.602219 0.966936
vt 0.603753 0.965187
vt 0.578914 0.973138
vt 0.576713 0.972385
vt 0.687461 0.941845
vt 0.688618 0.939827
vt 0.706414 0.613632
vt 0.704881 0.611882
vt 0.748274 0.966451
vt 0.747120 0.964431
vt 0.667668 0.947204
vt 0.665652 0.946043
vt 0.729709 0.619855
vt 0.731911 0.619104
vt 0.943168 0.546555
vt 0.943107 0.543753
vt 0.963377 0.541757
vt 0.963650 0.544701
vt 0.629991 0.494744
vt 0.627246 0.494745
vt 0.627245 0.491975
vt 0.629990 0.491969
vt 0.963913 0.547545
vt 0.942822 0.548831
vt 0.629992 0.497624
vt 0.627247 0.497630
vt 0.964186 0.550505
vt 0.964447 0.553374
vt 0.627244 0.489073
vt 0.629989 0.489073
vt 0.629988 0.486316
vt 0.627243 0.486329
vt 0.629987 0.483343
vt 0.627242 0.483345
vt 0.964706 0.556445
vt 0.942818 0.540776
vt 0.963111 0.538870
vt 0.629993 0.500436
vt 0.627248 0.500432
vt 0.942363 0.537964
vt 0.962846 0.535991
vt 0.629994 0.503260
vt 0.627249 0.503271
vt 0.941969 0.534320
vt 0.962517 0.532426
vt 0.629996 0.506735
vt 0.627250 0.506736
vt 0.627241 0.480599
vt 0.629986 0.480596
vt 0.964923 0.559298
vt 0.965121 0.562284
vt 0.627241 0.477729
vt 0.629986 0.477726
vt 0.965283 0.565241
vt 0.629985 0.474893
vt 0.627240 0.474896
vt 0.629985 0.472030
vt 0.627240 0.472033
vt 0.965409 0.568231
vt 0.627239 0.469153
vt 0.629985 0.469150
vt 0.965494 0.571246
vt 0.965537 0.574222
vt 0.627239 0.466317
vt 0.629984 0.466313
vt 0.965537 0.577200
vt 0.629984 0.463478
vt 0.627239 0.463482
vt 0.629984 0.460536
vt 0.627239 0.460536
vt 0.965431 0.580238
vt 0.629986 0.256940
vt 0.629988 0.259668
vt 0.626697 0.259667
vt 0.626696 0.256958
vt 0.629989 0.262577
vt 0.626698 0.262585
vt 0.629993 0.271024
vt 0.626702 0.271019
vt 0.626701 0.268243
vt 0.629992 0.268234
vt 0.629990 0.265343
vt 0.626700 0.265345
vt 0.629996 0.277333
vt 0.626705 0.277335
vt 0.626703 0.273894
vt 0.629994 0.273879
vt 0.629984 0.251199
vt 0.626694 0.251202
vt 0.626693 0.248332
vt 0.629984 0.248328
vt 0.629985 0.253945
vt 0.626694 0.253949
vt 0.629983 0.245495
vt 0.626692 0.245499
vt 0.629982 0.239754
vt 0.626692 0.239759
vt 0.626691 0.236925
vt 0.629982 0.236919
vt 0.629983 0.242634
vt 0.626692 0.242638
vt 0.629982 0.234084
vt 0.626691 0.234090
vt 0.629982 0.231133
vt 0.626691 0.231133
vt 0.730405 0.626079
vt 0.730356 0.622604
vt 0.732662 0.622296
vt 0.732712 0.626268
vt 0.745939 0.968105
vt 0.744412 0.966350
vt 0.704448 0.615737
vt 0.702599 0.614325
vt 0.666512 0.949757
vt 0.664310 0.949009
vt 0.689794 0.943503
vt 0.691324 0.941750
vt 0.578268 0.975875
vt 0.578214 0.979357
vt 0.575906 0.979544
vt 0.575962 0.975564
vt 0.604182 0.969044
vt 0.606032 0.967633
vt 0.768060 0.971846
vt 0.770078 0.970688
vt 0.992678 0.401831
vt 0.994853 0.401833
vt 0.994859 0.404372
vt 0.992666 0.404370
vt 0.972544 0.072934
vt 0.970207 0.074582
vt 0.968608 0.071772
vt 0.970425 0.070490
vt 0.956577 0.074953
vt 0.954113 0.073391
vt 0.956098 0.070846
vt 0.958013 0.072060
vt 0.952107 0.071496
vt 0.954539 0.069373
vt 0.974526 0.070844
vt 0.971965 0.068866
vt 0.959108 0.075918
vt 0.959981 0.072810
vt 0.976032 0.068444
vt 0.973136 0.067001
vt 0.962072 0.076440
vt 0.962285 0.073216
vt 0.950432 0.069130
vt 0.953238 0.067534
vt 0.977043 0.065795
vt 0.973922 0.064942
vt 0.964817 0.076362
vt 0.964419 0.073155
vt 0.949297 0.066596
vt 0.952355 0.065564
vt 0.977529 0.062879
vt 0.974306 0.062597
vt 0.967618 0.075734
vt 0.966596 0.072667
vt 0.948651 0.063795
vt 0.951853 0.063387
vt 0.948629 0.060354
vt 0.951843 0.060635
vt 0.949662 0.282469
vt 0.949662 0.280202
vt 0.962113 0.280202
vt 0.962113 0.282469
vt 0.949662 0.286914
vt 0.949662 0.284575
vt 0.962113 0.284575
vt 0.962113 0.286914
vt 0.949662 0.289049
vt 0.962113 0.289049
vt 0.949662 0.291280
vt 0.962113 0.291280
vt 0.949662 0.293482
vt 0.962113 0.293482
vt 0.949662 0.295706
vt 0.962113 0.295706
vt 0.949662 0.297944
vt 0.962113 0.297944
vt 0.949662 0.300147
vt 0.962113 0.300147
vt 0.949662 0.278056
vt 0.962113 0.278056
vt 0.949662 0.302350
vt 0.962113 0.302350
vt 0.949662 0.304726
vt 0.962113 0.304726
vt 0.949662 0.275804
vt 0.962113 0.275804
vt 0.949662 0.273646
vt 0.962113 0.273646
vt 0.949662 0.271411
vt 0.962113 0.271411
vt 0.949662 0.268659
vt 0.962113 0.268659
vt 0.616883 0.940562
vt 0.618067 0.938510
vt 0.619721 0.939808
vt 0.618810 0.941386
vt 0.619742 0.936835
vt 0.621794 0.935651
vt 0.622587 0.937609
vt 0.621009 0.938520
vt 0.616270 0.942850
vt 0.618338 0.943145
vt 0.624082 0.935037
vt 0.624347 0.937137
vt 0.616270 0.945219
vt 0.618338 0.944967
vt 0.626451 0.935037
vt 0.626169 0.937137
vt 0.616883 0.947507
vt 0.618810 0.946727
vt 0.628739 0.935651
vt 0.627928 0.937609
vt 0.618067 0.949559
vt 0.619721 0.948305
vt 0.619742 0.951234
vt 0.621009 0.949593
vt 0.621794 0.952418
vt 0.622587 0.950504
vt 0.981498 0.354509
vt 0.981498 0.356331
vt 0.978211 0.356331
vt 0.978211 0.354509
vt 0.981498 0.352687
vt 0.978211 0.352687
vt 0.981498 0.365440
vt 0.981498 0.367262
vt 0.978211 0.367262
vt 0.978211 0.365440
vt 0.981498 0.363618
vt 0.978211 0.363618
vt 0.981498 0.369084
vt 0.978211 0.369084
vt 0.981498 0.361796
vt 0.978211 0.361796
vt 0.981498 0.370906
vt 0.978211 0.370906
vt 0.981498 0.359975
vt 0.978211 0.359975
vt 0.981498 0.372728
vt 0.978211 0.372728
vt 0.981498 0.358153
vt 0.978211 0.358153
vt 0.981498 0.374550
vt 0.978211 0.374550
vt 0.954923 0.082640
vt 0.954923 0.080454
vt 0.957034 0.080454
vt 0.957034 0.082640
vt 0.992685 0.376446
vt 0.992670 0.373907
vt 0.994858 0.373906
vt 0.994849 0.376445
vt 0.992707 0.378985
vt 0.994834 0.378984
vt 0.992733 0.381523
vt 0.994816 0.381522
vt 0.994799 0.384061
vt 0.992757 0.384061
vt 0.992772 0.386600
vt 0.994788 0.386600
vt 0.992776 0.389139
vt 0.994785 0.389139
vt 0.992768 0.391678
vt 0.994791 0.391678
vt 0.992749 0.394216
vt 0.994804 0.394217
vt 0.992724 0.396755
vt 0.994821 0.396755
vt 0.992698 0.399293
vt 0.994839 0.399294
vt 0.625998 0.985158
vt 0.623954 0.984383
vt 0.624043 0.983651
vt 0.626417 0.984551
vt 0.619985 0.985888
vt 0.618969 0.987823
vt 0.618253 0.987647
vt 0.619433 0.985399
vt 0.621784 0.984646
vt 0.621523 0.983957
vt 0.627448 0.991039
vt 0.627971 0.988917
vt 0.628708 0.988917
vt 0.628101 0.991382
vt 0.627448 0.986794
vt 0.628101 0.986452
vt 0.618969 0.990010
vt 0.618253 0.990186
vt 0.619985 0.991945
vt 0.619433 0.992434
vt 0.621784 0.993187
vt 0.621523 0.993876
vt 0.623954 0.993451
vt 0.624043 0.994182
vt 0.625998 0.992676
vt 0.626417 0.993282
vt 0.954923 0.106686
vt 0.957034 0.106686
vt 0.957034 0.108872
vt 0.954923 0.108872
vt 0.719017 0.623131
vt 0.718001 0.625066
vt 0.716202 0.626308
vt 0.714032 0.626572
vt 0.711988 0.625796
vt 0.710538 0.624160
vt 0.710015 0.622038
vt 0.710538 0.619915
vt 0.711988 0.618279
vt 0.714032 0.617504
vt 0.716202 0.617767
vt 0.718001 0.619009
vt 0.719017 0.620945
vt 0.954923 0.084826
vt 0.957034 0.084826
vt 0.954923 0.087012
vt 0.957034 0.087012
vt 0.954923 0.089198
vt 0.957034 0.089198
vt 0.954923 0.097942
vt 0.954923 0.095756
vt 0.957034 0.095756
vt 0.957034 0.097942
vt 0.954923 0.104500
vt 0.954923 0.102314
vt 0.957034 0.102314
vt 0.957034 0.104500
vt 0.954923 0.100128
vt 0.957034 0.100128
vt 0.954923 0.091384
vt 0.957034 0.091384
vt 0.954923 0.093570
vt 0.957034 0.093570
vt 0.741550 0.940206
vt 0.744161 0.942003
vt 0.741551 0.944894
vt 0.739998 0.943750
vt 0.738512 0.939303
vt 0.738168 0.943141
vt 0.735535 0.939352
vt 0.736171 0.943137
vt 0.746326 0.953714
vt 0.744530 0.956325
vt 0.741491 0.953611
vt 0.742635 0.952059
vt 0.747145 0.947507
vt 0.747227 0.950675
vt 0.743243 0.950229
vt 0.743256 0.948301
vt 0.742015 0.958254
vt 0.739924 0.954735
vt 0.738894 0.959334
vt 0.738215 0.955299
vt 0.746089 0.944519
vt 0.742673 0.946462
vt 0.992666 0.371369
vt 0.994859 0.371367
vt 0.968289 0.205072
vt 0.959063 0.205798
vt 0.966543 0.204098
vt 0.964706 0.202971
vt 0.962870 0.201401
vt 0.958384 0.200529
vt 0.961608 0.199459
vt 0.957637 0.197793
vt 0.960626 0.197389
vt 0.973574 0.205740
vt 0.977277 0.203978
vt 0.973485 0.207481
vt 0.977023 0.207362
vt 0.977076 0.210315
vt 0.973302 0.210196
vt 0.979023 0.205746
vt 0.980704 0.207057
vt 0.980761 0.208888
vt 0.949247 0.389434
vt 0.953387 0.389612
vt 0.954257 0.391594
vt 0.955461 0.393819
vt 0.948955 0.394098
vt 0.947668 0.424444
vt 0.954495 0.426276
vt 0.947553 0.426157
vt 0.941407 0.603314
vt 0.934656 0.602581
vt 0.941908 0.600590
vt 0.927639 0.598771
vt 0.928165 0.597073
vt 0.971839 0.205810
vt 0.927423 0.602974
vt 0.669985 0.701868
vt 0.665835 0.701897
vt 0.669421 0.700086
vt 0.970214 0.205712
vt 0.929516 0.593458
vt 0.942752 0.595406
vt 0.942368 0.598044
vt 0.928605 0.595404
vt 0.930596 0.591609
vt 0.943044 0.592816
vt 0.934563 0.582313
vt 0.943575 0.582392
vt 0.933837 0.584813
vt 0.943515 0.584983
vt 0.943416 0.587574
vt 0.932821 0.587182
vt 0.943264 0.590202
vt 0.931590 0.589502
vt 0.723528 0.897723
vt 0.723525 0.900473
vt 0.720235 0.900473
vt 0.720239 0.897722
vt 0.585816 0.991304
vt 0.584716 0.993354
vt 0.582030 0.991559
vt 0.583506 0.989761
vt 0.701479 0.626649
vt 0.699163 0.626875
vt 0.689902 0.691211
vt 0.687151 0.691216
vt 0.687153 0.687960
vt 0.689903 0.687968
vt 0.689908 0.674852
vt 0.687157 0.674836
vt 0.687158 0.671400
vt 0.689909 0.671403
vt 0.689913 0.654925
vt 0.687162 0.654921
vt 0.687162 0.651629
vt 0.689913 0.651634
vt 0.756522 0.897728
vt 0.756521 0.900479
vt 0.753290 0.900478
vt 0.753294 0.897727
vt 0.702031 0.629429
vt 0.699804 0.630102
vt 0.694751 0.956518
vt 0.697067 0.956741
vt 0.696431 0.959969
vt 0.694202 0.959300
vt 0.687154 0.684619
vt 0.689905 0.684621
vt 0.687155 0.681396
vt 0.689906 0.681402
vt 0.689912 0.661585
vt 0.687161 0.661582
vt 0.687161 0.658262
vt 0.689912 0.658266
vt 0.736773 0.897723
vt 0.736771 0.900474
vt 0.733481 0.900474
vt 0.733483 0.897723
vt 0.749942 0.900477
vt 0.749941 0.897726
vt 0.607140 0.979952
vt 0.609455 0.980181
vt 0.608811 0.983407
vt 0.606584 0.982732
vt 0.759858 0.897728
vt 0.759852 0.900480
vt 0.959241 0.415229
vt 0.959778 0.425296
vt 0.956964 0.425172
vt 0.947898 0.419436
vt 0.948007 0.415976
vt 0.950437 0.429812
vt 0.947344 0.429197
vt 0.952292 0.427844
vt 0.956645 0.414275
vt 0.951101 0.399411
vt 0.948652 0.399320
vt 0.948350 0.406062
vt 0.949544 0.406072
vt 0.948221 0.409151
vt 0.950846 0.409142
vt 0.952149 0.410959
vt 0.954126 0.412829
vt 0.948088 0.412539
vt 0.947761 0.422788
vt 0.949002 0.432104
vt 0.947091 0.432861
vt 0.717695 0.975844
vt 0.716190 0.971042
vt 0.718780 0.969345
vt 0.719031 0.973685
vt 0.948041 0.434631
vt 0.670039 0.693704
vt 0.665835 0.691578
vt 0.671082 0.691564
vt 0.980727 0.215256
vt 0.980669 0.217616
vt 0.977085 0.216868
vt 0.977137 0.215216
vt 0.946324 0.443884
vt 0.948271 0.442637
vt 0.949376 0.445106
vt 0.947591 0.437298
vt 0.980781 0.211242
vt 0.669227 0.697685
vt 0.947669 0.440001
vt 0.980771 0.213326
vt 0.977083 0.213036
vt 0.669468 0.695576
vt 0.961656 0.409389
vt 0.966259 0.406402
vt 0.966903 0.409389
vt 0.958492 0.208697
vt 0.730798 0.984421
vt 0.730779 0.995603
vt 0.724686 0.984857
vt 0.961855 0.397309
vt 0.965179 0.397179
vt 0.718697 0.995603
vt 0.718692 0.985284
vt 0.980502 0.218846
vt 0.977141 0.218537
vt 0.983700 0.217427
vt 0.983333 0.220164
vt 0.985202 0.221590
vt 0.992928 0.217602
vt 0.992855 0.220321
vt 0.992682 0.223035
vt 0.986604 0.223771
vt 0.992394 0.225740
vt 0.987493 0.225922
vt 0.992011 0.228433
vt 0.988093 0.228126
vt 0.991546 0.231113
vt 0.987971 0.230416
vt 0.975410 0.218745
vt 0.973276 0.217217
vt 0.972949 0.215145
vt 0.973143 0.212745
vt 0.974056 0.219615
vt 0.972747 0.221490
vt 0.958077 0.211638
vt 0.957793 0.214605
vt 0.957552 0.217590
vt 0.957305 0.220553
vt 0.971803 0.223550
vt 0.957025 0.223563
vt 0.971008 0.227366
vt 0.956677 0.226911
vt 0.950119 0.211062
vt 0.950100 0.207903
vt 0.950081 0.204748
vt 0.950132 0.214221
vt 0.950134 0.217380
vt 0.950122 0.220540
vt 0.950092 0.223699
vt 0.950048 0.226664
vt 0.950062 0.201591
vt 0.950067 0.198428
vt 0.727737 0.117473
vt 0.742349 0.117459
vt 0.742449 0.120192
vt 0.727847 0.120207
vt 0.741948 0.101057
vt 0.727299 0.101059
vt 0.727536 0.112003
vt 0.742165 0.111993
vt 0.742253 0.114726
vt 0.727632 0.114738
vt 0.728063 0.125676
vt 0.742647 0.125657
vt 0.742737 0.128390
vt 0.728161 0.128411
vt 0.728321 0.133882
vt 0.742884 0.133857
vt 0.742935 0.136592
vt 0.728377 0.136618
vt 0.727382 0.106532
vt 0.742024 0.106526
vt 0.742087 0.109259
vt 0.727451 0.109268
vt 0.742969 0.139326
vt 0.728413 0.139355
vt 0.742550 0.122924
vt 0.727957 0.122942
vt 0.742984 0.142060
vt 0.728429 0.142091
vt 0.742817 0.131124
vt 0.728249 0.131147
vt 0.741977 0.103792
vt 0.727331 0.103796
vt 0.949666 0.334047
vt 0.968882 0.335552
vt 0.952837 0.309485
vt 0.968961 0.309493
vt 0.968957 0.311862
vt 0.952756 0.311791
vt 0.947049 0.326734
vt 0.968864 0.326076
vt 0.968859 0.328445
vt 0.947062 0.328495
vt 0.948565 0.320405
vt 0.968891 0.321338
vt 0.968874 0.323707
vt 0.947530 0.323371
vt 0.947386 0.330089
vt 0.968862 0.330814
vt 0.968871 0.333183
vt 0.948645 0.332016
vt 0.952033 0.313972
vt 0.968948 0.314231
vt 0.968930 0.316600
vt 0.950857 0.315998
vt 0.949546 0.318253
vt 0.968909 0.318969
vt 0.723752 0.972268
vt 0.725386 0.969363
vt 0.728244 0.971351
vt 0.726056 0.973334
vt 0.721217 0.972395
vt 0.722061 0.968467
vt 0.720514 0.982289
vt 0.715122 0.982257
vt 0.718532 0.980702
vt 0.713540 0.977262
vt 0.717515 0.978376
vt 0.730032 0.974206
vt 0.727600 0.975349
vt 0.730532 0.975906
vt 0.730811 0.977621
vt 0.728031 0.977851
vt 0.730805 0.980705
vt 0.727251 0.980267
vt 0.725437 0.982043
vt 0.723006 0.982773
vt 0.940569 0.606633
vt 0.687159 0.668198
vt 0.689910 0.668202
vt 0.687160 0.664872
vt 0.689911 0.664875
vt 0.687162 0.648338
vt 0.689913 0.648344
vt 0.746714 0.900476
vt 0.746724 0.897726
vt 0.763124 0.897729
vt 0.763127 0.900480
vt 0.766403 0.897730
vt 0.766394 0.900481
vt 0.770375 0.897732
vt 0.770374 0.900483
vt 0.743297 0.900476
vt 0.743299 0.897725
vt 0.740099 0.900475
vt 0.740102 0.897724
vt 0.730159 0.900474
vt 0.730162 0.897723
vt 0.726816 0.900474
vt 0.726819 0.897723
vt 0.769272 0.984024
vt 0.771496 0.984708
vt 0.770212 0.987762
vt 0.768165 0.986655
vt 0.695182 0.963015
vt 0.693127 0.961924
vt 0.666440 0.959396
vt 0.664215 0.960078
vt 0.742578 0.986527
vt 0.740522 0.987615
vt 0.739276 0.984569
vt 0.741505 0.983903
vt 0.725103 0.636477
vt 0.726577 0.638277
vt 0.723893 0.640067
vt 0.722794 0.638016
vt 0.738645 0.981340
vt 0.740961 0.981120
vt 0.673449 0.967910
vt 0.672353 0.969963
vt 0.669669 0.968178
vt 0.671141 0.966377
vt 0.594164 0.992956
vt 0.594388 0.995272
vt 0.590972 0.995272
vt 0.591199 0.992956
vt 0.717416 0.639664
vt 0.717641 0.641979
vt 0.714216 0.641979
vt 0.714442 0.639664
vt 0.687156 0.678038
vt 0.689907 0.678037
vt 0.689901 0.694523
vt 0.687150 0.694510
vt 0.689898 0.698473
vt 0.687148 0.698472
vt 0.764556 0.991008
vt 0.766026 0.992811
vt 0.763343 0.994589
vt 0.762250 0.992535
vt 0.596860 0.992428
vt 0.597527 0.994657
vt 0.681805 0.969551
vt 0.682033 0.971866
vt 0.678596 0.971866
vt 0.678821 0.969551
vt 0.711079 0.641361
vt 0.711748 0.639132
vt 0.756885 0.994169
vt 0.757108 0.996485
vt 0.753659 0.996485
vt 0.753890 0.994170
vt 0.588483 0.992420
vt 0.587805 0.994645
vt 0.599516 0.991342
vt 0.600607 0.993397
vt 0.720797 0.641358
vt 0.720122 0.639131
vt 0.684498 0.969014
vt 0.685172 0.971240
vt 0.708000 0.640097
vt 0.709093 0.638043
vt 0.750520 0.995852
vt 0.751198 0.993627
vt 0.676128 0.969024
vt 0.675454 0.971251
vt 0.601873 0.989770
vt 0.603345 0.991571
vt 0.687152 0.967921
vt 0.688247 0.969973
vt 0.760234 0.995877
vt 0.759563 0.993649
vt 0.705263 0.638270
vt 0.706737 0.636469
vt 0.579674 0.989203
vt 0.581473 0.987728
vt 0.747447 0.994580
vt 0.748546 0.992529
vt 0.727140 0.634442
vt 0.728938 0.635919
vt 0.603905 0.987752
vt 0.605701 0.989231
vt 0.577855 0.986480
vt 0.579906 0.985382
vt 0.689506 0.966344
vt 0.690982 0.968142
vt 0.702910 0.635927
vt 0.704707 0.634450
vt 0.744715 0.992747
vt 0.746193 0.990950
vt 0.667302 0.965820
vt 0.669098 0.964340
vt 0.728705 0.632105
vt 0.730755 0.633205
vt 0.942033 0.611944
vt 0.961776 0.614740
vt 0.961369 0.617577
vt 0.941837 0.614655
vt 0.629991 0.426329
vt 0.629990 0.429104
vt 0.627245 0.429098
vt 0.627246 0.426328
vt 0.941809 0.609724
vt 0.962170 0.611999
vt 0.627247 0.423443
vt 0.629992 0.423449
vt 0.962579 0.609147
vt 0.962972 0.606383
vt 0.629989 0.432000
vt 0.627244 0.432000
vt 0.629988 0.434757
vt 0.627243 0.434744
vt 0.629987 0.437730
vt 0.627242 0.437728
vt 0.963373 0.603423
vt 0.941412 0.617523
vt 0.960970 0.620360
vt 0.629993 0.420637
vt 0.627248 0.420641
vt 0.960572 0.623135
vt 0.940834 0.620224
vt 0.627249 0.417803
vt 0.629994 0.417813
vt 0.940274 0.623733
vt 0.960079 0.626572
vt 0.629996 0.414338
vt 0.627250 0.414337
vt 0.629986 0.440477
vt 0.627241 0.440474
vt 0.963727 0.600670
vt 0.964070 0.597784
vt 0.629986 0.443347
vt 0.627241 0.443344
vt 0.964380 0.594921
vt 0.629985 0.446180
vt 0.627240 0.446177
vt 0.629985 0.449043
vt 0.627240 0.449040
vt 0.964659 0.592018
vt 0.629985 0.451923
vt 0.627239 0.451920
vt 0.964906 0.589083
vt 0.965114 0.586179
vt 0.629984 0.454760
vt 0.627239 0.454756
vt 0.965287 0.583261
vt 0.629984 0.457595
vt 0.627239 0.457591
vt 0.629986 0.205326
vt 0.626696 0.205308
vt 0.626697 0.202599
vt 0.629988 0.202598
vt 0.629989 0.199689
vt 0.626698 0.199682
vt 0.629993 0.191242
vt 0.629992 0.194033
vt 0.626701 0.194023
vt 0.626702 0.191247
vt 0.629990 0.196923
vt 0.626700 0.196922
vt 0.629996 0.184933
vt 0.629994 0.188387
vt 0.626703 0.188372
vt 0.626705 0.184931
vt 0.629984 0.211068
vt 0.629984 0.213938
vt 0.626693 0.213934
vt 0.626694 0.211064
vt 0.629985 0.208321
vt 0.626694 0.208317
vt 0.629983 0.216771
vt 0.626692 0.216768
vt 0.629982 0.222513
vt 0.629982 0.225347
vt 0.626691 0.225341
vt 0.626692 0.222507
vt 0.629983 0.219633
vt 0.626692 0.219628
vt 0.629982 0.228183
vt 0.626691 0.228176
vt 0.732016 0.630178
vt 0.729791 0.629499
vt 0.744171 0.988926
vt 0.742370 0.990399
vt 0.703110 0.632053
vt 0.701056 0.633145
vt 0.667536 0.962014
vt 0.665487 0.963117
vt 0.693331 0.965797
vt 0.691532 0.964322
vt 0.578828 0.982785
vt 0.576602 0.983463
vt 0.607557 0.986450
vt 0.605504 0.985356
vt 0.768399 0.990452
vt 0.766606 0.988970
vt 0.992582 0.123070
vt 0.992571 0.120532
vt 0.994763 0.120530
vt 0.994757 0.123069
vt 0.974363 0.052112
vt 0.971852 0.054151
vt 0.970285 0.052574
vt 0.972347 0.050083
vt 0.958987 0.047354
vt 0.959901 0.050452
vt 0.957805 0.051316
vt 0.956290 0.048465
vt 0.956013 0.052497
vt 0.953986 0.049984
vt 0.975952 0.054513
vt 0.973087 0.056017
vt 0.961648 0.046843
vt 0.961969 0.050055
vt 0.977020 0.057138
vt 0.973917 0.058058
vt 0.964657 0.046843
vt 0.964308 0.050055
vt 0.954413 0.054082
vt 0.951927 0.052024
vt 0.977556 0.059922
vt 0.974334 0.060221
vt 0.967347 0.047396
vt 0.966399 0.050485
vt 0.953202 0.055869
vt 0.950370 0.054322
vt 0.969997 0.048500
vt 0.968459 0.051343
vt 0.952330 0.057926
vt 0.949248 0.056969
vt 0.949662 0.254849
vt 0.962113 0.254849
vt 0.962113 0.257116
vt 0.949662 0.257116
vt 0.949662 0.250404
vt 0.962113 0.250404
vt 0.962113 0.252743
vt 0.949662 0.252743
vt 0.949662 0.248269
vt 0.962113 0.248269
vt 0.949662 0.246037
vt 0.962113 0.246037
vt 0.949662 0.243835
vt 0.962113 0.243835
vt 0.949662 0.241612
vt 0.962113 0.241612
vt 0.949662 0.239374
vt 0.962113 0.239374
vt 0.949662 0.237171
vt 0.962113 0.237171
vt 0.962113 0.259261
vt 0.949662 0.259261
vt 0.949662 0.234967
vt 0.962113 0.234967
vt 0.949662 0.232592
vt 0.962113 0.232592
vt 0.962113 0.261514
vt 0.949662 0.261514
vt 0.962113 0.263672
vt 0.949662 0.263672
vt 0.962113 0.265907
vt 0.949662 0.265907
vt 0.633650 0.947507
vt 0.631705 0.946727
vt 0.632177 0.944967
vt 0.634264 0.945219
vt 0.634264 0.942850
vt 0.632177 0.943145
vt 0.631705 0.941386
vt 0.633650 0.940562
vt 0.632466 0.949559
vt 0.630794 0.948305
vt 0.630794 0.939808
vt 0.632466 0.938510
vt 0.630791 0.951234
vt 0.629506 0.949593
vt 0.629506 0.938520
vt 0.630791 0.936835
vt 0.628739 0.952418
vt 0.627928 0.950504
vt 0.626451 0.953031
vt 0.626169 0.950975
vt 0.624082 0.953031
vt 0.624347 0.950975
vt 0.981498 0.350865
vt 0.978211 0.350865
vt 0.978211 0.349043
vt 0.981498 0.349043
vt 0.981498 0.339934
vt 0.978211 0.339934
vt 0.978211 0.338112
vt 0.981498 0.338112
vt 0.981498 0.341756
vt 0.978211 0.341756
vt 0.978211 0.336290
vt 0.981498 0.336290
vt 0.981498 0.343578
vt 0.978211 0.343578
vt 0.978211 0.334469
vt 0.981498 0.334469
vt 0.981498 0.345400
vt 0.978211 0.345400
vt 0.978211 0.332647
vt 0.981498 0.332647
vt 0.981498 0.347222
vt 0.978211 0.347222
vt 0.978211 0.330825
vt 0.981498 0.330825
vt 0.855354 0.128423
vt 0.857464 0.128423
vt 0.857464 0.130609
vt 0.855354 0.130609
vt 0.992589 0.148456
vt 0.994753 0.148457
vt 0.994763 0.150996
vt 0.992574 0.150994
vt 0.992612 0.145917
vt 0.994738 0.145918
vt 0.992638 0.143379
vt 0.994720 0.143379
vt 0.992661 0.140840
vt 0.994703 0.140841
vt 0.992676 0.138302
vt 0.994692 0.138302
vt 0.992681 0.135763
vt 0.994690 0.135763
vt 0.992672 0.133224
vt 0.994695 0.133224
vt 0.992653 0.130685
vt 0.994708 0.130685
vt 0.992628 0.128147
vt 0.994725 0.128146
vt 0.992602 0.125609
vt 0.994743 0.125608
vt 0.967304 0.439807
vt 0.967957 0.440149
vt 0.966273 0.442050
vt 0.965855 0.441443
vt 0.961641 0.441955
vt 0.961379 0.442644
vt 0.959290 0.441202
vt 0.959842 0.440713
vt 0.963811 0.442218
vt 0.963899 0.442950
vt 0.965855 0.433925
vt 0.966274 0.433319
vt 0.967957 0.435219
vt 0.967305 0.435562
vt 0.968565 0.437684
vt 0.967828 0.437684
vt 0.958110 0.438953
vt 0.958826 0.438777
vt 0.958110 0.436415
vt 0.958826 0.436591
vt 0.959290 0.434166
vt 0.959842 0.434655
vt 0.961380 0.432724
vt 0.961641 0.433413
vt 0.963900 0.432418
vt 0.963811 0.433150
vt 0.855354 0.104376
vt 0.855354 0.102190
vt 0.857464 0.102190
vt 0.857464 0.104376
vt 0.647059 0.969913
vt 0.644889 0.970177
vt 0.642845 0.969402
vt 0.641395 0.967765
vt 0.640872 0.965643
vt 0.641395 0.963520
vt 0.642845 0.961884
vt 0.644889 0.961109
vt 0.647059 0.961372
vt 0.648858 0.962614
vt 0.649874 0.964550
vt 0.649874 0.966736
vt 0.648858 0.968672
vt 0.855354 0.126237
vt 0.857464 0.126237
vt 0.855354 0.124051
vt 0.857464 0.124051
vt 0.855354 0.121865
vt 0.857464 0.121865
vt 0.855354 0.113121
vt 0.857464 0.113121
vt 0.857464 0.115307
vt 0.855354 0.115307
vt 0.855354 0.106562
vt 0.857464 0.106562
vt 0.857464 0.108748
vt 0.855354 0.108748
vt 0.857464 0.110935
vt 0.855354 0.110935
vt 0.855354 0.119679
vt 0.857464 0.119679
vt 0.855354 0.117493
vt 0.857464 0.117493
vt 0.730130 0.942126
vt 0.732755 0.944967
vt 0.731662 0.946556
vt 0.728250 0.944678
vt 0.732706 0.940279
vt 0.734285 0.943794
vt 0.730032 0.956452
vt 0.732979 0.953682
vt 0.734568 0.954775
vt 0.732583 0.958333
vt 0.727229 0.950854
vt 0.731163 0.950333
vt 0.731806 0.952151
vt 0.728187 0.953875
vt 0.736416 0.955324
vt 0.735591 0.959334
vt 0.727250 0.947685
vt 0.731114 0.948405
vt 0.994763 0.153535
vt 0.992571 0.153533
vt 0.652075 0.993564
vt 0.650515 0.992090
vt 0.649214 0.990251
vt 0.648332 0.988282
vt 0.647830 0.986104
vt 0.647819 0.983352
vt 0.648307 0.980644
vt 0.649179 0.978586
vt 0.650389 0.976800
vt 0.651989 0.975214
vt 0.653781 0.974034
vt 0.655877 0.973170
vt 0.657945 0.972772
vt 0.660284 0.972772
vt 0.662375 0.973202
vt 0.664435 0.974060
vt 0.666261 0.975291
vt 0.667829 0.976868
vt 0.669064 0.978734
vt 0.669893 0.980775
vt 0.670311 0.982939
vt 0.670283 0.985314
vt 0.669898 0.987659
vt 0.669112 0.989718
vt 0.667941 0.991583
vt 0.666401 0.993208
vt 0.664585 0.994489
vt 0.662573 0.995384
vt 0.660395 0.995872
vt 0.658261 0.995933
vt 0.655957 0.995528
vt 0.653990 0.994778
vt 0.675627 0.947427
vt 0.677205 0.946516
vt 0.678965 0.946044
vt 0.680787 0.946044
vt 0.682547 0.946516
vt 0.684124 0.947427
vt 0.685413 0.948715
vt 0.686324 0.950293
vt 0.686795 0.952053
vt 0.686795 0.953875
vt 0.686324 0.955634
vt 0.685413 0.957212
vt 0.684124 0.958500
vt 0.682547 0.959411
vt 0.680787 0.959883
vt 0.678965 0.959883
vt 0.677205 0.959411
vt 0.675627 0.958500
vt 0.674339 0.957212
vt 0.673428 0.955634
vt 0.672957 0.953875
vt 0.672957 0.952053
vt 0.673428 0.950293
vt 0.674339 0.948715
vt 0.551207 0.959388
vt 0.567480 0.949039
vt 0.566238 0.954166
vt 0.565520 0.958376
vt 0.216742 0.951365
vt 0.224400 0.954560
vt 0.217959 0.955249
vt 0.230977 0.952175
vt 0.228224 0.949337
vt 0.563248 0.938531
vt 0.566373 0.941269
vt 0.552032 0.940121
vt 0.554248 0.937818
vt 0.559314 0.937194
vt 0.539612 0.950653
vt 0.544926 0.946486
vt 0.225481 0.946341
vt 0.548213 0.943759
vt 0.564568 0.965061
vt 0.568366 0.945969
vt 0.219036 0.959058
vt 0.541381 0.965061
vt 0.524282 0.956142
vt 0.529342 0.954654
vt 0.533347 0.953171
vt 0.251902 0.961613
vt 0.245316 0.966652
vt 0.247935 0.960731
vt 0.244094 0.973542
vt 0.247929 0.972576
vt 0.517297 0.965061
vt 0.518106 0.960986
vt 0.524282 0.973980
vt 0.521180 0.973211
vt 0.518106 0.969136
vt 0.539613 0.979469
vt 0.533348 0.976951
vt 0.251897 0.971699
vt 0.529342 0.975468
vt 0.521180 0.956910
vt 0.244102 0.959762
vt 0.551207 0.970734
vt 0.552032 0.990001
vt 0.548213 0.986363
vt 0.544926 0.983636
vt 0.225454 0.986944
vt 0.224391 0.978723
vt 0.228206 0.983950
vt 0.219033 0.974224
vt 0.217955 0.978031
vt 0.563248 0.991591
vt 0.559314 0.992928
vt 0.567480 0.981083
vt 0.568366 0.984153
vt 0.566373 0.988853
vt 0.565520 0.971746
vt 0.216737 0.981911
vt 0.566238 0.975956
vt 0.554248 0.992304
vt 0.230964 0.981115
vt 0.875536 0.448255
vt 0.874601 0.453114
vt 0.872182 0.452371
vt 0.872968 0.448415
vt 0.220841 0.940328
vt 0.224840 0.940775
vt 0.223705 0.942313
vt 0.222317 0.942557
vt 0.875536 0.440368
vt 0.875797 0.444311
vt 0.873203 0.444311
vt 0.872968 0.440207
vt 0.213882 0.944335
vt 0.216969 0.941658
vt 0.218318 0.944003
vt 0.215057 0.946728
vt 0.227217 0.943044
vt 0.230311 0.945900
vt 0.227961 0.946287
vt 0.225816 0.944277
vt 0.862349 0.405841
vt 0.862564 0.410338
vt 0.860104 0.410890
vt 0.859860 0.405747
vt 0.215448 0.953489
vt 0.216160 0.957813
vt 0.214598 0.959473
vt 0.213932 0.955334
vt 0.862699 0.414509
vt 0.860243 0.415055
vt 0.954862 0.039259
vt 0.955105 0.034118
vt 0.957567 0.034672
vt 0.957360 0.038873
vt 0.955246 0.029951
vt 0.957703 0.030498
vt 0.233556 0.948545
vt 0.231340 0.949065
vt 0.860440 0.421662
vt 0.862917 0.421662
vt 0.215534 0.966641
vt 0.217336 0.966641
vt 0.954691 0.042365
vt 0.957183 0.042135
vt 0.214146 0.947805
vt 0.214788 0.950615
vt 0.955443 0.023340
vt 0.957922 0.023340
vt 0.239290 0.952941
vt 0.238389 0.954501
vt 0.859690 0.402638
vt 0.862185 0.402867
vt 0.874601 0.435509
vt 0.872182 0.436252
vt 0.212258 0.947989
vt 0.966631 0.119658
vt 0.965696 0.124517
vt 0.963277 0.123774
vt 0.964063 0.119818
vt 0.259430 0.970685
vt 0.257040 0.973928
vt 0.256275 0.972175
vt 0.256758 0.970849
vt 0.966631 0.111771
vt 0.966892 0.115714
vt 0.964298 0.115714
vt 0.964063 0.111610
vt 0.259434 0.962634
vt 0.260216 0.966660
vt 0.257504 0.966659
vt 0.256763 0.962467
vt 0.253830 0.974869
vt 0.249862 0.976102
vt 0.250702 0.973874
vt 0.253517 0.973021
vt 0.957359 0.007786
vt 0.957567 0.012009
vt 0.955105 0.012563
vt 0.954862 0.007421
vt 0.250710 0.959436
vt 0.246616 0.957895
vt 0.245960 0.955715
vt 0.249872 0.957207
vt 0.957703 0.016183
vt 0.955246 0.016730
vt 0.856549 0.056155
vt 0.856305 0.061295
vt 0.853844 0.060740
vt 0.854049 0.056597
vt 0.856164 0.065460
vt 0.853708 0.064913
vt 0.245949 0.977590
vt 0.246607 0.975410
vt 0.856720 0.053050
vt 0.854229 0.053279
vt 0.256281 0.961141
vt 0.253523 0.960292
vt 0.855966 0.072069
vt 0.853488 0.072069
vt 0.239276 0.980356
vt 0.238376 0.978796
vt 0.954691 0.004316
vt 0.957183 0.004546
vt 0.965696 0.106912
vt 0.963277 0.107655
vt 0.257047 0.959389
vt 0.699019 0.990236
vt 0.698084 0.995095
vt 0.695665 0.994352
vt 0.696451 0.990396
vt 0.213878 0.988926
vt 0.212258 0.985279
vt 0.214143 0.985464
vt 0.215051 0.986540
vt 0.699019 0.982349
vt 0.699280 0.986292
vt 0.696686 0.986292
vt 0.696451 0.982188
vt 0.220808 0.992928
vt 0.216955 0.991599
vt 0.218304 0.989263
vt 0.222289 0.990718
vt 0.212954 0.982277
vt 0.213931 0.977945
vt 0.215445 0.979788
vt 0.214785 0.982659
vt 0.854047 0.087748
vt 0.853839 0.083396
vt 0.856300 0.082844
vt 0.856544 0.087989
vt 0.227939 0.987002
vt 0.231323 0.984226
vt 0.233540 0.984748
vt 0.230292 0.987392
vt 0.853705 0.079224
vt 0.856161 0.078678
vt 0.859860 0.437578
vt 0.860104 0.432434
vt 0.862564 0.432986
vt 0.862353 0.437405
vt 0.860243 0.428269
vt 0.862699 0.428815
vt 0.214597 0.973808
vt 0.216158 0.975468
vt 0.859690 0.440687
vt 0.862186 0.440457
vt 0.223674 0.990967
vt 0.225783 0.989009
vt 0.856713 0.091099
vt 0.854217 0.090869
vt 0.698084 0.977490
vt 0.695665 0.978233
vt 0.224777 0.992507
vt 0.856316 0.421662
vt 0.856128 0.428380
vt 0.856128 0.414944
vt 0.627204 0.957184
vt 0.631390 0.959659
vt 0.630094 0.960968
vt 0.626798 0.958974
vt 0.878827 0.453622
vt 0.879711 0.448506
vt 0.950718 0.039577
vt 0.950543 0.042763
vt 0.855714 0.405430
vt 0.855537 0.402241
vt 0.879711 0.440116
vt 0.878827 0.435000
vt 0.879937 0.444311
vt 0.951317 0.023340
vt 0.951129 0.016619
vt 0.951129 0.030062
vt 0.855972 0.410691
vt 0.950974 0.034317
vt 0.969922 0.125025
vt 0.970806 0.119909
vt 0.860691 0.055838
vt 0.860867 0.052653
vt 0.950718 0.007105
vt 0.950543 0.003918
vt 0.212937 0.950920
vt 0.970806 0.111520
vt 0.969922 0.106403
vt 0.971032 0.115714
vt 0.860091 0.072069
vt 0.860278 0.078789
vt 0.860280 0.065350
vt 0.950974 0.012364
vt 0.860435 0.061096
vt 0.702310 0.995603
vt 0.703194 0.990487
vt 0.855714 0.437894
vt 0.855537 0.441084
vt 0.860691 0.088306
vt 0.860867 0.091497
vt 0.227078 0.990358
vt 0.703194 0.982098
vt 0.702310 0.976982
vt 0.703420 0.986292
vt 0.860433 0.083044
vt 0.855972 0.432633
vt 0.253914 0.958468
vt 0.227002 0.959075
vt 0.223803 0.962271
vt 0.231369 0.957906
vt 0.240105 0.966650
vt 0.238941 0.962281
vt 0.238937 0.971017
vt 0.226997 0.974212
vt 0.231361 0.975386
vt 0.223799 0.971016
vt 0.222621 0.966643
vt 0.235745 0.959075
vt 0.235735 0.974218
vt 0.618167 0.959888
vt 0.622346 0.957301
vt 0.622934 0.959052
vt 0.619561 0.961138
vt 0.631505 0.973262
vt 0.627396 0.975904
vt 0.626805 0.974152
vt 0.630089 0.972086
vt 0.615725 0.964227
vt 0.617564 0.964649
vt 0.633686 0.963978
vt 0.633619 0.968899
vt 0.631800 0.968526
vt 0.631892 0.964461
vt 0.615725 0.969224
vt 0.617534 0.968687
vt 0.622488 0.976004
vt 0.618199 0.973545
vt 0.619490 0.972183
vt 0.622898 0.974189
vt 0.596021 0.986796
vt 0.591528 0.986796
vt 0.587638 0.984550
vt 0.585392 0.980660
vt 0.585392 0.976168
vt 0.587638 0.972277
vt 0.591528 0.970031
vt 0.596021 0.970031
vt 0.599911 0.972277
vt 0.602157 0.976168
vt 0.602157 0.980660
vt 0.599911 0.984550
vt 0.553604 0.961786
vt 0.554482 0.965061
vt 0.547931 0.958510
vt 0.542258 0.961786
vt 0.544656 0.959388
vt 0.542258 0.968336
vt 0.547931 0.971612
vt 0.544656 0.970734
vt 0.553604 0.968336
vt 0.987145 0.399601
vt 0.987145 0.401563
vt 0.984976 0.401563
vt 0.984976 0.399601
vt 0.706229 0.653864
vt 0.708745 0.653129
vt 0.704335 0.655675
vt 0.702440 0.653864
vt 0.699925 0.653129
vt 0.700546 0.650582
vt 0.699925 0.648036
vt 0.702440 0.647301
vt 0.704335 0.645490
vt 0.706229 0.647301
vt 0.708745 0.648036
vt 0.708124 0.650582
vt 0.704335 0.654371
vt 0.707616 0.652477
vt 0.701053 0.652477
vt 0.701053 0.648688
vt 0.704335 0.646793
vt 0.707616 0.648688
vt 0.987145 0.378026
vt 0.987145 0.379987
vt 0.984976 0.379987
vt 0.984976 0.378026
vt 0.987145 0.387833
vt 0.987145 0.389794
vt 0.984976 0.389794
vt 0.984976 0.387833
vt 0.987145 0.393717
vt 0.987145 0.395678
vt 0.984976 0.395678
vt 0.984976 0.393717
vt 0.987145 0.381949
vt 0.987145 0.383910
vt 0.984976 0.383910
vt 0.984976 0.381949
vt 0.987145 0.391756
vt 0.984976 0.391756
vt 0.987145 0.397640
vt 0.984976 0.397640
vt 0.987145 0.385871
vt 0.984976 0.385871
vt 0.664121 0.641832
vt 0.664121 0.631952
vt 0.669370 0.631952
vt 0.669370 0.641832
vt 0.664121 0.651713
vt 0.669370 0.651713
vt 0.664121 0.661593
vt 0.669370 0.661593
vt 0.664121 0.671474
vt 0.669370 0.671474
vt 0.664121 0.681354
vt 0.669370 0.681354
vt 0.982883 0.146438
vt 0.984491 0.146438
vt 0.984491 0.148399
vt 0.982883 0.148399
vt 0.683677 0.994370
vt 0.686193 0.993635
vt 0.681783 0.996181
vt 0.685572 0.991089
vt 0.686193 0.988542
vt 0.683677 0.987807
vt 0.681783 0.985996
vt 0.679888 0.987807
vt 0.677372 0.988543
vt 0.677993 0.991089
vt 0.677372 0.993635
vt 0.679888 0.994370
vt 0.685064 0.992983
vt 0.681783 0.994878
vt 0.685064 0.989194
vt 0.681783 0.987300
vt 0.678501 0.989194
vt 0.678501 0.992983
vt 0.982883 0.124862
vt 0.984491 0.124862
vt 0.984491 0.126824
vt 0.982883 0.126824
vt 0.982883 0.134669
vt 0.984491 0.134669
vt 0.984491 0.136631
vt 0.982883 0.136631
vt 0.982883 0.140553
vt 0.984491 0.140553
vt 0.984491 0.142515
vt 0.982883 0.142515
vt 0.982883 0.128785
vt 0.984491 0.128785
vt 0.984491 0.130746
vt 0.982883 0.130746
vt 0.982883 0.138592
vt 0.984491 0.138592
vt 0.982883 0.144476
vt 0.984491 0.144476
vt 0.982883 0.132708
vt 0.984491 0.132708
vt 0.664121 0.622071
vt 0.669370 0.622071
s 1
f 200/1/1 104/2/2 16/3/2 189/4/3
f 252/5/4 1/6/5 14/7/5 241/8/4
f 221/9/6 114/10/7 133/11/7 225/12/8
f 172/13/9 3/14/10 137/15/10 173/16/11
f 199/17/12 190/18/12 35/19/13 129/20/13
f 242/21/14 243/22/14 33/23/15 20/24/15
f 224/25/16 226/26/17 142/27/18 22/28/18
f 171/29/19 174/30/20 146/31/21 127/32/21
f 253/33/22 5/34/22 24/35/22 255/36/22
f 227/37/22 6/38/22 25/39/22 229/40/22
f 213/41/22 7/42/22 26/43/22 214/44/22
f 271/45/22 8/46/22 27/47/22 273/48/22
f 265/49/22 9/50/22 28/51/22 267/52/22
f 176/53/22 10/54/22 29/55/22 177/56/22
f 161/57/22 11/58/22 30/59/22 162/60/22
f 259/61/22 12/62/22 31/63/22 261/64/22
f 873/65/23 1559/66/24 785/67/25
f 873/65/23 1545/68/26 1559/66/24
f 783/69/27 1555/70/28 1556/71/28
f 821/72/29 1537/73/30 1553/74/31
f 189/75/32 16/76/33 35/77/33 190/78/32
f 823/79/34 1548/80/35 1550/81/36
f 241/82/37 14/83/38 33/84/38 243/85/39
f 884/86/40 1542/87/41 775/88/42
f 884/86/40 1540/89/43 1542/87/41
f 272/90/44 19/91/45 38/92/45 274/93/44
f 187/94/46 1506/95/47 136/96/48
f 260/97/49 18/98/50 37/99/50 262/100/49
f 1329/101/51 1320/102/52 43/103/53 152/104/54
f 1361/105/55 1352/106/56 42/107/57 153/108/58
f 398/109/59 389/110/60 41/111/61 154/112/62
f 1330/113/63 1321/114/64 48/115/65 164/116/66
f 1362/117/67 1353/118/68 47/119/69 165/120/70
f 406/121/71 390/122/72 46/123/73 166/124/74
f 1331/125/75 1322/126/76 53/127/77 179/128/78
f 1363/129/79 1354/130/80 52/131/81 180/132/82
f 407/133/83 410/134/84 51/135/85 181/136/86
f 1332/137/87 1323/138/88 58/139/89 192/140/90
f 1364/141/91 1355/142/92 57/143/93 193/144/94
f 401/145/95 392/146/96 56/147/97 194/148/98
f 1333/149/99 1324/150/100 63/151/101 204/152/102
f 1365/153/103 1356/154/104 62/155/105 205/156/106
f 402/157/107 393/158/108 61/159/109 206/160/110
f 1334/161/111 1325/162/112 68/163/113 216/164/114
f 1366/165/115 1357/166/116 67/167/117 217/168/118
f 408/169/119 411/170/120 66/171/121 218/172/122
f 1335/173/123 1326/174/124 73/175/125 231/176/126
f 1367/177/127 1358/178/128 72/179/129 232/180/130
f 409/181/131 412/182/132 71/183/133 233/184/134
f 1336/185/135 1327/186/136 78/187/137 245/188/138
f 1368/189/139 1359/190/140 77/191/141 246/192/142
f 405/193/143 396/194/144 76/195/145 247/196/146
f 287/197/147 289/198/148 284/199/149 285/200/150
f 1425/201/151 1417/202/152 90/203/153 156/204/154
f 1457/205/155 1448/206/156 91/207/157 159/208/158
f 160/209/159 126/210/160 92/211/161 157/212/162
f 157/212/162 92/211/161 93/213/163 158/214/164
f 158/214/164 85/215/22 88/216/165
f 1426/217/166 1418/218/167 95/219/168 168/220/169
f 1458/221/170 1454/222/171 3/223/172 172/224/173
f 171/225/174 127/226/175 96/227/176 169/228/177
f 169/228/177 96/227/176 97/229/178 170/230/179
f 170/230/179 85/215/22 93/213/163
f 1427/231/180 1419/232/181 99/233/182 183/234/183
f 1459/235/184 1455/236/185 2/237/186 175/238/187
f 186/239/188 128/240/189 100/241/190 184/242/191
f 184/242/191 100/241/190 101/243/192 185/244/193
f 185/244/193 85/215/22 97/229/178
f 1428/245/194 1420/246/195 103/247/196 196/248/197
f 1460/249/198 1449/250/199 104/251/200 200/252/201
f 199/253/202 129/254/203 105/255/204 197/256/205
f 197/256/205 105/255/204 106/257/206 198/258/207
f 198/258/207 85/215/22 101/243/192
f 1429/259/208 1421/260/209 108/261/210 208/262/211
f 1461/263/212 1450/264/213 109/265/214 209/266/215
f 212/267/216 130/268/217 110/269/218 210/270/219
f 210/270/219 110/269/218 111/271/220 211/272/221
f 211/272/221 85/215/22 106/257/206
f 1430/273/222 1422/274/223 113/275/224 220/276/225
f 1462/277/226 1451/278/227 114/279/228 221/280/229
f 224/281/230 22/282/231 115/283/232 222/284/233
f 222/284/233 115/283/232 116/285/234 223/286/235
f 223/286/235 85/215/22 111/271/220
f 1431/287/236 1423/288/237 118/289/238 235/290/239
f 1463/291/240 1452/292/241 119/293/242 236/294/243
f 228/295/244 21/296/245 120/297/246 237/298/247
f 237/298/247 120/297/246 121/299/248 238/300/249
f 238/300/249 85/215/22 116/285/234
f 1432/301/250 1424/302/251 123/303/252 249/304/253
f 1464/305/254 1456/306/255 1/307/256 252/308/257
f 242/309/258 20/310/259 124/311/260 250/312/261
f 250/312/261 124/311/260 125/313/262 251/314/263
f 251/314/263 85/215/22 121/299/248
f 344/315/264 379/316/265 315/317/266 316/318/267
f 324/319/268 359/320/269 305/321/270 306/322/271
f 254/323/272 17/324/273 131/325/273 257/326/272
f 257/327/274 253/328/274 6/329/275 132/330/275
f 1543/331/28 1541/332/28 775/88/42
f 239/333/276 227/334/276 7/335/277 133/336/277
f 225/337/266 213/338/266 8/339/267 134/340/267
f 187/94/46 1493/341/278 1506/95/47
f 275/342/279 271/343/279 9/344/280 135/345/280
f 266/346/281 19/347/282 135/348/282 269/349/281
f 269/350/283 265/351/283 10/352/284 136/353/284
f 239/354/285 1485/355/286 1500/356/287
f 187/357/288 176/358/288 11/359/289 137/360/289
f 173/361/290 161/362/290 12/363/291 138/364/291
f 263/365/270 259/366/270 13/367/271 139/368/271
f 258/369/292 255/370/292 24/371/271 140/372/271
f 256/373/293 258/374/293 140/375/294 36/376/294
f 240/377/295 229/378/295 25/379/296 141/380/296
f 226/381/297 214/382/297 26/383/298 142/384/298
f 276/385/299 273/386/299 27/387/300 143/388/300
f 270/389/301 267/390/301 28/391/302 144/392/302
f 268/393/303 270/394/303 144/395/304 38/396/304
f 188/397/305 177/398/305 29/399/306 145/400/306
f 174/401/307 162/402/307 30/403/308 146/404/308
f 264/405/309 261/406/309 31/407/310 147/408/310
f 383/409/311 352/410/312 320/411/275 317/412/276
f 379/316/265 348/413/313 318/414/277 315/317/266
f 363/415/314 332/416/315 310/417/289 307/418/290
f 87/419/316 157/212/162 158/214/164 88/216/165
f 23/420/317 160/209/159 157/212/162 87/419/316
f 1453/421/318 1457/205/155 159/208/158 4/422/319
f 1416/423/320 1425/201/151 156/204/154 86/424/321
f 390/122/72 398/109/59 154/112/62 46/123/73
f 1353/118/68 1361/105/55 153/108/58 47/119/69
f 1321/114/64 1329/101/51 152/104/54 48/115/65
f 15/425/322 149/426/323 150/427/323 34/428/322
f 23/429/324 34/430/324 150/431/325 160/432/325
f 4/433/326 159/434/327 149/435/327 15/436/326
f 147/408/310 31/407/310 162/402/307 174/401/307
f 137/360/289 11/359/289 161/362/290 173/361/290
f 92/211/161 169/228/177 170/230/179 93/213/163
f 126/210/160 171/225/174 169/228/177 92/211/161
f 1448/206/156 1458/221/170 172/224/173 91/207/157
f 1417/202/152 1426/217/166 168/220/169 90/203/153
f 410/134/84 406/121/71 166/124/74 51/135/85
f 1354/130/80 1362/117/67 165/120/70 52/131/81
f 1322/126/76 1330/113/63 164/116/66 53/127/77
f 12/62/22 161/57/22 162/60/22 31/63/22
f 146/404/308 30/403/308 177/398/305 188/397/305
f 136/353/284 10/352/284 176/358/288 187/357/288
f 332/416/315 367/437/328 309/438/288 310/417/289
f 96/227/176 184/242/191 185/244/193 97/229/178
f 127/226/175 186/239/188 184/242/191 96/227/176
f 1454/222/171 1459/235/184 175/238/187 3/223/172
f 1418/218/167 1427/231/180 183/234/183 95/219/168
f 392/146/96 407/133/83 181/136/86 56/147/97
f 1355/142/92 1363/129/79 180/132/82 57/143/93
f 1323/138/88 1331/125/75 179/128/78 58/139/89
f 11/58/22 176/53/22 177/56/22 30/59/22
f 127/32/21 146/31/21 188/439/329 186/440/330
f 3/14/10 175/441/331 187/94/46 137/15/10
f 359/320/269 328/442/332 308/443/291 305/321/270
f 100/241/190 197/256/205 198/258/207 101/243/192
f 128/240/189 199/253/202 197/256/205 100/241/190
f 1455/236/185 1460/249/198 200/252/201 2/237/186
f 1419/232/181 1428/245/194 196/248/197 99/233/182
f 393/158/108 401/145/95 194/148/98 61/159/109
f 1356/154/104 1364/141/91 193/144/94 62/155/105
f 1324/150/100 1332/137/87 192/140/90 63/151/101
f 138/444/333 1496/445/334 1497/446/334
f 2/447/335 1494/448/336 1495/449/337
f 1495/449/337 1493/341/278 175/441/331
f 340/450/338 375/451/339 313/452/279 314/453/280
f 105/255/204 210/270/219 211/272/221 106/257/206
f 129/254/203 212/267/216 210/270/219 105/255/204
f 1449/250/199 1461/263/212 209/266/215 104/251/200
f 1420/246/195 1429/259/208 208/262/211 103/247/196
f 411/170/120 402/157/107 206/160/110 66/171/121
f 1357/166/116 1365/153/103 205/156/106 67/167/117
f 1325/162/112 1333/149/99 204/152/102 68/163/113
f 16/76/33 201/454/340 202/455/340 35/77/33
f 129/20/13 35/19/13 202/456/341 212/457/341
f 104/2/2 209/458/342 201/459/342 16/3/2
f 143/388/300 27/387/300 214/382/297 226/381/297
f 133/336/277 7/335/277 213/338/266 225/337/266
f 371/460/343 340/450/338 314/453/280 311/461/283
f 110/269/218 222/284/233 223/286/235 111/271/220
f 130/268/217 224/281/230 222/284/233 110/269/218
f 1450/264/213 1462/277/226 221/280/229 109/265/214
f 1421/260/209 1430/273/222 220/276/225 108/261/210
f 412/182/132 408/169/119 218/172/122 71/183/133
f 1358/178/128 1366/165/115 217/168/118 72/179/129
f 1326/174/124 1334/161/111 216/164/114 73/175/125
f 8/46/22 213/41/22 214/44/22 27/47/22
f 142/384/298 26/383/298 229/378/295 240/377/295
f 132/330/275 6/329/275 227/334/276 239/333/276
f 115/283/232 237/298/247 238/300/249 116/285/234
f 22/282/231 228/295/244 237/298/247 115/283/232
f 1451/278/227 1463/291/240 236/294/243 114/279/228
f 1422/274/223 1431/287/236 235/290/239 113/275/224
f 396/194/144 409/181/131 233/184/134 76/195/145
f 1359/190/140 1367/177/127 232/180/130 77/191/141
f 1327/186/136 1335/173/123 231/176/126 78/187/137
f 7/42/22 227/37/22 229/40/22 26/43/22
f 22/28/18 142/27/18 240/462/344 228/463/345
f 114/10/7 236/464/346 239/354/285 133/11/7
f 120/297/246 250/312/261 251/314/263 121/299/248
f 21/296/245 242/309/258 250/312/261 120/297/246
f 1452/292/241 1464/305/254 252/308/257 119/293/242
f 1423/288/237 1432/301/250 249/304/253 118/289/238
f 397/465/347 405/193/143 247/196/146 81/466/348
f 1360/467/349 1368/189/139 246/192/142 82/468/350
f 1328/469/351 1336/185/135 245/188/138 83/470/352
f 787/471/353 1561/472/354 1562/473/354
f 1560/474/355 1558/475/355 785/67/25
f 783/69/27 1556/71/28 1557/476/356
f 1554/477/357 1552/478/357 789/479/358
f 141/380/296 25/379/296 255/370/292 258/369/292
f 131/480/359 5/481/359 253/328/274 257/327/274
f 765/482/360 1546/483/355 1547/484/361
f 17/485/362 254/486/363 256/487/363 36/488/362
f 6/38/22 253/33/22 255/36/22 25/39/22
f 37/489/364 148/490/364 264/491/365 262/492/365
f 148/493/359 32/494/359 261/406/309 264/405/309
f 138/364/291 12/363/291 259/366/270 263/365/270
f 18/495/366 260/496/367 263/497/367 139/498/366
f 1504/499/368 1488/500/369 225/12/8
f 13/501/22 259/61/22 261/64/22 32/502/22
f 1501/503/370 1499/504/370 132/505/371
f 145/400/306 29/399/306 267/390/301 270/389/301
f 135/345/280 9/344/280 265/351/283 269/350/283
f 138/444/333 1497/446/334 1498/506/372
f 19/91/45 266/507/373 268/508/373 38/92/45
f 10/54/22 265/49/22 267/52/22 29/55/22
f 38/396/304 144/395/304 276/509/374 274/510/374
f 144/392/302 28/391/302 273/386/299 276/385/299
f 134/340/267 8/339/267 271/343/279 275/342/279
f 19/347/282 272/511/375 275/512/375 135/348/282
f 9/50/22 271/45/22 273/48/22 28/51/22
f 281/513/376 280/514/377 298/515/377 299/516/376
f 292/517/378 281/518/379 282/519/380 286/520/381
f 294/521/382 280/522/383 281/518/379 292/517/378
f 294/521/382 288/523/384 279/524/385 280/522/383
f 291/525/386 290/526/387 277/527/388 278/528/389
f 926/529/390 925/530/391 935/531/392 933/532/393
f 293/533/394 283/534/395 284/199/149 289/198/148
f 293/533/394 286/520/381 282/519/380 283/534/395
f 74/535/396 69/536/397 293/533/394 289/198/148
f 79/537/398 74/535/396 289/198/148 287/197/147
f 44/538/399 39/539/400 290/526/387 291/525/386
f 59/540/401 54/541/402 294/521/382 292/517/378
f 937/542/403 932/543/404 730/544/405 735/545/406
f 64/546/407 59/540/401 292/517/378 286/520/381
f 49/547/408 44/538/399 291/525/386 288/523/384
f 54/541/402 49/547/408 288/523/384 294/521/382
f 282/548/409 281/513/376 299/516/376 300/549/409
f 283/550/410 282/548/409 300/549/409 301/551/410
f 284/552/411 283/550/410 301/551/410 302/553/411
f 278/554/412 277/555/413 295/556/413 296/557/412
f 285/558/414 284/552/411 302/553/411 303/559/414
f 279/560/415 278/554/412 296/557/412 297/561/415
f 941/562/416 940/563/417 926/564/417 927/565/416
f 367/437/328 336/566/418 312/567/284 309/438/288
f 375/451/339 344/315/264 316/318/267 313/452/279
f 352/410/312 387/568/419 319/569/274 320/411/275
f 348/413/313 383/409/311 317/412/276 318/414/277
f 336/566/418 371/460/343 311/461/283 312/567/284
f 328/442/332 363/415/314 307/418/290 308/443/291
f 387/568/419 356/570/420 304/571/359 319/569/274
f 350/572/421 385/573/422 387/568/419 352/410/312
f 320/411/275 319/569/274 388/574/423 351/575/424
f 351/575/424 388/574/423 386/576/425 349/577/426
f 346/578/427 381/579/428 383/409/311 348/413/313
f 318/414/277 317/412/276 384/580/429 347/581/430
f 347/581/430 384/580/429 382/582/431 345/583/432
f 342/584/433 377/585/434 379/316/265 344/315/264
f 316/318/267 315/317/266 380/586/435 343/587/436
f 343/587/436 380/586/435 378/588/437 341/589/438
f 338/590/439 373/591/440 375/451/339 340/450/338
f 314/453/280 313/452/279 376/592/441 339/593/442
f 339/593/442 376/592/441 374/594/443 337/595/444
f 334/596/445 369/597/446 371/460/343 336/566/418
f 312/567/284 311/461/283 372/598/447 335/599/448
f 335/599/448 372/598/447 370/600/449 333/601/450
f 330/602/451 365/603/452 367/437/328 332/416/315
f 310/417/289 309/438/288 368/604/453 331/605/454
f 331/605/454 368/604/453 366/606/455 329/607/456
f 326/608/457 361/609/458 363/415/314 328/442/332
f 308/443/291 307/418/290 364/610/459 327/611/460
f 327/611/460 364/610/459 362/612/461 325/613/462
f 322/614/463 357/615/464 359/320/269 324/319/268
f 306/322/271 305/321/270 360/616/465 323/617/466
f 323/617/466 360/616/465 358/618/467 321/619/468
f 385/573/422 354/620/469 356/570/420 387/568/419
f 319/569/274 304/571/359 355/621/470 388/574/423
f 388/574/423 355/621/470 353/622/471 386/576/425
f 381/579/428 350/572/421 352/410/312 383/409/311
f 317/412/276 320/411/275 351/575/424 384/580/429
f 384/580/429 351/575/424 349/577/426 382/582/431
f 377/585/434 346/578/427 348/413/313 379/316/265
f 315/317/266 318/414/277 347/581/430 380/586/435
f 380/586/435 347/581/430 345/583/432 378/588/437
f 373/591/440 342/584/433 344/315/264 375/451/339
f 313/452/279 316/318/267 343/587/436 376/592/441
f 376/592/441 343/587/436 341/589/438 374/594/443
f 369/597/446 338/590/439 340/450/338 371/460/343
f 311/461/283 314/453/280 339/593/442 372/598/447
f 372/598/447 339/593/442 337/595/444 370/600/449
f 365/603/452 334/596/445 336/566/418 367/437/328
f 309/438/288 312/567/284 335/599/448 368/604/453
f 368/604/453 335/599/448 333/601/450 366/606/455
f 361/609/458 330/602/451 332/416/315 363/415/314
f 307/418/290 310/417/289 331/605/454 364/610/459
f 364/610/459 331/605/454 329/607/456 362/612/461
f 357/615/464 326/608/457 328/442/332 359/320/269
f 305/321/270 308/443/291 327/611/460 360/616/465
f 360/616/465 327/611/460 325/613/462 358/618/467
f 322/614/463 40/623/472 151/624/473 357/615/464
f 84/625/474 321/619/468 358/618/467 155/626/475
f 155/626/475 358/618/467 325/613/462 89/627/476
f 326/608/457 45/628/477 163/629/478 361/609/458
f 89/627/476 325/613/462 362/612/461 167/630/479
f 357/615/464 151/624/473 45/628/477 326/608/457
f 167/630/479 362/612/461 329/607/456 94/631/480
f 330/602/451 50/632/481 178/633/482 365/603/452
f 94/631/480 329/607/456 366/606/455 182/634/483
f 361/609/458 163/629/478 50/632/481 330/602/451
f 182/634/483 366/606/455 333/601/450 98/635/484
f 334/596/445 55/636/485 191/637/486 369/597/446
f 98/635/484 333/601/450 370/600/449 195/638/487
f 365/603/452 178/633/482 55/636/485 334/596/445
f 195/638/487 370/600/449 337/595/444 102/639/488
f 338/590/439 60/640/489 203/641/490 373/591/440
f 102/639/488 337/595/444 374/594/443 207/642/491
f 369/597/446 191/637/486 60/640/489 338/590/439
f 207/642/491 374/594/443 341/589/438 107/643/492
f 342/584/433 65/644/493 215/645/494 377/585/434
f 107/643/492 341/589/438 378/588/437 219/646/495
f 373/591/440 203/641/490 65/644/493 342/584/433
f 219/646/495 378/588/437 345/583/432 112/647/496
f 346/578/427 70/648/497 230/649/498 381/579/428
f 112/647/496 345/583/432 382/582/431 234/650/499
f 377/585/434 215/645/494 70/648/497 346/578/427
f 234/650/499 382/582/431 349/577/426 117/651/500
f 350/572/421 75/652/501 244/653/502 385/573/422
f 117/651/500 349/577/426 386/576/425 248/654/503
f 381/579/428 230/649/498 75/652/501 350/572/421
f 248/654/503 386/576/425 353/622/471 122/655/504
f 385/573/422 244/653/502 80/656/505 354/620/469
f 1392/657/506 1400/658/507 405/193/143 397/465/347
f 1391/659/508 1399/660/509 404/661/510 396/194/144
f 1390/662/511 1398/663/512 403/664/513 395/665/514
f 1389/666/515 1397/667/516 402/157/107 394/668/517
f 1388/669/518 1396/670/519 401/145/95 393/158/108
f 1387/671/520 1395/672/521 400/673/522 392/146/96
f 1386/674/523 1394/675/524 399/676/525 391/677/526
f 1385/678/527 1393/679/528 398/109/59 390/122/72
f 1400/658/507 1391/659/508 396/194/144 405/193/143
f 1399/660/509 1390/662/511 395/665/514 404/661/510
f 1398/663/512 1389/666/515 394/668/517 403/664/513
f 1397/667/516 1388/669/518 393/158/108 402/157/107
f 1396/670/519 1387/671/520 392/146/96 401/145/95
f 1395/672/521 1386/674/523 391/677/526 400/673/522
f 1394/675/524 1385/678/527 390/122/72 399/676/525
f 1393/679/528 1384/680/529 389/110/60 398/109/59
f 396/194/144 404/661/510 409/181/131
f 394/668/517 402/157/107 411/170/120
f 392/146/96 400/673/522 407/133/83
f 399/676/525 390/122/72 406/121/71
f 407/681/530 428/682/531 427/683/532 410/684/533
f 410/684/533 427/683/532 426/685/534 406/686/535
f 409/687/536 423/688/537 422/689/538 412/690/539
f 412/690/539 422/689/538 421/691/540 408/692/541
f 408/692/541 421/691/540 420/693/542 411/694/543
f 418/695/302 431/696/302 436/697/301 430/698/301
f 430/698/301 436/697/301 435/699/544 429/700/544
f 429/700/544 435/699/544 434/701/545 428/682/531
f 428/682/531 434/701/545 427/683/532
f 421/691/540 433/702/546 420/693/542
f 420/693/542 433/702/546 432/703/547 419/704/547
f 419/704/547 432/703/547 431/696/302 418/695/302
f 434/701/545 447/705/548 446/706/549 427/683/532
f 427/683/532 446/706/549 445/707/550 426/685/534
f 413/708/551 414/709/552 444/710/553 425/711/554
f 425/711/554 444/710/553 443/712/555 424/713/556
f 424/713/556 443/712/555 442/714/557 423/688/537
f 423/688/537 442/714/557 441/715/558 422/689/538
f 422/689/538 441/715/558 440/716/559 421/691/540
f 421/691/540 440/716/559 439/717/560 433/702/546
f 465/718/561 464/719/562 477/720/563 463/721/564
f 466/722/565 479/723/565 464/719/562 465/718/561
f 467/724/566 480/725/566 479/723/565 466/722/565
f 468/726/567 481/727/567 480/725/566 467/724/566
f 469/728/568 482/729/568 481/727/567 468/726/567
f 470/730/569 483/731/569 482/729/568 469/728/568
f 471/732/570 484/733/571 483/731/569 470/730/569
f 417/734/572 416/735/572 484/733/571 471/732/570
f 473/736/573 486/737/573 485/738/574 472/739/574
f 474/740/575 487/741/575 486/737/573 473/736/573
f 475/742/576 488/743/576 487/741/575 474/740/575
f 476/744/577 489/745/578 488/743/576 475/742/576
f 463/721/564 477/720/563 489/745/578 476/744/577
f 464/719/562 451/746/579 478/747/580 477/720/563
f 479/723/581 452/748/581 451/746/579 464/719/562
f 480/725/582 453/749/582 452/748/581 479/723/581
f 481/727/583 454/750/583 453/749/582 480/725/582
f 482/729/584 455/751/584 454/750/583 481/727/583
f 483/731/585 456/752/586 455/751/584 482/729/584
f 484/733/587 457/753/588 456/752/586 483/731/585
f 416/735/589 415/754/589 457/753/588 484/733/587
f 460/755/590 459/756/591 486/737/592 487/741/590
f 461/757/593 460/755/590 487/741/590 488/743/593
f 462/758/594 461/757/593 488/743/593 489/745/578
f 478/747/580 450/759/595 462/758/594 489/745/578 477/720/563
f 1078/760/596 1079/761/597 1110/762/597 1109/763/596
f 438/764/598 465/765/599 463/766/600 437/767/601
f 437/767/601 463/766/600 476/768/602 449/769/603
f 491/770/604 466/771/605 465/765/599 438/764/598
f 440/716/559 467/772/606 466/771/605 439/717/560
f 441/715/558 468/773/607 467/772/606 440/716/559
f 442/714/557 469/774/608 468/773/607 441/715/558
f 443/712/555 470/775/609 469/774/608 442/714/557
f 444/710/553 471/776/610 470/775/609 443/712/555
f 414/709/552 417/777/611 471/776/610 444/710/553
f 446/706/549 473/778/612 472/779/613 445/707/550
f 447/705/548 474/780/614 473/778/612 446/706/549
f 490/781/615 474/780/614 447/705/548 523/782/616
f 449/769/603 476/768/602 475/783/617 448/784/618
f 451/746/579 450/759/595 478/747/580
f 448/784/618 475/783/617 474/780/614 490/781/615
f 439/717/560 466/771/605 491/770/604 522/785/619
f 528/786/620 495/787/621 492/788/622 524/789/623
f 526/790/624 497/791/625 494/792/626 525/793/627
f 527/794/628 493/795/629 496/796/630 529/797/631
f 525/793/627 494/792/626 495/787/621 528/786/620
f 524/789/623 492/788/622 493/795/629 527/794/628
f 514/798/632 515/799/633 506/800/634 504/800/635
f 515/799/633 513/801/636 505/802/637 506/800/634
f 511/803/638 512/804/639 515/799/633 514/798/632
f 512/804/639 510/805/640 513/801/636 515/799/633
f 516/806/641 518/807/642 512/808/639 511/808/638
f 518/809/642 517/810/643 510/805/640 512/804/639
f 504/800/635 506/800/634 509/811/644 507/811/645
f 506/800/634 505/802/637 508/812/646 509/811/644
f 507/811/645 509/811/644 521/813/647 520/813/648
f 509/811/644 508/812/646 519/814/649 521/813/647
f 513/801/636 501/815/650 498/816/651 505/802/637
f 495/787/621 514/817/632 504/818/635 492/788/622
f 505/802/637 498/816/651 499/819/652 508/812/646
f 492/788/622 504/818/635 507/820/645 493/795/629
f 508/812/646 499/819/652 503/821/653 519/814/649
f 493/795/629 507/820/645 520/822/648 496/796/630
f 510/805/640 500/823/654 501/815/650 513/801/636
f 497/791/625 516/824/641 511/825/638 494/792/626
f 494/792/626 511/825/638 514/817/632 495/787/621
f 517/810/643 502/826/655 500/823/654 510/805/640
f 437/767/601 524/789/623 527/794/628 438/764/598
f 448/784/618 525/793/627 528/786/620 449/769/603
f 438/764/598 527/794/628 529/797/631 491/770/604
f 490/781/615 526/790/624 525/793/627 448/784/618
f 449/769/603 528/786/620 524/789/623 437/767/601
f 400/827/656 391/828/657 547/829/658 548/830/659
f 391/828/657 399/831/660 546/832/661 547/829/658
f 404/833/662 395/834/663 542/835/664 543/836/665
f 395/834/663 403/837/666 541/838/667 542/835/664
f 403/837/666 394/839/668 540/840/669 541/838/667
f 538/841/280 550/842/283 556/843/283 551/844/280
f 550/842/283 549/845/284 555/846/284 556/843/283
f 549/845/284 548/830/659 554/847/670 555/846/284
f 548/830/659 547/829/658 554/847/670
f 541/838/667 540/840/669 553/848/671
f 540/840/669 539/849/279 552/850/279 553/848/671
f 539/849/279 538/841/280 551/844/280 552/850/279
f 554/847/670 547/829/658 566/851/672 567/852/673
f 547/829/658 546/832/661 565/853/674 566/851/672
f 530/854/675 545/855/676 564/856/677 531/857/678
f 545/855/676 544/858/679 563/859/680 564/856/677
f 544/858/679 543/836/665 562/860/681 563/859/680
f 543/836/665 542/835/664 561/861/682 562/860/681
f 542/835/664 541/838/667 560/862/683 561/861/682
f 541/838/667 553/848/671 559/863/684 560/862/683
f 586/864/685 583/865/686 584/866/687 587/867/688
f 587/867/688 584/866/687 610/868/689 585/869/690
f 588/870/691 586/864/685 587/867/688 589/871/692
f 589/871/692 587/867/688 585/869/690 616/872/693
f 590/873/694 588/870/691 589/871/692 591/874/695
f 591/874/695 589/871/692 616/872/693 619/875/696
f 592/876/697 590/873/694 591/874/695 593/877/698
f 593/877/698 591/874/695 619/875/696 622/878/699
f 594/879/700 592/876/697 593/877/698 595/880/701
f 595/880/701 593/877/698 622/878/699 625/881/702
f 596/882/703 594/879/700 595/880/701 597/883/704
f 597/883/704 595/880/701 625/881/702 628/884/705
f 598/885/706 596/882/703 597/883/704 599/886/707
f 599/886/707 597/883/704 628/884/705 631/887/708
f 534/888/709 598/885/706 599/886/707 535/889/710
f 535/889/710 599/886/707 631/887/708 533/890/711
f 602/891/712 600/892/713 601/893/714 603/894/715
f 603/894/715 601/893/714 634/895/716 637/896/717
f 604/897/718 602/891/712 603/894/715 605/898/719
f 605/898/719 603/894/715 637/896/717 640/899/720
f 606/900/721 604/897/718 605/898/719 607/901/722
f 607/901/722 605/898/719 640/899/720 643/902/723
f 608/903/724 606/900/721 607/901/722 609/904/725
f 609/904/725 607/901/722 643/902/723 646/905/726
f 583/865/686 608/903/724 609/904/725 584/866/687
f 584/866/687 609/904/725 646/905/726 610/868/689
f 585/869/690 610/868/689 612/906/727 614/907/728
f 614/907/729 612/906/727 611/908/730 613/909/731
f 616/872/693 585/869/690 614/907/728 617/910/732
f 617/910/733 614/907/729 613/909/731 615/911/734
f 619/875/696 616/872/693 617/910/732 620/912/735
f 620/912/736 617/910/733 615/911/734 618/913/737
f 622/878/699 619/875/696 620/912/735 623/914/738
f 623/914/739 620/912/736 618/913/737 621/915/740
f 625/881/702 622/878/699 623/914/738 626/916/741
f 626/916/742 623/914/739 621/915/740 624/917/743
f 628/884/705 625/881/702 626/916/741 629/918/744
f 629/918/745 626/916/742 624/917/743 627/919/746
f 631/887/708 628/884/705 629/918/744 632/920/747
f 632/920/748 629/918/745 627/919/746 630/921/749
f 533/890/711 631/887/708 632/920/747 537/922/750
f 537/922/751 632/920/748 630/921/749 536/923/752
f 637/896/717 634/895/716 635/924/753 638/925/754
f 638/925/754 635/924/753 633/926/755 636/927/756
f 640/899/720 637/896/717 638/925/754 641/928/757
f 641/928/757 638/925/754 636/927/756 639/929/758
f 643/902/723 640/899/720 641/928/757 644/930/759
f 644/930/759 641/928/757 639/929/758 642/931/760
f 646/905/726 643/902/723 644/930/759 647/932/761
f 647/932/761 644/930/759 642/931/760 645/933/762
f 610/868/689 646/905/726 647/932/761 612/906/727
f 612/906/727 647/932/761 645/933/762 611/908/730
f 558/934/763 557/935/764 583/865/686 586/864/685
f 557/935/764 569/936/765 608/903/724 583/865/686
f 649/937/766 558/934/763 586/864/685 588/870/691
f 560/862/683 559/863/684 588/870/691 590/873/694
f 561/861/682 560/862/683 590/873/694 592/876/697
f 562/860/681 561/861/682 592/876/697 594/879/700
f 563/859/680 562/860/681 594/879/700 596/882/703
f 564/856/677 563/859/680 596/882/703 598/885/706
f 531/857/678 564/856/677 598/885/706 534/888/709
f 566/851/672 565/853/674 600/892/713 602/891/712
f 567/852/673 566/851/672 602/891/712 604/897/718
f 648/938/767 681/939/768 567/852/673 604/897/718
f 569/936/765 568/940/769 606/900/721 608/903/724
f 613/909/731 611/908/730 570/941/770 571/942/771
f 611/908/730 645/933/762 582/943/772 570/941/770
f 615/911/734 613/909/731 571/942/771 572/944/773
f 618/913/737 615/911/734 572/944/773 573/945/774
f 621/915/740 618/913/737 573/945/774 574/946/775
f 624/917/743 621/915/740 574/946/775 575/947/776
f 627/919/746 624/917/743 575/947/776 576/948/777
f 630/921/749 627/919/746 576/948/777 577/949/778
f 536/923/752 630/921/749 577/949/778 532/950/779
f 636/927/756 633/926/755 578/951/780 579/952/781
f 639/929/758 636/927/756 579/952/781 580/953/782
f 642/931/760 639/929/758 580/953/782 581/954/783
f 645/933/762 642/931/760 581/954/783 582/943/772
f 568/940/769 648/938/767 604/897/718 606/900/721
f 559/863/684 680/955/784 649/937/766 588/870/691
f 686/956/785 682/957/786 650/958/787 653/959/788
f 684/960/789 683/961/790 652/962/791 655/963/792
f 685/964/793 687/965/794 654/966/795 651/967/796
f 683/961/790 686/956/785 653/959/788 652/962/791
f 682/957/786 685/964/793 651/967/796 650/958/787
f 672/968/797 662/969/798 664/970/799 673/971/800
f 673/971/800 664/970/799 663/972/801 671/973/802
f 669/974/803 672/968/797 673/971/800 670/975/804
f 670/975/804 673/971/800 671/973/802 668/976/805
f 674/977/806 669/974/803 670/975/804 676/978/807
f 676/978/807 670/975/804 668/976/805 675/979/808
f 662/969/798 665/980/809 667/981/810 664/970/799
f 664/970/799 667/981/810 666/982/811 663/972/801
f 665/980/809 678/983/812 679/984/813 667/981/810
f 667/981/810 679/984/813 677/985/814 666/982/811
f 671/973/802 663/972/801 656/986/815 659/987/816
f 653/959/788 650/958/787 662/969/798 672/968/797
f 663/972/801 666/982/811 657/988/817 656/986/815
f 650/958/787 651/967/796 665/980/809 662/969/798
f 666/982/811 677/985/814 661/989/818 657/988/817
f 651/967/796 654/966/795 678/983/812 665/980/809
f 668/976/805 671/973/802 659/987/816 658/990/819
f 655/963/792 652/962/791 669/974/803 674/977/806
f 652/962/791 653/959/788 672/968/797 669/974/803
f 675/979/808 668/976/805 658/990/819 660/991/820
f 557/935/764 558/934/763 685/964/793 682/957/786
f 568/940/769 569/936/765 686/956/785 683/961/790
f 558/934/763 649/937/766 687/965/794 685/964/793
f 648/938/767 568/940/769 683/961/790 684/960/789
f 569/936/765 557/935/764 682/957/786 686/956/785
f 411/992/821 420/993/821 540/994/821 394/995/821
f 423/996/822 409/997/822 404/998/822 543/999/822
f 406/1000/823 426/1001/824 546/1002/824 399/1003/823
f 428/1004/825 407/1005/825 400/1006/825 548/1007/825
f 418/1008/22 430/1009/22 550/1010/22 538/1011/22
f 430/1009/22 429/1012/22 549/1013/22 550/1010/22
f 429/1012/22 428/1014/22 548/1015/22 549/1013/22
f 413/1016/22 425/1017/22 545/1018/22 530/1019/22
f 425/1017/22 424/1020/22 544/1021/22 545/1018/22
f 424/1020/22 423/1022/22 543/1023/22 544/1021/22
f 420/1024/22 419/1025/22 539/1026/22 540/1027/22
f 419/1025/22 418/1008/22 538/1011/22 539/1026/22
f 433/1028/826 439/1029/827 559/1030/827 553/1031/826
f 426/1001/824 445/1032/828 565/1033/829 546/1002/824
f 447/1034/830 434/1035/830 554/1036/830 567/1037/830
f 436/1038/831 431/1039/831 551/1040/831 556/1041/831
f 435/1042/831 436/1038/831 556/1041/831 555/1043/831
f 434/1044/832 435/1042/831 555/1043/831 554/1045/832
f 432/1046/832 433/1047/833 553/1048/833 552/1049/832
f 431/1039/831 432/1046/832 552/1049/832 551/1040/831
f 439/1029/827 522/1050/834 680/1051/834 559/1030/827
f 450/1052/835 451/1053/836 571/1054/837 570/1055/838
f 451/1053/836 452/1056/839 572/1057/840 571/1054/837
f 452/1056/839 453/1058/841 573/1059/841 572/1057/840
f 453/1058/841 454/1060/842 574/1061/842 573/1059/841
f 454/1060/842 455/1062/843 575/1063/844 574/1061/842
f 455/1062/843 456/1064/845 576/1065/845 575/1063/844
f 456/1064/845 457/1066/846 577/1067/847 576/1065/845
f 457/1066/846 415/1068/848 532/1069/849 577/1067/847
f 458/1070/850 459/1071/851 579/1072/851 578/1073/850
f 459/1071/851 460/1074/852 580/1075/852 579/1072/851
f 460/1074/852 461/1076/853 581/1077/853 580/1075/852
f 461/1076/853 462/1078/854 582/1079/854 581/1077/853
f 462/1078/854 450/1052/835 570/1055/838 582/1079/854
f 472/1080/855 601/1081/856 600/1082/857
f 485/1083/858 635/1084/859 634/1085/860
f 485/1083/858 458/1086/861 633/1087/862 635/1084/859
f 445/1032/828 472/1080/855 600/1082/857 565/1033/829
f 458/1086/861 578/1088/863 633/1087/862
f 472/1080/855 485/1083/858 634/1085/860 601/1081/856
f 490/1089/864 523/1090/865 681/1091/865 648/1092/864
f 526/1093/866 490/1094/867 648/1095/867 684/1096/866
f 529/1097/868 496/1098/869 654/1099/869 687/1100/868
f 498/1101/870 501/1102/871 659/1103/871 656/1104/870
f 501/1102/871 500/1105/872 658/1106/872 659/1103/871
f 500/1105/872 502/1107/873 660/1108/873 658/1106/872
f 499/1109/874 498/1101/870 656/1104/870 657/1110/875
f 503/1111/876 499/1109/874 657/1110/875 661/1112/876
f 518/807/877 516/806/878 674/1113/878 676/1114/879
f 517/1115/880 518/807/877 676/1114/879 675/1116/880
f 520/1117/881 521/1118/882 679/1119/882 678/1120/883
f 521/1118/882 519/1121/884 677/1122/885 679/1119/882
f 519/1121/884 503/1123/886 661/1124/886 677/1122/885
f 496/1098/869 520/1117/881 678/1120/883 654/1099/869
f 516/806/878 497/1125/887 655/1126/888 674/1113/878
f 502/1127/889 517/1115/880 675/1116/880 660/1128/889
f 522/1050/834 491/1129/890 649/1130/890 680/1051/834
f 523/1090/865 447/1131/891 567/1132/891 681/1091/865
f 497/1125/887 526/1093/866 684/1096/866 655/1126/888
f 491/1133/892 529/1097/868 687/1100/868 649/1134/892
f 158/214/164 93/213/163 85/215/22
f 170/230/179 97/229/178 85/215/22
f 185/244/193 101/243/192 85/215/22
f 198/258/207 106/257/206 85/215/22
f 211/272/221 111/271/220 85/215/22
f 223/286/235 116/285/234 85/215/22
f 238/300/249 121/299/248 85/215/22
f 251/314/263 125/313/262 85/215/22
f 848/1135/893 837/1136/893 697/1137/894 760/1138/894
f 900/1139/895 889/1140/895 14/1141/5 1/1142/5
f 869/1143/896 873/65/23 784/1144/897 770/1145/897
f 820/1146/898 821/72/29 788/1147/899 689/1148/899
f 134/1149/900 1503/1150/901 1504/499/368
f 847/1151/902 781/1152/903 708/1153/903 838/1154/902
f 890/1155/904 20/1156/15 33/1157/15 891/1158/904
f 872/1159/905 700/1160/906 791/1161/906 874/1162/907
f 819/1163/908 779/1164/909 795/1165/909 822/1166/910
f 901/1167/22 903/1168/22 24/35/22 5/34/22
f 875/1169/22 877/1170/22 701/1171/22 690/1172/22
f 861/1173/22 862/1174/22 702/1175/22 691/1176/22
f 919/1177/22 921/1178/22 703/1179/22 692/1180/22
f 913/1181/22 915/1182/22 704/1183/22 693/1184/22
f 824/1185/22 825/1186/22 705/1187/22 694/1188/22
f 809/1189/22 810/1190/22 706/1191/22 695/1192/22
f 907/1193/22 909/1194/22 707/1195/22 696/1196/22
f 787/471/353 1562/473/354 1563/1197/911
f 837/1198/912 838/1199/912 708/1200/913 697/1201/914
f 1563/1197/911 1548/80/35 835/1202/915
f 889/1203/916 891/1204/916 33/84/38 14/83/38
f 920/1205/917 922/1206/917 709/1207/918 698/1208/919
f 1551/1209/354 1549/1210/354 688/1211/920
f 908/1212/921 910/1213/921 37/99/50 18/98/50
f 1344/1214/922 800/1215/923 43/103/53 1320/102/52
f 1376/1216/924 801/1217/925 42/107/57 1352/106/56
f 1028/1218/926 802/1219/927 41/111/61 389/110/60
f 1345/1220/928 812/1221/929 714/1222/930 1337/1223/931
f 1377/1224/932 813/1225/933 713/1226/934 1369/1227/935
f 1036/1228/936 814/1229/937 712/1230/938 1021/1231/939
f 1346/1232/940 827/1233/941 719/1234/942 1338/1235/943
f 1378/1236/944 828/1237/945 718/1238/946 1370/1239/947
f 1037/1240/948 829/1241/949 717/1242/950 1040/1243/951
f 1347/1244/952 840/1245/953 724/1246/954 1339/1247/955
f 1379/1248/956 841/1249/957 723/1250/958 1371/1251/959
f 1031/1252/960 842/1253/961 722/1254/962 1023/1255/963
f 1348/1256/964 852/1257/965 729/1258/966 1340/1259/967
f 1380/1260/968 853/1261/969 728/1262/970 1372/1263/971
f 1032/1264/972 854/1265/973 727/1266/974 1024/1267/975
f 1349/1268/976 864/1269/977 734/1270/978 1341/1271/979
f 1381/1272/980 865/1273/981 733/1274/982 1373/1275/983
f 1038/1276/984 866/1277/985 732/1278/986 1041/1279/987
f 1350/1280/988 879/1281/989 739/1282/990 1342/1283/991
f 1382/1284/992 880/1285/993 738/1286/994 1374/1287/995
f 1039/1288/996 881/1289/997 737/1290/998 1042/1291/999
f 1351/1292/1000 893/1293/1001 744/1294/1002 1343/1295/1003
f 1383/1296/1004 894/1297/1005 743/1298/1006 1375/1299/1007
f 1035/1300/1008 895/1301/1009 742/1302/1010 1027/1303/1011
f 287/1304/147 285/1305/150 931/1306/1012 934/1307/1013
f 1440/1308/1014 804/1309/1015 746/1310/1016 1433/1311/1017
f 1472/1312/1018 807/1313/1019 747/1314/1020 1465/1315/1021
f 808/1316/1022 805/1317/1023 748/1318/1024 778/1319/1025
f 805/1317/1023 806/1320/1026 749/1321/1027 748/1318/1024
f 806/1320/1026 88/216/165 85/215/22
f 1441/1322/1028 816/1323/1029 751/1324/1030 1434/1325/1031
f 1473/1326/1032 820/1327/1033 689/1328/1034 1470/1329/1035
f 819/1330/1036 817/1331/1037 752/1332/1038 779/1333/1039
f 817/1331/1037 818/1334/1040 753/1335/1041 752/1332/1038
f 818/1334/1040 749/1321/1027 85/215/22
f 1442/1336/1042 831/1337/1043 755/1338/1044 1435/1339/1045
f 1474/1340/1046 823/1341/1047 688/1342/1048 1471/1343/1049
f 834/1344/1050 832/1345/1051 756/1346/1052 780/1347/1053
f 832/1345/1051 833/1348/1054 757/1349/1055 756/1346/1052
f 833/1348/1054 753/1335/1041 85/215/22
f 1443/1350/1056 844/1351/1057 759/1352/1058 1436/1353/1059
f 1475/1354/1060 848/1355/1061 760/1356/1062 1466/1357/1063
f 847/1358/1064 845/1359/1065 761/1360/1066 781/1361/1067
f 845/1359/1065 846/1362/1068 762/1363/1069 761/1360/1066
f 846/1362/1068 757/1349/1055 85/215/22
f 1444/1364/1070 856/1365/1071 764/1366/1072 1437/1367/1073
f 1476/1368/1074 857/1369/1075 765/1370/1076 1467/1371/1077
f 860/1372/1078 858/1373/1079 766/1374/1080 782/1375/1081
f 858/1373/1079 859/1376/1082 767/1377/1083 766/1374/1080
f 859/1376/1082 762/1363/1069 85/215/22
f 1445/1378/1084 868/1379/1085 769/1380/1086 1438/1381/1087
f 1477/1382/1088 869/1383/1089 770/1384/1090 1468/1385/1091
f 872/1386/1092 870/1387/1093 771/1388/1094 700/1389/1095
f 870/1387/1093 871/1390/1096 772/1391/1097 771/1388/1094
f 871/1390/1096 767/1377/1083 85/215/22
f 1446/1392/1098 883/1393/1099 774/1394/1100 1439/1395/1101
f 1478/1396/1102 884/1397/1103 775/1398/1104 1469/1399/1105
f 876/1400/1106 885/1401/1107 776/1402/1108 699/1403/1109
f 885/1401/1107 886/1404/1110 777/1405/1111 776/1402/1108
f 886/1404/1110 772/1391/1097 85/215/22
f 1447/1406/1112 897/1407/1113 123/1408/252 1424/1409/251
f 1479/1410/1114 900/1411/1115 1/1412/256 1456/1413/255
f 890/1414/1116 898/1415/1117 124/311/260 20/310/259
f 898/1415/1117 899/1416/1118 125/313/262 124/311/260
f 899/1416/1118 777/1405/1111 85/215/22
f 980/1417/1119 956/1418/306 955/1419/305 1011/1420/1120
f 324/319/268 306/322/271 946/1421/292 991/1422/1121
f 902/1423/1122 905/1424/1122 131/1425/273 17/1426/273
f 905/1427/309 783/1428/310 690/1429/310 901/1430/309
f 1557/476/356 1540/89/43 887/1431/1123
f 887/1432/307 784/1433/308 691/1434/308 875/1435/307
f 873/1436/305 785/1437/306 692/1438/306 861/1439/305
f 1547/484/361 1545/68/26 869/1143/896
f 923/1440/301 786/1441/302 693/1442/302 919/1443/301
f 914/1444/1124 917/1445/1124 786/1446/1125 698/1447/1125
f 917/1448/299 787/1449/300 694/1450/300 913/1451/299
f 747/1452/1126 1536/1453/357 1538/1454/357
f 835/1455/297 788/1456/298 695/1457/298 824/1458/297
f 821/1459/295 789/1460/296 696/1461/296 809/1462/295
f 239/354/285 1500/356/287 132/505/371
f 911/1463/292 139/368/271 13/367/271 907/1464/292
f 906/1465/270 140/1466/271 24/1467/271 903/1468/270
f 904/1469/1127 36/1470/294 140/1471/294 906/1472/1127
f 888/1473/290 790/1474/291 701/1475/291 877/1476/290
f 2/447/335 1492/1477/336 1494/448/336
f 874/1478/288 791/1479/289 702/1480/289 862/1481/288
f 924/1482/283 792/1483/284 703/1484/284 921/1485/283
f 918/1486/279 793/1487/280 704/1488/280 915/1489/279
f 916/1490/1128 709/1491/1129 793/1492/1129 918/1493/1128
f 836/1494/266 794/1495/267 705/1496/267 825/1497/266
f 1539/1498/1130 1537/73/30 820/1146/898
f 822/1499/276 795/1500/277 706/1501/277 810/1502/276
f 912/1503/274 796/1504/275 707/1505/275 909/1506/274
f 1015/1507/1131 957/1508/307 960/1509/310 988/1510/1132
f 1011/1420/1120 955/1419/305 958/1511/308 984/1512/1133
f 995/1513/1134 947/1514/295 950/1515/298 968/1516/1135
f 87/419/316 88/216/165 806/1320/1026 805/1317/1023
f 23/420/317 87/419/316 805/1317/1023 808/1316/1022
f 1453/421/318 4/422/319 807/1313/1019 1472/1312/1018
f 1416/423/320 86/424/321 804/1309/1015 1440/1308/1014
f 1021/1231/939 712/1230/938 802/1219/927 1028/1218/926
f 1369/1227/935 713/1226/934 801/1217/925 1376/1216/924
f 1337/1223/931 714/1222/930 800/1215/923 1344/1214/922
f 15/425/322 34/428/322 798/1517/1136 797/1518/1136
f 23/429/324 808/1519/1137 798/1520/1137 34/430/324
f 4/433/326 15/436/326 797/1521/1138 807/1522/1138
f 796/1504/275 822/1499/276 810/1502/276 707/1505/275
f 788/1456/298 821/1459/295 809/1462/295 695/1457/298
f 221/9/6 1490/1523/1139 109/1524/1140
f 748/1318/1024 749/1321/1027 818/1334/1040 817/1331/1037
f 778/1319/1025 748/1318/1024 817/1331/1037 819/1330/1036
f 1465/1315/1021 747/1314/1020 820/1327/1033 1473/1326/1032
f 1433/1311/1017 746/1310/1016 816/1323/1029 1441/1322/1028
f 1040/1243/951 717/1242/950 814/1229/937 1036/1228/936
f 1370/1239/947 718/1238/946 813/1225/933 1377/1224/932
f 1338/1235/943 719/1234/942 812/1221/929 1345/1220/928
f 696/1196/22 707/1195/22 810/1190/22 809/1189/22
f 795/1500/277 836/1494/266 825/1497/266 706/1501/277
f 787/1449/300 835/1455/297 824/1458/297 694/1450/300
f 968/1516/1135 950/1515/298 949/1525/297 999/1526/1141
f 752/1332/1038 753/1335/1041 833/1348/1054 832/1345/1051
f 779/1333/1039 752/1332/1038 832/1345/1051 834/1344/1050
f 1470/1329/1035 689/1328/1034 823/1341/1047 1474/1340/1046
f 1434/1325/1031 751/1324/1030 831/1337/1043 1442/1336/1042
f 1023/1255/963 722/1254/962 829/1241/949 1037/1240/948
f 1371/1251/959 723/1250/958 828/1237/945 1378/1236/944
f 1339/1247/955 724/1246/954 827/1233/941 1346/1232/940
f 695/1192/22 706/1191/22 825/1186/22 824/1185/22
f 779/1164/909 834/1527/1142 836/1528/1143 795/1165/909
f 689/1148/899 788/1147/899 835/1202/915 823/79/34
f 991/1422/1121 946/1421/292 948/1529/296 964/1530/1144
f 756/1346/1052 757/1349/1055 846/1362/1068 845/1359/1065
f 780/1347/1053 756/1346/1052 845/1359/1065 847/1358/1064
f 1471/1343/1049 688/1342/1048 848/1355/1061 1475/1354/1060
f 1435/1339/1045 755/1338/1044 844/1351/1057 1443/1350/1056
f 1024/1267/975 727/1266/974 842/1253/961 1031/1252/960
f 1372/1263/971 728/1262/970 841/1249/957 1379/1248/956
f 1340/1259/967 729/1258/966 840/1245/953 1347/1244/952
f 134/1149/900 1502/1531/901 1503/1150/901
f 823/79/34 1550/81/36 688/1211/920
f 976/1532/1145 954/1533/302 953/1534/301 1007/1535/1146
f 761/1360/1066 762/1363/1069 859/1376/1082 858/1373/1079
f 781/1361/1067 761/1360/1066 858/1373/1079 860/1372/1078
f 1466/1357/1063 760/1356/1062 857/1369/1075 1476/1368/1074
f 1436/1353/1059 759/1352/1058 856/1365/1071 1444/1364/1070
f 1041/1279/987 732/1278/986 854/1265/973 1032/1264/972
f 1373/1275/983 733/1274/982 853/1261/969 1380/1260/968
f 1341/1271/979 734/1270/978 852/1257/965 1348/1256/964
f 697/1201/914 708/1200/913 850/1536/1147 849/1537/1147
f 781/1152/903 860/1538/1148 850/1539/1148 708/1153/903
f 760/1138/894 697/1137/894 849/1540/1149 857/1541/1149
f 792/1483/284 874/1478/288 862/1481/288 703/1484/284
f 784/1433/308 873/1436/305 861/1439/305 691/1434/308
f 1003/1542/1150 951/1543/299 954/1533/302 976/1532/1145
f 766/1374/1080 767/1377/1083 871/1390/1096 870/1387/1093
f 782/1375/1081 766/1374/1080 870/1387/1093 872/1386/1092
f 1467/1371/1077 765/1370/1076 869/1383/1089 1477/1382/1088
f 1437/1367/1073 764/1366/1072 868/1379/1085 1445/1378/1084
f 1042/1291/999 737/1290/998 866/1277/985 1038/1276/984
f 1374/1287/995 738/1286/994 865/1273/981 1381/1272/980
f 1342/1283/991 739/1282/990 864/1269/977 1349/1268/976
f 692/1180/22 703/1179/22 862/1174/22 861/1173/22
f 791/1479/289 888/1473/290 877/1476/290 702/1480/289
f 783/1428/310 887/1432/307 875/1435/307 690/1429/310
f 771/1388/1094 772/1391/1097 886/1404/1110 885/1401/1107
f 700/1389/1095 771/1388/1094 885/1401/1107 876/1400/1106
f 1468/1385/1091 770/1384/1090 884/1397/1103 1478/1396/1102
f 1438/1381/1087 769/1380/1086 883/1393/1099 1446/1392/1098
f 1027/1303/1011 742/1302/1010 881/1289/997 1039/1288/996
f 1375/1299/1007 743/1298/1006 880/1285/993 1382/1284/992
f 1343/1295/1003 744/1294/1002 879/1281/989 1350/1280/988
f 691/1176/22 702/1175/22 877/1170/22 875/1169/22
f 700/1160/906 876/1544/1151 888/1545/1152 791/1161/906
f 770/1145/897 784/1144/897 887/1431/1123 884/86/40
f 776/1402/1108 777/1405/1111 899/1416/1118 898/1415/1117
f 699/1403/1109 776/1402/1108 898/1415/1117 890/1414/1116
f 1469/1399/1105 775/1398/1104 900/1411/1115 1479/1410/1114
f 1439/1395/1101 774/1394/1100 897/1407/1113 1447/1406/1112
f 397/1546/347 81/1547/348 895/1301/1009 1035/1300/1008
f 1360/1548/349 82/1549/350 894/1297/1005 1383/1296/1004
f 1328/1550/351 83/1551/352 893/1293/1001 1351/1292/1000
f 790/1474/291 906/1465/270 903/1468/270 701/1475/291
f 131/1552/359 905/1427/309 901/1430/309 5/1553/359
f 821/72/29 1553/74/31 789/479/358
f 17/485/362 36/488/362 904/1554/1153 902/1555/1153
f 690/1172/22 701/1171/22 903/1168/22 901/1167/22
f 37/489/364 910/1556/1154 912/1557/1154 148/490/364
f 148/493/359 912/1503/274 909/1506/274 32/494/359
f 789/1460/296 911/1463/292 907/1464/292 696/1461/296
f 18/495/366 139/498/366 911/1558/1155 908/1559/1156
f 765/482/360 1544/1560/355 1546/483/355
f 13/501/22 32/502/22 909/1194/22 907/1193/22
f 747/1452/1126 1538/1454/357 1539/1498/1130
f 794/1495/267 918/1486/279 915/1489/279 705/1496/267
f 786/1441/302 917/1448/299 913/1451/299 693/1442/302
f 1507/1561/336 1505/1562/336 136/96/48
f 698/1208/919 709/1207/918 916/1563/1157 914/1564/1157
f 694/1188/22 705/1187/22 915/1182/22 913/1181/22
f 709/1491/1129 922/1565/1158 924/1566/1158 793/1492/1129
f 793/1487/280 924/1482/283 921/1485/283 704/1488/280
f 785/1437/306 923/1440/301 919/1443/301 692/1438/306
f 698/1447/1125 786/1446/1125 923/1567/1159 920/1568/1159
f 1498/506/372 1480/1569/1160 173/16/11
f 693/1184/22 704/1183/22 921/1178/22 919/1177/22
f 942/1570/1161 941/562/416 927/565/416 928/1571/1161
f 929/1572/1162 928/1573/1163 936/1574/1164 932/543/404
f 928/1573/1163 927/1575/1165 938/1576/1166 936/1574/1164
f 938/1576/1166 927/1575/1165 926/529/390 933/532/393
f 935/531/392 925/530/391 277/527/388 290/526/387
f 931/1306/1012 930/1577/1167 937/542/403 934/1307/1013
f 937/542/403 930/1577/1167 929/1572/1162 932/543/404
f 740/1578/1168 934/1307/1013 937/542/403 735/545/406
f 287/1304/147 934/1307/1013 740/1578/1168 79/1579/398
f 935/531/392 290/526/387 39/539/400 710/1580/1169
f 725/1581/1170 936/1574/1164 938/1576/1166 720/1582/1171
f 291/525/386 278/528/389 279/524/385 288/523/384
f 730/544/405 932/543/404 936/1574/1164 725/1581/1170
f 715/1583/1172 933/532/393 935/531/392 710/1580/1169
f 938/1576/1166 933/532/393 715/1583/1172 720/1582/1171
f 943/1584/1173 942/1570/1161 928/1571/1161 929/1585/1173
f 944/1586/1174 943/1584/1173 929/1585/1173 930/1587/1174
f 945/1588/1175 944/1586/1174 930/1587/1174 931/1589/1175
f 925/1590/1176 939/1591/1176 295/556/413 277/555/413
f 303/1592/414 945/1588/1175 931/1589/1175 285/1593/414
f 926/564/417 940/563/417 939/1591/1176 925/1590/1176
f 999/1526/1141 949/1525/297 952/1594/300 972/1595/1177
f 1007/1535/1146 953/1534/301 956/1418/306 980/1417/1119
f 988/1510/1132 960/1509/310 959/1596/309 1019/1597/1178
f 984/1512/1133 958/1511/308 957/1508/307 1015/1507/1131
f 972/1595/1177 952/1594/300 951/1543/299 1003/1542/1150
f 964/1530/1144 948/1529/296 947/1514/295 995/1513/1134
f 1019/1597/1178 959/1596/309 304/1598/359 356/1599/420
f 986/1600/1179 988/1510/1132 1019/1597/1178 1017/1601/1180
f 960/1509/310 987/1602/1181 1020/1603/1182 959/1596/309
f 987/1602/1181 985/1604/1183 1018/1605/1184 1020/1603/1182
f 982/1606/1185 984/1512/1133 1015/1507/1131 1013/1607/1186
f 958/1511/308 983/1608/1187 1016/1609/1188 957/1508/307
f 983/1608/1187 981/1610/1189 1014/1611/1190 1016/1609/1188
f 978/1612/1191 980/1417/1119 1011/1420/1120 1009/1613/1192
f 956/1418/306 979/1614/1193 1012/1615/1194 955/1419/305
f 979/1614/1193 977/1616/1195 1010/1617/1196 1012/1615/1194
f 974/1618/1197 976/1532/1145 1007/1535/1146 1005/1619/1198
f 954/1533/302 975/1620/1199 1008/1621/1200 953/1534/301
f 975/1620/1199 973/1622/1201 1006/1623/1202 1008/1621/1200
f 970/1624/1203 972/1595/1177 1003/1542/1150 1001/1625/1204
f 952/1594/300 971/1626/1205 1004/1627/1206 951/1543/299
f 971/1626/1205 969/1628/1207 1002/1629/1208 1004/1627/1206
f 966/1630/1209 968/1516/1135 999/1526/1141 997/1631/1210
f 950/1515/298 967/1632/1211 1000/1633/1212 949/1525/297
f 967/1632/1211 965/1634/1213 998/1635/1214 1000/1633/1212
f 962/1636/1215 964/1530/1144 995/1513/1134 993/1637/1216
f 948/1529/296 963/1638/1217 996/1639/1218 947/1514/295
f 963/1638/1217 961/1640/1219 994/1641/1220 996/1639/1218
f 322/614/463 324/319/268 991/1422/1121 989/1642/1221
f 306/322/271 323/617/466 992/1643/1222 946/1421/292
f 323/617/466 321/619/468 990/1644/1223 992/1643/1222
f 1017/1601/1180 1019/1597/1178 356/1599/420 354/1645/469
f 959/1596/309 1020/1603/1182 355/1646/470 304/1598/359
f 1020/1603/1182 1018/1605/1184 353/1647/471 355/1646/470
f 1013/1607/1186 1015/1507/1131 988/1510/1132 986/1600/1179
f 957/1508/307 1016/1609/1188 987/1602/1181 960/1509/310
f 1016/1609/1188 1014/1611/1190 985/1604/1183 987/1602/1181
f 1009/1613/1192 1011/1420/1120 984/1512/1133 982/1606/1185
f 955/1419/305 1012/1615/1194 983/1608/1187 958/1511/308
f 1012/1615/1194 1010/1617/1196 981/1610/1189 983/1608/1187
f 1005/1619/1198 1007/1535/1146 980/1417/1119 978/1612/1191
f 953/1534/301 1008/1621/1200 979/1614/1193 956/1418/306
f 1008/1621/1200 1006/1623/1202 977/1616/1195 979/1614/1193
f 1001/1625/1204 1003/1542/1150 976/1532/1145 974/1618/1197
f 951/1543/299 1004/1627/1206 975/1620/1199 954/1533/302
f 1004/1627/1206 1002/1629/1208 973/1622/1201 975/1620/1199
f 997/1631/1210 999/1526/1141 972/1595/1177 970/1624/1203
f 949/1525/297 1000/1633/1212 971/1626/1205 952/1594/300
f 1000/1633/1212 998/1635/1214 969/1628/1207 971/1626/1205
f 993/1637/1216 995/1513/1134 968/1516/1135 966/1630/1209
f 947/1514/295 996/1639/1218 967/1632/1211 950/1515/298
f 996/1639/1218 994/1641/1220 965/1634/1213 967/1632/1211
f 989/1642/1221 991/1422/1121 964/1530/1144 962/1636/1215
f 946/1421/292 992/1643/1222 963/1638/1217 948/1529/296
f 992/1643/1222 990/1644/1223 961/1640/1219 963/1638/1217
f 322/614/463 989/1642/1221 799/1648/1224 40/623/472
f 84/625/474 803/1649/1225 990/1644/1223 321/619/468
f 803/1649/1225 745/1650/1226 961/1640/1219 990/1644/1223
f 962/1636/1215 993/1637/1216 811/1651/1227 711/1652/1228
f 745/1650/1226 815/1653/1229 994/1641/1220 961/1640/1219
f 989/1642/1221 962/1636/1215 711/1652/1228 799/1648/1224
f 815/1653/1229 750/1654/1230 965/1634/1213 994/1641/1220
f 966/1630/1209 997/1631/1210 826/1655/1231 716/1656/1232
f 750/1654/1230 830/1657/1233 998/1635/1214 965/1634/1213
f 993/1637/1216 966/1630/1209 716/1656/1232 811/1651/1227
f 830/1657/1233 754/1658/1234 969/1628/1207 998/1635/1214
f 970/1624/1203 1001/1625/1204 839/1659/1235 721/1660/1236
f 754/1658/1234 843/1661/1237 1002/1629/1208 969/1628/1207
f 997/1631/1210 970/1624/1203 721/1660/1236 826/1655/1231
f 843/1661/1237 758/1662/1238 973/1622/1201 1002/1629/1208
f 974/1618/1197 1005/1619/1198 851/1663/1239 726/1664/1240
f 758/1662/1238 855/1665/1241 1006/1623/1202 973/1622/1201
f 1001/1625/1204 974/1618/1197 726/1664/1240 839/1659/1235
f 855/1665/1241 763/1666/1242 977/1616/1195 1006/1623/1202
f 978/1612/1191 1009/1613/1192 863/1667/1243 731/1668/1244
f 763/1666/1242 867/1669/1245 1010/1617/1196 977/1616/1195
f 1005/1619/1198 978/1612/1191 731/1668/1244 851/1663/1239
f 867/1669/1245 768/1670/1246 981/1610/1189 1010/1617/1196
f 982/1606/1185 1013/1607/1186 878/1671/1247 736/1672/1248
f 768/1670/1246 882/1673/1249 1014/1611/1190 981/1610/1189
f 1009/1613/1192 982/1606/1185 736/1672/1248 863/1667/1243
f 882/1673/1249 773/1674/1250 985/1604/1183 1014/1611/1190
f 986/1600/1179 1017/1601/1180 892/1675/1251 741/1676/1252
f 773/1674/1250 896/1677/1253 1018/1605/1184 985/1604/1183
f 1013/1607/1186 986/1600/1179 741/1676/1252 878/1671/1247
f 896/1677/1253 122/1678/504 353/1647/471 1018/1605/1184
f 1017/1601/1180 354/1645/469 80/1679/505 892/1675/1251
f 1392/1680/506 397/1546/347 1035/1300/1008 1415/1681/1254
f 1407/1682/1255 1027/1303/1011 1034/1683/1256 1414/1684/1257
f 1406/1685/1258 1026/1686/1259 1033/1687/1260 1413/1688/1261
f 1405/1689/1262 1025/1690/1263 1032/1264/972 1412/1691/1264
f 1404/1692/1265 1024/1267/975 1031/1252/960 1411/1693/1266
f 1403/1694/1267 1023/1255/963 1030/1695/1268 1410/1696/1269
f 1402/1697/1270 1022/1698/1271 1029/1699/1272 1409/1700/1273
f 1401/1701/1274 1021/1231/939 1028/1218/926 1408/1702/1275
f 1415/1681/1254 1035/1300/1008 1027/1303/1011 1407/1682/1255
f 1414/1684/1257 1034/1683/1256 1026/1686/1259 1406/1685/1258
f 1413/1688/1261 1033/1687/1260 1025/1690/1263 1405/1689/1262
f 1412/1691/1264 1032/1264/972 1024/1267/975 1404/1692/1265
f 1411/1693/1266 1031/1252/960 1023/1255/963 1403/1694/1267
f 1410/1696/1269 1030/1695/1268 1022/1698/1271 1402/1697/1270
f 1409/1700/1273 1029/1699/1272 1021/1231/939 1401/1701/1274
f 1408/1702/1275 1028/1218/926 389/110/60 1384/680/529
f 1027/1303/1011 1039/1288/996 1034/1683/1256
f 1025/1690/1263 1041/1279/987 1032/1264/972
f 1023/1255/963 1037/1240/948 1030/1695/1268
f 1029/1699/1272 1036/1228/936 1021/1231/939
f 1037/1703/1276 1040/1704/1277 1052/1705/1278 1053/1706/1279
f 1040/1704/1277 1036/1707/1280 1051/1708/1281 1052/1705/1278
f 1039/1709/1282 1042/1710/1283 1047/1711/1284 1048/1712/1285
f 1042/1710/1283 1038/1713/1286 1046/1714/1287 1047/1711/1284
f 1038/1713/1286 1041/1715/1288 1045/1716/1289 1046/1714/1287
f 1043/1717/280 1055/1718/279 1061/1719/279 1056/1720/280
f 1055/1718/279 1054/1721/1290 1060/1722/1291 1061/1719/279
f 1054/1721/1290 1053/1706/1279 1059/1723/1292 1060/1722/1291
f 1053/1706/1279 1052/1705/1278 1059/1723/1292
f 1046/1714/1287 1045/1716/1289 1058/1724/1293
f 1045/1716/1289 1044/1725/1294 1057/1726/1294 1058/1724/1293
f 1044/1725/1294 1043/1717/280 1056/1720/280 1057/1726/1294
f 1059/1723/1292 1052/1705/1278 1071/1727/1295 1072/1728/1296
f 1052/1705/1278 1051/1708/1281 1070/1729/1297 1071/1727/1295
f 413/708/551 1050/1730/1298 1069/1731/1299 414/709/552
f 1050/1730/1298 1049/1732/1300 1068/1733/1301 1069/1731/1299
f 1049/1732/1300 1048/1712/1285 1067/1734/1302 1068/1733/1301
f 1048/1712/1285 1047/1711/1284 1066/1735/1303 1067/1734/1302
f 1047/1711/1284 1046/1714/1287 1065/1736/1304 1066/1735/1303
f 1046/1714/1287 1058/1724/1293 1064/1737/1305 1065/1736/1304
f 1085/1738/1306 1083/1739/1307 1097/1740/1308 1084/1741/1309
f 1086/1742/1310 1085/1738/1306 1084/1741/1309 1098/1743/1310
f 1087/1744/1311 1086/1742/1310 1098/1743/1310 1100/1745/1311
f 1088/1746/1312 1087/1744/1311 1100/1745/1311 1102/1747/1312
f 1089/1748/1313 1088/1746/1312 1102/1747/1312 1104/1749/1313
f 1090/1750/1314 1089/1748/1313 1104/1749/1313 1106/1751/1315
f 1091/1752/1316 1090/1750/1314 1106/1751/1315 1108/1753/1317
f 417/734/572 1091/1752/1316 1108/1753/1317 416/735/572
f 1093/1754/1318 1092/1755/1319 1109/763/1319 1110/762/1318
f 1094/1756/1320 1093/1754/1318 1110/762/1318 1111/1757/1320
f 1095/1758/1321 1094/1756/1320 1111/1757/1320 1112/1759/1321
f 1096/1760/1322 1095/1758/1321 1112/1759/1321 1113/1761/1323
f 1083/1739/1307 1096/1760/1322 1113/1761/1323 1097/1740/1308
f 1098/1743/1324 1084/1741/1309 1076/1762/1325 1077/1763/1326
f 1100/1745/1327 1098/1743/1324 1077/1763/1326 1099/1764/1328
f 1102/1747/1329 1100/1745/1327 1099/1764/1328 1101/1765/1330
f 1104/1749/1331 1102/1747/1329 1101/1765/1330 1103/1766/1331
f 1106/1751/1332 1104/1749/1331 1103/1766/1331 1105/1767/1332
f 1108/1753/1333 1106/1751/1332 1105/1767/1332 1107/1768/1334
f 416/735/589 1108/1753/1333 1107/1768/1334 415/754/589
f 1079/761/597 1080/1769/1335 1111/1757/1335 1110/762/597
f 1080/1769/1335 1081/1770/1336 1112/1759/1336 1111/1757/1335
f 1081/1770/1336 1082/1771/1337 1113/1761/1323 1112/1759/1336
f 1082/1771/1337 1075/1772/1338 1097/1740/1308 1113/1761/1323
f 1075/1772/1338 1076/1762/1325 1084/1741/1309 1097/1740/1308
f 1063/1773/1339 1062/1774/1340 1083/1775/1341 1085/1776/1342
f 1062/1774/1340 1074/1777/1343 1096/1778/1344 1083/1775/1341
f 1115/1779/1345 1063/1773/1339 1085/1776/1342 1086/1780/1346
f 1065/1736/1304 1064/1737/1305 1086/1780/1346 1087/1781/1347
f 1066/1735/1303 1065/1736/1304 1087/1781/1347 1088/1782/1348
f 1067/1734/1302 1066/1735/1303 1088/1782/1348 1089/1783/1349
f 1068/1733/1301 1067/1734/1302 1089/1783/1349 1090/1784/1350
f 1069/1731/1299 1068/1733/1301 1090/1784/1350 1091/1785/1351
f 414/709/552 1069/1731/1299 1091/1785/1351 417/777/611
f 1071/1727/1295 1070/1729/1297 1092/1786/1352 1093/1787/1353
f 1072/1728/1296 1071/1727/1295 1093/1787/1353 1094/1788/1354
f 1114/1789/1355 1147/1790/1356 1072/1728/1296 1094/1788/1354
f 1074/1777/1343 1073/1791/1357 1095/1792/1358 1096/1778/1344
f 459/756/591 458/1793/1359 485/738/1359 486/737/592
f 1073/1791/1357 1114/1789/1355 1094/1788/1354 1095/1792/1358
f 1064/1737/1305 1146/1794/1360 1115/1779/1345 1086/1780/1346
f 1152/1795/1361 1148/1796/1362 1116/1797/1363 1119/1798/1364
f 1150/1799/1365 1149/1800/1366 1118/1801/1367 1121/1802/1368
f 1151/1803/1369 1153/1804/1370 1120/1805/1371 1117/1806/1372
f 1149/1800/1366 1152/1795/1361 1119/1798/1364 1118/1801/1367
f 1148/1796/1362 1151/1803/1369 1117/1806/1372 1116/1797/1363
f 1138/1807/1373 1128/1808/1374 1130/1809/1375 1139/1810/1376
f 1139/1811/1376 1130/1812/1375 1129/1813/1377 1137/1814/1378
f 1135/1815/1379 1138/1807/1373 1139/1810/1376 1136/1816/1380
f 1136/1817/1380 1139/1811/1376 1137/1814/1378 1134/1818/1381
f 1140/1819/1382 1135/1815/1379 1136/1816/1380 1142/1819/1383
f 1142/1820/1383 1136/1817/1380 1134/1818/1381 1141/1821/1384
f 1128/1808/1374 1131/1822/1385 1133/1823/1386 1130/1809/1375
f 1130/1812/1375 1133/1824/1386 1132/1825/1387 1129/1813/1377
f 1131/1822/1385 1144/1826/1388 1145/1826/1389 1133/1823/1386
f 1133/1824/1386 1145/1827/1389 1143/1828/1390 1132/1825/1387
f 1137/1814/1378 1129/1813/1377 1122/1829/1391 1125/1830/1392
f 1119/1798/1364 1116/1797/1363 1128/1808/1374 1138/1807/1373
f 1129/1813/1377 1132/1825/1387 1123/1831/1393 1122/1829/1391
f 1116/1797/1363 1117/1806/1372 1131/1822/1385 1128/1808/1374
f 1132/1825/1387 1143/1828/1390 1127/1832/1394 1123/1831/1393
f 1117/1806/1372 1120/1805/1371 1144/1826/1388 1131/1822/1385
f 1134/1818/1381 1137/1814/1378 1125/1830/1392 1124/1833/1395
f 1121/1802/1368 1118/1801/1367 1135/1815/1379 1140/1819/1382
f 1118/1801/1367 1119/1798/1364 1138/1807/1373 1135/1815/1379
f 1141/1821/1384 1134/1818/1381 1124/1833/1395 1126/1834/1396
f 1062/1774/1340 1063/1773/1339 1151/1803/1369 1148/1796/1362
f 1073/1791/1357 1074/1777/1343 1152/1795/1361 1149/1800/1366
f 1063/1773/1339 1115/1779/1345 1153/1804/1370 1151/1803/1369
f 1114/1789/1355 1073/1791/1357 1149/1800/1366 1150/1799/1365
f 1074/1777/1343 1062/1774/1340 1148/1796/1362 1152/1795/1361
f 1030/1835/1397 1164/1836/1398 1163/1837/1399 1022/1838/1400
f 1022/1838/1400 1163/1837/1399 1162/1839/1401 1029/1840/1402
f 1034/1841/1403 1159/1842/1404 1158/1843/1405 1026/1844/1406
f 1026/1844/1406 1158/1843/1405 1157/1845/1407 1033/1846/1408
f 1033/1846/1408 1157/1845/1407 1156/1847/1409 1025/1848/1410
f 1154/1849/302 1167/1850/302 1172/1851/299 1166/1852/299
f 1166/1852/299 1172/1851/299 1171/1853/300 1165/1854/300
f 1165/1854/300 1171/1853/300 1170/1855/1411 1164/1836/1398
f 1164/1836/1398 1170/1855/1411 1163/1837/1399
f 1157/1845/1407 1169/1856/1412 1156/1847/1409
f 1156/1847/1409 1169/1856/1412 1168/1857/301 1155/1858/301
f 1155/1858/301 1168/1857/301 1167/1850/302 1154/1849/302
f 1170/1855/1411 1183/1859/1413 1182/1860/1414 1163/1837/1399
f 1163/1837/1399 1182/1860/1414 1181/1861/1415 1162/1839/1401
f 530/854/675 531/857/678 1180/1862/1416 1161/1863/1417
f 1161/1863/1417 1180/1862/1416 1179/1864/1418 1160/1865/1419
f 1160/1865/1419 1179/1864/1418 1178/1866/1420 1159/1842/1404
f 1159/1842/1404 1178/1866/1420 1177/1867/1421 1158/1843/1405
f 1158/1843/1405 1177/1867/1421 1176/1868/1422 1157/1845/1407
f 1157/1845/1407 1176/1868/1422 1175/1869/1423 1169/1856/1412
f 1202/1870/1424 1203/1871/1425 1200/1872/1426 1199/1873/1427
f 1203/1871/1425 1201/1874/1428 1226/1875/1429 1200/1872/1426
f 1204/1876/1430 1205/1877/1431 1203/1871/1425 1202/1870/1424
f 1205/1877/1431 1232/1878/1432 1201/1874/1428 1203/1871/1425
f 1206/1879/1433 1207/1880/1434 1205/1877/1431 1204/1876/1430
f 1207/1880/1434 1235/1881/1435 1232/1878/1432 1205/1877/1431
f 1208/1882/1436 1209/1883/1437 1207/1880/1434 1206/1879/1433
f 1209/1883/1437 1238/1884/1438 1235/1881/1435 1207/1880/1434
f 1210/1885/1439 1211/1886/1440 1209/1883/1437 1208/1882/1436
f 1211/1886/1440 1241/1887/1441 1238/1884/1438 1209/1883/1437
f 1212/1888/1442 1213/1889/1443 1211/1886/1440 1210/1885/1439
f 1213/1889/1443 1244/1890/1444 1241/1887/1441 1211/1886/1440
f 1214/1891/1445 1215/1892/1446 1213/1889/1443 1212/1888/1442
f 1215/1892/1446 1247/1893/1447 1244/1890/1444 1213/1889/1443
f 534/888/709 535/889/710 1215/1892/1446 1214/1891/1445
f 535/889/710 533/890/711 1247/1893/1447 1215/1892/1446
f 1218/1894/1448 1219/1895/1449 1217/1896/1450 1216/1897/1451
f 1219/1895/1449 1253/1898/1452 1250/1899/1453 1217/1896/1450
f 1220/1900/1454 1221/1901/1455 1219/1895/1449 1218/1894/1448
f 1221/1901/1455 1256/1902/1456 1253/1898/1452 1219/1895/1449
f 1222/1903/1457 1223/1904/1458 1221/1901/1455 1220/1900/1454
f 1223/1904/1458 1259/1905/1459 1256/1902/1456 1221/1901/1455
f 1224/1906/1460 1225/1907/1461 1223/1904/1458 1222/1903/1457
f 1225/1907/1461 1262/1908/1462 1259/1905/1459 1223/1904/1458
f 1199/1873/1427 1200/1872/1426 1225/1907/1461 1224/1906/1460
f 1200/1872/1426 1226/1875/1429 1262/1908/1462 1225/1907/1461
f 1201/1874/1428 1230/1909/1463 1228/1910/1464 1226/1875/1429
f 1230/1909/1465 1229/1911/1466 1227/1912/1467 1228/1910/1464
f 1232/1878/1432 1233/1913/1468 1230/1909/1463 1201/1874/1428
f 1233/1913/1469 1231/1914/1470 1229/1911/1466 1230/1909/1465
f 1235/1881/1435 1236/1915/1471 1233/1913/1468 1232/1878/1432
f 1236/1915/1472 1234/1916/1473 1231/1914/1470 1233/1913/1469
f 1238/1884/1438 1239/1917/1474 1236/1915/1471 1235/1881/1435
f 1239/1917/1475 1237/1918/1476 1234/1916/1473 1236/1915/1472
f 1241/1887/1441 1242/1919/1477 1239/1917/1474 1238/1884/1438
f 1242/1919/1478 1240/1920/1479 1237/1918/1476 1239/1917/1475
f 1244/1890/1444 1245/1921/1480 1242/1919/1477 1241/1887/1441
f 1245/1921/1481 1243/1922/1482 1240/1920/1479 1242/1919/1478
f 1247/1893/1447 1248/1923/1483 1245/1921/1480 1244/1890/1444
f 1248/1923/1484 1246/1924/1485 1243/1922/1482 1245/1921/1481
f 533/890/711 537/922/750 1248/1923/1483 1247/1893/1447
f 537/922/751 536/923/752 1246/1924/1485 1248/1923/1484
f 1253/1898/1452 1254/1925/1486 1251/1926/1487 1250/1899/1453
f 1254/1925/1486 1252/1927/1488 1249/1928/1489 1251/1926/1487
f 1256/1902/1456 1257/1929/1490 1254/1925/1486 1253/1898/1452
f 1257/1929/1490 1255/1930/1491 1252/1927/1488 1254/1925/1486
f 1259/1905/1459 1260/1931/1492 1257/1929/1490 1256/1902/1456
f 1260/1931/1492 1258/1932/1493 1255/1930/1491 1257/1929/1490
f 1262/1908/1462 1263/1933/1494 1260/1931/1492 1259/1905/1459
f 1263/1933/1494 1261/1934/1495 1258/1932/1493 1260/1931/1492
f 1226/1875/1429 1228/1910/1464 1263/1933/1494 1262/1908/1462
f 1228/1910/1464 1227/1912/1467 1261/1934/1495 1263/1933/1494
f 1174/1935/1496 1202/1870/1424 1199/1873/1427 1173/1936/1497
f 1173/1936/1497 1199/1873/1427 1224/1906/1460 1185/1937/1498
f 1265/1938/1499 1204/1876/1430 1202/1870/1424 1174/1935/1496
f 1176/1868/1422 1206/1879/1433 1204/1876/1430 1175/1869/1423
f 1177/1867/1421 1208/1882/1436 1206/1879/1433 1176/1868/1422
f 1178/1866/1420 1210/1885/1439 1208/1882/1436 1177/1867/1421
f 1179/1864/1418 1212/1888/1442 1210/1885/1439 1178/1866/1420
f 1180/1862/1416 1214/1891/1445 1212/1888/1442 1179/1864/1418
f 531/857/678 534/888/709 1214/1891/1445 1180/1862/1416
f 1182/1860/1414 1218/1894/1448 1216/1897/1451 1181/1861/1415
f 1183/1859/1413 1220/1900/1454 1218/1894/1448 1182/1860/1414
f 1264/1939/1500 1220/1900/1454 1183/1859/1413 1297/1940/1501
f 1185/1937/1498 1224/1906/1460 1222/1903/1457 1184/1941/1502
f 1229/1911/1466 1187/1942/1503 1186/1943/1504 1227/1912/1467
f 1227/1912/1467 1186/1943/1504 1198/1944/1505 1261/1934/1495
f 1231/1914/1470 1188/1945/1506 1187/1942/1503 1229/1911/1466
f 1234/1916/1473 1189/1946/1507 1188/1945/1506 1231/1914/1470
f 1237/1918/1476 1190/1947/1508 1189/1946/1507 1234/1916/1473
f 1240/1920/1479 1191/1948/1509 1190/1947/1508 1237/1918/1476
f 1243/1922/1482 1192/1949/1510 1191/1948/1509 1240/1920/1479
f 1246/1924/1485 1193/1950/1511 1192/1949/1510 1243/1922/1482
f 536/923/752 532/950/779 1193/1950/1511 1246/1924/1485
f 1252/1927/1488 1195/1951/1512 1194/1952/1513 1249/1928/1489
f 1255/1930/1491 1196/1953/1514 1195/1951/1512 1252/1927/1488
f 1258/1932/1493 1197/1954/1515 1196/1953/1514 1255/1930/1491
f 1261/1934/1495 1198/1944/1505 1197/1954/1515 1258/1932/1493
f 1184/1941/1502 1222/1903/1457 1220/1900/1454 1264/1939/1500
f 1175/1869/1423 1204/1876/1430 1265/1938/1499 1296/1955/1516
f 1302/1956/1517 1269/1957/1518 1266/1958/1519 1298/1959/1520
f 1300/1960/1521 1271/1961/1522 1268/1962/1523 1299/1963/1524
f 1301/1964/1525 1267/1965/1526 1270/1966/1527 1303/1967/1528
f 1299/1963/1524 1268/1962/1523 1269/1957/1518 1302/1956/1517
f 1298/1959/1520 1266/1958/1519 1267/1965/1526 1301/1964/1525
f 1288/1968/1529 1289/1969/1530 1280/1970/1531 1278/1971/1532
f 1289/1969/1530 1287/1972/1533 1279/1973/1534 1280/1970/1531
f 1285/1974/1535 1286/1975/1536 1289/1969/1530 1288/1968/1529
f 1286/1975/1536 1284/1976/1537 1287/1972/1533 1289/1969/1530
f 1290/1977/1538 1292/1978/1539 1286/1975/1536 1285/1974/1535
f 1292/1978/1539 1291/1979/1540 1284/1976/1537 1286/1975/1536
f 1278/1971/1532 1280/1970/1531 1283/1980/1541 1281/1981/1542
f 1280/1970/1531 1279/1973/1534 1282/1982/1543 1283/1980/1541
f 1281/1981/1542 1283/1980/1541 1295/1983/1544 1294/1984/1545
f 1283/1980/1541 1282/1982/1543 1293/1985/1546 1295/1983/1544
f 1287/1972/1533 1275/1986/1547 1272/1987/1548 1279/1973/1534
f 1269/1957/1518 1288/1968/1529 1278/1971/1532 1266/1958/1519
f 1279/1973/1534 1272/1987/1548 1273/1988/1549 1282/1982/1543
f 1266/1958/1519 1278/1971/1532 1281/1981/1542 1267/1965/1526
f 1282/1982/1543 1273/1988/1549 1277/1989/1550 1293/1985/1546
f 1267/1965/1526 1281/1981/1542 1294/1984/1545 1270/1966/1527
f 1284/1976/1537 1274/1990/1551 1275/1986/1547 1287/1972/1533
f 1271/1961/1522 1290/1977/1538 1285/1974/1535 1268/1962/1523
f 1268/1962/1523 1285/1974/1535 1288/1968/1529 1269/1957/1518
f 1291/1979/1540 1276/1991/1552 1274/1990/1551 1284/1976/1537
f 1173/1936/1497 1298/1959/1520 1301/1964/1525 1174/1935/1496
f 1184/1941/1502 1299/1963/1524 1302/1956/1517 1185/1937/1498
f 1174/1935/1496 1301/1964/1525 1303/1967/1528 1265/1938/1499
f 1264/1939/1500 1300/1960/1521 1299/1963/1524 1184/1941/1502
f 1185/1937/1498 1302/1956/1517 1298/1959/1520 1173/1936/1497
f 1041/1992/1553 1025/1993/1553 1156/1994/1553 1045/1995/1553
f 1048/1996/1554 1159/1997/1554 1034/1998/1554 1039/1999/1554
f 1036/2000/1555 1029/2001/1555 1162/2002/1556 1051/2003/1556
f 1053/2004/1557 1164/2005/1557 1030/2006/1557 1037/2007/1557
f 1043/2008/22 1154/2009/22 1166/2010/22 1055/2011/22
f 1055/2011/22 1166/2010/22 1165/2012/22 1054/2013/22
f 1054/2013/22 1165/2012/22 1164/2014/22 1053/2015/22
f 413/1016/22 530/1019/22 1161/2016/22 1050/2017/22
f 1050/2017/22 1161/2016/22 1160/2018/22 1049/2019/22
f 1049/2019/22 1160/2018/22 1159/2020/22 1048/2021/22
f 1045/2022/22 1156/2023/22 1155/2024/22 1044/2025/22
f 1044/2025/22 1155/2024/22 1154/2009/22 1043/2008/22
f 1058/2026/1558 1169/2027/1558 1175/2028/1559 1064/2029/1559
f 1051/2003/1556 1162/2002/1556 1181/2030/1560 1070/2031/1560
f 1072/2032/1561 1183/2033/1561 1170/2034/1561 1059/2035/1561
f 1061/2036/831 1172/2037/831 1167/2038/831 1056/2039/831
f 1060/2040/831 1171/2041/831 1172/2037/831 1061/2036/831
f 1059/2042/1562 1170/2043/1562 1171/2041/831 1060/2040/831
f 1057/2044/1562 1168/2045/1562 1169/2046/1563 1058/2047/1563
f 1056/2039/831 1167/2038/831 1168/2045/1562 1057/2044/1562
f 1064/2029/1559 1175/2028/1559 1296/2048/1564 1146/2049/1564
f 1075/2050/1565 1186/2051/1566 1187/2052/1567 1076/2053/1568
f 1076/2053/1568 1187/2052/1567 1188/2054/1569 1077/2055/1569
f 1077/2055/1569 1188/2054/1569 1189/2056/1570 1099/2057/1570
f 1099/2057/1570 1189/2056/1570 1190/2058/1571 1101/2059/1571
f 1101/2059/1571 1190/2058/1571 1191/2060/1572 1103/2061/1572
f 1103/2061/1572 1191/2060/1572 1192/2062/1573 1105/2063/1574
f 1105/2063/1574 1192/2062/1573 1193/2064/1575 1107/2065/1575
f 1107/2065/1575 1193/2064/1575 532/1069/849 415/1068/848
f 1078/2066/1576 1194/2067/1576 1195/2068/1577 1079/2069/1577
f 1079/2069/1577 1195/2068/1577 1196/2070/1578 1080/2071/1578
f 1080/2071/1578 1196/2070/1578 1197/2072/1579 1081/2073/1579
f 1081/2073/1579 1197/2072/1579 1198/2074/1580 1082/2075/1580
f 1082/2075/1580 1198/2074/1580 1186/2051/1566 1075/2050/1565
f 1092/2076/1581 1216/2077/1582 1217/2078/1583
f 1109/2079/1584 1250/2080/1585 1251/2081/1586
f 1109/2079/1584 1251/2081/1586 1249/2082/1587 1078/2083/1587
f 1070/2031/1560 1181/2030/1560 1216/2077/1582 1092/2076/1581
f 1078/2083/1587 1249/2082/1587 1194/2084/1588
f 1092/2076/1581 1217/2078/1583 1250/2080/1585 1109/2079/1584
f 1114/2085/1589 1264/2086/1589 1297/2087/1590 1147/2088/1590
f 1150/2089/1591 1300/2090/1591 1264/2091/1592 1114/2092/1592
f 1153/2093/1593 1303/2094/1593 1270/2095/1594 1120/2096/1595
f 1122/2097/1596 1272/2098/1596 1275/2099/1597 1125/2100/1597
f 1125/2100/1597 1275/2099/1597 1274/2101/1598 1124/2102/1599
f 1124/2102/1599 1274/2101/1598 1276/2103/1600 1126/2104/1600
f 1123/2105/1601 1273/2106/1602 1272/2098/1596 1122/2097/1596
f 1127/2107/1603 1277/2108/1603 1273/2106/1602 1123/2105/1601
f 1142/2109/1604 1292/2110/1604 1290/2111/1605 1140/2112/1606
f 1141/2113/1607 1291/2114/1608 1292/2110/1604 1142/2109/1604
f 1144/2115/1609 1294/2116/1609 1295/2117/1610 1145/2118/1611
f 1145/2118/1611 1295/2117/1610 1293/2119/1612 1143/2120/1613
f 1143/2120/1613 1293/2119/1612 1277/2121/1614 1127/2122/1614
f 1120/2096/1595 1270/2095/1594 1294/2116/1609 1144/2115/1609
f 1140/2112/1606 1290/2111/1605 1271/2123/1615 1121/2124/1615
f 1126/2125/1616 1276/2126/1616 1291/2114/1608 1141/2113/1607
f 1146/2049/1564 1296/2048/1564 1265/2127/1617 1115/2128/1617
f 1147/2088/1590 1297/2087/1590 1183/2129/1618 1072/2130/1618
f 1121/2124/1615 1271/2123/1615 1300/2090/1591 1150/2089/1591
f 1115/2131/1619 1265/2132/1619 1303/2094/1593 1153/2093/1593
f 806/1320/1026 85/215/22 749/1321/1027
f 818/1334/1040 85/215/22 753/1335/1041
f 833/1348/1054 85/215/22 757/1349/1055
f 846/1362/1068 85/215/22 762/1363/1069
f 859/1376/1082 85/215/22 767/1377/1083
f 871/1390/1096 85/215/22 772/1391/1097
f 886/1404/1110 85/215/22 777/1405/1111
f 899/1416/1118 85/215/22 125/313/262
f 942/2133/831 1316/2134/831 1315/2135/831 941/2136/831
f 302/2137/831 301/2138/831 1310/2139/831 1311/2140/831
f 943/2141/831 1317/2142/831 1316/2134/831 942/2133/831
f 303/2143/831 302/2137/831 1311/2140/831 1312/2144/831
f 944/2145/831 1318/2146/831 1317/2142/831 943/2141/831
f 295/2147/831 939/2148/831 1313/2149/831 1304/2150/831
f 296/2151/831 295/2147/831 1304/2150/831 1305/2152/831
f 945/2153/831 1319/2154/831 1318/2146/831 944/2145/831
f 939/2148/831 940/2155/831 1314/2156/831 1313/2149/831
f 297/2157/831 296/2151/831 1305/2152/831 1306/2158/831
f 303/2143/831 1312/2144/831 1319/2154/831 945/2153/831
f 940/2155/831 941/2136/831 1315/2135/831 1314/2156/831
f 298/2159/831 297/2157/831 1306/2158/831 1307/2160/831
f 299/2161/831 298/2159/831 1307/2160/831 1308/2162/831
f 300/2163/831 299/2161/831 1308/2162/831 1309/2164/831
f 80/1679/505 1328/1550/351 1351/1292/1000 892/1675/1251
f 741/1676/1252 1343/1295/1003 1350/1280/988 878/1671/1247
f 736/1672/1248 1342/1283/991 1349/1268/976 863/1667/1243
f 731/1668/1244 1341/1271/979 1348/1256/964 851/1663/1239
f 726/1664/1240 1340/1259/967 1347/1244/952 839/1659/1235
f 721/1660/1236 1339/1247/955 1346/1232/940 826/1655/1231
f 716/1656/1232 1338/1235/943 1345/1220/928 811/1651/1227
f 711/1652/1228 1337/1223/931 1344/1214/922 799/1648/1224
f 892/1675/1251 1351/1292/1000 1343/1295/1003 741/1676/1252
f 878/1671/1247 1350/1280/988 1342/1283/991 736/1672/1248
f 863/1667/1243 1349/1268/976 1341/1271/979 731/1668/1244
f 851/1663/1239 1348/1256/964 1340/1259/967 726/1664/1240
f 839/1659/1235 1347/1244/952 1339/1247/955 721/1660/1236
f 826/1655/1231 1346/1232/940 1338/1235/943 716/1656/1232
f 811/1651/1227 1345/1220/928 1337/1223/931 711/1652/1228
f 799/1648/1224 1344/1214/922 1320/102/52 40/623/472
f 80/656/505 244/653/502 1336/185/135 1328/469/351
f 75/652/501 230/649/498 1335/173/123 1327/186/136
f 70/648/497 215/645/494 1334/161/111 1326/174/124
f 65/644/493 203/641/490 1333/149/99 1325/162/112
f 60/640/489 191/637/486 1332/137/87 1324/150/100
f 55/636/485 178/633/482 1331/125/75 1323/138/88
f 50/632/481 163/629/478 1330/113/63 1322/126/76
f 45/628/477 151/624/473 1329/101/51 1321/114/64
f 244/653/502 75/652/501 1327/186/136 1336/185/135
f 230/649/498 70/648/497 1326/174/124 1335/173/123
f 215/645/494 65/644/493 1325/162/112 1334/161/111
f 203/641/490 60/640/489 1324/150/100 1333/149/99
f 191/637/486 55/636/485 1323/138/88 1332/137/87
f 178/633/482 50/632/481 1322/126/76 1331/125/75
f 163/629/478 45/628/477 1321/114/64 1330/113/63
f 151/624/473 40/623/472 1320/102/52 1329/101/51
f 83/1551/352 1360/1548/349 1383/1296/1004 893/1293/1001
f 744/1294/1002 1375/1299/1007 1382/1284/992 879/1281/989
f 739/1282/990 1374/1287/995 1381/1272/980 864/1269/977
f 734/1270/978 1373/1275/983 1380/1260/968 852/1257/965
f 729/1258/966 1372/1263/971 1379/1248/956 840/1245/953
f 724/1246/954 1371/1251/959 1378/1236/944 827/1233/941
f 719/1234/942 1370/1239/947 1377/1224/932 812/1221/929
f 714/1222/930 1369/1227/935 1376/1216/924 800/1215/923
f 893/1293/1001 1383/1296/1004 1375/1299/1007 744/1294/1002
f 879/1281/989 1382/1284/992 1374/1287/995 739/1282/990
f 864/1269/977 1381/1272/980 1373/1275/983 734/1270/978
f 852/1257/965 1380/1260/968 1372/1263/971 729/1258/966
f 840/1245/953 1379/1248/956 1371/1251/959 724/1246/954
f 827/1233/941 1378/1236/944 1370/1239/947 719/1234/942
f 812/1221/929 1377/1224/932 1369/1227/935 714/1222/930
f 800/1215/923 1376/1216/924 1352/106/56 43/103/53
f 83/470/352 245/188/138 1368/189/139 1360/467/349
f 78/187/137 231/176/126 1367/177/127 1359/190/140
f 73/175/125 216/164/114 1366/165/115 1358/178/128
f 68/163/113 204/152/102 1365/153/103 1357/166/116
f 63/151/101 192/140/90 1364/141/91 1356/154/104
f 58/139/89 179/128/78 1363/129/79 1355/142/92
f 53/127/77 164/116/66 1362/117/67 1354/130/80
f 48/115/65 152/104/54 1361/105/55 1353/118/68
f 245/188/138 78/187/137 1359/190/140 1368/189/139
f 231/176/126 73/175/125 1358/178/128 1367/177/127
f 216/164/114 68/163/113 1357/166/116 1366/165/115
f 204/152/102 63/151/101 1356/154/104 1365/153/103
f 192/140/90 58/139/89 1355/142/92 1364/141/91
f 179/128/78 53/127/77 1354/130/80 1363/129/79
f 164/116/66 48/115/65 1353/118/68 1362/117/67
f 152/104/54 43/103/53 1352/106/56 1361/105/55
f 801/1217/925 1408/1702/1275 1384/680/529 42/107/57
f 813/1225/933 1409/1700/1273 1401/1701/1274 713/1226/934
f 828/1237/945 1410/1696/1269 1402/1697/1270 718/1238/946
f 841/1249/957 1411/1693/1266 1403/1694/1267 723/1250/958
f 853/1261/969 1412/1691/1264 1404/1692/1265 728/1262/970
f 865/1273/981 1413/1688/1261 1405/1689/1262 733/1274/982
f 880/1285/993 1414/1684/1257 1406/1685/1258 738/1286/994
f 894/1297/1005 1415/1681/1254 1407/1682/1255 743/1298/1006
f 713/1226/934 1401/1701/1274 1408/1702/1275 801/1217/925
f 718/1238/946 1402/1697/1270 1409/1700/1273 813/1225/933
f 723/1250/958 1403/1694/1267 1410/1696/1269 828/1237/945
f 728/1262/970 1404/1692/1265 1411/1693/1266 841/1249/957
f 733/1274/982 1405/1689/1262 1412/1691/1264 853/1261/969
f 738/1286/994 1406/1685/1258 1413/1688/1261 865/1273/981
f 743/1298/1006 1407/1682/1255 1414/1684/1257 880/1285/993
f 82/1549/350 1392/1680/506 1415/1681/1254 894/1297/1005
f 153/108/58 42/107/57 1384/680/529 1393/679/528
f 165/120/70 47/119/69 1385/678/527 1394/675/524
f 180/132/82 52/131/81 1386/674/523 1395/672/521
f 193/144/94 57/143/93 1387/671/520 1396/670/519
f 205/156/106 62/155/105 1388/669/518 1397/667/516
f 217/168/118 67/167/117 1389/666/515 1398/663/512
f 232/180/130 72/179/129 1390/662/511 1399/660/509
f 246/192/142 77/191/141 1391/659/508 1400/658/507
f 47/119/69 153/108/58 1393/679/528 1385/678/527
f 52/131/81 165/120/70 1394/675/524 1386/674/523
f 57/143/93 180/132/82 1395/672/521 1387/671/520
f 62/155/105 193/144/94 1396/670/519 1388/669/518
f 67/167/117 205/156/106 1397/667/516 1389/666/515
f 72/179/129 217/168/118 1398/663/512 1390/662/511
f 77/191/141 232/180/130 1399/660/509 1391/659/508
f 82/468/350 246/192/142 1400/658/507 1392/657/506
f 773/1674/1250 1439/1395/1101 1447/1406/1112 896/1677/1253
f 768/1670/1246 1438/1381/1087 1446/1392/1098 882/1673/1249
f 763/1666/1242 1437/1367/1073 1445/1378/1084 867/1669/1245
f 758/1662/1238 1436/1353/1059 1444/1364/1070 855/1665/1241
f 754/1658/1234 1435/1339/1045 1443/1350/1056 843/1661/1237
f 750/1654/1230 1434/1325/1031 1442/1336/1042 830/1657/1233
f 745/1650/1226 1433/1311/1017 1441/1322/1028 815/1653/1229
f 84/625/474 1416/423/320 1440/1308/1014 803/1649/1225
f 896/1677/1253 1447/1406/1112 1424/1409/251 122/1678/504
f 882/1673/1249 1446/1392/1098 1439/1395/1101 773/1674/1250
f 867/1669/1245 1445/1378/1084 1438/1381/1087 768/1670/1246
f 855/1665/1241 1444/1364/1070 1437/1367/1073 763/1666/1242
f 843/1661/1237 1443/1350/1056 1436/1353/1059 758/1662/1238
f 830/1657/1233 1442/1336/1042 1435/1339/1045 754/1658/1234
f 815/1653/1229 1441/1322/1028 1434/1325/1031 750/1654/1230
f 803/1649/1225 1440/1308/1014 1433/1311/1017 745/1650/1226
f 117/651/500 248/654/503 1432/301/250 1423/288/237
f 112/647/496 234/650/499 1431/287/236 1422/274/223
f 107/643/492 219/646/495 1430/273/222 1421/260/209
f 102/639/488 207/642/491 1429/259/208 1420/246/195
f 98/635/484 195/638/487 1428/245/194 1419/232/181
f 94/631/480 182/634/483 1427/231/180 1418/218/167
f 89/627/476 167/630/479 1426/217/166 1417/202/152
f 84/625/474 155/626/475 1425/201/151 1416/423/320
f 248/654/503 122/655/504 1424/302/251 1432/301/250
f 234/650/499 117/651/500 1423/288/237 1431/287/236
f 219/646/495 112/647/496 1422/274/223 1430/273/222
f 207/642/491 107/643/492 1421/260/209 1429/259/208
f 195/638/487 102/639/488 1420/246/195 1428/245/194
f 182/634/483 98/635/484 1419/232/181 1427/231/180
f 167/630/479 94/631/480 1418/218/167 1426/217/166
f 155/626/475 89/627/476 1417/202/152 1425/201/151
f 774/1394/1100 1469/1399/1105 1479/1410/1114 897/1407/1113
f 769/1380/1086 1468/1385/1091 1478/1396/1102 883/1393/1099
f 764/1366/1072 1467/1371/1077 1477/1382/1088 868/1379/1085
f 759/1352/1058 1466/1357/1063 1476/1368/1074 856/1365/1071
f 755/1338/1044 1471/1343/1049 1475/1354/1060 844/1351/1057
f 751/1324/1030 1470/1329/1035 1474/1340/1046 831/1337/1043
f 746/1310/1016 1465/1315/1021 1473/1326/1032 816/1323/1029
f 86/424/321 1453/421/318 1472/1312/1018 804/1309/1015
f 897/1407/1113 1479/1410/1114 1456/1413/255 123/1408/252
f 883/1393/1099 1478/1396/1102 1469/1399/1105 774/1394/1100
f 868/1379/1085 1477/1382/1088 1468/1385/1091 769/1380/1086
f 856/1365/1071 1476/1368/1074 1467/1371/1077 764/1366/1072
f 844/1351/1057 1475/1354/1060 1466/1357/1063 759/1352/1058
f 831/1337/1043 1474/1340/1046 1471/1343/1049 755/1338/1044
f 816/1323/1029 1473/1326/1032 1470/1329/1035 751/1324/1030
f 804/1309/1015 1472/1312/1018 1465/1315/1021 746/1310/1016
f 118/289/238 249/304/253 1464/305/254 1452/292/241
f 113/275/224 235/290/239 1463/291/240 1451/278/227
f 108/261/210 220/276/225 1462/277/226 1450/264/213
f 103/247/196 208/262/211 1461/263/212 1449/250/199
f 99/233/182 196/248/197 1460/249/198 1455/236/185
f 95/219/168 183/234/183 1459/235/184 1454/222/171
f 90/203/153 168/220/169 1458/221/170 1448/206/156
f 86/424/321 156/204/154 1457/205/155 1453/421/318
f 249/304/253 123/303/252 1456/306/255 1464/305/254
f 235/290/239 118/289/238 1452/292/241 1463/291/240
f 220/276/225 113/275/224 1451/278/227 1462/277/226
f 208/262/211 108/261/210 1450/264/213 1461/263/212
f 196/248/197 103/247/196 1449/250/199 1460/249/198
f 183/234/183 99/233/182 1455/236/185 1459/235/184
f 168/220/169 95/219/168 1454/222/171 1458/221/170
f 156/204/154 90/203/153 1448/206/156 1457/205/155
f 69/536/397 64/546/407 286/520/381 293/533/394
f 280/514/377 279/560/415 297/561/415 298/515/377
f 301/2138/831 300/2163/831 1309/2164/831 1310/2139/831
f 44/2165/1620 166/124/74 46/123/73
f 49/2166/1621 166/124/74 44/2167/1620
f 49/2168/1621 181/136/86 51/135/85
f 54/2169/1622 181/136/86 49/2170/1621
f 54/2171/1622 194/148/98 56/147/97
f 59/2172/1623 194/148/98 54/2173/1622
f 59/2174/1623 206/160/110 61/159/109
f 64/2175/1624 206/160/110 59/2176/1623
f 64/2177/1624 218/172/122 66/171/121
f 69/2178/1625 218/172/122 64/2179/1624
f 69/2180/1625 233/184/134 71/183/133
f 74/2181/1626 233/184/134 69/2182/1625
f 74/2183/1626 247/196/146 76/195/145
f 79/2184/1627 247/196/146 74/2185/1626
f 79/2186/1627 895/1301/1009 81/1547/348
f 740/2187/1628 895/1301/1009 79/2188/1627
f 740/2189/1628 881/1289/997 742/1302/1010
f 735/2190/1629 881/2191/997 740/2192/1628
f 735/2193/1629 866/1277/985 737/1290/998
f 730/2194/1630 866/1277/985 735/2195/1629
f 730/2196/1630 854/1265/973 732/1278/986
f 725/2197/1631 854/2198/973 730/2199/1630
f 725/2200/1631 842/1253/961 727/1266/974
f 720/2201/1632 842/2202/961 725/2203/1631
f 720/2204/1632 829/1241/949 722/1254/962
f 715/2205/1633 829/1241/949 720/2206/1632
f 715/2207/1633 814/1229/937 717/1242/950
f 710/2208/1634 814/1229/937 715/2209/1633
f 710/2210/1634 802/1219/927 712/1230/938
f 39/2211/1635 802/1219/927 710/2212/1634
f 39/2213/1635 154/112/62 41/111/61
f 44/2214/1620 154/112/62 39/2215/1635
f 49/2168/1621 51/135/85 166/124/74
f 54/2171/1622 56/147/97 181/136/86
f 59/2174/1623 61/159/109 194/148/98
f 64/2177/1624 66/171/121 206/160/110
f 69/2180/1625 71/183/133 218/172/122
f 74/2183/1626 76/195/145 233/184/134
f 79/2216/1627 81/466/348 247/196/146
f 740/2189/1628 742/1302/1010 895/1301/1009
f 735/2193/1629 737/1290/998 881/1289/997
f 730/2196/1630 732/1278/986 866/1277/985
f 725/2200/1631 727/1266/974 854/1265/973
f 720/2204/1632 722/1254/962 842/1253/961
f 715/2207/1633 717/1242/950 829/1241/949
f 710/2210/1634 712/1230/938 814/1229/937
f 39/2213/1635 41/111/61 802/1219/927
f 44/2165/1620 46/123/73 154/112/62
f 1482/2217/1636 1483/2218/334 91/2219/1637
f 1487/2220/1638 236/464/346 119/2221/1639
f 1490/1523/1139 1491/2222/901 109/1524/1140
f 1495/449/337 175/441/331 2/447/335
f 1498/506/372 173/16/11 138/444/333
f 1500/356/287 1501/503/370 132/505/371
f 1504/499/368 225/12/8 134/1149/900
f 1506/95/47 1507/1561/336 136/96/48
f 1511/2223/1640 171/29/19 126/2224/1641
f 1514/2225/1642 1515/2226/1643 21/2227/1644
f 1519/2228/1645 224/25/16 130/2229/1646
f 1522/2230/1647 1523/2231/1648 128/2232/1649
f 1525/2233/1650 1526/2234/1651 147/2235/1652
f 1529/2236/1653 240/462/344 141/2237/1654
f 1531/2238/1655 1532/2239/1656 143/2240/1657
f 1535/2241/1658 188/439/329 145/2242/1659
f 1539/1498/1130 820/1146/898 747/1452/1126
f 1542/87/41 1543/331/28 775/88/42
f 1547/484/361 869/1143/896 765/482/360
f 1550/81/36 1551/1209/354 688/1211/920
f 1553/74/31 1554/477/357 789/479/358
f 1557/476/356 887/1431/1123 783/69/27
f 1559/66/24 1560/474/355 785/67/25
f 1563/1197/911 835/1202/915 787/471/353
f 1566/2243/1660 1567/2244/1661 778/2245/1662
f 1571/2246/1663 876/1544/1151 699/2247/1664
f 1574/2248/1665 1575/2249/1666 782/2250/1667
f 1579/2251/1668 834/1527/1142 780/2252/1669
f 1582/2253/1670 822/1166/910 796/2254/1671
f 1584/2255/1672 1585/2256/1673 790/2257/1674
f 1588/2258/1675 874/1162/907 792/2259/1676
f 1590/2260/1677 1591/2261/1678 794/2262/1679
f 1480/2263/1680 1509/2264/1681 1511/2265/1682 1482/2266/1682
f 1482/2266/1682 1511/2265/1682 1510/2267/1683 1483/2268/1683
f 1483/2268/1683 1510/2267/1683 1508/2269/1684 1481/2270/1684
f 1484/2271/1685 1513/2272/1685 1515/2273/1686 1486/2274/1686
f 1486/2274/1686 1515/2273/1686 1514/2275/1687 1487/2276/1687
f 1487/2276/1687 1514/2275/1687 1512/2277/1688 1485/2278/1689
f 1488/2279/1690 1517/2280/1690 1519/2281/1691 1490/2282/1692
f 1490/2282/1692 1519/2281/1691 1518/2283/1693 1491/2284/1693
f 1491/2284/1693 1518/2283/1693 1516/2285/1694 1489/2286/1694
f 1492/2287/1695 1521/2288/1695 1523/2289/1696 1494/2290/1696
f 1494/2290/1696 1523/2289/1696 1522/2291/1697 1495/2292/1698
f 1495/2292/1698 1522/2291/1697 1520/2293/1699 1493/2294/1699
f 1496/2295/1700 1524/2296/1701 1526/2297/1702 1497/2298/1702
f 1497/2298/1702 1526/2297/1702 1525/2299/1703 1498/2300/1703
f 1498/2300/1703 1525/2299/1703 1509/2264/1681 1480/2263/1680
f 1485/2278/1689 1512/2277/1688 1529/2301/1704 1500/2302/1705
f 1500/2302/1705 1529/2301/1704 1528/2303/1706 1501/2304/1706
f 1501/2304/1706 1528/2303/1706 1527/2305/1707 1499/2306/1707
f 1502/2307/1708 1530/2308/1709 1532/2309/1710 1503/2310/1710
f 1503/2310/1710 1532/2309/1710 1531/2311/1711 1504/2312/1711
f 1504/2312/1711 1531/2311/1711 1517/2280/1690 1488/2279/1690
f 1493/2294/1699 1520/2293/1699 1535/2313/1712 1506/2314/1713
f 1506/2314/1713 1535/2313/1712 1534/2315/1714 1507/2316/1714
f 1507/2316/1714 1534/2315/1714 1533/2317/1715 1505/2318/1715
f 1536/2319/1716 1565/2320/1716 1567/2321/1717 1538/2322/1718
f 1538/2322/1718 1567/2321/1717 1566/2323/1719 1539/2324/1719
f 1539/2324/1719 1566/2323/1719 1564/2325/1720 1537/2326/1720
f 1540/2327/1721 1569/2328/1721 1571/2329/1722 1542/2330/1723
f 1542/2330/1723 1571/2329/1722 1570/2331/1724 1543/2332/1724
f 1543/2332/1724 1570/2331/1724 1568/2333/1725 1541/2334/1725
f 1544/2335/1726 1573/2336/1726 1575/2337/1727 1546/2338/1727
f 1546/2338/1727 1575/2337/1727 1574/2339/1728 1547/2340/1728
f 1547/2340/1728 1574/2339/1728 1572/2341/1729 1545/2342/1729
f 1548/2343/1730 1577/2344/1730 1579/2345/1731 1550/2346/1731
f 1550/2346/1731 1579/2345/1731 1578/2347/1732 1551/2348/1733
f 1551/2348/1733 1578/2347/1732 1576/2349/1734 1549/2350/1734
f 1537/2326/1720 1564/2325/1720 1582/2351/1735 1553/2352/1735
f 1553/2352/1735 1582/2351/1735 1581/2353/1736 1554/2354/1736
f 1554/2354/1736 1581/2353/1736 1580/2355/1737 1552/2356/1738
f 1555/2357/1739 1583/2358/1739 1585/2359/1740 1556/2360/1740
f 1556/2360/1740 1585/2359/1740 1584/2361/1741 1557/2362/1742
f 1557/2362/1742 1584/2361/1741 1569/2328/1721 1540/2327/1721
f 1545/2342/1729 1572/2341/1729 1588/2363/1743 1559/2364/1743
f 1559/2364/1743 1588/2363/1743 1587/2365/1744 1560/2366/1744
f 1560/2366/1744 1587/2365/1744 1586/2367/1745 1558/2368/1746
f 1561/2369/1747 1589/2370/1747 1591/2371/1748 1562/2372/1748
f 1562/2372/1748 1591/2371/1748 1590/2373/1749 1563/2374/1749
f 1563/2374/1749 1590/2373/1749 1577/2344/1730 1548/2343/1730
f 1480/1569/1160 172/13/9 173/16/11
f 149/426/323 1481/2270/1684 1508/2269/1684 150/427/323
f 159/434/327 91/2219/1637 1481/2375/334 149/435/327
f 1491/2222/901 1489/2376/901 109/1524/1140
f 221/9/6 1488/500/369 1490/1523/1139
f 119/2221/1639 252/5/4 241/8/4 1484/2377/370
f 236/464/346 1485/355/286 239/354/285
f 1484/2378/1685 241/82/37 243/85/39 1513/2379/1685
f 1488/500/369 221/9/6 225/12/8
f 201/454/340 1489/2286/1694 1516/2285/1694 202/455/340
f 209/458/342 109/1524/1140 1489/2376/901 201/459/342
f 119/2221/1639 1486/2380/370 1487/2220/1638
f 2/447/335 200/1/1 189/4/3 1492/1477/336
f 175/441/331 1493/341/278 187/94/46
f 1492/2381/1695 189/75/32 190/78/32 1521/2382/1695
f 1487/2220/1638 1485/355/286 236/464/346
f 260/496/367 1496/445/334 138/444/333 263/497/367
f 1496/2295/1700 260/97/49 262/100/49 1524/2296/1701
f 132/505/371 1499/504/370 254/323/272 257/326/272
f 254/486/363 1499/2306/1707 1527/2305/1707 256/487/363
f 272/511/375 1502/1531/901 134/1149/900 275/512/375
f 1502/2307/1708 272/90/44 274/93/44 1530/2308/1709
f 136/96/48 1505/1562/336 266/346/281 269/349/281
f 266/507/373 1505/2318/1715 1533/2317/1715 268/508/373
f 171/29/19 1509/2383/1750 174/30/20
f 160/432/325 150/431/325 1508/2384/1751 126/2224/1641
f 21/2227/1644 1513/2385/1752 243/22/14 242/21/14
f 228/463/345 240/462/344 1512/2386/1753
f 224/25/16 1517/2387/1754 226/26/17
f 212/457/341 202/456/341 1516/2388/1755 130/2229/1646
f 128/2232/1649 1521/2389/1756 190/18/12 199/17/12
f 186/440/330 188/439/329 1520/2390/1757
f 262/492/365 264/491/365 147/2235/1652 1524/2391/1758
f 1527/2392/1759 141/2237/1654 258/374/293 256/373/293
f 274/510/374 276/509/374 143/2240/1657 1530/2393/1760
f 1533/2394/1761 145/2242/1659 270/394/303 268/393/303
f 820/1146/898 1537/73/30 821/72/29
f 119/2221/1639 1484/2377/370 1486/2380/370
f 807/1522/1138 797/1521/1138 1536/1453/357 747/1452/1126
f 797/1518/1136 798/1517/1136 1565/2395/1716 1536/2396/1716
f 172/13/9 1482/2217/1636 91/2219/1637
f 775/88/42 1541/332/28 889/1140/895 900/1139/895
f 1541/2334/1725 1568/2333/1725 891/1204/916 889/1203/916
f 884/86/40 887/1431/1123 1540/89/43
f 869/1143/896 1545/68/26 873/65/23
f 1483/2218/334 1481/2375/334 91/2219/1637
f 857/1541/1149 849/1540/1149 1544/1560/355 765/482/360
f 849/1537/1147 850/1536/1147 1573/2397/1726 1544/2398/1726
f 688/1211/920 1549/1210/354 837/1136/893 848/1135/893
f 1549/2350/1734 1576/2349/1734 838/1199/912 837/1198/912
f 823/79/34 835/1202/915 1548/80/35
f 172/13/9 1480/1569/1160 1482/2217/1636
f 1552/2356/1738 1580/2355/1737 910/1213/921 908/1212/921
f 908/1559/1156 911/1558/1155 789/479/358 1552/478/357
f 1555/70/28 783/69/27 905/1424/1122 902/1423/1122
f 902/1555/1153 904/1554/1153 1583/2358/1739 1555/2357/1739
f 1558/2368/1746 1586/2367/1745 922/1206/917 920/1205/917
f 920/1568/1159 923/1567/1159 785/67/25 1558/475/355
f 1561/472/354 787/471/353 917/1445/1124 914/1444/1124
f 914/1564/1157 916/1563/1157 1589/2370/1747 1561/2369/1747
f 1564/2399/1762 819/1163/908 822/1166/910
f 808/1519/1137 778/2245/1662 1565/2400/1763 798/1520/1137
f 699/2247/1664 890/1155/904 891/1158/904 1568/2401/1764
f 876/1544/1151 1569/2402/1765 888/1545/1152
f 1572/2403/1766 872/1159/905 874/1162/907
f 860/1538/1148 782/2250/1667 1573/2404/1767 850/1539/1148
f 780/2252/1669 847/1151/902 838/1154/902 1576/2405/1768
f 834/1527/1142 1577/2406/1769 836/1528/1143
f 910/1556/1154 1580/2407/1770 796/2254/1671 912/1557/1154
f 790/2257/1674 1583/2408/1771 904/1469/1127 906/1472/1127
f 922/1565/1158 1586/2409/1772 792/2259/1676 924/1566/1158
f 794/2262/1679 1589/2410/1773 916/1490/1128 918/1493/1128
f 126/2224/1641 1508/2384/1751 1510/2411/1774
f 1511/2223/1640 1509/2383/1750 171/29/19
f 126/2224/1641 1510/2411/1774 1511/2223/1640
f 228/463/345 1512/2386/1753 1514/2225/1642
f 1515/2226/1643 1513/2385/1752 21/2227/1644
f 228/463/345 1514/2225/1642 21/2227/1644
f 130/2229/1646 1516/2388/1755 1518/2412/1775
f 1519/2228/1645 1517/2387/1754 224/25/16
f 130/2229/1646 1518/2412/1775 1519/2228/1645
f 186/440/330 1520/2390/1757 1522/2230/1647
f 1523/2231/1648 1521/2389/1756 128/2232/1649
f 186/440/330 1522/2230/1647 128/2232/1649
f 174/30/20 1509/2383/1750 1525/2233/1650
f 1526/2234/1651 1524/2391/1758 147/2235/1652
f 174/30/20 1525/2233/1650 147/2235/1652
f 141/2237/1654 1527/2392/1759 1528/2413/1776
f 1529/2236/1653 1512/2386/1753 240/462/344
f 141/2237/1654 1528/2413/1776 1529/2236/1653
f 226/26/17 1517/2387/1754 1531/2238/1655
f 1532/2239/1656 1530/2393/1760 143/2240/1657
f 226/26/17 1531/2238/1655 143/2240/1657
f 145/2242/1659 1533/2394/1761 1534/2414/1777
f 1535/2241/1658 1520/2390/1757 188/439/329
f 145/2242/1659 1534/2414/1777 1535/2241/1658
f 819/1163/908 1564/2399/1762 1566/2243/1660
f 1567/2244/1661 1565/2400/1763 778/2245/1662
f 819/1163/908 1566/2243/1660 778/2245/1662
f 699/2247/1664 1568/2401/1764 1570/2415/1778
f 1571/2246/1663 1569/2402/1765 876/1544/1151
f 699/2247/1664 1570/2415/1778 1571/2246/1663
f 872/1159/905 1572/2403/1766 1574/2248/1665
f 1575/2249/1666 1573/2404/1767 782/2250/1667
f 872/1159/905 1574/2248/1665 782/2250/1667
f 780/2252/1669 1576/2405/1768 1578/2416/1779
f 1579/2251/1668 1577/2406/1769 834/1527/1142
f 780/2252/1669 1578/2416/1779 1579/2251/1668
f 796/2254/1671 1580/2407/1770 1581/2417/1780
f 1582/2253/1670 1564/2399/1762 822/1166/910
f 796/2254/1671 1581/2417/1780 1582/2253/1670
f 888/1545/1152 1569/2402/1765 1584/2255/1672
f 1585/2256/1673 1583/2408/1771 790/2257/1674
f 888/1545/1152 1584/2255/1672 790/2257/1674
f 792/2259/1676 1586/2409/1772 1587/2418/1781
f 1588/2258/1675 1572/2403/1766 874/1162/907
f 792/2259/1676 1587/2418/1781 1588/2258/1675
f 836/1528/1143 1577/2406/1769 1590/2260/1677
f 1591/2261/1678 1589/2410/1773 794/2262/1679
f 836/1528/1143 1590/2260/1677 794/2262/1679
f 1592/2419/1782 1620/2420/1783 1619/2421/1784
f 1619/2421/1784 1620/2420/1783 1594/2422/1785
f 1621/2423/1786 1595/2424/1787 1596/2425/1788 1619/2421/1784
f 1622/2426/1789 1623/2427/1790 1598/2428/1791 1597/2429/1792
f 1610/2430/1793 1599/2431/1794 1603/2432/1795
f 1599/2431/1794 1600/2433/1796 1603/2432/1795
f 1600/2433/1796 1599/2431/1794 1602/2434/1797 1601/2435/1798
f 1603/2432/1799 1600/2433/1800 1604/2436/1801
f 1600/2433/1800 1605/2437/1802 1606/2438/1803 1604/2436/1801
f 1759/2439/1804 1760/2440/1805 1603/2441/1806 1604/2442/1804 1606/2443/1804
f 1766/2444/1807 1767/2445/1808 1611/2446/1809
f 1608/2447/1810 1609/2448/1811 1607/2449/1812
f 1609/2448/1811 1593/2450/1813 1610/2451/1814 1607/2449/1812
f 1593/2452/1815 1599/2431/1794 1610/2430/1793
f 1603/2453/1816 1607/2449/1812 1610/2451/1814
f 1606/2454/1817 1605/2455/1818 1759/2456/1819
f 1593/2452/1815 1618/2457/1820 1599/2431/1794
f 1619/2421/1784 1599/2431/1794 1618/2457/1820
f 1594/2422/1785 1621/2423/1786 1619/2421/1784
f 1596/2425/1788 1595/2424/1787 1623/2427/1790 1622/2426/1789
f 1592/2458/1821 1618/2459/1822 1626/2460/1823 1631/2461/1821
f 1592/2458/1821 1631/2461/1821 1628/2462/1824 1620/2463/1824
f 1623/2464/1825 1624/2465/1826 1630/2466/1827 1598/2467/1827
f 1595/2468/1828 1627/2469/1828 1624/2465/1826 1623/2464/1825
f 1595/2468/1828 1621/2470/1829 1629/2471/1830 1627/2469/1828
f 1621/2470/1829 1594/2472/1831 1625/2473/1831 1629/2471/1830
f 1620/2463/1824 1628/2462/1824 1625/2473/1831 1594/2472/1831
f 1618/2459/1822 1593/2450/1813 1609/2448/1811 1626/2460/1823
f 1799/2474/1832 1803/2475/1833 1804/2476/1833 1800/2477/1834
f 1820/2478/359 1805/2479/359 1784/2480/359 1781/2481/359
f 1836/2482/1835 1838/2483/271 1802/2484/271 1803/2485/1835
f 1901/2486/1836 1903/2487/1837 1904/2488/1837 1902/2489/1838
f 1892/2490/1839 1890/2491/1840 1889/2492/1840 1891/2493/1841
f 1880/2494/1842 1878/2495/1843 1877/2496/1844 1879/2497/1845
f 1783/2498/1846 1782/2499/1847 1781/2500/1847 1784/2501/1848
f 1834/2502/1849 1836/2482/1835 1803/2485/1835 1799/2503/1849
f 1869/2504/1850 1851/2505/1851 1877/2506/1851 1873/2507/1850
f 1903/2487/1837 1894/2508/1852 1893/2509/1852 1904/2488/1837
f 1894/2508/1852 1895/2510/1853 1896/2511/1847 1893/2509/1852
f 1884/2512/1854 1882/2513/1855 1881/2514/1856 1883/2515/1857
f 1791/2516/1858 1793/2517/1859 1794/2518/1859 1792/2519/1860
f 1782/2499/1847 1771/2520/1861 1772/2521/1861 1781/2500/1847
f 1835/2522/1862 1833/2523/1851 1800/2524/1851 1804/2525/1862
f 1774/2526/1863 1783/2498/1846 1784/2501/1848 1773/2527/1863
f 1615/2528/1864 1650/2529/1865 1616/2530/1866
f 1662/2531/1867 1653/2532/1868 1652/2533/1869
f 1662/2531/1870 1766/2444/1807 1655/2534/1871
f 1650/2529/1865 1758/2535/1872 1764/2536/1873 1654/2537/1874
f 1667/2538/1875 1666/2539/1876 1611/2446/1809 1767/2445/1808 1768/2540/1877
f 1650/2529/1865 1615/2528/1864 1614/2541/1878 1758/2535/1872
f 1760/2440/1805 1762/2542/1879 1607/2543/1879 1603/2441/1806
f 1761/2544/1880 1659/2545/1880 1607/2543/1879 1762/2542/1879
f 1757/2546/1881 1763/2547/1882 1613/2548/1883 1612/2549/1884 1639/2550/1881
f 1758/2535/1872 1614/2541/1878 1613/2548/1883 1763/2547/1882
f 1659/2545/1880 1761/2544/1880 1757/2546/1881 1639/2550/1881
f 1651/2551/1885 1765/2552/1886 1766/2444/1807 1662/2531/1870
f 1651/2551/1885 1654/2537/1874 1764/2536/1873 1765/2552/1886
f 1667/2538/1875 1769/2553/1887 1669/2554/1888
f 1655/2534/1889 1653/2532/1868 1662/2531/1867
f 1657/2555/280 1660/2556/280 1757/2557/280 1761/2558/280
f 1667/2538/1875 1768/2540/1877 1769/2553/1887
f 1669/2554/1888 1769/2553/1887 1672/2559/1890
f 1685/2560/1891 1674/2561/1892 1676/2562/1893
f 1685/2563/1894 1683/2564/1895 1675/2565/1896 1674/2566/1897
f 1673/2567/1898 1677/2568/1899 1684/2569/1900
f 1769/2553/1887 1679/2570/1901 1672/2559/1890
f 1605/2437/1802 1600/2433/1800 1601/2435/1902 1678/2571/1902
f 1605/2455/1818 1678/2572/1903 1759/2456/1819
f 1769/2553/1887 1673/2567/1898 1681/2573/1904 1679/2570/1901
f 1678/2571/1902 1601/2435/1902 1680/2574/1905 1682/2575/1905
f 1678/2572/1903 1682/2576/1906 1676/2562/1893 1759/2456/1819
f 1673/2567/1898 1684/2569/1900 1681/2573/1904
f 1682/2575/1905 1680/2574/1905 1683/2564/1895 1685/2563/1894
f 1682/2576/1906 1685/2560/1891 1676/2562/1893
f 1676/2577/1907 1674/2578/1908 1688/2579/1909
f 1619/2421/1784 1686/2580/1910 1602/2434/1797 1599/2431/1794
f 1769/2581/280 1770/2582/280 1673/2583/280
f 1673/2584/1911 1676/2577/1907 1688/2579/1909 1677/2585/1912
f 1770/2582/280 1759/2586/280 1676/2587/280 1673/2583/280
f 1675/2565/1896 1690/2588/1913 1691/2589/1914 1674/2566/1897
f 1674/2566/1897 1691/2589/1914 1693/2590/1915 1688/2591/1909
f 1693/2590/1915 1692/2592/1916 1688/2591/1909
f 1688/2591/1909 1692/2592/1916 1689/2593/1917 1677/2594/1912
f 1692/2592/1916 1694/2595/1918 1698/2596/1919 1689/2593/1917
f 1698/2596/1919 1694/2595/1918 1695/2597/1920 1699/2598/1921
f 1695/2597/1920 1696/2599/1922 1700/2600/1923 1699/2598/1921
f 1700/2600/1923 1696/2599/1922 1697/2601/1924 1701/2602/1924
f 1690/2588/1925 1675/2565/1926 1703/2603/1927 1702/2604/1928
f 1675/2565/1926 1683/2564/1929 1704/2605/1930 1703/2603/1927
f 1683/2564/1929 1680/2574/1931 1705/2606/1932 1704/2605/1930
f 1680/2574/1931 1601/2435/1798 1602/2434/1797 1705/2606/1932
f 1703/2603/1927 1706/2607/1933 1702/2604/1928
f 1706/2607/1933 1703/2603/1927 1707/2608/1934
f 1602/2434/1797 1686/2580/1910 1714/2609/1935 1705/2606/1932
f 1705/2606/1932 1714/2609/1935 1715/2610/1936 1704/2605/1930
f 1704/2605/1930 1715/2610/1936 1713/2611/1937 1703/2603/1927
f 1707/2608/1934 1703/2603/1927 1713/2611/1937 1711/2612/1938
f 1707/2608/1934 1711/2612/1938 1712/2613/1939 1708/2614/1940
f 1709/2615/1941 1708/2614/1940 1712/2613/1939 1710/2616/1942
f 1714/2609/1935 1686/2580/1910 1717/2617/1943 1716/2618/1944
f 1619/2421/1784 1721/2619/1945 1717/2617/1943 1686/2580/1910
f 1715/2610/1936 1714/2609/1935 1716/2618/1944 1718/2620/1946
f 1713/2611/1937 1715/2610/1936 1718/2620/1946 1723/2621/1947
f 1713/2611/1937 1723/2621/1947 1720/2622/1948 1711/2612/1938
f 1712/2613/1939 1711/2612/1938 1720/2622/1948 1722/2623/1949
f 1712/2613/1939 1722/2623/1949 1719/2624/1950 1710/2616/1942
f 1721/2619/1945 1619/2421/1784 1596/2425/1788 1724/2625/1951
f 1596/2425/1788 1622/2426/1789 1725/2626/1952 1724/2625/1951
f 1725/2626/1952 1622/2426/1789 1597/2429/1792 1726/2627/1953
f 1672/2628/1954 1679/2629/1955 1736/2630/1956 1734/2631/1957
f 1652/2632/1869 1653/2633/1868 1729/2634/1958 1728/2635/1959
f 1667/2636/1960 1669/2637/1961 1733/2638/1962 1732/2639/1963
f 1684/2640/1964 1677/2641/1965 1735/2642/1965 1738/2643/1966
f 1698/2644/1967 1699/2645/1968 1741/2646/1969 1740/2647/1967
f 1611/2648/1970 1666/2649/1971 1731/2650/1972 1727/2651/1973
f 1669/2637/1961 1672/2628/1954 1734/2631/1957 1733/2638/1962
f 1699/2645/1968 1700/2652/1974 1742/2653/1974 1741/2646/1969
f 1666/2649/1971 1667/2636/1960 1732/2639/1963 1731/2650/1972
f 1679/2629/1955 1681/2654/1975 1737/2655/1976 1736/2630/1956
f 1700/2652/1974 1701/2656/1977 1743/2657/1977 1742/2653/1974
f 1677/2641/1965 1689/2658/1978 1739/2659/1978 1735/2642/1965
f 1653/2633/1868 1655/2660/1979 1730/2661/1980 1729/2634/1958
f 1655/2660/1979 1611/2648/1970 1727/2651/1973 1730/2661/1980
f 1681/2654/1975 1684/2640/1964 1738/2643/1966 1737/2655/1976
f 1689/2658/1978 1698/2644/1967 1740/2647/1967 1739/2659/1978
f 1708/2662/1981 1709/2663/1982 1756/2664/1982 1755/2665/1981
f 1697/2666/1983 1696/2667/1984 1750/2668/1985 1751/2669/1983
f 1690/2670/1986 1702/2671/1987 1752/2672/1987 1744/2673/1986
f 1693/2674/1988 1691/2675/1989 1745/2676/1989 1747/2677/1988
f 1706/2678/1990 1707/2679/1991 1754/2680/1992 1753/2681/1993
f 1695/2682/1994 1694/2683/1995 1748/2684/1995 1749/2685/1996
f 1707/2679/1991 1708/2662/1981 1755/2665/1981 1754/2680/1992
f 1696/2667/1984 1695/2682/1994 1749/2685/1996 1750/2668/1985
f 1692/2686/1997 1693/2674/1988 1747/2677/1988 1746/2687/1997
f 1691/2675/1989 1690/2670/1986 1744/2673/1986 1745/2676/1989
f 1694/2683/1995 1692/2686/1997 1746/2687/1997 1748/2684/1995
f 1702/2671/1987 1706/2678/1990 1753/2681/1993 1752/2672/1987
f 1664/2688/280 1663/2689/280 1764/2690/280 1758/2691/280
f 1661/2692/280 1664/2688/280 1758/2691/280 1763/2693/280
f 1617/2694/1998 1656/2695/1999 1760/2696/2000 1759/2586/280
f 1656/2695/1999 1658/2697/2001 1762/2698/2002 1760/2696/2000
f 1658/2697/2001 1657/2555/280 1761/2558/280 1762/2698/2002
f 1660/2556/280 1661/2692/280 1763/2693/280 1757/2557/280
f 1663/2689/280 1665/2699/280 1765/2700/280 1764/2690/280
f 1665/2699/280 1670/2701/280 1767/2702/280 1766/2703/280 1765/2700/280
f 1670/2701/280 1671/2704/280 1768/2705/280 1767/2702/280
f 1671/2704/280 1668/2706/280 1769/2581/280 1768/2705/280
f 1668/2706/280 1687/2707/280 1770/2582/280 1769/2581/280
f 1687/2707/280 1617/2694/1998 1759/2586/280 1770/2582/280
f 1607/2449/1812 1659/2708/2003 1608/2447/1810
f 1655/2534/1871 1766/2444/1807 1611/2446/1809
f 1890/2491/1840 1888/2709/2004 1887/2710/2004 1889/2492/1840
f 1888/2709/2004 1886/2711/2005 1885/2712/2006 1887/2710/2004
f 1886/2711/2005 1884/2512/1854 1883/2515/1857 1885/2712/2006
f 1882/2513/1855 1880/2494/1842 1879/2497/1845 1881/2514/1856
f 1878/2495/1843 1874/2713/2007 1873/2714/2008 1877/2496/1844
f 1874/2713/2007 1875/2715/2009 1876/2716/2009 1873/2714/2008
f 1771/2520/1861 1785/2717/2010 1786/2718/2011 1772/2521/1861
f 1776/2719/2012 1774/2526/1863 1773/2527/1863 1775/2720/2013
f 1778/2721/2014 1776/2719/2012 1775/2720/2013 1777/2722/2015
f 1779/2723/2016 1778/2721/2014 1777/2722/2015 1780/2724/2016
f 1785/2717/2010 1787/2725/2017 1788/2726/2017 1786/2718/2011
f 1787/2725/2017 1789/2727/2018 1790/2728/2019 1788/2726/2017
f 1789/2727/2018 1791/2516/1858 1792/2519/1860 1790/2728/2019
f 1793/2517/1859 1795/2729/2020 1796/2730/2021 1794/2518/1859
f 1795/2729/2020 1797/2731/2022 1798/2732/2023 1796/2730/2021
f 1797/2731/2022 1799/2474/1832 1800/2477/1834 1798/2732/2023
f 1803/2475/1833 1802/2733/2024 1801/2734/2024 1804/2476/1833
f 1843/2735/2025 1857/2736/271 1901/2737/271 1899/2738/2025
f 1851/2505/1851 1849/2739/1851 1879/2740/1851 1877/2506/1851
f 1844/2741/2026 1860/2742/2027 1897/2743/2027 1900/2744/2026
f 1850/2745/1849 1852/2746/1849 1878/2747/1849 1880/2748/1849
f 1859/2749/2028 1843/2735/2025 1899/2738/2025 1898/2750/2028
f 1837/2751/359 1835/2522/1862 1804/2525/1862 1801/2752/359
f 1806/2753/271 1819/2754/271 1782/2755/271 1783/2756/271
f 1852/2746/1849 1870/2757/2029 1874/2758/2029 1878/2747/1849
f 1862/2759/2030 1853/2760/2031 1893/2761/2031 1896/2762/2030
f 1821/2763/2032 1809/2764/2033 1786/2765/2033 1788/2766/2032
f 1810/2767/2034 1822/2768/2035 1787/2769/2035 1785/2770/2034
f 1895/2510/1853 1906/2771/2036 1905/2772/2036 1896/2511/1847
f 1906/2771/2036 1892/2490/1839 1891/2493/1841 1905/2772/2036
f 1899/2773/2037 1901/2486/1836 1902/2489/1838 1900/2774/2037
f 1898/2775/2038 1899/2773/2037 1900/2774/2037 1897/2776/2038
f 1871/2777/359 1869/2504/1850 1873/2507/1850 1876/2778/359
f 1854/2779/2039 1861/2780/2040 1895/2781/2040 1894/2782/2039
f 1823/2783/2033 1821/2763/2032 1788/2766/2032 1790/2784/2033
f 1870/2757/2029 1872/2785/271 1875/2786/271 1874/2758/2029
f 1863/2787/2041 1855/2788/2032 1891/2789/2032 1889/2790/2041
f 1822/2768/2035 1824/2791/2034 1789/2792/2034 1787/2769/2035
f 1856/2793/2035 1864/2794/2042 1890/2795/2042 1892/2796/2035
f 1807/2797/1862 1820/2478/359 1781/2481/359 1772/2798/1862
f 1825/2799/1862 1823/2783/2033 1790/2784/2033 1792/2800/1862
f 1819/2754/271 1808/2801/1835 1771/2802/1835 1782/2755/271
f 1845/2803/2043 1863/2787/2041 1889/2790/2041 1887/2804/2043
f 1824/2791/2034 1826/2805/1835 1791/2806/1835 1789/2792/2034
f 1809/2764/2033 1807/2797/1862 1772/2798/1862 1786/2765/2033
f 1864/2794/2042 1846/2807/2044 1888/2808/2044 1890/2795/2042
f 1808/2801/1835 1810/2767/2034 1785/2770/2034 1771/2802/1835
f 1839/2809/1850 1862/2759/2030 1896/2762/2030 1905/2810/1850
f 1827/2811/359 1825/2799/1862 1792/2800/1862 1794/2812/359
f 1847/2813/2033 1845/2803/2043 1887/2804/2043 1885/2814/2033
f 1861/2780/2040 1840/2815/2029 1906/2816/2029 1895/2781/2040
f 1826/2805/1835 1828/2817/271 1793/2818/271 1791/2806/1835
f 1805/2479/359 1812/2819/359 1773/2820/359 1784/2480/359
f 1846/2807/2044 1848/2821/2034 1886/2822/2034 1888/2808/2044
f 1855/2788/2032 1839/2809/1850 1905/2810/1850 1891/2789/2032
f 1811/2823/271 1806/2753/271 1783/2756/271 1774/2824/271
f 1840/2815/2029 1856/2793/2035 1892/2796/2035 1906/2816/2029
f 1829/2825/2030 1827/2811/359 1794/2812/359 1796/2826/2030
f 1812/2819/359 1814/2827/359 1775/2828/359 1773/2820/359
f 1865/2829/1862 1847/2813/2033 1885/2814/2033 1883/2830/1862
f 1828/2817/271 1830/2831/2040 1795/2832/2040 1793/2818/271
f 1848/2821/2034 1866/2833/1835 1884/2834/1835 1886/2822/2034
f 1853/2760/2031 1842/2835/359 1904/2836/359 1893/2761/2031
f 1813/2837/271 1811/2823/271 1774/2824/271 1776/2838/271
f 1612/2839/2045 1613/2840/2046 1812/2841/2046 1805/2842/2045
f 1806/2843/2047 1853/2844/2047 1862/2845/2048 1819/2846/2049
f 1612/2839/2045 1805/2842/2045 1820/2847/2050 1639/2848/2051
f 1806/2843/2047 1811/2849/1837 1842/2850/1837 1853/2844/2047
f 1639/2848/2051 1820/2847/2050 1807/2851/2052 1659/2708/2053
f 1608/2447/2054 1659/2708/2053 1807/2851/2052 1809/2852/2054
f 1819/2846/2049 1862/2845/2048 1839/2853/2055 1808/2854/2055
f 1810/2855/2056 1808/2854/2055 1839/2853/2055 1855/2856/2056
f 1822/2857/2057 1810/2855/2056 1855/2856/2056 1863/2858/2057
f 1609/2448/2058 1608/2447/2054 1809/2852/2054 1821/2859/2058
f 1614/2860/2059 1814/2861/2059 1812/2841/2046 1613/2840/2046
f 1813/2862/2060 1858/2863/2012 1842/2850/1837 1811/2849/1837
f 1614/2860/2059 1615/2864/2061 1816/2865/2061 1814/2861/2059
f 1813/2862/2060 1815/2866/2062 1844/2867/2062 1858/2863/2012
f 1616/2868/2063 1818/2869/2063 1816/2865/2061 1615/2864/2061
f 1817/2870/2016 1860/2871/2016 1844/2867/2062 1815/2866/2062
f 1822/2857/2057 1863/2858/2057 1845/2872/2064 1824/2873/2065
f 1609/2448/2058 1821/2859/2058 1823/2874/2066 1626/2460/2066
f 1626/2460/2066 1823/2874/2066 1825/2875/2067 1631/2461/2068
f 1824/2873/2065 1845/2872/2064 1847/2876/2069 1826/2877/2069
f 1628/2462/2070 1631/2461/2068 1825/2875/2067 1827/2878/2070
f 1828/2879/2071 1826/2877/2069 1847/2876/2069 1865/2880/2072
f 1830/2881/2073 1828/2879/2071 1865/2880/2072 1867/2882/2074
f 1625/2473/2075 1628/2462/2070 1827/2878/2070 1829/2883/2075
f 1830/2881/2073 1867/2882/2074 1849/2884/2076 1832/2885/2076
f 1625/2473/2075 1829/2883/2075 1831/2886/2077 1629/2471/2077
f 1629/2471/2077 1831/2886/2077 1833/2887/2078 1627/2469/1832
f 1832/2885/2076 1849/2884/2076 1851/2888/2079 1834/2889/2080
f 1624/2465/2081 1627/2469/1832 1833/2887/2078 1835/2890/2081
f 1836/2891/2082 1834/2889/2080 1851/2888/2079 1869/2892/2083
f 1838/2893/2024 1836/2891/2082 1869/2892/2083 1871/2894/2024
f 1630/2466/2024 1624/2465/2081 1835/2890/2081 1837/2895/2024
f 1856/2896/2084 1840/2897/2085 1635/2898/2085 1632/2899/2084
f 1861/2900/2049 1640/2901/2086 1635/2898/2085 1840/2897/2085
f 1857/2902/2087 1637/2903/2087 1634/2904/2088 1841/2905/2089
f 1854/2906/2090 1841/2905/2089 1634/2904/2088 1638/2907/2090
f 1859/2908/2038 1636/2909/2038 1633/2910/2091 1843/2911/2091
f 1857/2902/2087 1843/2911/2091 1633/2910/2091 1637/2903/2087
f 1846/2912/2092 1645/2913/2092 1642/2914/2093 1848/2915/2093
f 1864/2916/2094 1649/2917/2094 1645/2913/2092 1846/2912/2092
f 1866/2918/1854 1848/2915/2093 1642/2914/2093 1647/2919/1854
f 1850/2920/2095 1648/2921/2096 1646/2922/2097 1852/2923/2098
f 1868/2924/2099 1644/2925/2100 1648/2921/2096 1850/2920/2095
f 1870/2926/2008 1852/2923/2098 1646/2922/2097 1643/2927/2007
f 1854/2906/2090 1638/2907/2090 1640/2901/2086 1861/2900/2049
f 1864/2916/2094 1856/2896/2084 1632/2899/2084 1649/2917/2094
f 1868/2924/2099 1866/2918/1854 1647/2919/1854 1644/2925/2100
f 1872/2928/2009 1870/2926/2008 1643/2927/2007 1641/2929/2009
f 1817/2930/2028 1815/2931/2025 1778/2932/2025 1779/2933/2028
f 1868/2934/2029 1850/2745/1849 1880/2748/1849 1882/2935/2029
f 1832/2936/1849 1834/2502/1849 1799/2503/1849 1797/2937/1849
f 1858/2938/359 1844/2741/2026 1900/2744/2026 1902/2939/359
f 1849/2739/1851 1867/2940/1850 1881/2941/1850 1879/2740/1851
f 1816/2942/2026 1818/2943/2027 1780/2944/2027 1777/2945/2026
f 1833/2523/1851 1831/2946/1851 1798/2947/1851 1800/2524/1851
f 1857/2736/271 1841/2948/2040 1903/2949/2040 1901/2737/271
f 1815/2931/2025 1813/2837/271 1776/2838/271 1778/2932/2025
f 1866/2833/1835 1868/2934/2029 1882/2935/2029 1884/2834/1835
f 1830/2831/2040 1832/2936/1849 1797/2937/1849 1795/2832/2040
f 1842/2835/359 1858/2938/359 1902/2939/359 1904/2836/359
f 1867/2940/1850 1865/2829/1862 1883/2830/1862 1881/2941/1850
f 1814/2827/359 1816/2942/2026 1777/2945/2026 1775/2828/359
f 1831/2946/1851 1829/2825/2030 1796/2826/2030 1798/2947/1851
f 1841/2948/2040 1854/2779/2039 1894/2782/2039 1903/2949/2040
f 1592/2419/1782 1619/2421/1784 1618/2457/1820
f 1656/2950/2101 1983/2951/2101 1985/2952/2102 1658/2953/2103
f 1644/2954/271 1647/2955/271 1921/2956/271 1918/2957/271
f 1635/2958/271 1640/2959/271 1914/2960/271 1910/2961/271
f 1640/2959/271 1638/2962/271 1913/2963/271 1914/2960/271
f 1648/2964/271 1644/2954/271 1918/2957/271 1922/2965/271
f 1632/2966/271 1635/2958/271 1910/2961/271 1907/2967/271
f 1646/2968/271 1648/2964/271 1922/2965/271 1920/2969/271
f 1649/2970/271 1632/2966/271 1907/2967/271 1923/2971/271
f 1638/2962/271 1634/2972/271 1909/2973/271 1913/2963/271
f 1643/2974/271 1646/2968/271 1920/2969/271 1917/2975/271
f 1645/2976/271 1649/2970/271 1923/2971/271 1919/2977/271
f 1634/2972/271 1637/2978/271 1912/2979/271 1909/2973/271
f 1641/2980/271 1643/2974/271 1917/2975/271 1915/2981/271
f 1642/2982/271 1645/2976/271 1919/2977/271 1916/2983/271
f 1637/2978/271 1633/2984/271 1908/2985/271 1912/2979/271
f 1647/2955/271 1642/2982/271 1916/2983/271 1921/2956/271
f 1633/2984/271 1636/2986/271 1911/2987/271 1908/2985/271
f 1910/2988/2104 1914/2989/2105 1931/2990/2105 1927/2991/2104
f 1923/2992/2106 1907/2993/2107 1924/2994/2107 1940/2995/2106
f 1919/2996/2108 1923/2992/2106 1940/2995/2106 1936/2997/2108
f 1916/2998/2109 1919/2996/2108 1936/2997/2108 1933/2999/2109
f 1921/3000/2110 1916/2998/2109 1933/2999/2109 1938/3001/2110
f 1918/3002/2111 1921/3000/2110 1938/3001/2110 1935/3003/2112
f 1922/3004/2113 1918/3002/2111 1935/3003/2112 1939/3005/2113
f 1920/3006/2114 1922/3004/2113 1939/3005/2113 1937/3007/2114
f 1914/2989/2105 1913/3008/2115 1930/3009/2115 1931/2990/2105
f 1917/3010/2116 1920/3006/2114 1937/3007/2114 1934/3011/2116
f 1907/2993/2107 1910/2988/2104 1927/2991/2104 1924/2994/2107
f 1915/3012/22 1917/3010/2116 1934/3011/2116 1932/3013/22
f 1913/3008/2115 1909/3014/2117 1926/3015/2118 1930/3009/2115
f 1909/3014/2117 1912/3016/2119 1929/3017/2119 1926/3015/2118
f 1912/3016/2119 1908/3018/2120 1925/3019/2120 1929/3017/2119
f 1908/3018/2120 1911/3020/831 1928/3021/831 1925/3019/2120
f 1745/3022/359 1744/3023/359 1941/3024/359 1942/3025/359
f 1752/3026/359 1753/3027/359 1950/3028/359 1949/3029/359
f 1747/3030/359 1745/3022/359 1942/3025/359 1944/3031/359
f 1753/3027/359 1754/3032/359 1951/3033/359 1950/3028/359
f 1746/3034/359 1747/3030/359 1944/3031/359 1943/3035/359
f 1754/3032/359 1755/3036/359 1952/3037/359 1951/3033/359
f 1748/3038/359 1746/3034/359 1943/3035/359 1945/3039/359
f 1755/3036/359 1756/3040/359 1953/3041/359 1952/3037/359
f 1749/3042/359 1748/3038/359 1945/3039/359 1946/3043/359
f 1750/3044/359 1749/3042/359 1946/3043/359 1947/3045/359
f 1751/3046/359 1750/3044/359 1947/3045/359 1948/3047/359
f 1744/3023/359 1752/3026/359 1949/3029/359 1941/3024/359
f 1947/3048/2121 1946/3049/2122 1959/3050/2122 1960/3051/2121
f 1948/3052/831 1947/3048/2121 1960/3051/2121 1961/3053/831
f 1941/3054/2123 1949/3055/2124 1962/3056/2124 1954/3057/2123
f 1942/3058/302 1941/3054/2123 1954/3057/2123 1955/3059/302
f 1949/3055/2124 1950/3060/2125 1963/3061/2125 1962/3056/2124
f 1944/3062/2126 1942/3058/302 1955/3059/302 1957/3063/2126
f 1950/3060/2125 1951/3064/2127 1964/3065/2127 1963/3061/2125
f 1943/3066/2128 1944/3062/2126 1957/3063/2126 1956/3067/2128
f 1951/3064/2127 1952/3068/2129 1965/3069/2129 1964/3065/2127
f 1945/3070/2130 1943/3066/2128 1956/3067/2128 1958/3071/2130
f 1952/3068/2129 1953/3072/22 1966/3073/22 1965/3069/2129
f 1946/3049/2122 1945/3070/2130 1958/3071/2130 1959/3050/2122
f 1977/3074/2131 1976/3075/2132 2002/3076/2132 2003/3077/2131
f 1660/3078/2133 1657/3079/2134 1984/3080/2135 1980/3081/2136
f 1661/3082/2137 1660/3078/2133 1980/3081/2136 1986/3083/2137
f 1664/3084/2138 1661/3082/2137 1986/3083/2137 1981/3085/2138
f 1664/3084/2138 1981/3085/2138 1987/3086/2139 1663/3087/2139
f 1665/3088/2140 1663/3087/2139 1987/3086/2139 1988/3089/2141
f 1670/3090/2142 1665/3088/2140 1988/3089/2141 1989/3091/2142
f 1671/3092/2143 1670/3090/2142 1989/3091/2142 1990/3093/2144
f 1668/3094/2145 1671/3092/2143 1990/3093/2144 1991/3095/2146
f 1687/3096/2147 1668/3094/2145 1991/3095/2146 1992/3097/2148
f 1617/3098/2149 1687/3096/2147 1992/3097/2148 1982/3099/2150
f 1656/2950/2101 1617/3098/2149 1982/3099/2150 1983/2951/2101
f 1971/3100/2151 1967/3101/2151 1980/3102/2151 1984/3103/2151
f 1968/3104/2151 1974/3105/2151 1987/3106/2151 1981/3107/2151
f 1973/3108/2151 1968/3104/2151 1981/3107/2151 1986/3109/2151
f 1969/3110/2151 1970/3111/2151 1983/3112/2151 1982/3113/2151
f 1970/3111/2151 1972/3114/2151 1985/3115/2151 1983/3112/2151
f 1972/3114/2151 1971/3100/2151 1984/3103/2151 1985/3115/2151
f 1967/3101/2151 1973/3108/2151 1986/3109/2151 1980/3102/2151
f 1974/3105/2151 1975/3116/2151 1988/3117/2151 1987/3106/2151
f 1975/3116/2151 1976/3118/2151 1989/3119/2151 1988/3117/2151
f 1976/3118/2151 1977/3120/2151 1990/3121/2151 1989/3119/2151
f 1977/3120/2151 1978/3122/2151 1991/3123/2151 1990/3121/2151
f 1978/3122/2151 1979/3124/2151 1992/3125/2151 1991/3123/2151
f 1979/3124/2151 1969/3110/2151 1982/3113/2151 1992/3125/2151
f 1975/3126/2152 2001/3127/2152 2002/3128/2132 1976/3129/2132
f 1999/3130/2151 1993/3131/2151 1997/3132/2151 1998/3133/2151 1996/3134/2151 1995/3135/2151 2005/3136/2151 2004/3137/2151 2003/3138/2151 2002/3139/2151 2001/3140/2151 2000/3141/2151 1994/3142/2151
f 1978/3143/2153 1977/3074/2131 2003/3077/2131 2004/3144/2153
f 1979/3145/2154 1978/3143/2153 2004/3144/2153 2005/3146/2154
f 1969/3147/2155 1979/3145/2154 2005/3146/2154 1995/3148/2155
f 1967/3149/2156 1971/3150/2157 1997/3151/2157 1993/3152/2156
f 1974/3153/2158 1968/3154/2159 1994/3155/2159 2000/3156/2158
f 1968/3154/2159 1973/3157/2160 1999/3158/2160 1994/3155/2159
f 1970/3159/2161 1969/3147/2155 1995/3148/2155 1996/3160/2161
f 1972/3161/2162 1970/3159/2161 1996/3160/2161 1998/3162/2162
f 1971/3150/2157 1972/3161/2162 1998/3162/2162 1997/3151/2157
f 1973/3157/2160 1967/3149/2156 1993/3152/2156 1999/3158/2160
f 1975/3126/2152 1974/3153/2158 2000/3156/2158 2001/3127/2152
f 1720/3163/2163 1723/3164/2164 2013/3165/2164 2010/3166/2163
f 1722/3167/2165 1720/3163/2163 2010/3166/2163 2012/3168/2165
f 1719/3169/2166 1722/3167/2165 2012/3168/2165 2009/3170/2166
f 1721/3171/2167 1724/3172/2168 2014/3173/2168 2011/3174/2167
f 1716/3175/2169 1717/3176/2170 2007/3177/2170 2006/3178/2169
f 1724/3172/2168 1725/3179/2171 2015/3180/2172 2014/3173/2168
f 1717/3176/2170 1721/3171/2167 2011/3174/2167 2007/3177/2170
f 1725/3179/2171 1726/3181/2009 2016/3182/2009 2015/3180/2172
f 1718/3183/2173 1716/3175/2169 2006/3178/2169 2008/3184/2173
f 1723/3164/2164 1718/3183/2173 2008/3184/2173 2013/3165/2164
f 1657/3079/2134 1658/3185/2103 1985/3186/2102 1984/3080/2135
f 2017/3187/2174 2041/3188/2175 2042/3189/2176
f 2041/3188/2175 2019/3190/2177 2042/3189/2176
f 2043/3191/2178 2041/3188/2175 2021/3192/2179 2020/3193/2180
f 2044/3194/2181 1597/2429/1792 1598/2428/1791 2045/3195/2182
f 2033/3196/2183 2026/3197/2184 2022/3198/2185
f 2022/3198/2185 2026/3197/2184 2023/3199/2186
f 2023/3199/2186 2024/3200/2187 2025/3201/2188 2022/3198/2185
f 2026/3197/2189 2027/3202/2190 2023/3199/2191
f 2023/3199/2191 2027/3202/2190 2029/3203/2192 2028/3204/2193
f 2163/3205/2194 2029/3206/2194 2027/3207/2194 2026/3208/2195 2164/3209/2196
f 2170/3210/2197 2034/3211/2198 2171/3212/2199
f 2031/3213/2200 2030/3214/2201 2032/3215/2202
f 2032/3215/2202 2030/3214/2201 2033/3216/2203 2018/3217/2204
f 2018/3218/2205 2033/3196/2183 2022/3198/2185
f 2026/3219/2206 2033/3216/2203 2030/3214/2201
f 2029/3220/2207 2163/3221/2208 2028/3222/2209
f 2018/3218/2205 2022/3198/2185 2040/3223/2210
f 2041/3188/2175 2040/3223/2210 2022/3198/2185
f 2019/3190/2177 2041/3188/2175 2043/3191/2178
f 2021/3192/2179 2044/3194/2181 2045/3195/2182 2020/3193/2180
f 2017/3224/2211 2052/3225/2212 2048/3226/2213 2040/3227/2213
f 2017/3224/2211 2042/3228/2214 2050/3229/2215 2052/3225/2212
f 2045/3230/2216 1598/2467/1827 1630/2466/1827 2046/3231/2217
f 2020/3232/2218 2045/3230/2216 2046/3231/2217 2049/3233/2218
f 2020/3232/2218 2049/3233/2218 2051/3234/2219 2043/3235/2220
f 2043/3235/2220 2051/3234/2219 2047/3236/2221 2019/3237/2221
f 2042/3228/2214 2019/3237/2221 2047/3236/2221 2050/3229/2215
f 2040/3227/2213 2048/3226/2213 2032/3215/2202 2018/3217/2204
f 2201/3238/2222 2202/3239/2223 2204/3240/2224 2203/3241/2225
f 2218/3242/359 2183/3243/359 2186/3244/359 2205/3245/359
f 2234/3246/2226 2203/3247/2226 1802/2484/271 1838/2483/271
f 2289/3248/2227 2290/3249/2228 2292/3250/2229 2291/3251/2230
f 2282/3252/2231 2281/3253/2231 2279/3254/2232 2280/3255/2232
f 2270/3256/2233 2269/3257/2234 2267/3258/2235 2268/3259/2236
f 2185/3260/2237 2186/3261/2238 2183/3262/2239 2184/3263/2240
f 2232/3264/2241 2201/3265/2241 2203/3247/2226 2234/3246/2226
f 2263/3266/2031 2265/3267/2031 2267/3268/2242 2247/3269/2242
f 2291/3251/2230 2292/3250/2229 2283/3270/2243 2284/3271/2244
f 2284/3271/2244 2283/3270/2243 2286/3272/2239 2285/3273/2239
f 2274/3274/2245 2273/3275/2246 2271/3276/2247 2272/3277/2248
f 2193/3278/2249 2194/3279/2250 2196/3280/2251 2195/3281/2251
f 2184/3263/2240 2183/3262/2239 2176/3282/2252 2175/3283/2252
f 2233/3284/2253 2204/3285/2253 2202/3286/2242 2231/3287/2242
f 2178/3288/2254 2177/3289/2255 2186/3261/2238 2185/3260/2237
f 2038/3290/2256 1616/2530/1866 1650/2529/1865
f 1662/2531/1867 1652/2533/1869 2069/3291/2257
f 1662/2531/1870 2070/3292/2258 2170/3210/2197
f 1650/2529/1865 1654/2537/1874 2168/3293/2259 2162/3294/2260
f 2081/3295/2261 2172/3296/2262 2171/3212/2199 2034/3211/2198 2080/3297/2263
f 1650/2529/1865 2162/3294/2260 2037/3298/2264 2038/3290/2256
f 2164/3209/2196 2026/3208/2195 2030/3299/2265 2166/3300/2265
f 2165/3301/2266 2166/3300/2265 2030/3299/2265 2074/3302/2267
f 2161/3303/2268 2059/3304/2268 2035/3305/2269 2036/3306/2270 2167/3307/2271
f 2162/3294/2260 2167/3307/2271 2036/3306/2270 2037/3298/2264
f 2074/3302/2267 2059/3304/2268 2161/3303/2268 2165/3301/2266
f 1651/2551/1885 1662/2531/1870 2170/3210/2197 2169/3308/2272
f 1651/2551/1885 2169/3308/2272 2168/3293/2259 1654/2537/1874
f 2081/3295/2261 2083/3309/2273 2173/3310/2274
f 2070/3292/2275 1662/2531/1867 2069/3291/2257
f 2072/3311/302 2165/3312/302 2161/3313/302 2075/3314/302
f 2081/3295/2261 2173/3310/2274 2172/3296/2262
f 2083/3309/2273 2086/3315/2276 2173/3310/2274
f 2099/3316/2277 2090/3317/2278 2088/3318/2279
f 2099/3319/2280 2088/3320/2281 2089/3321/2282 2097/3322/2283
f 2087/3323/2284 2098/3324/2285 2091/3325/2286
f 2173/3310/2274 2086/3315/2276 2093/3326/2287
f 2028/3204/2193 2092/3327/2288 2024/3200/2288 2023/3199/2191
f 2028/3222/2209 2163/3221/2208 2092/3328/2208
f 2173/3310/2274 2093/3326/2287 2095/3329/2289 2087/3323/2284
f 2092/3327/2288 2096/3330/2290 2094/3331/2290 2024/3200/2288
f 2092/3328/2208 2163/3221/2208 2090/3317/2278 2096/3332/2291
f 2087/3323/2284 2095/3329/2289 2098/3324/2285
f 2096/3330/2290 2099/3319/2280 2097/3322/2283 2094/3331/2290
f 2096/3332/2291 2090/3317/2278 2099/3316/2277
f 2090/3333/2292 2102/3334/2293 2088/3335/2294
f 2041/3188/2175 2022/3198/2185 2025/3201/2188 2100/3336/2295
f 2173/3337/302 2087/3338/302 2174/3339/302
f 2087/3340/2296 2091/3341/2297 2102/3334/2293 2090/3333/2292
f 2174/3339/302 2087/3338/302 2090/3342/302 2163/3343/302
f 2089/3321/2282 2088/3320/2281 2105/3344/2298 2104/3345/2299
f 2088/3320/2281 2102/3346/2293 2107/3347/2300 2105/3344/2298
f 2107/3347/2300 2102/3346/2293 2106/3348/2301
f 2102/3346/2293 2091/3349/2297 2103/3350/2302 2106/3348/2301
f 2106/3348/2301 2103/3350/2302 2111/3351/2303 2108/3352/2304
f 2111/3351/2303 2112/3353/2305 2109/3354/2306 2108/3352/2304
f 2109/3354/2306 2112/3353/2305 2113/3355/2307 2110/3356/2307
f 2113/3355/2307 1701/3357/1924 1697/3358/1924 2110/3356/2307
f 2104/3345/2308 2114/3359/2309 2115/3360/2310 2089/3321/2311
f 2089/3321/2311 2115/3360/2310 2116/3361/2312 2097/3322/2313
f 2097/3322/2313 2116/3361/2312 2117/3362/2314 2094/3331/2315
f 2094/3331/2315 2117/3362/2314 2025/3201/2188 2024/3200/2187
f 2115/3360/2310 2114/3359/2309 2118/3363/2316
f 2118/3363/2316 2119/3364/2317 2115/3360/2310
f 2025/3201/2188 2117/3362/2314 2124/3365/2318 2100/3336/2295
f 2117/3362/2314 2116/3361/2312 2125/3366/2319 2124/3365/2318
f 2116/3361/2312 2115/3360/2310 2123/3367/2320 2125/3366/2319
f 2119/3364/2317 2121/3368/2321 2123/3367/2320 2115/3360/2310
f 2119/3364/2317 2120/3369/2322 2122/3370/2323 2121/3368/2321
f 1709/3371/1941 1710/3372/1942 2122/3370/2323 2120/3369/2322
f 2124/3365/2318 2126/3373/2324 2127/3374/2325 2100/3336/2295
f 2041/3188/2175 2100/3336/2295 2127/3374/2325 2130/3375/2326
f 2125/3366/2319 2128/3376/2327 2126/3373/2324 2124/3365/2318
f 2123/3367/2320 2132/3377/2328 2128/3376/2327 2125/3366/2319
f 2123/3367/2320 2121/3368/2321 2129/3378/2329 2132/3377/2328
f 2122/3370/2323 2131/3379/2330 2129/3378/2329 2121/3368/2321
f 2122/3370/2323 1710/3372/1942 1719/3380/1950 2131/3379/2330
f 2130/3375/2326 2133/3381/2331 2021/3192/2179 2041/3188/2175
f 2021/3192/2179 2133/3381/2331 2134/3382/2332 2044/3194/2181
f 2134/3382/2332 1726/2627/1953 1597/2429/1792 2044/3194/2181
f 2086/3383/2333 2141/3384/2334 2143/3385/2335 2093/3386/2336
f 1652/2632/1869 1728/2635/1959 2136/3387/2337 2069/3388/2257
f 2081/3389/2338 2139/3390/2339 2140/3391/2340 2083/3392/2341
f 2098/3393/2342 2145/3394/2343 2142/3395/2344 2091/3396/2344
f 2111/3397/2345 2147/3398/2345 2148/3399/2346 2112/3400/2347
f 2034/3401/2348 2135/3402/2349 2138/3403/2350 2080/3404/2350
f 2083/3392/2341 2140/3391/2340 2141/3384/2334 2086/3383/2333
f 2112/3400/2347 2148/3399/2346 2149/3405/2351 2113/3406/2352
f 2080/3404/2350 2138/3403/2350 2139/3390/2339 2081/3389/2338
f 2093/3386/2336 2143/3385/2335 2144/3407/2353 2095/3408/2354
f 2113/3406/2352 2149/3405/2351 1743/3409/1977 1701/3410/1977
f 2091/3396/2344 2142/3395/2344 2146/3411/2355 2103/3412/2356
f 2069/3388/2257 2136/3387/2337 2137/3413/2357 2070/3414/2358
f 2070/3414/2358 2137/3413/2357 2135/3402/2349 2034/3401/2348
f 2095/3408/2354 2144/3407/2353 2145/3394/2343 2098/3393/2342
f 2103/3412/2356 2146/3411/2355 2147/3398/2345 2111/3397/2345
f 2120/3415/2359 2160/3416/2359 1756/2664/1982 1709/2663/1982
f 1697/3417/1983 1751/3418/1983 2156/3419/2360 2110/3420/2361
f 2104/3421/2362 2150/3422/2362 2157/3423/2363 2114/3424/2363
f 2107/3425/2364 2153/3426/2364 2151/3427/2365 2105/3428/2365
f 2118/3429/2366 2158/3430/2367 2159/3431/2368 2119/3432/2369
f 2109/3433/2370 2155/3434/2370 2154/3435/2371 2108/3436/2371
f 2119/3432/2369 2159/3431/2368 2160/3416/2359 2120/3415/2359
f 2110/3420/2361 2156/3419/2360 2155/3434/2370 2109/3433/2370
f 2106/3437/2372 2152/3438/2372 2153/3426/2364 2107/3425/2364
f 2105/3428/2365 2151/3427/2365 2150/3422/2362 2104/3421/2362
f 2108/3436/2371 2154/3435/2371 2152/3438/2372 2106/3437/2372
f 2114/3424/2363 2157/3423/2363 2158/3430/2367 2118/3429/2366
f 2078/3439/302 2162/3440/302 2168/3441/302 2077/3442/302
f 2076/3443/302 2167/3444/302 2162/3440/302 2078/3439/302
f 2039/3445/2373 2163/3343/302 2164/3446/2374 2071/3447/2375
f 2071/3447/2375 2164/3446/2374 2166/3448/2376 2073/3449/2377
f 2073/3449/2377 2166/3448/2376 2165/3312/302 2072/3311/302
f 2075/3314/302 2161/3313/302 2167/3444/302 2076/3443/302
f 2077/3442/302 2168/3441/302 2169/3450/302 2079/3451/302
f 2079/3451/302 2169/3450/302 2170/3452/302 2171/3453/302 2084/3454/302
f 2084/3454/302 2171/3453/302 2172/3455/302 2085/3456/302
f 2085/3456/302 2172/3455/302 2173/3337/302 2082/3457/302
f 2082/3457/302 2173/3337/302 2174/3339/302 2101/3458/302
f 2101/3458/302 2174/3339/302 2163/3343/302 2039/3445/2373
f 2030/3214/2201 2031/3213/2200 2074/3459/2378
f 2070/3292/2258 2034/3211/2198 2170/3210/2197
f 2280/3255/2232 2279/3254/2232 2277/3460/2379 2278/3461/2380
f 2278/3461/2380 2277/3460/2379 2275/3462/2381 2276/3463/2382
f 2276/3463/2382 2275/3462/2381 2273/3275/2246 2274/3274/2245
f 2272/3277/2248 2271/3276/2247 2269/3257/2234 2270/3256/2233
f 2268/3259/2236 2267/3258/2235 2265/3464/2383 2266/3465/2384
f 2266/3465/2384 2265/3464/2383 1876/2716/2009 1875/2715/2009
f 2175/3283/2252 2176/3282/2252 2188/3466/2385 2187/3467/2385
f 2180/3468/2386 2179/3469/2387 2177/3289/2255 2178/3288/2254
f 2182/3470/2388 2181/3471/2389 2179/3469/2387 2180/3468/2386
f 1779/3472/2016 1780/3473/2016 2181/3471/2389 2182/3470/2388
f 2187/3467/2385 2188/3466/2385 2190/3474/2390 2189/3475/2390
f 2189/3475/2390 2190/3474/2390 2192/3476/2391 2191/3477/2392
f 2191/3477/2392 2192/3476/2391 2194/3279/2250 2193/3278/2249
f 2195/3281/2251 2196/3280/2251 2198/3478/2393 2197/3479/2394
f 2197/3479/2394 2198/3478/2393 2200/3480/2395 2199/3481/2396
f 2199/3481/2396 2200/3480/2395 2202/3239/2223 2201/3238/2222
f 2203/3241/2225 2204/3240/2224 1801/2734/2024 1802/2733/2024
f 2239/3482/2025 2287/3483/2025 2289/3484/271 2253/3485/271
f 2247/3269/2242 2267/3268/2242 2269/3486/2242 2245/3487/2242
f 2240/3488/2026 2288/3489/2026 1897/2743/2027 1860/2742/2027
f 2246/3490/2241 2270/3491/2241 2268/3492/2241 2248/3493/2241
f 1859/2749/2028 1898/2750/2028 2287/3483/2025 2239/3482/2025
f 1837/2751/359 1801/2752/359 2204/3285/2253 2233/3284/2253
f 2206/3494/271 2185/3495/271 2184/3496/271 2217/3497/271
f 2248/3493/2241 2268/3492/2241 2266/3498/2039 2264/3499/2039
f 2256/3500/2030 2286/3501/2030 2283/3502/1850 2249/3503/1850
f 2219/3504/2397 2190/3505/2397 2188/3506/2398 2209/3507/2398
f 2210/3508/2399 2187/3509/2399 2189/3510/2400 2220/3511/2400
f 2285/3273/2239 2286/3272/2239 2293/3512/2401 2294/3513/2402
f 2294/3513/2402 2293/3512/2401 2281/3253/2231 2282/3252/2231
f 2287/3514/2403 2288/3515/2404 2290/3249/2228 2289/3248/2227
f 1898/3516/2038 1897/3517/2038 2288/3515/2404 2287/3514/2403
f 1871/2777/359 1876/2778/359 2265/3267/2031 2263/3266/2031
f 2250/3518/2029 2284/3519/2029 2285/3520/2040 2255/3521/2040
f 2221/3522/2398 2192/3523/2398 2190/3505/2397 2219/3504/2397
f 2264/3499/2039 2266/3498/2039 1875/2786/271 1872/2785/271
f 2257/3524/2405 2279/3525/2405 2281/3526/2397 2251/3527/2397
f 2220/3511/2400 2189/3510/2400 2191/3528/2399 2222/3529/2399
f 2252/3530/2400 2282/3531/2400 2280/3532/2406 2258/3533/2406
f 2207/3534/2253 2176/3535/2253 2183/3243/359 2218/3242/359
f 2223/3536/2253 2194/3537/2253 2192/3523/2398 2221/3522/2398
f 2217/3497/271 2184/3496/271 2175/3538/2226 2208/3539/2226
f 2241/3540/2407 2277/3541/2407 2279/3525/2405 2257/3524/2405
f 2222/3529/2399 2191/3528/2399 2193/3542/2226 2224/3543/2226
f 2209/3507/2398 2188/3506/2398 2176/3535/2253 2207/3534/2253
f 2258/3533/2406 2280/3532/2406 2278/3544/2408 2242/3545/2408
f 2208/3539/2226 2175/3538/2226 2187/3509/2399 2210/3508/2399
f 2235/3546/2031 2293/3547/2031 2286/3501/2030 2256/3500/2030
f 2225/3548/359 2196/3549/359 2194/3537/2253 2223/3536/2253
f 2243/3550/2398 2275/3551/2398 2277/3541/2407 2241/3540/2407
f 2255/3521/2040 2285/3520/2040 2294/3552/2039 2236/3553/2039
f 2224/3543/2226 2193/3542/2226 2195/3554/271 2226/3555/271
f 2205/3245/359 2186/3244/359 2177/3556/359 2212/3557/359
f 2242/3545/2408 2278/3544/2408 2276/3558/2399 2244/3559/2399
f 2251/3527/2397 2281/3526/2397 2293/3547/2031 2235/3546/2031
f 2211/3560/271 2178/3561/271 2185/3495/271 2206/3494/271
f 2236/3553/2039 2294/3552/2039 2282/3531/2400 2252/3530/2400
f 2227/3562/2030 2198/3563/2030 2196/3549/359 2225/3548/359
f 2212/3557/359 2177/3556/359 2179/3564/359 2214/3565/359
f 2259/3566/2253 2273/3567/2253 2275/3551/2398 2243/3550/2398
f 2226/3555/271 2195/3554/271 2197/3568/2040 2228/3569/2040
f 2244/3559/2399 2276/3558/2399 2274/3570/2226 2260/3571/2226
f 2249/3503/1850 2283/3502/1850 2292/3572/359 2238/3573/359
f 2213/3574/271 2180/3575/271 2178/3561/271 2211/3560/271
f 2035/3576/2409 2205/3577/2409 2212/3578/2410 2036/3579/2411
f 2206/3580/2412 2217/3581/2413 2256/3582/2414 2249/3583/2412
f 2035/3576/2409 2059/3584/2415 2218/3585/2416 2205/3577/2409
f 2206/3580/2412 2249/3583/2412 2238/3586/2229 2211/3587/2229
f 2059/3584/2415 2074/3459/2417 2207/3588/2417 2218/3585/2416
f 2031/3213/2418 2209/3589/2418 2207/3588/2417 2074/3459/2417
f 2217/3581/2413 2208/3590/2419 2235/3591/2419 2256/3582/2414
f 2210/3592/2420 2251/3593/2420 2235/3591/2419 2208/3590/2419
f 2220/3594/2421 2257/3595/2421 2251/3593/2420 2210/3592/2420
f 2032/3215/2422 2219/3596/2422 2209/3589/2418 2031/3213/2418
f 2037/3597/2423 2036/3579/2411 2212/3578/2410 2214/3598/2423
f 2213/3599/2424 2211/3587/2229 2238/3586/2229 2254/3600/2425
f 2037/3597/2423 2214/3598/2423 2216/3601/2426 2038/3602/2426
f 2213/3599/2424 2254/3600/2425 2240/3603/2427 2215/3604/2427
f 1616/3605/2063 2038/3602/2426 2216/3601/2426 1818/3606/2063
f 1817/3607/2016 2215/3604/2427 2240/3603/2427 1860/3608/2016
f 2220/3594/2421 2222/3609/2428 2241/3610/2428 2257/3595/2421
f 2032/3215/2422 2048/3226/2429 2221/3611/2429 2219/3596/2422
f 2048/3226/2429 2052/3225/2430 2223/3612/2431 2221/3611/2429
f 2222/3609/2428 2224/3613/2381 2243/3614/2382 2241/3610/2428
f 2050/3229/2432 2225/3615/2432 2223/3612/2431 2052/3225/2430
f 2226/3616/2433 2259/3617/2434 2243/3614/2382 2224/3613/2381
f 2228/3618/2435 2261/3619/2436 2259/3617/2434 2226/3616/2433
f 2047/3236/2437 2227/3620/2438 2225/3615/2432 2050/3229/2432
f 2228/3618/2435 2230/3621/2439 2245/3622/2439 2261/3619/2436
f 2047/3236/2437 2051/3234/2440 2229/3623/2441 2227/3620/2438
f 2051/3234/2440 2049/3233/2222 2231/3624/2442 2229/3623/2441
f 2230/3621/2439 2232/3625/2443 2247/3626/2444 2245/3622/2439
f 2046/3231/2445 2233/3627/2445 2231/3624/2442 2049/3233/2222
f 2234/3628/2446 2263/3629/2446 2247/3626/2444 2232/3625/2443
f 1838/2893/2024 1871/2894/2024 2263/3629/2446 2234/3628/2446
f 1630/2466/2024 1837/2895/2024 2233/3627/2445 2046/3231/2445
f 2252/3630/2447 2053/3631/2447 2056/3632/2448 2236/3633/2448
f 2255/3634/2413 2236/3633/2448 2056/3632/2448 2060/3635/2449
f 2253/3636/2450 2237/3637/2451 2055/3638/2452 2057/3639/2453
f 2250/3640/2454 2058/3641/2454 2055/3638/2452 2237/3637/2451
f 1859/3642/2038 2239/3643/2455 2054/3644/2455 1636/3645/2038
f 2253/3636/2450 2057/3639/2453 2054/3644/2455 2239/3643/2455
f 2242/3646/2456 2244/3647/2457 2061/3648/2458 2064/3649/2456
f 2258/3650/2459 2242/3646/2456 2064/3649/2456 2068/3651/2459
f 2260/3652/2460 2066/3653/2461 2061/3648/2458 2244/3647/2457
f 2246/3654/2462 2248/3655/2463 2065/3656/2235 2067/3657/2464
f 2262/3658/2465 2246/3654/2462 2067/3657/2464 2063/3659/2466
f 2264/3660/2384 2062/3661/2384 2065/3656/2235 2248/3655/2463
f 2250/3640/2454 2255/3634/2413 2060/3635/2449 2058/3641/2454
f 2258/3650/2459 2068/3651/2459 2053/3631/2447 2252/3630/2447
f 2262/3658/2465 2063/3659/2466 2066/3653/2461 2260/3652/2460
f 1872/2928/2009 1641/2929/2009 2062/3661/2384 2264/3660/2384
f 1817/2930/2028 1779/2933/2028 2182/3662/2025 2215/3663/2025
f 2262/3664/2039 2272/3665/2039 2270/3491/2241 2246/3490/2241
f 2230/3666/2241 2199/3667/2241 2201/3265/2241 2232/3264/2241
f 2254/3668/359 2290/3669/359 2288/3489/2026 2240/3488/2026
f 2245/3487/2242 2269/3486/2242 2271/3670/2031 2261/3671/2031
f 2216/3672/2026 2181/3673/2026 1780/2944/2027 1818/2943/2027
f 2231/3287/2242 2202/3286/2242 2200/3674/2242 2229/3675/2242
f 2253/3485/271 2289/3484/271 2291/3676/2040 2237/3677/2040
f 2215/3663/2025 2182/3662/2025 2180/3575/271 2213/3574/271
f 2260/3571/2226 2274/3570/2226 2272/3665/2039 2262/3664/2039
f 2228/3569/2040 2197/3568/2040 2199/3667/2241 2230/3666/2241
f 2238/3573/359 2292/3572/359 2290/3669/359 2254/3668/359
f 2261/3671/2031 2271/3670/2031 2273/3567/2253 2259/3566/2253
f 2214/3565/359 2179/3564/359 2181/3673/2026 2216/3672/2026
f 2229/3675/2242 2200/3674/2242 2198/3563/2030 2227/3562/2030
f 2237/3677/2040 2291/3676/2040 2284/3519/2029 2250/3518/2029
f 2017/3187/2174 2040/3223/2210 2041/3188/2175
f 2071/3678/2467 2073/3679/2468 2365/3680/2469 2363/3681/2467
f 2063/3682/271 2304/3683/271 2307/3684/271 2066/3685/271
f 2056/3686/271 2298/3687/271 2301/3688/271 2060/3689/271
f 2060/3689/271 2301/3688/271 2300/3690/271 2058/3691/271
f 2067/3692/271 2308/3693/271 2304/3683/271 2063/3682/271
f 2053/3694/271 2295/3695/271 2298/3687/271 2056/3686/271
f 2065/3696/271 2306/3697/271 2308/3693/271 2067/3692/271
f 2068/3698/271 2309/3699/271 2295/3695/271 2053/3694/271
f 2058/3691/271 2300/3690/271 2297/3700/271 2055/3701/271
f 2062/3702/271 2303/3703/271 2306/3697/271 2065/3696/271
f 2064/3704/271 2305/3705/271 2309/3699/271 2068/3698/271
f 2055/3701/271 2297/3700/271 2299/3706/271 2057/3707/271
f 1641/2980/271 1915/2981/271 2303/3703/271 2062/3702/271
f 2061/3708/271 2302/3709/271 2305/3705/271 2064/3704/271
f 2057/3707/271 2299/3706/271 2296/3710/271 2054/3711/271
f 2066/3685/271 2307/3684/271 2302/3709/271 2061/3708/271
f 2054/3711/271 2296/3710/271 1911/2987/271 1636/2986/271
f 2298/3712/2470 2313/3713/2470 2316/3714/2471 2301/3715/2471
f 2309/3716/2472 2324/3717/2472 2310/3718/2473 2295/3719/2473
f 2305/3720/2474 2320/3721/2474 2324/3717/2472 2309/3716/2472
f 2302/3722/2475 2317/3723/2475 2320/3721/2474 2305/3720/2474
f 2307/3724/2476 2322/3725/2476 2317/3723/2475 2302/3722/2475
f 2304/3726/2477 2319/3727/2477 2322/3725/2476 2307/3724/2476
f 2308/3728/2478 2323/3729/2478 2319/3727/2477 2304/3726/2477
f 2306/3730/2479 2321/3731/2479 2323/3729/2478 2308/3728/2478
f 2301/3715/2471 2316/3714/2471 2315/3732/2480 2300/3733/2480
f 2303/3734/2481 2318/3735/2481 2321/3731/2479 2306/3730/2479
f 2295/3719/2473 2310/3718/2473 2313/3713/2470 2298/3712/2470
f 1915/3736/22 1932/3737/22 2318/3735/2481 2303/3734/2481
f 2300/3733/2480 2315/3732/2480 2312/3738/2482 2297/3739/2482
f 2297/3739/2482 2312/3738/2482 2314/3740/2483 2299/3741/2483
f 2299/3741/2483 2314/3740/2483 2311/3742/2484 2296/3743/2484
f 2296/3743/2484 2311/3742/2484 1928/3021/831 1911/3020/831
f 2151/3744/359 2326/3745/359 2325/3746/359 2150/3747/359
f 2157/3748/359 2332/3749/359 2333/3750/359 2158/3751/359
f 2153/3752/359 2328/3753/359 2326/3745/359 2151/3744/359
f 2158/3751/359 2333/3750/359 2334/3754/359 2159/3755/359
f 2152/3756/359 2327/3757/359 2328/3753/359 2153/3752/359
f 2159/3755/359 2334/3754/359 2335/3758/359 2160/3759/359
f 2154/3760/359 2329/3761/359 2327/3757/359 2152/3756/359
f 2160/3759/359 2335/3758/359 1953/3041/359 1756/3040/359
f 2155/3762/359 2330/3763/359 2329/3761/359 2154/3760/359
f 2156/3764/359 2331/3765/359 2330/3763/359 2155/3762/359
f 1751/3046/359 1948/3047/359 2331/3765/359 2156/3764/359
f 2150/3747/359 2325/3746/359 2332/3749/359 2157/3748/359
f 2331/3766/2485 2342/3767/2485 2341/3768/2486 2330/3769/2486
f 1948/3052/831 1961/3053/831 2342/3767/2485 2331/3766/2485
f 2325/3770/2487 2336/3771/2487 2343/3772/2488 2332/3773/2488
f 2326/3774/280 2337/3775/280 2336/3771/2487 2325/3770/2487
f 2332/3773/2488 2343/3772/2488 2344/3776/2489 2333/3777/2489
f 2328/3778/2490 2339/3779/2490 2337/3775/280 2326/3774/280
f 2333/3777/2489 2344/3776/2489 2345/3780/2491 2334/3781/2491
f 2327/3782/2492 2338/3783/2492 2339/3779/2490 2328/3778/2490
f 2334/3781/2491 2345/3780/2491 2346/3784/2493 2335/3785/2493
f 2329/3786/2494 2340/3787/2494 2338/3783/2492 2327/3782/2492
f 2335/3785/2493 2346/3784/2493 1966/3788/22 1953/3789/22
f 2330/3769/2486 2341/3768/2486 2340/3787/2494 2329/3786/2494
f 2357/3790/2495 2383/3791/2495 2382/3792/2496 2356/3793/2496
f 2075/3794/2497 2360/3795/2498 2364/3796/2499 2072/3797/2500
f 2076/3798/2501 2366/3799/2502 2360/3795/2498 2075/3794/2497
f 2078/3800/2503 2361/3801/2504 2366/3799/2502 2076/3798/2501
f 2078/3800/2503 2077/3802/2505 2367/3803/2506 2361/3801/2504
f 2079/3804/2507 2368/3805/2507 2367/3803/2506 2077/3802/2505
f 2084/3806/2508 2369/3807/2508 2368/3805/2507 2079/3804/2507
f 2085/3808/2509 2370/3809/2510 2369/3807/2508 2084/3806/2508
f 2082/3810/2511 2371/3811/2511 2370/3809/2510 2085/3808/2509
f 2101/3812/2512 2372/3813/2513 2371/3811/2511 2082/3810/2511
f 2039/3814/2514 2362/3815/2514 2372/3813/2513 2101/3812/2512
f 2071/3678/2467 2363/3681/2467 2362/3815/2514 2039/3814/2514
f 2351/3816/2515 2364/3817/2515 2360/3818/2515 2347/3819/2515
f 2348/3820/2515 2361/3821/2515 2367/3822/2515 2354/3823/2515
f 2353/3824/2515 2366/3825/2515 2361/3821/2515 2348/3820/2515
f 2349/3826/2515 2362/3827/2515 2363/3828/2515 2350/3829/2515
f 2350/3829/2515 2363/3828/2515 2365/3830/2515 2352/3831/2515
f 2352/3831/2515 2365/3830/2515 2364/3817/2515 2351/3816/2515
f 2347/3819/2515 2360/3818/2515 2366/3825/2515 2353/3824/2515
f 2354/3823/2515 2367/3822/2515 2368/3832/2515 2355/3833/2515
f 2355/3833/2515 2368/3832/2515 2369/3834/2515 2356/3835/2515
f 2356/3835/2515 2369/3834/2515 2370/3836/2515 2357/3837/2515
f 2357/3837/2515 2370/3836/2515 2371/3838/2515 2358/3839/2515
f 2358/3839/2515 2371/3838/2515 2372/3840/2515 2359/3841/2515
f 2359/3841/2515 2372/3840/2515 2362/3827/2515 2349/3826/2515
f 2355/3842/2516 2356/3843/2496 2382/3844/2496 2381/3845/2516
f 2379/3846/2515 2374/3847/2515 2380/3848/2515 2381/3849/2515 2382/3850/2515 2383/3851/2515 2384/3852/2515 2385/3853/2515 2375/3854/2515 2376/3855/2515 2378/3856/2515 2377/3857/2515 2373/3858/2515
f 2358/3859/2517 2384/3860/2517 2383/3791/2495 2357/3790/2495
f 2359/3861/2518 2385/3862/2518 2384/3860/2517 2358/3859/2517
f 2349/3863/2519 2375/3864/2519 2385/3862/2518 2359/3861/2518
f 2347/3865/2520 2373/3866/2520 2377/3867/2521 2351/3868/2521
f 2354/3869/2522 2380/3870/2522 2374/3871/2523 2348/3872/2523
f 2348/3872/2523 2374/3871/2523 2379/3873/2524 2353/3874/2524
f 2350/3875/2525 2376/3876/2525 2375/3864/2519 2349/3863/2519
f 2352/3877/2526 2378/3878/2526 2376/3876/2525 2350/3875/2525
f 2351/3868/2521 2377/3867/2521 2378/3878/2526 2352/3877/2526
f 2353/3874/2524 2379/3873/2524 2373/3866/2520 2347/3865/2520
f 2355/3842/2516 2381/3845/2516 2380/3870/2522 2354/3869/2522
f 2129/3879/2527 2389/3880/2527 2392/3881/2528 2132/3882/2528
f 2131/3883/2529 2391/3884/2529 2389/3880/2527 2129/3879/2527
f 1719/3169/2166 2009/3170/2166 2391/3884/2529 2131/3883/2529
f 2130/3885/2530 2390/3886/2531 2393/3887/2532 2133/3888/2532
f 2126/3889/2533 2386/3890/2533 2387/3891/2534 2127/3892/2534
f 2133/3888/2532 2393/3887/2532 2394/3893/2535 2134/3894/2536
f 2127/3892/2534 2387/3891/2534 2390/3886/2531 2130/3885/2530
f 2134/3894/2536 2394/3893/2535 2016/3182/2009 1726/3181/2009
f 2128/3895/2537 2388/3896/2537 2386/3890/2533 2126/3889/2533
f 2132/3882/2528 2392/3881/2528 2388/3896/2537 2128/3895/2537
f 2072/3797/2500 2364/3796/2499 2365/3897/2469 2073/3898/2468
f 1931/3899/271 1930/3900/271 1926/3901/271 1929/3902/271 1925/3903/271 1928/3904/271 2311/3905/271 2314/3906/271 2312/3907/271 2315/3908/271 2316/3909/271 2313/3910/271 2310/3911/271 2324/3912/271 2320/3913/271 2317/3914/271 2322/3915/271 2319/3916/271 2323/3917/271 2321/3918/271 2318/3919/271 1932/3920/271 1934/3921/271 1937/3922/271 1939/3923/271 1935/3924/271 1938/3925/271 1933/3926/271 1936/3927/271 1940/3928/271 1924/3929/271 1927/3930/271
f 1955/3931/359 1954/3932/359 1962/3933/359 1963/3934/359 1964/3935/359 1965/3936/359 1966/3937/359 2346/3938/359 2345/3939/359 2344/3940/359 2343/3941/359 2336/3942/359 2337/3943/359 2339/3944/359 2338/3945/359 2340/3946/359 2341/3947/359 2342/3948/359 1961/3949/359 1960/3950/359 1959/3951/359 1958/3952/359 1956/3953/359 1957/3954/359
f 2395/3955/22 2403/3956/22 2405/3957/22
f 2395/3955/22 2405/3957/22 2404/3958/22
f 2419/3959/831 2570/3960/831 2420/3961/831
f 2571/3962/831 2570/3960/831 2414/3963/831
f 2395/3955/22 2400/3964/22 2417/3965/22
f 2395/3955/22 2407/3966/22 2398/3967/22 2409/3968/22
f 2395/3955/22 2594/3969/22 2406/3970/22
f 2395/3955/22 2409/3968/22 2400/3964/22
f 2570/3960/831 2413/3971/831 2414/3963/831
f 2408/3972/22 2395/3955/22 2406/3970/22
f 2407/3966/22 2395/3955/22 2408/3972/22
f 2593/3973/22 2395/3955/22 2404/3958/22
f 2403/3956/22 2395/3955/22 2417/3965/22 2399/3974/22
f 2570/3960/831 2569/3975/831 2420/3961/831
f 2421/3976/22 2428/3977/22 2430/3978/22
f 2421/3976/22 2430/3978/22 2429/3979/22
f 2444/3980/831 2573/3981/831 2445/3982/831
f 2574/3983/831 2573/3981/831 2439/3984/831
f 2421/3976/22 2425/3985/22 2442/3986/22
f 2421/3976/22 2432/3987/22 2423/3988/22 2434/3989/22
f 2421/3976/22 2595/3990/22 2431/3991/22
f 2421/3976/22 2434/3989/22 2425/3985/22
f 2573/3981/831 2438/3992/831 2439/3984/831
f 2433/3993/22 2421/3976/22 2431/3991/22
f 2432/3987/22 2421/3976/22 2433/3993/22
f 2594/3969/22 2421/3976/22 2429/3979/22
f 2428/3977/22 2421/3976/22 2442/3986/22 2424/3994/22
f 2573/3981/831 2572/3995/831 2445/3982/831
f 2446/3996/22 2452/3997/22 2454/3998/22
f 2446/3996/22 2454/3998/22 2453/3999/22
f 2468/4000/831 2576/4001/831 2469/4002/831
f 2577/4003/831 2576/4001/831 2463/4004/831
f 2446/3996/22 2450/4005/22 2466/4006/22
f 2446/3996/22 2456/4007/22 2448/4008/22 2458/4009/22
f 2446/3996/22 2593/3973/22 2455/4010/22
f 2446/3996/22 2458/4009/22 2450/4005/22
f 2576/4001/831 2462/4011/831 2463/4004/831
f 2457/4012/22 2446/3996/22 2455/4010/22
f 2456/4007/22 2446/3996/22 2457/4012/22
f 2595/3990/22 2446/3996/22 2453/3999/22
f 2452/3997/22 2446/3996/22 2466/4006/22 2449/4013/22
f 2576/4001/831 2575/4014/831 2469/4002/831
f 2500/4015/2538 2474/4016/2539 2475/4017/2540 2501/4018/2541
f 2501/4019/2541 2475/4020/2540 2473/4021/2542 2412/4022/2543
f 2502/4023/2544 2479/4024/2545 2480/4025/2546 2503/4026/2547
f 2503/4027/2547 2480/4028/2546 2402/4029/2548 2418/4030/2549
f 2493/4031/2550 2499/4032/2551 2498/4033/2552 2511/4034/2553
f 2485/4035/2554 2491/4036/2555 2490/4037/2556 2484/4038/2557
f 2489/4039/2558 2486/4040/2559 2488/4041/2560 2491/4042/2555
f 2491/4036/2555 2488/4043/2560 2487/4044/2561 2490/4037/2556
f 2492/4045/2562 2497/4046/2563 2499/4047/2551 2493/4048/2550
f 2412/4022/2543 2473/4021/2542 2511/4034/2553 2413/3971/831
f 2497/4046/2563 2494/4049/2564 2496/4050/2565 2499/4047/2551
f 2499/4032/2551 2496/4051/2565 2495/4052/2566 2498/4033/2552
f 2471/4053/2567 2487/4044/2561 2488/4043/2560 2472/4054/2568
f 2472/4055/2568 2488/4041/2560 2486/4040/2559 2578/4056/2569
f 2474/4057/2539 2492/4045/2562 2493/4048/2550 2475/4058/2540
f 2476/4059/2570 2418/4030/2549 2419/3959/831 2517/4060/2571
f 2494/4049/2564 2481/4061/2572 2483/4062/2573 2496/4050/2565
f 2496/4051/2565 2483/4063/2573 2579/4064/2574 2495/4052/2566
f 2484/4038/2557 2477/4065/2575 2478/4066/2576 2485/4035/2554
f 2402/4029/2548 2412/4022/2543 2413/3971/831 2570/3960/831
f 2479/4024/2545 2500/4015/2538 2501/4018/2541 2480/4025/2546
f 2480/4028/2546 2501/4019/2541 2412/4022/2543 2402/4029/2548
f 2477/4067/2575 2502/4023/2544 2503/4026/2547 2478/4068/2576
f 2478/4069/2576 2503/4027/2547 2418/4030/2549 2476/4059/2570
f 2533/4070/2577 2505/4071/2578 2506/4072/2579 2534/4073/2580
f 2534/4074/2580 2506/4075/2579 2504/4076/2581 2437/4077/2582
f 2535/4078/2583 2510/4079/2584 2512/4080/2585 2536/4081/2586
f 2536/4082/2586 2512/4083/2585 2427/4084/2587 2443/4085/2588
f 2526/4086/2589 2532/4087/2590 2531/4088/2591 2567/4089/2592
f 2518/4090/2593 2524/4091/2594 2523/4092/2595 2516/4093/2596
f 2522/4094/2597 2519/4095/2598 2521/4096/2599 2524/4097/2594
f 2524/4091/2594 2521/4098/2599 2520/4099/2600 2523/4092/2595
f 2525/4100/2601 2530/4101/2602 2532/4102/2590 2526/4103/2589
f 2437/4077/2582 2504/4076/2581 2567/4089/2592 2438/3992/831
f 2530/4101/2602 2527/4104/2603 2529/4105/2604 2532/4102/2590
f 2532/4087/2590 2529/4106/2604 2528/4107/2605 2531/4088/2591
f 2481/4061/2572 2520/4099/2600 2521/4098/2599 2483/4062/2573
f 2483/4063/2573 2521/4096/2599 2519/4095/2598 2579/4064/2574
f 2505/4108/2578 2525/4100/2601 2526/4103/2589 2506/4109/2579
f 2507/4110/2606 2443/4085/2588 2444/3980/831 2568/4111/2607
f 2527/4104/2603 2513/4112/2608 2515/4113/2609 2529/4105/2604
f 2529/4106/2604 2515/4114/2609 2580/4115/2610 2528/4107/2605
f 2516/4093/2596 2508/4116/2611 2509/4117/2612 2518/4090/2593
f 2427/4084/2587 2437/4077/2582 2438/3992/831 2573/3981/831
f 2510/4079/2584 2533/4070/2577 2534/4073/2580 2512/4080/2585
f 2512/4083/2585 2534/4074/2580 2437/4077/2582 2427/4084/2587
f 2508/4118/2611 2535/4078/2583 2536/4081/2586 2509/4119/2612
f 2509/4120/2612 2536/4082/2586 2443/4085/2588 2507/4110/2606
f 2562/4121/2613 2538/4122/2614 2539/4123/2615 2563/4124/2616
f 2563/4125/2616 2539/4126/2615 2537/4127/2617 2461/4128/2618
f 2565/4129/2619 2543/4130/2620 2544/4131/2621 2566/4132/2622
f 2566/4133/2622 2544/4134/2621 2451/4135/2623 2467/4136/2624
f 2555/4137/2625 2561/4138/2626 2560/4139/2627 2553/4140/2628
f 2546/4141/2629 2552/4142/2630 2551/4143/2631 2545/4144/2632
f 2550/4145/2633 2547/4146/2634 2549/4147/2635 2552/4148/2630
f 2552/4142/2630 2549/4149/2635 2548/4150/2636 2551/4143/2631
f 2554/4151/2637 2559/4152/2638 2561/4153/2626 2555/4154/2625
f 2461/4128/2618 2537/4127/2617 2553/4140/2628 2462/4011/831
f 2559/4152/2638 2556/4155/2639 2558/4156/2640 2561/4153/2626
f 2561/4138/2626 2558/4157/2640 2557/4158/2641 2560/4139/2627
f 2513/4112/2608 2548/4150/2636 2549/4149/2635 2515/4113/2609
f 2515/4114/2609 2549/4147/2635 2547/4146/2634 2580/4115/2610
f 2538/4159/2614 2554/4151/2637 2555/4154/2625 2539/4160/2615
f 2540/4161/2642 2467/4136/2624 2468/4000/831 2564/4162/2643
f 2556/4155/2639 2471/4053/2567 2472/4054/2568 2558/4156/2640
f 2558/4157/2640 2472/4055/2568 2578/4056/2569 2557/4158/2641
f 2545/4144/2632 2541/4163/2644 2542/4164/2645 2546/4141/2629
f 2451/4135/2623 2461/4128/2618 2462/4011/831 2576/4001/831
f 2543/4130/2620 2562/4121/2613 2563/4124/2616 2544/4131/2621
f 2544/4134/2621 2563/4125/2616 2461/4128/2618 2451/4135/2623
f 2541/4165/2644 2565/4129/2619 2566/4132/2622 2542/4166/2645
f 2542/4167/2645 2566/4133/2622 2467/4136/2624 2540/4161/2642
f 2593/4168/2646 2471/4053/2567 2556/4155/2639 2455/4169/2647
f 2471/4053/2567 2593/4168/2646 2404/4170/2648 2487/4044/2561
f 2569/3975/831 2578/4056/2569 2486/4040/2559 2420/3961/831
f 2514/4171/302 2465/4172/2649 2586/4173/2649 2581/4174/302
f 2578/4056/2569 2577/4003/831 2463/4004/831 2557/4158/2641
f 2398/4175/2650 2474/4016/2539 2500/4015/2538 2409/4176/2651
f 2407/4177/2652 2492/4045/2562 2474/4057/2539 2398/4178/2650
f 2484/4038/2557 2403/4179/2653 2399/4180/2654 2477/4065/2575
f 2417/4181/2655 2502/4023/2544 2477/4067/2575 2399/4182/2654
f 2400/4183/2656 2479/4024/2545 2502/4023/2544 2417/4181/2655
f 2409/4176/2651 2500/4015/2538 2479/4024/2545 2400/4183/2656
f 2481/4061/2572 2594/4184/2657 2429/4185/2658 2520/4099/2600
f 2579/4064/2574 2571/3962/831 2414/3963/831 2495/4052/2566
f 2594/4184/2657 2481/4061/2572 2494/4049/2564 2406/4186/2659
f 2572/3995/831 2579/4064/2574 2519/4095/2598 2445/3982/831
f 2403/4179/2653 2484/4038/2557 2490/4037/2556 2405/4187/2660
f 2517/4060/2571 2419/3959/831 2489/4039/2558
f 2489/4039/2558 2419/3959/831 2420/3961/831 2486/4040/2559
f 2405/4187/2660 2490/4037/2556 2487/4044/2561 2404/4170/2648
f 2413/3971/831 2511/4034/2553 2498/4033/2552
f 2492/4045/2562 2407/4177/2652 2408/4188/2661 2497/4046/2563
f 2497/4046/2563 2408/4188/2661 2406/4186/2659 2494/4049/2564
f 2413/3971/831 2498/4033/2552 2495/4052/2566 2414/3963/831
f 2423/4189/2662 2505/4071/2578 2533/4070/2577 2434/4190/2663
f 2432/4191/2664 2525/4100/2601 2505/4108/2578 2423/4192/2662
f 2475/4020/2540 2493/4031/2550 2511/4034/2553 2473/4021/2542
f 2516/4093/2596 2428/4193/2665 2424/4194/2666 2508/4116/2611
f 2491/4042/2555 2485/4195/2554 2517/4060/2571 2489/4039/2558
f 2442/4196/2667 2535/4078/2583 2508/4118/2611 2424/4197/2666
f 2425/4198/2668 2510/4079/2584 2535/4078/2583 2442/4196/2667
f 2418/4030/2549 2402/4029/2548 2570/3960/831 2419/3959/831
f 2485/4195/2554 2478/4069/2576 2476/4059/2570 2517/4060/2571
f 2434/4190/2663 2533/4070/2577 2510/4079/2584 2425/4198/2668
f 2513/4112/2608 2595/4199/2669 2453/4200/2670 2548/4150/2636
f 2580/4115/2610 2574/3983/831 2439/3984/831 2528/4107/2605
f 2595/4199/2669 2513/4112/2608 2527/4104/2603 2431/4201/2671
f 2575/4014/831 2580/4115/2610 2547/4146/2634 2469/4002/831
f 2428/4193/2665 2516/4093/2596 2523/4092/2595 2430/4202/2672
f 2568/4111/2607 2444/3980/831 2522/4094/2597
f 2522/4094/2597 2444/3980/831 2445/3982/831 2519/4095/2598
f 2430/4202/2672 2523/4092/2595 2520/4099/2600 2429/4185/2658
f 2438/3992/831 2567/4089/2592 2531/4088/2591
f 2525/4100/2601 2432/4191/2664 2433/4203/2673 2530/4101/2602
f 2530/4101/2602 2433/4203/2673 2431/4201/2671 2527/4104/2603
f 2438/3992/831 2531/4088/2591 2528/4107/2605 2439/3984/831
f 2448/4204/2674 2538/4122/2614 2562/4121/2613 2458/4205/2675
f 2456/4206/2676 2554/4151/2637 2538/4159/2614 2448/4207/2674
f 2539/4126/2615 2555/4137/2625 2553/4140/2628 2537/4127/2617
f 2545/4144/2632 2452/4208/2677 2449/4209/2678 2541/4163/2644
f 2552/4148/2630 2546/4210/2629 2564/4162/2643 2550/4145/2633
f 2466/4211/2679 2565/4129/2619 2541/4165/2644 2449/4212/2678
f 2450/4213/2680 2543/4130/2620 2565/4129/2619 2466/4211/2679
f 2467/4136/2624 2451/4135/2623 2576/4001/831 2468/4000/831
f 2546/4210/2629 2542/4167/2645 2540/4161/2642 2564/4162/2643
f 2458/4205/2675 2562/4121/2613 2543/4130/2620 2450/4213/2680
f 2452/4208/2677 2545/4144/2632 2551/4143/2631 2454/4214/2681
f 2564/4162/2643 2468/4000/831 2550/4145/2633
f 2550/4145/2633 2468/4000/831 2469/4002/831 2547/4146/2634
f 2454/4214/2681 2551/4143/2631 2548/4150/2636 2453/4200/2670
f 2462/4011/831 2553/4140/2628 2560/4139/2627
f 2554/4151/2637 2456/4206/2676 2457/4215/2682 2559/4152/2638
f 2559/4152/2638 2457/4215/2682 2455/4169/2647 2556/4155/2639
f 2462/4011/831 2560/4139/2627 2557/4158/2641 2463/4004/831
f 2518/4216/2593 2509/4120/2612 2507/4110/2606 2568/4111/2607
f 2443/4085/2588 2427/4084/2587 2573/3981/831 2444/3980/831
f 2506/4075/2579 2526/4086/2589 2567/4089/2592 2504/4076/2581
f 2524/4097/2594 2518/4216/2593 2568/4111/2607 2522/4094/2597
f 2396/4217/831 2416/4218/831 2569/3975/831 2570/3960/831
f 2411/4219/831 2396/4217/831 2570/3960/831 2571/3962/831
f 2422/4220/831 2441/4221/831 2572/3995/831 2573/3981/831
f 2436/4222/831 2422/4220/831 2573/3981/831 2574/3983/831
f 2447/4223/831 2465/4224/831 2575/4014/831 2576/4001/831
f 2460/4225/831 2447/4223/831 2576/4001/831 2577/4003/831
f 2416/4218/831 2470/4226/831 2578/4056/2569 2569/3975/831
f 2482/4227/831 2411/4219/831 2571/3962/831 2579/4064/2574
f 2441/4221/831 2482/4227/831 2579/4064/2574 2572/3995/831
f 2514/4228/831 2436/4222/831 2574/3983/831 2580/4115/2610
f 2465/4224/831 2514/4228/831 2580/4115/2610 2575/4014/831
f 2470/4226/831 2460/4225/831 2577/4003/831 2578/4056/2569
f 2422/4229/2683 2436/4230/2684 2587/4231/2684 2588/4232/2683
f 2470/4233/2685 2416/4234/2686 2592/4235/2686 2583/4236/2685
f 2436/4230/2684 2514/4171/302 2581/4174/302 2587/4231/2684
f 2441/4237/271 2422/4229/2683 2588/4232/2683 2589/4238/271
f 2447/4239/2687 2460/4240/359 2584/4241/359 2585/4242/2687
f 2482/4243/2688 2441/4237/271 2589/4238/271 2582/4244/2688
f 2396/4245/280 2411/4246/2689 2590/4247/2689 2591/4248/280
f 2460/4240/359 2470/4233/2685 2583/4236/2685 2584/4241/359
f 2465/4172/2649 2447/4239/2687 2585/4242/2687 2586/4173/2649
f 2411/4246/2689 2482/4243/2688 2582/4244/2688 2590/4247/2689
f 2592/4249/831 2591/4250/831 2590/4251/831 2582/4252/831 2589/4253/831 2588/4254/831 2587/4255/831 2581/4256/831 2586/4257/831 2585/4258/831 2584/4259/831 2583/4260/831
f 2416/4234/2686 2396/4245/280 2591/4248/280 2592/4235/2686
f 2415/4261/22 2593/3973/22 2397/4262/22
f 2410/4263/22 2594/3969/22 2395/3955/22
f 2440/4264/22 2594/3969/22 2401/4265/22
f 2435/4266/22 2595/3990/22 2421/3976/22
f 2464/4267/22 2595/3990/22 2426/4268/22
f 2459/4269/22 2593/3973/22 2446/3996/22
f 2415/4261/22 2395/3955/22 2593/3973/22
f 2410/4263/22 2401/4265/22 2594/3969/22
f 2440/4264/22 2421/3976/22 2594/3969/22
f 2435/4266/22 2426/4268/22 2595/3990/22
f 2464/4267/22 2446/3996/22 2595/3990/22
f 2459/4269/22 2397/4262/22 2593/3973/22
f 2613/4270/2649 2596/4271/302 2625/4272/302 2624/4273/2649
f 2608/4274/22 2602/4275/22 2603/4276/22
f 2609/4277/22 2603/4276/22 2604/4278/22
f 2610/4279/22 2604/4278/22 2605/4280/22
f 2611/4281/22 2605/4280/22 2606/4282/22
f 2612/4283/22 2606/4282/22 2607/4284/22
f 2613/4285/22 2607/4284/22 2602/4275/22
f 2603/4276/22 2597/4286/22 2608/4274/22
f 2608/4274/22 2596/4287/22 2602/4275/22
f 2604/4278/22 2598/4288/22 2609/4277/22
f 2609/4277/22 2597/4286/22 2603/4276/22
f 2605/4280/22 2599/4289/22 2610/4279/22
f 2610/4279/22 2598/4288/22 2604/4278/22
f 2606/4282/22 2600/4290/22 2611/4281/22
f 2611/4281/22 2599/4289/22 2605/4280/22
f 2607/4284/22 2601/4291/22 2612/4283/22
f 2612/4283/22 2600/4290/22 2606/4282/22
f 2602/4275/22 2596/4287/22 2613/4285/22
f 2613/4285/22 2601/4291/22 2607/4284/22
f 2596/4292/302 2608/4293/2684 2614/4294/2684 2625/4295/302
f 2610/4296/2689 2599/4297/280 2619/4298/280 2618/4299/2689
f 2600/4300/2685 2612/4301/359 2622/4302/359 2621/4303/2685
f 2597/4304/2683 2609/4305/271 2616/4306/271 2615/4307/2683
f 2611/4308/2686 2600/4300/2685 2621/4303/2685 2620/4309/2686
f 2601/4310/2687 2613/4270/2649 2624/4273/2649 2623/4311/2687
f 2608/4293/2684 2597/4304/2683 2615/4307/2683 2614/4294/2684
f 2598/4312/2688 2610/4296/2689 2618/4299/2689 2617/4313/2688
f 2612/4301/359 2601/4310/2687 2623/4311/2687 2622/4302/359
f 2609/4305/271 2598/4312/2688 2617/4313/2688 2616/4306/271
f 2599/4297/280 2611/4308/2686 2620/4309/2686 2619/4298/280
f 2636/4314/359 2637/4315/359 2607/4316/359 2606/4317/359
f 2635/4318/2686 2636/4314/2686 2606/4317/2686 2605/4319/2686
f 2634/4320/2689 2635/4318/2689 2605/4319/2689 2604/4321/2689
f 2633/4322/271 2634/4320/271 2604/4321/271 2603/4323/271
f 2632/4324/2684 2633/4322/2684 2603/4323/2684 2602/4325/2684
f 2643/4326/2649 2654/4327/2649 2655/4328/302 2626/4329/302
f 2638/4330/831 2633/4331/831 2632/4332/831
f 2639/4333/831 2634/4334/831 2633/4331/831
f 2640/4335/831 2635/4336/831 2634/4334/831
f 2641/4337/831 2636/4338/831 2635/4336/831
f 2642/4339/831 2637/4340/831 2636/4338/831
f 2643/4341/831 2632/4332/831 2637/4340/831
f 2633/4331/831 2638/4330/831 2627/4342/831
f 2638/4330/831 2632/4332/831 2626/4343/831
f 2634/4334/831 2639/4333/831 2628/4344/831
f 2639/4333/831 2633/4331/831 2627/4342/831
f 2635/4336/831 2640/4335/831 2629/4345/831
f 2640/4335/831 2634/4334/831 2628/4344/831
f 2636/4338/831 2641/4337/831 2630/4346/831
f 2641/4337/831 2635/4336/831 2629/4345/831
f 2637/4340/831 2642/4339/831 2631/4347/831
f 2642/4339/831 2636/4338/831 2630/4346/831
f 2632/4332/831 2643/4341/831 2626/4343/831
f 2643/4341/831 2637/4340/831 2631/4347/831
f 2626/4348/302 2655/4349/302 2644/4350/2684 2638/4351/2684
f 2640/4352/2689 2648/4353/2689 2649/4354/280 2629/4355/280
f 2630/4356/2685 2651/4357/2685 2652/4358/359 2642/4359/359
f 2627/4360/2683 2645/4361/2683 2646/4362/271 2639/4363/271
f 2641/4364/2686 2650/4365/2686 2651/4357/2685 2630/4356/2685
f 2631/4366/2687 2653/4367/2687 2654/4327/2649 2643/4326/2649
f 2638/4351/2684 2644/4350/2684 2645/4361/2683 2627/4360/2683
f 2628/4368/2688 2647/4369/2688 2648/4353/2689 2640/4352/2689
f 2642/4359/359 2652/4358/359 2653/4367/2687 2631/4366/2687
f 2639/4363/271 2646/4362/271 2647/4369/2688 2628/4368/2688
f 2629/4355/280 2649/4354/280 2650/4365/2686 2641/4364/2686
f 2637/4315/2649 2632/4370/2649 2602/4371/2649 2607/4316/2649
