# Blender 5.1.1
# www.blender.org
mtllib utility_box_02_2k.mtl
o utility_box_02
v -0.430000 1.060000 -0.170000
v 0.000000 1.060000 -0.190000
v 0.000000 0.150000 -0.190000
v -0.430000 1.060000 0.120000
v -0.420000 0.150000 0.120000
v -0.430000 1.060000 0.160000
v 0.000000 1.060000 -0.170000
v 0.000000 1.070000 -0.170000
v 0.000000 1.070000 0.160000
v -0.430000 1.070000 -0.170000
v 0.000000 1.060000 0.160000
v -0.430000 1.070000 0.160000
v 0.000000 0.150000 0.170000
v -0.430000 1.060000 0.170000
v 0.000000 1.060000 0.170000
v -0.430000 0.150000 0.120000
v -0.430000 0.150000 0.160000
v -0.430000 0.150000 0.170000
v 0.000000 0.170000 0.170000
v -0.415113 1.040000 0.170000
v 0.000000 1.040000 0.170000
v -0.415113 0.170000 0.170000
v -0.398628 0.150000 0.170000
v -0.420000 0.150000 0.154000
v -0.414000 0.150000 0.160000
v -0.418243 0.150000 0.158243
v -0.414000 0.150000 -0.160000
v -0.420000 0.150000 -0.154000
v -0.418243 0.150000 -0.158243
v -0.450000 0.150000 -0.184000
v -0.444000 0.150000 -0.190000
v -0.448243 0.150000 -0.188243
v -0.444000 0.150000 0.120000
v -0.450000 0.150000 0.114000
v -0.448243 0.150000 0.118243
v -0.444000 1.060000 -0.190000
v -0.450000 1.060000 -0.184000
v -0.448243 1.060000 -0.188243
v -0.450000 1.060000 0.114000
v -0.444000 1.060000 0.120000
v -0.448243 1.060000 0.118243
v -0.420000 0.150000 0.110777
v -0.430000 1.060000 0.114000
v -0.430000 1.070000 0.114000
v -0.398628 0.090059 -0.160000
v -0.420000 0.090059 -0.154000
v -0.418243 0.090059 -0.158243
v -0.414000 0.090059 -0.160000
v -0.420000 0.120059 -0.154000
v -0.398628 0.120059 -0.160000
v -0.418243 0.120059 -0.158243
v -0.414000 0.120059 -0.160000
v 0.430000 1.060000 -0.170000
v 0.430000 1.060000 0.120000
v 0.420000 0.150000 0.120000
v 0.430000 1.060000 0.160000
v 0.430000 1.070000 -0.170000
v 0.430000 1.070000 0.160000
v 0.430000 1.060000 0.170000
v 0.430000 0.150000 0.120000
v 0.430000 0.150000 0.160000
v 0.430000 0.150000 0.170000
v 0.415113 1.040000 0.170000
v 0.415113 0.170000 0.170000
v 0.398628 0.150000 0.170000
v 0.420000 0.150000 0.154000
v 0.414000 0.150000 0.160000
v 0.418243 0.150000 0.158243
v 0.414000 0.150000 -0.160000
v 0.420000 0.150000 -0.154000
v 0.418243 0.150000 -0.158243
v 0.450000 0.150000 -0.184000
v 0.444000 0.150000 -0.190000
v 0.448243 0.150000 -0.188243
v 0.444000 0.150000 0.120000
v 0.450000 0.150000 0.114000
v 0.448243 0.150000 0.118243
v 0.444000 1.060000 -0.190000
v 0.450000 1.060000 -0.184000
v 0.448243 1.060000 -0.188243
v 0.450000 1.060000 0.114000
v 0.444000 1.060000 0.120000
v 0.448243 1.060000 0.118243
v 0.420000 0.150000 0.110777
v 0.430000 1.060000 0.114000
v 0.430000 1.070000 0.114000
v 0.420000 0.090059 -0.154000
v 0.418243 0.090059 -0.158243
v 0.414000 0.090059 -0.160000
v 0.420000 0.120059 0.154000
v 0.418243 0.120059 0.158243
v 0.420000 0.120059 -0.154000
v 0.414000 0.120059 0.160000
v 0.418243 0.120059 -0.158243
v 0.414000 0.120059 -0.160000
v -0.080000 0.150000 0.160000
v -0.154476 0.150000 0.160000
v -0.340000 0.150000 0.170000
v -0.414000 0.090059 0.160000
v -0.398628 0.150000 0.160000
v -0.265525 0.150000 0.160000
v 0.079523 0.150000 0.160000
v 0.079523 0.150000 0.170000
v 0.079523 0.170000 0.170000
v -0.258525 1.060000 -0.170000
v 0.265525 0.170000 -0.190000
v -0.265525 0.150000 -0.190000
v 0.258525 1.060000 -0.170000
v 0.258525 1.070000 -0.170000
v 0.265525 1.060000 -0.190000
v 0.265525 0.150000 -0.190000
v 0.398628 0.090059 -0.160000
v -0.420000 0.120033 0.119603
v -0.420000 0.090059 0.128430
v -0.418243 0.090059 0.158243
v -0.420000 0.090059 0.154000
v -0.398628 0.090059 0.160000
v -0.414000 0.120030 0.160000
v -0.398628 0.120030 0.160000
v -0.420000 0.120030 0.154000
v -0.418243 0.120030 0.158243
v 0.418243 0.090059 0.158243
v 0.420000 0.090059 0.154000
v 0.414000 0.090059 0.160000
v 0.398628 0.090059 0.160000
v -0.080000 0.150000 0.170000
v -0.080000 0.170000 0.170000
v -0.154476 0.150000 0.170000
v -0.154476 0.170000 0.170000
v -0.340000 0.150000 0.160000
v -0.265525 0.170000 0.170000
v -0.265525 0.150000 0.170000
v -0.154476 0.150000 -0.160000
v -0.265525 0.170000 -0.190000
v -0.258525 1.070000 -0.170000
v -0.265525 1.060000 -0.190000
v 0.000000 0.170000 -0.190000
v -0.430000 0.170000 0.120000
v -0.430000 0.170000 0.160000
v -0.430000 0.170000 0.170000
v -0.415113 0.189121 0.170000
v -0.444000 0.170000 -0.190000
v -0.448243 0.170000 -0.188243
v -0.450000 0.170000 -0.184000
v -0.450000 0.170000 0.114000
v -0.448243 0.170000 0.118243
v -0.444000 0.170000 0.120000
v 0.430000 0.170000 0.120000
v 0.430000 0.170000 0.160000
v 0.430000 0.170000 0.170000
v 0.415113 0.189121 0.170000
v 0.444000 0.170000 -0.190000
v 0.448243 0.170000 -0.188243
v 0.450000 0.170000 -0.184000
v 0.450000 0.170000 0.114000
v 0.448243 0.170000 0.118243
v 0.444000 0.170000 0.120000
v -0.340000 0.170000 0.170000
v -0.416761 0.000000 0.153356
v -0.420000 0.003240 0.154000
v -0.419051 0.000949 0.153811
v -0.398628 0.000000 -0.156760
v -0.398628 0.003240 -0.160000
v -0.398628 0.000949 -0.159051
v -0.413356 0.000000 0.156760
v -0.414000 0.003240 0.160000
v -0.413811 0.000949 0.159051
v -0.415763 0.000000 0.155763
v -0.418243 0.003240 0.158243
v -0.417516 0.000949 0.157516
v -0.416761 0.000000 -0.153356
v -0.420000 0.003240 -0.154000
v -0.419051 0.000949 -0.153811
v -0.413356 0.000000 -0.156760
v -0.414000 0.003240 -0.160000
v -0.413811 0.000949 -0.159051
v -0.415763 0.000000 -0.155763
v -0.418243 0.003240 -0.158243
v -0.417516 0.000949 -0.157516
v 0.420000 0.003240 0.154000
v 0.416761 0.000000 0.153356
v 0.419051 0.000949 0.153811
v 0.414000 0.003240 0.160000
v 0.413356 0.000000 0.156760
v 0.413811 0.000949 0.159051
v 0.415763 0.000000 0.155763
v 0.418243 0.003240 0.158243
v 0.417516 0.000949 0.157516
v 0.420000 0.003240 -0.154000
v 0.416761 0.000000 -0.153356
v 0.419051 0.000949 -0.153811
v 0.413356 0.000000 -0.156760
v 0.414000 0.003240 -0.160000
v 0.413811 0.000949 -0.159051
v 0.415763 0.000000 -0.155763
v 0.418243 0.003240 -0.158243
v 0.417516 0.000949 -0.157516
v -0.080000 0.000000 -0.153356
v -0.080000 0.000000 0.153356
v -0.080000 0.003240 -0.160000
v -0.080000 0.000000 0.156760
v -0.080000 0.000949 0.159051
v 0.000000 0.000000 0.156760
v 0.000000 0.003240 0.160000
v 0.000000 0.000949 0.159051
v -0.398628 0.000000 0.156760
v -0.398628 0.003240 0.160000
v -0.398628 0.000949 0.159051
v -0.080000 0.003240 0.160000
v -0.080000 0.000949 -0.159051
v -0.080000 0.000000 -0.156760
v 0.154476 0.000000 -0.153356
v 0.154476 0.000949 0.159051
v 0.265525 0.000000 -0.153356
v 0.265525 0.000949 -0.159051
v 0.398628 0.000000 0.156760
v 0.398628 0.003240 0.160000
v 0.398628 0.000949 0.159051
v 0.080000 0.000000 -0.153356
v 0.080000 0.000000 0.153356
v -0.154476 0.000949 0.159051
v -0.154476 0.003240 0.160000
v -0.154476 0.000000 -0.153356
v -0.154476 0.000000 -0.156760
v -0.154476 0.000949 -0.159051
v -0.154476 0.000000 0.153356
v 0.000000 0.003240 -0.160000
v 0.000000 0.000000 -0.156760
v 0.000000 0.000949 -0.159051
v -0.154476 0.003240 -0.160000
v -0.154476 0.000000 0.156760
v 0.154476 0.000000 0.153356
v 0.154476 0.003240 0.160000
v 0.154476 0.003240 -0.160000
v 0.265525 0.000000 0.153356
v 0.265525 0.000000 -0.156760
v 0.265525 0.003240 -0.160000
v 0.398628 0.000000 -0.156760
v 0.398628 0.003240 -0.160000
v 0.398628 0.000949 -0.159051
v 0.080000 0.000000 -0.156760
v 0.080000 0.000949 -0.159051
v 0.080000 0.003240 -0.160000
v 0.398628 0.000000 0.153356
v 0.265525 0.003240 0.160000
v 0.080000 0.003240 0.160000
v 0.154476 0.000000 -0.156760
v 0.000000 0.000000 0.153356
v -0.265525 0.000000 -0.153356
v -0.265525 0.000000 0.153356
v -0.398628 0.000000 0.153356
v 0.398628 0.000000 -0.153356
v 0.265525 0.000000 0.156760
v 0.080000 0.000949 0.159051
v 0.154476 0.000949 -0.159051
v 0.000000 0.000000 -0.153356
v -0.265525 0.000000 -0.156760
v -0.265525 0.000949 -0.159051
v -0.265525 0.003240 -0.160000
v -0.398628 0.000000 -0.153356
v -0.413356 0.000000 -0.153356
v -0.413356 0.000000 0.153356
v 0.413356 0.000000 -0.153356
v 0.413356 0.000000 0.153356
v 0.420000 0.090059 0.110777
v 0.420000 0.120059 0.110777
v -0.265525 0.003240 0.160000
v -0.265525 0.000949 0.159051
v -0.265525 0.000000 0.156760
v 0.154476 0.000000 0.156760
v 0.080000 0.000000 0.156760
v 0.265525 0.000949 0.159051
v -0.418243 0.060365 0.158243
v -0.420000 0.060402 0.139197
v -0.340000 0.000000 0.156760
v -0.340000 0.003240 -0.160000
v -0.340000 0.000000 -0.153356
v -0.340000 0.000000 0.153356
v -0.340000 0.000000 -0.156760
v -0.340000 0.000949 -0.159051
v -0.340000 0.003240 0.160000
v -0.340000 0.000949 0.159051
v -0.148134 0.088194 0.163421
v -0.143232 0.088208 0.164947
v -0.141206 0.092701 0.163072
v -0.145374 0.092621 0.161887
v -0.154476 0.098163 0.160000
v -0.154476 0.090402 0.160000
v -0.140597 0.098163 0.160000
v -0.154476 0.081612 0.160000
v -0.149317 0.083812 0.163466
v -0.144816 0.083812 0.165866
v -0.146543 0.098163 0.160000
v -0.149555 0.092634 0.160000
v -0.151621 0.088171 0.160000
v -0.152347 0.083812 0.160000
v -0.140597 0.096098 0.160000
v -0.143252 0.095979 0.160000
v -0.146477 0.095164 0.160000
v -0.091867 0.088194 0.163421
v -0.096769 0.088208 0.164947
v -0.098795 0.092701 0.163072
v -0.094626 0.092621 0.161887
v -0.099404 0.098163 0.160000
v -0.090683 0.083812 0.163466
v -0.095185 0.083812 0.165866
v -0.093457 0.098163 0.160000
v -0.090446 0.092634 0.160000
v -0.088380 0.088171 0.160000
v -0.087653 0.083812 0.160000
v -0.099404 0.096098 0.160000
v -0.096749 0.095979 0.160000
v -0.093523 0.095164 0.160000
v -0.068134 0.088194 0.163421
v -0.063232 0.088208 0.164947
v -0.061206 0.092701 0.163072
v -0.065374 0.092621 0.161887
v -0.060597 0.098163 0.160000
v -0.069317 0.083812 0.163466
v -0.064816 0.083812 0.165866
v -0.066543 0.098163 0.160000
v -0.069555 0.092634 0.160000
v -0.071621 0.088171 0.160000
v -0.072347 0.083812 0.160000
v -0.060597 0.096098 0.160000
v -0.063252 0.095979 0.160000
v -0.066477 0.095164 0.160000
v -0.011867 0.088194 0.163421
v -0.016769 0.088208 0.164947
v -0.018795 0.092701 0.163072
v -0.014626 0.092621 0.161887
v -0.005525 0.098163 0.160000
v -0.005525 0.090402 0.160000
v -0.019404 0.098163 0.160000
v -0.005525 0.081612 0.160000
v -0.010683 0.083812 0.163466
v -0.015185 0.083812 0.165866
v -0.013457 0.098163 0.160000
v -0.010446 0.092634 0.160000
v -0.008380 0.088171 0.160000
v -0.007653 0.083812 0.160000
v -0.019404 0.096098 0.160000
v -0.016749 0.095979 0.160000
v -0.013523 0.095164 0.160000
v -0.328134 0.088194 0.163421
v -0.323232 0.088208 0.164947
v -0.321206 0.092701 0.163072
v -0.325374 0.092621 0.161887
v -0.320597 0.098163 0.160000
v -0.329317 0.083812 0.163466
v -0.324816 0.083812 0.165866
v -0.326543 0.098163 0.160000
v -0.329555 0.092634 0.160000
v -0.331621 0.088171 0.160000
v -0.332347 0.083812 0.160000
v -0.320597 0.096098 0.160000
v -0.323252 0.095979 0.160000
v -0.326477 0.095164 0.160000
v -0.271867 0.088194 0.163421
v -0.276769 0.088208 0.164947
v -0.278795 0.092701 0.163072
v -0.274626 0.092621 0.161887
v -0.265525 0.098163 0.160000
v -0.265525 0.090402 0.160000
v -0.279404 0.098163 0.160000
v -0.265525 0.081612 0.160000
v -0.270683 0.083812 0.163466
v -0.275185 0.083812 0.165866
v -0.273457 0.098163 0.160000
v -0.270446 0.092634 0.160000
v -0.268380 0.088171 0.160000
v -0.267653 0.083812 0.160000
v -0.279404 0.096098 0.160000
v -0.276749 0.095979 0.160000
v -0.273523 0.095164 0.160000
v -0.340000 0.081612 0.160000
v -0.340000 0.098163 0.160000
v -0.340000 0.090402 0.160000
v -0.148134 0.118194 0.163421
v -0.143232 0.118208 0.164947
v -0.141206 0.122701 0.163072
v -0.145374 0.122621 0.161887
v -0.154476 0.128163 0.160000
v -0.154476 0.120402 0.160000
v -0.140597 0.128163 0.160000
v -0.154476 0.111612 0.160000
v -0.149317 0.113812 0.163466
v -0.144816 0.113812 0.165866
v -0.146543 0.128163 0.160000
v -0.149555 0.122634 0.160000
v -0.151621 0.118171 0.160000
v -0.152347 0.113812 0.160000
v -0.140597 0.126098 0.160000
v -0.143252 0.125979 0.160000
v -0.146477 0.125164 0.160000
v -0.091867 0.118194 0.163421
v -0.096769 0.118208 0.164947
v -0.098795 0.122701 0.163072
v -0.094626 0.122621 0.161887
v -0.099404 0.128163 0.160000
v -0.090683 0.113812 0.163466
v -0.095185 0.113812 0.165866
v -0.093457 0.128163 0.160000
v -0.090446 0.122634 0.160000
v -0.088380 0.118171 0.160000
v -0.087653 0.113812 0.160000
v -0.099404 0.126098 0.160000
v -0.096749 0.125979 0.160000
v -0.093523 0.125164 0.160000
v -0.068134 0.118194 0.163421
v -0.063232 0.118208 0.164947
v -0.061206 0.122701 0.163072
v -0.065374 0.122621 0.161887
v -0.060597 0.128163 0.160000
v -0.069317 0.113812 0.163466
v -0.064816 0.113812 0.165866
v -0.066543 0.128163 0.160000
v -0.069555 0.122634 0.160000
v -0.071621 0.118171 0.160000
v -0.072347 0.113812 0.160000
v -0.060597 0.126098 0.160000
v -0.063252 0.125979 0.160000
v -0.066477 0.125164 0.160000
v -0.011867 0.118194 0.163421
v -0.016769 0.118208 0.164947
v -0.018795 0.122701 0.163072
v -0.014626 0.122621 0.161887
v -0.005525 0.128163 0.160000
v -0.005525 0.120402 0.160000
v -0.019404 0.128163 0.160000
v -0.005525 0.111612 0.160000
v -0.010683 0.113812 0.163466
v -0.015185 0.113812 0.165866
v -0.013457 0.128163 0.160000
v -0.010446 0.122634 0.160000
v -0.008380 0.118171 0.160000
v -0.007653 0.113812 0.160000
v -0.019404 0.126098 0.160000
v -0.016749 0.125979 0.160000
v -0.013523 0.125164 0.160000
v -0.398628 0.060396 0.160000
v -0.420000 0.060365 0.154000
v -0.328134 0.118194 0.163421
v -0.323232 0.118208 0.164947
v -0.321206 0.122701 0.163072
v -0.325374 0.122621 0.161887
v -0.320597 0.128163 0.160000
v -0.329317 0.113812 0.163466
v -0.324816 0.113812 0.165866
v -0.326543 0.128163 0.160000
v -0.329555 0.122634 0.160000
v -0.331621 0.118171 0.160000
v -0.332347 0.113812 0.160000
v -0.320597 0.126098 0.160000
v -0.323252 0.125979 0.160000
v -0.326477 0.125164 0.160000
v -0.271867 0.118194 0.163421
v -0.276769 0.118208 0.164947
v -0.278795 0.122701 0.163072
v -0.274626 0.122621 0.161887
v -0.265525 0.128163 0.160000
v -0.265525 0.120402 0.160000
v -0.279404 0.128163 0.160000
v -0.265525 0.111612 0.160000
v -0.270683 0.113812 0.163466
v -0.275185 0.113812 0.165866
v -0.273457 0.128163 0.160000
v -0.270446 0.122634 0.160000
v -0.268380 0.118171 0.160000
v -0.267653 0.113812 0.160000
v -0.279404 0.126098 0.160000
v -0.276749 0.125979 0.160000
v -0.273523 0.125164 0.160000
v -0.340000 0.111612 0.160000
v -0.340000 0.128163 0.160000
v -0.340000 0.120402 0.160000
v -0.418243 0.060402 -0.158243
v -0.148134 0.058194 0.163421
v -0.143232 0.058208 0.164947
v -0.141206 0.062701 0.163072
v -0.145374 0.062621 0.161887
v -0.154476 0.068163 0.160000
v -0.154476 0.060402 0.160000
v -0.140597 0.068163 0.160000
v -0.154476 0.051612 0.160000
v -0.149317 0.053812 0.163466
v -0.144816 0.053812 0.165866
v -0.146543 0.068163 0.160000
v -0.149555 0.062634 0.160000
v -0.151621 0.058171 0.160000
v -0.152347 0.053812 0.160000
v -0.140597 0.066098 0.160000
v -0.143252 0.065979 0.160000
v -0.146477 0.065164 0.160000
v -0.091867 0.058194 0.163421
v -0.096769 0.058208 0.164947
v -0.098795 0.062701 0.163072
v -0.094626 0.062621 0.161887
v -0.099404 0.068163 0.160000
v -0.090683 0.053812 0.163466
v -0.095185 0.053812 0.165866
v -0.093457 0.068163 0.160000
v -0.090446 0.062634 0.160000
v -0.088380 0.058171 0.160000
v -0.087653 0.053812 0.160000
v -0.099404 0.066098 0.160000
v -0.096749 0.065979 0.160000
v -0.093523 0.065164 0.160000
v -0.068134 0.058194 0.163421
v -0.063232 0.058208 0.164947
v -0.061206 0.062701 0.163072
v -0.065374 0.062621 0.161887
v -0.060597 0.068163 0.160000
v -0.069317 0.053812 0.163466
v -0.064816 0.053812 0.165866
v -0.066543 0.068163 0.160000
v -0.069555 0.062634 0.160000
v -0.071621 0.058171 0.160000
v -0.072347 0.053812 0.160000
v -0.060597 0.066098 0.160000
v -0.063252 0.065979 0.160000
v -0.066477 0.065164 0.160000
v -0.011867 0.058194 0.163421
v -0.016769 0.058208 0.164947
v -0.018795 0.062701 0.163072
v -0.014626 0.062621 0.161887
v -0.005525 0.068163 0.160000
v -0.005525 0.060402 0.160000
v -0.019404 0.068163 0.160000
v -0.005525 0.051612 0.160000
v -0.010683 0.053812 0.163466
v -0.015185 0.053812 0.165866
v -0.013457 0.068163 0.160000
v -0.010446 0.062634 0.160000
v -0.008380 0.058171 0.160000
v -0.007653 0.053812 0.160000
v -0.019404 0.066098 0.160000
v -0.016749 0.065979 0.160000
v -0.013523 0.065164 0.160000
v -0.414000 0.060365 0.160000
v 0.000000 0.150000 0.160000
v -0.079523 0.150000 0.160000
v -0.080000 0.051612 0.160000
v -0.414000 0.060402 -0.160000
v -0.328134 0.058194 0.163421
v -0.323232 0.058208 0.164947
v -0.321206 0.062701 0.163072
v -0.325374 0.062621 0.161887
v -0.320597 0.068163 0.160000
v -0.329317 0.053812 0.163466
v -0.324816 0.053812 0.165866
v -0.326543 0.068163 0.160000
v -0.329555 0.062634 0.160000
v -0.331621 0.058171 0.160000
v -0.332347 0.053812 0.160000
v -0.320597 0.066098 0.160000
v -0.323252 0.065979 0.160000
v -0.326477 0.065164 0.160000
v -0.271867 0.058194 0.163421
v -0.276769 0.058208 0.164947
v -0.278795 0.062701 0.163072
v -0.274626 0.062621 0.161887
v -0.265525 0.068163 0.160000
v -0.265525 0.060402 0.160000
v -0.279404 0.068163 0.160000
v -0.265525 0.051612 0.160000
v -0.270683 0.053812 0.163466
v -0.275185 0.053812 0.165866
v -0.273457 0.068163 0.160000
v -0.270446 0.062634 0.160000
v -0.268380 0.058171 0.160000
v -0.267653 0.053812 0.160000
v -0.279404 0.066098 0.160000
v -0.276749 0.065979 0.160000
v -0.273523 0.065164 0.160000
v -0.340000 0.051612 0.160000
v -0.340000 0.068163 0.160000
v -0.340000 0.060402 0.160000
v -0.072347 0.111612 0.160000
v -0.087653 0.111612 0.160000
v -0.072347 0.081612 0.160000
v -0.087653 0.081612 0.160000
v 0.148134 0.088194 0.163421
v 0.143232 0.088208 0.164947
v 0.141206 0.092701 0.163072
v 0.145374 0.092621 0.161887
v 0.154476 0.098163 0.160000
v 0.154476 0.090402 0.160000
v 0.140597 0.098163 0.160000
v 0.154476 0.081612 0.160000
v 0.149317 0.083812 0.163466
v 0.144816 0.083812 0.165866
v 0.146543 0.098163 0.160000
v 0.149555 0.092634 0.160000
v 0.151621 0.088171 0.160000
v 0.152347 0.083812 0.160000
v 0.140597 0.096098 0.160000
v 0.143252 0.095979 0.160000
v 0.146477 0.095164 0.160000
v 0.091867 0.088194 0.163421
v 0.096769 0.088208 0.164947
v 0.098795 0.092701 0.163072
v 0.094626 0.092621 0.161887
v 0.099404 0.098163 0.160000
v 0.090683 0.083812 0.163466
v 0.095185 0.083812 0.165866
v 0.093457 0.098163 0.160000
v 0.090446 0.092634 0.160000
v 0.088380 0.088171 0.160000
v 0.087653 0.083812 0.160000
v 0.099404 0.096098 0.160000
v 0.096749 0.095979 0.160000
v 0.093523 0.095164 0.160000
v 0.068134 0.088194 0.163421
v 0.063232 0.088208 0.164947
v 0.061206 0.092701 0.163072
v 0.065374 0.092621 0.161887
v 0.060597 0.098163 0.160000
v 0.069317 0.083812 0.163466
v 0.064816 0.083812 0.165866
v 0.066543 0.098163 0.160000
v 0.069555 0.092634 0.160000
v 0.071621 0.088171 0.160000
v 0.072347 0.083812 0.160000
v 0.060597 0.096098 0.160000
v 0.063252 0.095979 0.160000
v 0.066477 0.095164 0.160000
v 0.011867 0.088194 0.163421
v 0.016769 0.088208 0.164947
v 0.018795 0.092701 0.163072
v 0.014626 0.092621 0.161887
v 0.005525 0.098163 0.160000
v 0.005525 0.090402 0.160000
v 0.019404 0.098163 0.160000
v 0.005525 0.081612 0.160000
v 0.010683 0.083812 0.163466
v 0.015185 0.083812 0.165866
v 0.013457 0.098163 0.160000
v 0.010446 0.092634 0.160000
v 0.008380 0.088171 0.160000
v 0.007653 0.083812 0.160000
v 0.019404 0.096098 0.160000
v 0.016749 0.095979 0.160000
v 0.013523 0.095164 0.160000
v 0.398628 0.060402 0.160000
v 0.398628 0.120059 0.160000
v 0.328134 0.088194 0.163421
v 0.323232 0.088208 0.164947
v 0.321206 0.092701 0.163072
v 0.325374 0.092621 0.161887
v 0.320597 0.098163 0.160000
v 0.329317 0.083812 0.163466
v 0.324816 0.083812 0.165866
v 0.326543 0.098163 0.160000
v 0.329555 0.092634 0.160000
v 0.331621 0.088171 0.160000
v 0.332347 0.083812 0.160000
v 0.320597 0.096098 0.160000
v 0.323252 0.095979 0.160000
v 0.326477 0.095164 0.160000
v 0.271867 0.088194 0.163421
v 0.276769 0.088208 0.164947
v 0.278795 0.092701 0.163072
v 0.274626 0.092621 0.161887
v 0.265525 0.098163 0.160000
v 0.265525 0.090402 0.160000
v 0.279404 0.098163 0.160000
v 0.265525 0.081612 0.160000
v 0.270683 0.083812 0.163466
v 0.275185 0.083812 0.165866
v 0.273457 0.098163 0.160000
v 0.270446 0.092634 0.160000
v 0.268380 0.088171 0.160000
v 0.267653 0.083812 0.160000
v 0.279404 0.096098 0.160000
v 0.276749 0.095979 0.160000
v 0.273523 0.095164 0.160000
v 0.340000 0.081612 0.160000
v 0.340000 0.098163 0.160000
v 0.340000 0.090402 0.160000
v 0.148134 0.118194 0.163421
v 0.143232 0.118208 0.164947
v 0.141206 0.122701 0.163072
v 0.145374 0.122621 0.161887
v 0.154476 0.128163 0.160000
v 0.154476 0.120402 0.160000
v 0.140597 0.128163 0.160000
v 0.154476 0.111612 0.160000
v 0.149317 0.113812 0.163466
v 0.144816 0.113812 0.165866
v 0.146543 0.128163 0.160000
v 0.149555 0.122634 0.160000
v 0.151621 0.118171 0.160000
v 0.152347 0.113812 0.160000
v 0.140597 0.126098 0.160000
v 0.143252 0.125979 0.160000
v 0.146477 0.125164 0.160000
v 0.091867 0.118194 0.163421
v 0.096769 0.118208 0.164947
v 0.098795 0.122701 0.163072
v 0.094626 0.122621 0.161887
v 0.099404 0.128163 0.160000
v 0.090683 0.113812 0.163466
v 0.095185 0.113812 0.165866
v 0.093457 0.128163 0.160000
v 0.090446 0.122634 0.160000
v 0.088380 0.118171 0.160000
v 0.087653 0.113812 0.160000
v 0.099404 0.126098 0.160000
v 0.096749 0.125979 0.160000
v 0.093523 0.125164 0.160000
v 0.068134 0.118194 0.163421
v 0.063232 0.118208 0.164947
v 0.061206 0.122701 0.163072
v 0.065374 0.122621 0.161887
v 0.060597 0.128163 0.160000
v 0.069317 0.113812 0.163466
v 0.064816 0.113812 0.165866
v 0.066543 0.128163 0.160000
v 0.069555 0.122634 0.160000
v 0.071621 0.118171 0.160000
v 0.072347 0.113812 0.160000
v 0.060597 0.126098 0.160000
v 0.063252 0.125979 0.160000
v 0.066477 0.125164 0.160000
v 0.011867 0.118194 0.163421
v 0.016769 0.118208 0.164947
v 0.018795 0.122701 0.163072
v 0.014626 0.122621 0.161887
v 0.005525 0.128163 0.160000
v 0.005525 0.120402 0.160000
v 0.019404 0.128163 0.160000
v 0.005525 0.111612 0.160000
v 0.010683 0.113812 0.163466
v 0.015185 0.113812 0.165866
v 0.013457 0.128163 0.160000
v 0.010446 0.122634 0.160000
v 0.008380 0.118171 0.160000
v 0.007653 0.113812 0.160000
v 0.019404 0.126098 0.160000
v 0.016749 0.125979 0.160000
v 0.013523 0.125164 0.160000
v 0.154476 0.150000 0.160000
v 0.328134 0.118194 0.163421
v 0.323232 0.118208 0.164947
v 0.321206 0.122701 0.163072
v 0.325374 0.122621 0.161887
v 0.320597 0.128163 0.160000
v 0.329317 0.113812 0.163466
v 0.324816 0.113812 0.165866
v 0.326543 0.128163 0.160000
v 0.329555 0.122634 0.160000
v 0.331621 0.118171 0.160000
v 0.332347 0.113812 0.160000
v 0.320597 0.126098 0.160000
v 0.323252 0.125979 0.160000
v 0.326477 0.125164 0.160000
v 0.271867 0.118194 0.163421
v 0.276769 0.118208 0.164947
v 0.278795 0.122701 0.163072
v 0.274626 0.122621 0.161887
v 0.265525 0.128163 0.160000
v 0.265525 0.120402 0.160000
v 0.279404 0.128163 0.160000
v 0.265525 0.111612 0.160000
v 0.270683 0.113812 0.163466
v 0.275185 0.113812 0.165866
v 0.273457 0.128163 0.160000
v 0.270446 0.122634 0.160000
v 0.268380 0.118171 0.160000
v 0.267653 0.113812 0.160000
v 0.279404 0.126098 0.160000
v 0.276749 0.125979 0.160000
v 0.273523 0.125164 0.160000
v 0.340000 0.111612 0.160000
v 0.340000 0.128163 0.160000
v 0.340000 0.120402 0.160000
v 0.148134 0.058194 0.163421
v 0.143232 0.058208 0.164947
v 0.141206 0.062701 0.163072
v 0.145374 0.062621 0.161887
v 0.154476 0.068163 0.160000
v 0.154476 0.060402 0.160000
v 0.140597 0.068163 0.160000
v 0.154476 0.051612 0.160000
v 0.149317 0.053812 0.163466
v 0.144816 0.053812 0.165866
v 0.146543 0.068163 0.160000
v 0.149555 0.062634 0.160000
v 0.151621 0.058171 0.160000
v 0.152347 0.053812 0.160000
v 0.140597 0.066098 0.160000
v 0.143252 0.065979 0.160000
v 0.146477 0.065164 0.160000
v 0.091867 0.058194 0.163421
v 0.096769 0.058208 0.164947
v 0.098795 0.062701 0.163072
v 0.094626 0.062621 0.161887
v 0.099404 0.068163 0.160000
v 0.090683 0.053812 0.163466
v 0.095185 0.053812 0.165866
v 0.093457 0.068163 0.160000
v 0.090446 0.062634 0.160000
v 0.088380 0.058171 0.160000
v 0.087653 0.053812 0.160000
v 0.099404 0.066098 0.160000
v 0.096749 0.065979 0.160000
v 0.093523 0.065164 0.160000
v 0.068134 0.058194 0.163421
v 0.063232 0.058208 0.164947
v 0.061206 0.062701 0.163072
v 0.065374 0.062621 0.161887
v 0.060597 0.068163 0.160000
v 0.069317 0.053812 0.163466
v 0.064816 0.053812 0.165866
v 0.066543 0.068163 0.160000
v 0.069555 0.062634 0.160000
v 0.071621 0.058171 0.160000
v 0.072347 0.053812 0.160000
v 0.060597 0.066098 0.160000
v 0.063252 0.065979 0.160000
v 0.066477 0.065164 0.160000
v 0.011867 0.058194 0.163421
v 0.016769 0.058208 0.164947
v 0.018795 0.062701 0.163072
v 0.014626 0.062621 0.161887
v 0.005525 0.068163 0.160000
v 0.005525 0.060402 0.160000
v 0.019404 0.068163 0.160000
v 0.005525 0.051612 0.160000
v 0.010683 0.053812 0.163466
v 0.015185 0.053812 0.165866
v 0.013457 0.068163 0.160000
v 0.010446 0.062634 0.160000
v 0.008380 0.058171 0.160000
v 0.007653 0.053812 0.160000
v 0.019404 0.066098 0.160000
v 0.016749 0.065979 0.160000
v 0.013523 0.065164 0.160000
v 0.398628 0.150000 0.160000
v 0.080000 0.051612 0.160000
v 0.328134 0.058194 0.163421
v 0.323232 0.058208 0.164947
v 0.321206 0.062701 0.163072
v 0.325374 0.062621 0.161887
v 0.320597 0.068163 0.160000
v 0.329317 0.053812 0.163466
v 0.324816 0.053812 0.165866
v 0.326543 0.068163 0.160000
v 0.329555 0.062634 0.160000
v 0.331621 0.058171 0.160000
v 0.332347 0.053812 0.160000
v 0.320597 0.066098 0.160000
v 0.323252 0.065979 0.160000
v 0.326477 0.065164 0.160000
v 0.271867 0.058194 0.163421
v 0.276769 0.058208 0.164947
v 0.278795 0.062701 0.163072
v 0.274626 0.062621 0.161887
v 0.265525 0.068163 0.160000
v 0.265525 0.060402 0.160000
v 0.279404 0.068163 0.160000
v 0.265525 0.051612 0.160000
v 0.270683 0.053812 0.163466
v 0.275185 0.053812 0.165866
v 0.273457 0.068163 0.160000
v 0.270446 0.062634 0.160000
v 0.268380 0.058171 0.160000
v 0.267653 0.053812 0.160000
v 0.279404 0.066098 0.160000
v 0.276749 0.065979 0.160000
v 0.273523 0.065164 0.160000
v 0.340000 0.051612 0.160000
v 0.340000 0.068163 0.160000
v 0.340000 0.060402 0.160000
v 0.072347 0.111612 0.160000
v 0.087653 0.111612 0.160000
v 0.072347 0.081612 0.160000
v 0.087653 0.081612 0.160000
v -0.398628 0.060402 -0.160000
v -0.148134 0.088194 -0.163421
v -0.143232 0.088208 -0.164947
v -0.141206 0.092701 -0.163072
v -0.145374 0.092621 -0.161887
v -0.154476 0.098163 -0.160000
v -0.154476 0.090402 -0.160000
v -0.140597 0.098163 -0.160000
v -0.154476 0.081612 -0.160000
v -0.149317 0.083812 -0.163466
v -0.144816 0.083812 -0.165866
v -0.146543 0.098163 -0.160000
v -0.149555 0.092634 -0.160000
v -0.151621 0.088171 -0.160000
v -0.152347 0.083812 -0.160000
v -0.140597 0.096098 -0.160000
v -0.143252 0.095979 -0.160000
v -0.146477 0.095164 -0.160000
v -0.091867 0.088194 -0.163421
v -0.096769 0.088208 -0.164947
v -0.098795 0.092701 -0.163072
v -0.094626 0.092621 -0.161887
v -0.099404 0.098163 -0.160000
v -0.090683 0.083812 -0.163466
v -0.095185 0.083812 -0.165866
v -0.093457 0.098163 -0.160000
v -0.090446 0.092634 -0.160000
v -0.088380 0.088171 -0.160000
v -0.087653 0.083812 -0.160000
v -0.099404 0.096098 -0.160000
v -0.096749 0.095979 -0.160000
v -0.093523 0.095164 -0.160000
v -0.068134 0.088194 -0.163421
v -0.063232 0.088208 -0.164947
v -0.061206 0.092701 -0.163072
v -0.065374 0.092621 -0.161887
v -0.060597 0.098163 -0.160000
v -0.069317 0.083812 -0.163466
v -0.064816 0.083812 -0.165866
v -0.066543 0.098163 -0.160000
v -0.069555 0.092634 -0.160000
v -0.071621 0.088171 -0.160000
v -0.072347 0.083812 -0.160000
v -0.060597 0.096098 -0.160000
v -0.063252 0.095979 -0.160000
v -0.066477 0.095164 -0.160000
v -0.011867 0.088194 -0.163421
v -0.016769 0.088208 -0.164947
v -0.018795 0.092701 -0.163072
v -0.014626 0.092621 -0.161887
v -0.005525 0.098163 -0.160000
v -0.005525 0.090402 -0.160000
v -0.019404 0.098163 -0.160000
v -0.005525 0.081612 -0.160000
v -0.010683 0.083812 -0.163466
v -0.015185 0.083812 -0.165866
v -0.013457 0.098163 -0.160000
v -0.010446 0.092634 -0.160000
v -0.008380 0.088171 -0.160000
v -0.007653 0.083812 -0.160000
v -0.019404 0.096098 -0.160000
v -0.016749 0.095979 -0.160000
v -0.013523 0.095164 -0.160000
v -0.265525 0.150000 -0.160000
v -0.420000 0.060402 -0.154000
v 0.414000 0.060402 0.160000
v -0.328134 0.088194 -0.163421
v -0.323232 0.088208 -0.164947
v -0.321206 0.092701 -0.163072
v -0.325374 0.092621 -0.161887
v -0.320597 0.098163 -0.160000
v -0.329317 0.083812 -0.163466
v -0.324816 0.083812 -0.165866
v -0.326543 0.098163 -0.160000
v -0.329555 0.092634 -0.160000
v -0.331621 0.088171 -0.160000
v -0.332347 0.083812 -0.160000
v -0.320597 0.096098 -0.160000
v -0.323252 0.095979 -0.160000
v -0.326477 0.095164 -0.160000
v -0.271867 0.088194 -0.163421
v -0.276769 0.088208 -0.164947
v -0.278795 0.092701 -0.163072
v -0.274626 0.092621 -0.161887
v -0.265525 0.098163 -0.160000
v -0.265525 0.090402 -0.160000
v -0.279404 0.098163 -0.160000
v -0.265525 0.081612 -0.160000
v -0.270683 0.083812 -0.163466
v -0.275185 0.083812 -0.165866
v -0.273457 0.098163 -0.160000
v -0.270446 0.092634 -0.160000
v -0.268380 0.088171 -0.160000
v -0.267653 0.083812 -0.160000
v -0.279404 0.096098 -0.160000
v -0.276749 0.095979 -0.160000
v -0.273523 0.095164 -0.160000
v -0.340000 0.081612 -0.160000
v -0.340000 0.098163 -0.160000
v -0.340000 0.090402 -0.160000
v 0.418243 0.060402 0.158243
v 0.420000 0.060402 0.154000
v -0.148134 0.118194 -0.163421
v -0.143232 0.118208 -0.164947
v -0.141206 0.122701 -0.163072
v -0.145374 0.122621 -0.161887
v -0.154476 0.128163 -0.160000
v -0.154476 0.120402 -0.160000
v -0.140597 0.128163 -0.160000
v -0.154476 0.111612 -0.160000
v -0.149317 0.113812 -0.163466
v -0.144816 0.113812 -0.165866
v -0.146543 0.128163 -0.160000
v -0.149555 0.122634 -0.160000
v -0.151621 0.118171 -0.160000
v -0.152347 0.113812 -0.160000
v -0.140597 0.126098 -0.160000
v -0.143252 0.125979 -0.160000
v -0.146477 0.125164 -0.160000
v -0.091867 0.118194 -0.163421
v -0.096769 0.118208 -0.164947
v -0.098795 0.122701 -0.163072
v -0.094626 0.122621 -0.161887
v -0.099404 0.128163 -0.160000
v -0.090683 0.113812 -0.163466
v -0.095185 0.113812 -0.165866
v -0.093457 0.128163 -0.160000
v -0.090446 0.122634 -0.160000
v -0.088380 0.118171 -0.160000
v -0.087653 0.113812 -0.160000
v -0.099404 0.126098 -0.160000
v -0.096749 0.125979 -0.160000
v -0.093523 0.125164 -0.160000
v -0.068134 0.118194 -0.163421
v -0.063232 0.118208 -0.164947
v -0.061206 0.122701 -0.163072
v -0.065374 0.122621 -0.161887
v -0.060597 0.128163 -0.160000
v -0.069317 0.113812 -0.163466
v -0.064816 0.113812 -0.165866
v -0.066543 0.128163 -0.160000
v -0.069555 0.122634 -0.160000
v -0.071621 0.118171 -0.160000
v -0.072347 0.113812 -0.160000
v -0.060597 0.126098 -0.160000
v -0.063252 0.125979 -0.160000
v -0.066477 0.125164 -0.160000
v -0.011867 0.118194 -0.163421
v -0.016769 0.118208 -0.164947
v -0.018795 0.122701 -0.163072
v -0.014626 0.122621 -0.161887
v -0.005525 0.128163 -0.160000
v -0.005525 0.120402 -0.160000
v -0.019404 0.128163 -0.160000
v -0.005525 0.111612 -0.160000
v -0.010683 0.113812 -0.163466
v -0.015185 0.113812 -0.165866
v -0.013457 0.128163 -0.160000
v -0.010446 0.122634 -0.160000
v -0.008380 0.118171 -0.160000
v -0.007653 0.113812 -0.160000
v -0.019404 0.126098 -0.160000
v -0.016749 0.125979 -0.160000
v -0.013523 0.125164 -0.160000
v 0.420000 0.060402 0.125542
v 0.398628 0.060402 -0.160000
v -0.328134 0.118194 -0.163421
v -0.323232 0.118208 -0.164947
v -0.321206 0.122701 -0.163072
v -0.325374 0.122621 -0.161887
v -0.320597 0.128163 -0.160000
v -0.329317 0.113812 -0.163466
v -0.324816 0.113812 -0.165866
v -0.326543 0.128163 -0.160000
v -0.329555 0.122634 -0.160000
v -0.331621 0.118171 -0.160000
v -0.332347 0.113812 -0.160000
v -0.320597 0.126098 -0.160000
v -0.323252 0.125979 -0.160000
v -0.326477 0.125164 -0.160000
v -0.271867 0.118194 -0.163421
v -0.276769 0.118208 -0.164947
v -0.278795 0.122701 -0.163072
v -0.274626 0.122621 -0.161887
v -0.265525 0.128163 -0.160000
v -0.265525 0.120402 -0.160000
v -0.279404 0.128163 -0.160000
v -0.265525 0.111612 -0.160000
v -0.270683 0.113812 -0.163466
v -0.275185 0.113812 -0.165866
v -0.273457 0.128163 -0.160000
v -0.270446 0.122634 -0.160000
v -0.268380 0.118171 -0.160000
v -0.267653 0.113812 -0.160000
v -0.279404 0.126098 -0.160000
v -0.276749 0.125979 -0.160000
v -0.273523 0.125164 -0.160000
v -0.340000 0.111612 -0.160000
v -0.340000 0.128163 -0.160000
v -0.340000 0.120402 -0.160000
v 0.414000 0.060402 -0.160000
v -0.148134 0.058194 -0.163421
v -0.143232 0.058208 -0.164947
v -0.141206 0.062701 -0.163072
v -0.145374 0.062621 -0.161887
v -0.154476 0.068163 -0.160000
v -0.154476 0.060402 -0.160000
v -0.140597 0.068163 -0.160000
v -0.154476 0.051612 -0.160000
v -0.149317 0.053812 -0.163466
v -0.144816 0.053812 -0.165866
v -0.146543 0.068163 -0.160000
v -0.149555 0.062634 -0.160000
v -0.151621 0.058171 -0.160000
v -0.152347 0.053812 -0.160000
v -0.140597 0.066098 -0.160000
v -0.143252 0.065979 -0.160000
v -0.146477 0.065164 -0.160000
v -0.091867 0.058194 -0.163421
v -0.096769 0.058208 -0.164947
v -0.098795 0.062701 -0.163072
v -0.094626 0.062621 -0.161887
v -0.099404 0.068163 -0.160000
v -0.090683 0.053812 -0.163466
v -0.095185 0.053812 -0.165866
v -0.093457 0.068163 -0.160000
v -0.090446 0.062634 -0.160000
v -0.088380 0.058171 -0.160000
v -0.087653 0.053812 -0.160000
v -0.099404 0.066098 -0.160000
v -0.096749 0.065979 -0.160000
v -0.093523 0.065164 -0.160000
v -0.068134 0.058194 -0.163421
v -0.063232 0.058208 -0.164947
v -0.061206 0.062701 -0.163072
v -0.065374 0.062621 -0.161887
v -0.060597 0.068163 -0.160000
v -0.069317 0.053812 -0.163466
v -0.064816 0.053812 -0.165866
v -0.066543 0.068163 -0.160000
v -0.069555 0.062634 -0.160000
v -0.071621 0.058171 -0.160000
v -0.072347 0.053812 -0.160000
v -0.060597 0.066098 -0.160000
v -0.063252 0.065979 -0.160000
v -0.066477 0.065164 -0.160000
v -0.011867 0.058194 -0.163421
v -0.016769 0.058208 -0.164947
v -0.018795 0.062701 -0.163072
v -0.014626 0.062621 -0.161887
v -0.005525 0.068163 -0.160000
v -0.005525 0.060402 -0.160000
v -0.019404 0.068163 -0.160000
v -0.005525 0.051612 -0.160000
v -0.010683 0.053812 -0.163466
v -0.015185 0.053812 -0.165866
v -0.013457 0.068163 -0.160000
v -0.010446 0.062634 -0.160000
v -0.008380 0.058171 -0.160000
v -0.007653 0.053812 -0.160000
v -0.019404 0.066098 -0.160000
v -0.016749 0.065979 -0.160000
v -0.013523 0.065164 -0.160000
v 0.418243 0.060402 -0.158243
v 0.000000 0.150000 -0.160000
v -0.079523 0.150000 -0.160000
v -0.398628 0.150000 -0.160000
v -0.080000 0.051612 -0.160000
v 0.420000 0.060402 -0.154000
v -0.340000 0.150000 -0.160000
v -0.328134 0.058194 -0.163421
v -0.323232 0.058208 -0.164947
v -0.321206 0.062701 -0.163072
v -0.325374 0.062621 -0.161887
v -0.320597 0.068163 -0.160000
v -0.329317 0.053812 -0.163466
v -0.324816 0.053812 -0.165866
v -0.326543 0.068163 -0.160000
v -0.329555 0.062634 -0.160000
v -0.331621 0.058171 -0.160000
v -0.332347 0.053812 -0.160000
v -0.320597 0.066098 -0.160000
v -0.323252 0.065979 -0.160000
v -0.326477 0.065164 -0.160000
v -0.271867 0.058194 -0.163421
v -0.276769 0.058208 -0.164947
v -0.278795 0.062701 -0.163072
v -0.274626 0.062621 -0.161887
v -0.265525 0.068163 -0.160000
v -0.265525 0.060402 -0.160000
v -0.279404 0.068163 -0.160000
v -0.265525 0.051612 -0.160000
v -0.270683 0.053812 -0.163466
v -0.275185 0.053812 -0.165866
v -0.273457 0.068163 -0.160000
v -0.270446 0.062634 -0.160000
v -0.268380 0.058171 -0.160000
v -0.267653 0.053812 -0.160000
v -0.279404 0.066098 -0.160000
v -0.276749 0.065979 -0.160000
v -0.273523 0.065164 -0.160000
v -0.340000 0.051612 -0.160000
v -0.340000 0.068163 -0.160000
v -0.340000 0.060402 -0.160000
v -0.072347 0.111612 -0.160000
v -0.087653 0.111612 -0.160000
v -0.072347 0.081612 -0.160000
v -0.087653 0.081612 -0.160000
v 0.148134 0.088194 -0.163421
v 0.143232 0.088208 -0.164947
v 0.141206 0.092701 -0.163072
v 0.145374 0.092621 -0.161887
v 0.154476 0.098163 -0.160000
v 0.154476 0.090402 -0.160000
v 0.140597 0.098163 -0.160000
v 0.154476 0.081612 -0.160000
v 0.149317 0.083812 -0.163466
v 0.144816 0.083812 -0.165866
v 0.146543 0.098163 -0.160000
v 0.149555 0.092634 -0.160000
v 0.151621 0.088171 -0.160000
v 0.152347 0.083812 -0.160000
v 0.140597 0.096098 -0.160000
v 0.143252 0.095979 -0.160000
v 0.146477 0.095164 -0.160000
v 0.091867 0.088194 -0.163421
v 0.096769 0.088208 -0.164947
v 0.098795 0.092701 -0.163072
v 0.094626 0.092621 -0.161887
v 0.099404 0.098163 -0.160000
v 0.090683 0.083812 -0.163466
v 0.095185 0.083812 -0.165866
v 0.093457 0.098163 -0.160000
v 0.090446 0.092634 -0.160000
v 0.088380 0.088171 -0.160000
v 0.087653 0.083812 -0.160000
v 0.099404 0.096098 -0.160000
v 0.096749 0.095979 -0.160000
v 0.093523 0.095164 -0.160000
v 0.068134 0.088194 -0.163421
v 0.063232 0.088208 -0.164947
v 0.061206 0.092701 -0.163072
v 0.065374 0.092621 -0.161887
v 0.060597 0.098163 -0.160000
v 0.069317 0.083812 -0.163466
v 0.064816 0.083812 -0.165866
v 0.066543 0.098163 -0.160000
v 0.069555 0.092634 -0.160000
v 0.071621 0.088171 -0.160000
v 0.072347 0.083812 -0.160000
v 0.060597 0.096098 -0.160000
v 0.063252 0.095979 -0.160000
v 0.066477 0.095164 -0.160000
v 0.011867 0.088194 -0.163421
v 0.016769 0.088208 -0.164947
v 0.018795 0.092701 -0.163072
v 0.014626 0.092621 -0.161887
v 0.005525 0.098163 -0.160000
v 0.005525 0.090402 -0.160000
v 0.019404 0.098163 -0.160000
v 0.005525 0.081612 -0.160000
v 0.010683 0.083812 -0.163466
v 0.015185 0.083812 -0.165866
v 0.013457 0.098163 -0.160000
v 0.010446 0.092634 -0.160000
v 0.008380 0.088171 -0.160000
v 0.007653 0.083812 -0.160000
v 0.019404 0.096098 -0.160000
v 0.016749 0.095979 -0.160000
v 0.013523 0.095164 -0.160000
v 0.265525 0.150000 -0.160000
v 0.398628 0.120059 -0.160000
v 0.328134 0.088194 -0.163421
v 0.323232 0.088208 -0.164947
v 0.321206 0.092701 -0.163072
v 0.325374 0.092621 -0.161887
v 0.320597 0.098163 -0.160000
v 0.329317 0.083812 -0.163466
v 0.324816 0.083812 -0.165866
v 0.326543 0.098163 -0.160000
v 0.329555 0.092634 -0.160000
v 0.331621 0.088171 -0.160000
v 0.332347 0.083812 -0.160000
v 0.320597 0.096098 -0.160000
v 0.323252 0.095979 -0.160000
v 0.326477 0.095164 -0.160000
v 0.271867 0.088194 -0.163421
v 0.276769 0.088208 -0.164947
v 0.278795 0.092701 -0.163072
v 0.274626 0.092621 -0.161887
v 0.265525 0.098163 -0.160000
v 0.265525 0.090402 -0.160000
v 0.279404 0.098163 -0.160000
v 0.265525 0.081612 -0.160000
v 0.270683 0.083812 -0.163466
v 0.275185 0.083812 -0.165866
v 0.273457 0.098163 -0.160000
v 0.270446 0.092634 -0.160000
v 0.268380 0.088171 -0.160000
v 0.267653 0.083812 -0.160000
v 0.279404 0.096098 -0.160000
v 0.276749 0.095979 -0.160000
v 0.273523 0.095164 -0.160000
v 0.340000 0.081612 -0.160000
v 0.340000 0.098163 -0.160000
v 0.340000 0.090402 -0.160000
v 0.148134 0.118194 -0.163421
v 0.143232 0.118208 -0.164947
v 0.141206 0.122701 -0.163072
v 0.145374 0.122621 -0.161887
v 0.154476 0.128163 -0.160000
v 0.154476 0.120402 -0.160000
v 0.140597 0.128163 -0.160000
v 0.154476 0.111612 -0.160000
v 0.149317 0.113812 -0.163466
v 0.144816 0.113812 -0.165866
v 0.146543 0.128163 -0.160000
v 0.149555 0.122634 -0.160000
v 0.151621 0.118171 -0.160000
v 0.152347 0.113812 -0.160000
v 0.140597 0.126098 -0.160000
v 0.143252 0.125979 -0.160000
v 0.146477 0.125164 -0.160000
v 0.091867 0.118194 -0.163421
v 0.096769 0.118208 -0.164947
v 0.098795 0.122701 -0.163072
v 0.094626 0.122621 -0.161887
v 0.099404 0.128163 -0.160000
v 0.090683 0.113812 -0.163466
v 0.095185 0.113812 -0.165866
v 0.093457 0.128163 -0.160000
v 0.090446 0.122634 -0.160000
v 0.088380 0.118171 -0.160000
v 0.087653 0.113812 -0.160000
v 0.099404 0.126098 -0.160000
v 0.096749 0.125979 -0.160000
v 0.093523 0.125164 -0.160000
v 0.068134 0.118194 -0.163421
v 0.063232 0.118208 -0.164947
v 0.061206 0.122701 -0.163072
v 0.065374 0.122621 -0.161887
v 0.060597 0.128163 -0.160000
v 0.069317 0.113812 -0.163466
v 0.064816 0.113812 -0.165866
v 0.066543 0.128163 -0.160000
v 0.069555 0.122634 -0.160000
v 0.071621 0.118171 -0.160000
v 0.072347 0.113812 -0.160000
v 0.060597 0.126098 -0.160000
v 0.063252 0.125979 -0.160000
v 0.066477 0.125164 -0.160000
v 0.011867 0.118194 -0.163421
v 0.016769 0.118208 -0.164947
v 0.018795 0.122701 -0.163072
v 0.014626 0.122621 -0.161887
v 0.005525 0.128163 -0.160000
v 0.005525 0.120402 -0.160000
v 0.019404 0.128163 -0.160000
v 0.005525 0.111612 -0.160000
v 0.010683 0.113812 -0.163466
v 0.015185 0.113812 -0.165866
v 0.013457 0.128163 -0.160000
v 0.010446 0.122634 -0.160000
v 0.008380 0.118171 -0.160000
v 0.007653 0.113812 -0.160000
v 0.019404 0.126098 -0.160000
v 0.016749 0.125979 -0.160000
v 0.013523 0.125164 -0.160000
v 0.154476 0.150000 -0.160000
v 0.328134 0.118194 -0.163421
v 0.323232 0.118208 -0.164947
v 0.321206 0.122701 -0.163072
v 0.325374 0.122621 -0.161887
v 0.320597 0.128163 -0.160000
v 0.329317 0.113812 -0.163466
v 0.324816 0.113812 -0.165866
v 0.326543 0.128163 -0.160000
v 0.329555 0.122634 -0.160000
v 0.331621 0.118171 -0.160000
v 0.332347 0.113812 -0.160000
v 0.320597 0.126098 -0.160000
v 0.323252 0.125979 -0.160000
v 0.326477 0.125164 -0.160000
v 0.271867 0.118194 -0.163421
v 0.276769 0.118208 -0.164947
v 0.278795 0.122701 -0.163072
v 0.274626 0.122621 -0.161887
v 0.265525 0.128163 -0.160000
v 0.265525 0.120402 -0.160000
v 0.279404 0.128163 -0.160000
v 0.265525 0.111612 -0.160000
v 0.270683 0.113812 -0.163466
v 0.275185 0.113812 -0.165866
v 0.273457 0.128163 -0.160000
v 0.270446 0.122634 -0.160000
v 0.268380 0.118171 -0.160000
v 0.267653 0.113812 -0.160000
v 0.279404 0.126098 -0.160000
v 0.276749 0.125979 -0.160000
v 0.273523 0.125164 -0.160000
v 0.340000 0.111612 -0.160000
v 0.340000 0.128163 -0.160000
v 0.340000 0.120402 -0.160000
v 0.148134 0.058194 -0.163421
v 0.143232 0.058208 -0.164947
v 0.141206 0.062701 -0.163072
v 0.145374 0.062621 -0.161887
v 0.154476 0.068163 -0.160000
v 0.154476 0.060402 -0.160000
v 0.140597 0.068163 -0.160000
v 0.154476 0.051612 -0.160000
v 0.149317 0.053812 -0.163466
v 0.144816 0.053812 -0.165866
v 0.146543 0.068163 -0.160000
v 0.149555 0.062634 -0.160000
v 0.151621 0.058171 -0.160000
v 0.152347 0.053812 -0.160000
v 0.140597 0.066098 -0.160000
v 0.143252 0.065979 -0.160000
v 0.146477 0.065164 -0.160000
v 0.091867 0.058194 -0.163421
v 0.096769 0.058208 -0.164947
v 0.098795 0.062701 -0.163072
v 0.094626 0.062621 -0.161887
v 0.099404 0.068163 -0.160000
v 0.090683 0.053812 -0.163466
v 0.095185 0.053812 -0.165866
v 0.093457 0.068163 -0.160000
v 0.090446 0.062634 -0.160000
v 0.088380 0.058171 -0.160000
v 0.087653 0.053812 -0.160000
v 0.099404 0.066098 -0.160000
v 0.096749 0.065979 -0.160000
v 0.093523 0.065164 -0.160000
v 0.068134 0.058194 -0.163421
v 0.063232 0.058208 -0.164947
v 0.061206 0.062701 -0.163072
v 0.065374 0.062621 -0.161887
v 0.060597 0.068163 -0.160000
v 0.069317 0.053812 -0.163466
v 0.064816 0.053812 -0.165866
v 0.066543 0.068163 -0.160000
v 0.069555 0.062634 -0.160000
v 0.071621 0.058171 -0.160000
v 0.072347 0.053812 -0.160000
v 0.060597 0.066098 -0.160000
v 0.063252 0.065979 -0.160000
v 0.066477 0.065164 -0.160000
v 0.011867 0.058194 -0.163421
v 0.016769 0.058208 -0.164947
v 0.018795 0.062701 -0.163072
v 0.014626 0.062621 -0.161887
v 0.005525 0.068163 -0.160000
v 0.005525 0.060402 -0.160000
v 0.019404 0.068163 -0.160000
v 0.005525 0.051612 -0.160000
v 0.010683 0.053812 -0.163466
v 0.015185 0.053812 -0.165866
v 0.013457 0.068163 -0.160000
v 0.010446 0.062634 -0.160000
v 0.008380 0.058171 -0.160000
v 0.007653 0.053812 -0.160000
v 0.019404 0.066098 -0.160000
v 0.016749 0.065979 -0.160000
v 0.013523 0.065164 -0.160000
v 0.079523 0.150000 -0.160000
v 0.398628 0.150000 -0.160000
v 0.080000 0.051612 -0.160000
v 0.340000 0.150000 -0.160000
v 0.328134 0.058194 -0.163421
v 0.323232 0.058208 -0.164947
v 0.321206 0.062701 -0.163072
v 0.325374 0.062621 -0.161887
v 0.320597 0.068163 -0.160000
v 0.329317 0.053812 -0.163466
v 0.324816 0.053812 -0.165866
v 0.326543 0.068163 -0.160000
v 0.329555 0.062634 -0.160000
v 0.331621 0.058171 -0.160000
v 0.332347 0.053812 -0.160000
v 0.320597 0.066098 -0.160000
v 0.323252 0.065979 -0.160000
v 0.326477 0.065164 -0.160000
v 0.271867 0.058194 -0.163421
v 0.276769 0.058208 -0.164947
v 0.278795 0.062701 -0.163072
v 0.274626 0.062621 -0.161887
v 0.265525 0.068163 -0.160000
v 0.265525 0.060402 -0.160000
v 0.279404 0.068163 -0.160000
v 0.265525 0.051612 -0.160000
v 0.270683 0.053812 -0.163466
v 0.275185 0.053812 -0.165866
v 0.273457 0.068163 -0.160000
v 0.270446 0.062634 -0.160000
v 0.268380 0.058171 -0.160000
v 0.267653 0.053812 -0.160000
v 0.279404 0.066098 -0.160000
v 0.276749 0.065979 -0.160000
v 0.273523 0.065164 -0.160000
v 0.340000 0.051612 -0.160000
v 0.340000 0.068163 -0.160000
v 0.340000 0.060402 -0.160000
v 0.072347 0.111612 -0.160000
v 0.087653 0.111612 -0.160000
v 0.072347 0.081612 -0.160000
v 0.087653 0.081612 -0.160000
v 0.340000 0.000949 -0.159051
v 0.340000 0.000000 0.156760
v 0.340000 0.000000 -0.156760
v 0.340000 0.003240 -0.160000
v 0.340000 0.003240 0.160000
v 0.340000 0.000000 0.153356
v 0.340000 0.000000 -0.153356
v 0.340000 0.000949 0.159051
v 0.154476 0.170000 0.170000
v 0.154476 0.150000 0.170000
v 0.340000 0.170000 0.170000
v 0.340000 0.150000 0.170000
v 0.340000 0.150000 0.160000
v 0.265525 0.170000 0.170000
v 0.265525 0.150000 0.170000
v 0.265525 0.150000 0.160000
v 0.154476 0.170000 -0.190000
v 0.154476 0.150000 -0.190000
v 0.154476 1.060000 -0.190000
v 0.150403 1.070000 -0.170000
v 0.150403 1.060000 -0.170000
v -0.150403 1.060000 -0.170000
v -0.150403 1.070000 -0.170000
v -0.154476 1.060000 -0.190000
v -0.154476 0.170000 -0.190000
v -0.154476 0.150000 -0.190000
v 0.005000 0.150000 0.170000
v 0.000000 0.155000 0.170000
v 0.001464 0.151464 0.170000
v 0.005000 1.060000 0.189333
v 0.000000 1.055000 0.189333
v 0.005000 1.055000 0.194333
v 0.001464 1.058536 0.189333
v 0.002113 1.057887 0.192220
v 0.001464 1.055000 0.192869
v 0.005000 1.058536 0.192869
v 0.005000 0.150000 0.189881
v 0.005000 0.155000 0.194333
v 0.000000 0.155000 0.189333
v 0.005000 0.151458 0.193020
v 0.002113 0.152113 0.192336
v 0.001464 0.155000 0.192869
v 0.001464 0.151464 0.189607
v -0.445000 0.155000 0.194333
v -0.450000 0.155000 0.189333
v -0.444538 0.150000 0.189903
v -0.448536 0.155000 0.192869
v -0.447787 0.152113 0.192338
v -0.448406 0.151472 0.189607
v -0.444757 0.151457 0.193026
v -0.444556 0.150000 0.170000
v -0.450000 0.155000 0.170000
v -0.448405 0.151464 0.170000
v -0.450000 1.055000 0.189333
v -0.445000 1.055000 0.194333
v -0.445000 1.060000 0.189333
v -0.448536 1.055000 0.192869
v -0.447887 1.057887 0.192220
v -0.445000 1.058536 0.192869
v -0.448536 1.058536 0.189333
v -0.450000 1.055000 0.170000
v -0.445000 1.060000 0.170000
v -0.448536 1.058536 0.170000
v 0.000000 1.055000 0.170000
v 0.005000 1.060000 0.170000
v 0.001464 1.058536 0.170000
v 0.444538 0.150000 0.189903
v 0.450000 0.155000 0.189333
v 0.445000 0.155000 0.194333
v 0.448406 0.151472 0.189607
v 0.447787 0.152113 0.192338
v 0.448536 0.155000 0.192869
v 0.444757 0.151457 0.193026
v 0.450000 0.155000 0.170000
v 0.444556 0.150000 0.170000
v 0.448405 0.151464 0.170000
v 0.450000 1.055000 0.189333
v 0.445000 1.060000 0.189333
v 0.445000 1.055000 0.194333
v 0.448536 1.058536 0.189333
v 0.447887 1.057887 0.192220
v 0.445000 1.058536 0.192869
v 0.448536 1.055000 0.192869
v 0.445000 1.060000 0.170000
v 0.450000 1.055000 0.170000
v 0.448536 1.058536 0.170000
v 0.000000 1.055000 0.189333
v -0.005000 1.060000 0.189333
v -0.005000 1.055000 0.194333
v -0.001464 1.058536 0.189333
v -0.002113 1.057887 0.192220
v -0.005000 1.058536 0.192869
v -0.001464 1.055000 0.192869
v -0.005000 0.150000 0.189881
v 0.000000 0.155000 0.189333
v -0.005000 0.155000 0.194333
v -0.001464 0.151464 0.189607
v -0.002113 0.152113 0.192336
v -0.001464 0.155000 0.192755
v -0.005000 0.151464 0.193143
v 0.000000 0.155000 0.170000
v -0.005000 0.150000 0.170000
v -0.001464 0.151464 0.170000
v -0.005000 1.060000 0.170000
v 0.000000 1.055000 0.170000
v -0.001464 1.058536 0.170000
v -0.442257 0.138027 0.173938
v -0.442257 0.141973 0.173938
v -0.435878 0.138027 0.175014
v -0.435878 0.141973 0.175014
v -0.433621 0.138027 0.181077
v -0.433621 0.141973 0.181077
v -0.437743 0.138027 0.186062
v -0.437743 0.141973 0.186062
v -0.444122 0.138027 0.184986
v -0.444122 0.141973 0.184986
v -0.446379 0.138027 0.178924
v -0.446379 0.141973 0.178924
v 0.444282 0.138027 0.175151
v 0.444282 0.141973 0.175151
v 0.437942 0.138027 0.173867
v 0.437942 0.141973 0.173867
v 0.433660 0.138027 0.178716
v 0.433660 0.141973 0.178716
v 0.435718 0.138027 0.184849
v 0.435718 0.141973 0.184849
v 0.442058 0.138027 0.186133
v 0.442058 0.141973 0.186133
v 0.446340 0.138027 0.181284
v 0.446340 0.141973 0.181284
v 0.453945 0.190000 0.138531
v 0.450000 0.190000 0.138531
v 0.453945 0.195602 0.141766
v 0.450000 0.195602 0.141766
v 0.453945 0.195602 0.148234
v 0.450000 0.195602 0.148234
v 0.453945 0.190000 0.151469
v 0.450000 0.190000 0.151469
v 0.453945 0.184398 0.148234
v 0.450000 0.184398 0.148234
v 0.453945 0.184398 0.141766
v 0.450000 0.184398 0.141766
v 0.453945 0.607814 0.138973
v 0.450000 0.607814 0.138973
v 0.453945 0.614208 0.139952
v 0.450000 0.614208 0.139952
v 0.453945 0.616557 0.145980
v 0.450000 0.616557 0.145980
v 0.453945 0.612511 0.151027
v 0.450000 0.612511 0.151027
v 0.453945 0.606117 0.150048
v 0.450000 0.606117 0.150048
v 0.453945 0.603768 0.144020
v 0.450000 0.603768 0.144020
v 0.453945 1.036785 0.145337
v 0.450000 1.036785 0.145337
v 0.453945 1.033263 0.150763
v 0.450000 1.033263 0.150763
v 0.453945 1.026803 0.150426
v 0.450000 1.026803 0.150426
v 0.453945 1.023865 0.144663
v 0.450000 1.023865 0.144663
v 0.453945 1.027387 0.139237
v 0.450000 1.027387 0.139237
v 0.453945 1.033847 0.139574
v 0.450000 1.033847 0.139574
v -0.453945 0.190000 0.138531
v -0.450000 0.190000 0.138531
v -0.453945 0.195602 0.141766
v -0.450000 0.195602 0.141766
v -0.453945 0.195602 0.148234
v -0.450000 0.195602 0.148234
v -0.453945 0.190000 0.151469
v -0.450000 0.190000 0.151469
v -0.453945 0.184398 0.148234
v -0.450000 0.184398 0.148234
v -0.453945 0.184398 0.141766
v -0.450000 0.184398 0.141766
v -0.453945 0.607814 0.138973
v -0.450000 0.607814 0.138973
v -0.453945 0.614208 0.139952
v -0.450000 0.614208 0.139952
v -0.453945 0.616557 0.145980
v -0.450000 0.616557 0.145980
v -0.453945 0.612511 0.151027
v -0.450000 0.612511 0.151027
v -0.453945 0.606117 0.150048
v -0.450000 0.606117 0.150048
v -0.453945 0.603768 0.144020
v -0.450000 0.603768 0.144020
v -0.453945 1.036785 0.145337
v -0.450000 1.036785 0.145337
v -0.453945 1.033263 0.150763
v -0.450000 1.033263 0.150763
v -0.453945 1.026803 0.150426
v -0.450000 1.026803 0.150426
v -0.453945 1.023865 0.144663
v -0.450000 1.023865 0.144663
v -0.453945 1.027387 0.139237
v -0.450000 1.027387 0.139237
v -0.453945 1.033847 0.139574
v -0.450000 1.033847 0.139574
v -0.427362 1.068000 0.155990
v 0.000000 1.120333 0.000000
v 0.000000 1.068000 0.155990
v -0.427362 1.068000 0.000000
v 0.427362 1.068000 0.155990
v 0.427362 1.068000 0.000000
v -0.427362 1.068000 -0.155990
v 0.000000 1.068000 -0.155990
v 0.427362 1.068000 -0.155990
v -0.460000 1.090330 0.204000
v -0.454000 1.089667 0.210000
v -0.454000 1.096367 0.204041
v -0.458243 1.089854 0.208234
v -0.457464 1.093419 0.207473
v -0.454000 1.094122 0.208263
v -0.458243 1.094591 0.204020
v 0.000000 1.089667 0.210000
v 0.000000 1.096367 0.204041
v 0.000000 1.094114 0.208255
v 0.000000 1.068000 0.202937
v 0.000000 1.074000 0.210000
v 0.000000 1.069757 0.207931
v -0.454000 1.120333 0.000000
v -0.460000 1.114292 0.000000
v -0.458243 1.118564 0.000000
v -0.460000 1.074000 0.000000
v -0.455857 1.068000 0.000000
v -0.458787 1.069757 0.000000
v -0.460000 1.074000 0.204000
v -0.455931 1.068000 0.202894
v -0.454000 1.074000 0.210000
v -0.458781 1.069731 0.203357
v -0.457858 1.070536 0.207213
v -0.454894 1.069775 0.207933
v -0.458243 1.074000 0.208243
v 0.460000 1.090330 0.204000
v 0.454000 1.096367 0.204041
v 0.454000 1.089667 0.210000
v 0.458243 1.094591 0.204020
v 0.457464 1.093419 0.207473
v 0.454000 1.094122 0.208263
v 0.458243 1.089854 0.208234
v 0.460000 1.114292 0.000000
v 0.454000 1.120333 0.000000
v 0.458243 1.118564 0.000000
v 0.455857 1.068000 0.000000
v 0.460000 1.074000 0.000000
v 0.458787 1.069757 0.000000
v 0.460000 1.074000 0.204000
v 0.454000 1.074000 0.210000
v 0.455932 1.068000 0.202894
v 0.458243 1.074000 0.208243
v 0.457859 1.070536 0.207213
v 0.454894 1.069775 0.207933
v 0.458781 1.069731 0.203357
v -0.460000 1.090330 -0.204000
v -0.454000 1.096367 -0.204041
v -0.454000 1.089667 -0.210000
v -0.458243 1.094591 -0.204020
v -0.457464 1.093419 -0.207473
v -0.454000 1.094122 -0.208263
v -0.458243 1.089854 -0.208234
v 0.000000 1.096367 -0.204041
v 0.000000 1.089667 -0.210000
v 0.000000 1.094114 -0.208255
v 0.000000 1.074000 -0.210000
v 0.000000 1.068000 -0.202937
v 0.000000 1.069757 -0.207931
v -0.460000 1.074000 -0.204000
v -0.454000 1.074000 -0.210000
v -0.455931 1.068000 -0.202894
v -0.458243 1.074000 -0.208243
v -0.457858 1.070536 -0.207213
v -0.454894 1.069775 -0.207933
v -0.458781 1.069731 -0.203357
v 0.460000 1.090330 -0.204000
v 0.454000 1.089667 -0.210000
v 0.454000 1.096367 -0.204041
v 0.458243 1.089854 -0.208234
v 0.457464 1.093419 -0.207473
v 0.454000 1.094122 -0.208263
v 0.458243 1.094591 -0.204020
v 0.460000 1.074000 -0.204000
v 0.455932 1.068000 -0.202894
v 0.454000 1.074000 -0.210000
v 0.458781 1.069731 -0.203357
v 0.457859 1.070536 -0.207213
v 0.454894 1.069775 -0.207933
v 0.458243 1.074000 -0.208243
v 0.430000 1.053411 0.163411
v 0.450000 1.060000 0.170000
v 0.430000 1.061411 0.153411
v 0.430000 1.061411 0.126589
v 0.450000 1.068000 0.170000
v 0.430000 1.068000 0.170000
v 0.430000 0.156589 0.126589
v 0.430000 0.156589 0.163411
v 0.450000 0.150000 0.170000
v 0.430000 0.142000 0.120000
v 0.450000 0.142000 0.170000
v 0.430000 0.142000 0.170000
v 0.430000 1.053411 0.153411
v 0.430000 1.068000 0.120000
v 0.430000 1.060000 0.170000
v 0.430000 0.150000 0.170000
v 0.440000 1.060000 0.183262
v 0.450000 1.068000 0.125000
v 0.445000 1.068000 0.120000
v 0.448536 1.068000 0.121464
v 0.450000 0.142000 0.125000
v 0.445000 0.142000 0.120000
v 0.448536 0.142000 0.121464
v 0.450000 1.060000 0.183262
v 0.443262 1.060000 0.190000
v 0.448027 1.060000 0.188027
v 0.443262 1.068000 0.190000
v 0.450000 1.068000 0.183262
v 0.448027 1.068000 0.188027
v 0.436738 1.060000 0.190000
v 0.430000 1.060000 0.183262
v 0.431973 1.060000 0.188027
v 0.430000 1.068000 0.183262
v 0.436738 1.068000 0.190000
v 0.431973 1.068000 0.188027
v 0.443262 0.150000 0.190000
v 0.450000 0.150000 0.183262
v 0.448027 0.150000 0.188027
v 0.450000 0.142000 0.183262
v 0.443262 0.142000 0.190000
v 0.448027 0.142000 0.188027
v 0.430000 0.150000 0.183262
v 0.436738 0.150000 0.190000
v 0.431973 0.150000 0.188027
v 0.436738 0.142000 0.190000
v 0.430000 0.142000 0.183262
v 0.431973 0.142000 0.188027
v 0.440000 1.068000 0.170000
v 0.440000 1.068000 0.183262
v 0.444496 1.068000 0.125036
v 0.430000 1.068000 0.125131
v 0.440000 0.142000 0.170000
v 0.440000 0.142000 0.183262
v 0.430000 0.142000 0.123763
v 0.444534 0.142000 0.124662
v 0.440000 0.150000 0.183262
v -0.430000 1.053411 0.163411
v -0.450000 1.060000 0.170000
v -0.430000 1.061411 0.153411
v -0.430000 1.061411 0.126589
v -0.450000 1.068000 0.170000
v -0.430000 1.068000 0.170000
v -0.430000 0.156589 0.126589
v -0.430000 0.156589 0.163411
v -0.450000 0.150000 0.170000
v -0.430000 0.142000 0.120000
v -0.450000 0.142000 0.170000
v -0.430000 0.142000 0.170000
v -0.430000 1.053411 0.153411
v -0.430000 1.068000 0.120000
v -0.430000 1.060000 0.170000
v -0.430000 0.150000 0.170000
v -0.440000 1.060000 0.183262
v -0.450000 1.068000 0.125000
v -0.445000 1.068000 0.120000
v -0.448536 1.068000 0.121464
v -0.450000 0.142000 0.125000
v -0.445000 0.142000 0.120000
v -0.448536 0.142000 0.121464
v -0.450000 1.060000 0.183262
v -0.443262 1.060000 0.190000
v -0.448027 1.060000 0.188027
v -0.443262 1.068000 0.190000
v -0.450000 1.068000 0.183262
v -0.448027 1.068000 0.188027
v -0.436738 1.060000 0.190000
v -0.430000 1.060000 0.183262
v -0.431973 1.060000 0.188027
v -0.430000 1.068000 0.183262
v -0.436738 1.068000 0.190000
v -0.431973 1.068000 0.188027
v -0.443262 0.150000 0.190000
v -0.450000 0.150000 0.183262
v -0.448027 0.150000 0.188027
v -0.450000 0.142000 0.183262
v -0.443262 0.142000 0.190000
v -0.448027 0.142000 0.188027
v -0.430000 0.150000 0.183262
v -0.436738 0.150000 0.190000
v -0.431973 0.150000 0.188027
v -0.436738 0.142000 0.190000
v -0.430000 0.142000 0.183262
v -0.431973 0.142000 0.188027
v -0.440000 1.068000 0.170000
v -0.440000 1.068000 0.183262
v -0.444496 1.068000 0.125036
v -0.430000 1.068000 0.125131
v -0.440000 0.142000 0.170000
v -0.440000 0.142000 0.183262
v -0.430000 0.142000 0.123763
v -0.444534 0.142000 0.124662
v -0.440000 0.150000 0.183262
v 0.046145 0.597000 0.203750
v 0.047331 0.601428 0.203750
v 0.048514 0.600745 0.206000
v 0.050572 0.604669 0.203750
v 0.051255 0.603486 0.206000
v 0.055000 0.604489 0.206000
v 0.059428 0.604669 0.203750
v 0.058745 0.603486 0.206000
v 0.062669 0.601428 0.203750
v 0.063855 0.597000 0.203750
v 0.055000 0.605882 0.203750
v 0.062669 0.592572 0.203750
v 0.059428 0.589331 0.203750
v 0.050572 0.589331 0.203750
v 0.047331 0.592572 0.203750
v 0.055000 0.588118 0.203750
v 0.047331 0.601428 0.206000
v 0.046145 0.597000 0.206000
v 0.050572 0.604669 0.206000
v 0.055000 0.605855 0.206000
v 0.059428 0.604669 0.206000
v 0.062669 0.601428 0.206000
v 0.063855 0.597000 0.206000
v 0.059428 0.589331 0.206000
v 0.062669 0.592572 0.206000
v 0.055000 0.588145 0.206000
v 0.050572 0.589331 0.206000
v 0.047331 0.592572 0.206000
v 0.061486 0.600745 0.206000
v 0.055000 0.600745 0.206000
v 0.046654 0.516171 0.193589
v 0.063346 0.516171 0.193589
v 0.046654 0.524012 0.193589
v 0.063346 0.524012 0.193589
v 0.048514 0.586623 0.222000
v 0.048514 0.591883 0.219196
v 0.048514 0.589562 0.221179
v 0.061486 0.591883 0.219196
v 0.061486 0.586623 0.222000
v 0.061486 0.589562 0.221179
v 0.048514 0.588328 0.215522
v 0.048514 0.585554 0.217000
v 0.048514 0.587104 0.216567
v 0.061486 0.585554 0.217000
v 0.061486 0.588328 0.215522
v 0.061486 0.587104 0.216567
v 0.048514 0.518386 0.196967
v 0.061486 0.518386 0.196967
v 0.048514 0.523305 0.196545
v 0.061486 0.523305 0.196545
v 0.048514 0.521936 0.216228
v 0.048514 0.528870 0.222000
v 0.048514 0.524408 0.220309
v 0.061486 0.528870 0.222000
v 0.061486 0.521936 0.216228
v 0.061486 0.524408 0.220309
v 0.048514 0.531256 0.217000
v 0.048514 0.526391 0.212964
v 0.048514 0.528130 0.215818
v 0.061486 0.526391 0.212964
v 0.061486 0.531256 0.217000
v 0.061486 0.528130 0.215818
v 0.051757 0.600745 0.206000
v 0.051757 0.588328 0.215522
v 0.058243 0.600745 0.206000
v 0.058243 0.588328 0.215522
v 0.046799 0.597000 0.206000
v 0.047607 0.596335 0.207096
v 0.062392 0.596335 0.207096
v 0.063201 0.597000 0.206000
v 0.062103 0.592899 0.206000
v 0.061486 0.592730 0.207016
v 0.058689 0.590273 0.207050
v 0.059101 0.589897 0.206000
v 0.055000 0.589379 0.207059
v 0.055000 0.588799 0.206000
v 0.051311 0.590273 0.207050
v 0.050899 0.589897 0.206000
v 0.048514 0.592730 0.207016
v 0.047897 0.592899 0.206000
v 0.042000 0.630000 0.194000
v 0.068000 0.630000 0.194000
v 0.068000 0.630000 0.199500
v 0.042000 0.630000 0.199500
v 0.055000 0.570000 0.199500
v 0.055000 0.570000 0.194500
v 0.067961 0.597000 0.199500
v 0.066225 0.590519 0.199500
v 0.061481 0.585775 0.199500
v 0.048519 0.585775 0.199500
v 0.043775 0.590519 0.199500
v 0.042039 0.597000 0.199500
v 0.030000 0.597000 0.199500
v 0.030000 0.597000 0.194300
v 0.080000 0.597000 0.194300
v 0.080000 0.597000 0.199500
v 0.055000 0.584000 0.199500
v 0.055000 0.630000 0.194000
v 0.055000 0.630000 0.199500
v 0.080000 0.590500 0.194350
v 0.080000 0.590500 0.199500
v 0.030000 0.590500 0.194350
v 0.030000 0.590500 0.199500
v 0.063826 0.591904 0.204000
v 0.060094 0.588176 0.204000
v 0.055000 0.586812 0.204000
v 0.049906 0.588176 0.204000
v 0.046174 0.591904 0.204000
v 0.030000 0.617000 0.199500
v 0.042019 0.617000 0.199500
v 0.067981 0.617000 0.199500
v 0.030000 0.617000 0.194150
v 0.080000 0.617000 0.194150
v 0.080000 0.617000 0.199500
v 0.057801 0.612164 0.200000
v 0.055000 0.611381 0.200000
v 0.049381 0.617000 0.200000
v 0.050164 0.619801 0.200000
v 0.052199 0.621836 0.200000
v 0.059836 0.614199 0.200000
v 0.060619 0.617000 0.200000
v 0.057801 0.621836 0.200000
v 0.055000 0.622619 0.200000
v 0.050164 0.614199 0.200000
v 0.059836 0.619801 0.200000
v 0.052199 0.612164 0.200000
v 0.055000 0.617000 0.197000
v 0.044784 0.617000 0.204000
v 0.044763 0.630000 0.204000
v 0.065217 0.617000 0.204000
v 0.065196 0.597000 0.204000
v 0.055000 0.597000 0.204000
v 0.065237 0.630000 0.204000
v 0.055000 0.630000 0.204000
v 0.044804 0.597000 0.204000
v 0.059836 0.614199 0.204000
v 0.060619 0.617000 0.204000
v 0.059836 0.619801 0.204000
v 0.057801 0.621836 0.204000
v 0.055000 0.622619 0.204000
v 0.052199 0.621836 0.204000
v 0.050164 0.619801 0.204000
v 0.049381 0.617000 0.204000
v 0.050164 0.614199 0.204000
v 0.052199 0.612164 0.204000
v 0.055000 0.611381 0.204000
v 0.057801 0.612164 0.204000
v 0.063076 0.597000 0.204000
v 0.059395 0.597000 0.204000
v 0.050605 0.597000 0.204000
v 0.046924 0.597000 0.204000
v 0.030000 0.576110 0.199500
v 0.036110 0.570000 0.199500
v 0.031789 0.571789 0.199500
v 0.036110 0.630000 0.199500
v 0.030000 0.623890 0.199500
v 0.031789 0.628211 0.199500
v 0.036110 0.570000 0.194500
v 0.030000 0.576110 0.194456
v 0.031789 0.571789 0.194487
v 0.030000 0.623890 0.194070
v 0.036110 0.630000 0.194000
v 0.031789 0.628211 0.194021
v 0.073890 0.570000 0.199500
v 0.080000 0.576110 0.199500
v 0.078211 0.571789 0.199500
v 0.080000 0.623890 0.199500
v 0.073890 0.630000 0.199500
v 0.078211 0.628211 0.199500
v 0.080000 0.576110 0.194456
v 0.073890 0.570000 0.194500
v 0.078211 0.571789 0.194487
v 0.073890 0.630000 0.194000
v 0.080000 0.623890 0.194070
v 0.078211 0.628211 0.194021
v 0.036000 0.627845 0.199000
v 0.036000 0.627767 0.201219
v 0.038719 0.626719 0.199000
v 0.038664 0.626664 0.201219
v 0.039845 0.624000 0.199000
v 0.039767 0.624000 0.201219
v 0.038719 0.621281 0.199000
v 0.038664 0.621336 0.201219
v 0.036000 0.620155 0.199000
v 0.036000 0.620233 0.201219
v 0.033281 0.621281 0.199000
v 0.033336 0.621336 0.201219
v 0.032155 0.624000 0.199000
v 0.032233 0.624000 0.201219
v 0.033281 0.626719 0.199000
v 0.033336 0.626664 0.201219
v 0.036000 0.624000 0.201348
v 0.074000 0.627845 0.199000
v 0.074000 0.627767 0.201219
v 0.071281 0.626719 0.199000
v 0.071336 0.626664 0.201219
v 0.070155 0.624000 0.199000
v 0.070233 0.624000 0.201219
v 0.071281 0.621281 0.199000
v 0.071336 0.621336 0.201219
v 0.074000 0.620155 0.199000
v 0.074000 0.620233 0.201219
v 0.076719 0.621281 0.199000
v 0.076664 0.621336 0.201219
v 0.077845 0.624000 0.199000
v 0.077767 0.624000 0.201219
v 0.076719 0.626719 0.199000
v 0.076664 0.626664 0.201219
v 0.074000 0.624000 0.201348
v 0.036000 0.572155 0.199000
v 0.036000 0.572233 0.201219
v 0.038719 0.573281 0.199000
v 0.038664 0.573336 0.201219
v 0.039845 0.576000 0.199000
v 0.039767 0.576000 0.201219
v 0.038719 0.578719 0.199000
v 0.038664 0.578664 0.201219
v 0.036000 0.579845 0.199000
v 0.036000 0.579767 0.201219
v 0.033281 0.578719 0.199000
v 0.033336 0.578664 0.201219
v 0.032155 0.576000 0.199000
v 0.032233 0.576000 0.201219
v 0.033281 0.573281 0.199000
v 0.033336 0.573336 0.201219
v 0.036000 0.576000 0.201348
v 0.074000 0.572155 0.199000
v 0.074000 0.572233 0.201219
v 0.071281 0.573281 0.199000
v 0.071336 0.573336 0.201219
v 0.070155 0.576000 0.199000
v 0.070233 0.576000 0.201219
v 0.071281 0.578719 0.199000
v 0.071336 0.578664 0.201219
v 0.074000 0.579845 0.199000
v 0.074000 0.579767 0.201219
v 0.076719 0.578719 0.199000
v 0.076664 0.578664 0.201219
v 0.077845 0.576000 0.199000
v 0.077767 0.576000 0.201219
v 0.076719 0.573281 0.199000
v 0.076664 0.573336 0.201219
v 0.074000 0.576000 0.201348
v 0.036000 0.193845 0.194033
v 0.036000 0.193767 0.196253
v 0.038719 0.192719 0.194033
v 0.038664 0.192664 0.196253
v 0.039845 0.190000 0.194033
v 0.039767 0.190000 0.196253
v 0.038719 0.187281 0.194033
v 0.038664 0.187336 0.196253
v 0.036000 0.186155 0.194033
v 0.036000 0.186233 0.196253
v 0.033281 0.187281 0.194033
v 0.033336 0.187336 0.196253
v 0.032155 0.190000 0.194033
v 0.032233 0.190000 0.196253
v 0.033281 0.192719 0.194033
v 0.033336 0.192664 0.196253
v 0.036000 0.190000 0.196382
v 0.036000 0.332262 0.194033
v 0.036000 0.332184 0.196253
v 0.038719 0.331136 0.194033
v 0.038664 0.331081 0.196253
v 0.039845 0.328417 0.194033
v 0.039767 0.328417 0.196253
v 0.038719 0.325698 0.194033
v 0.038664 0.325753 0.196253
v 0.036000 0.324572 0.194033
v 0.036000 0.324650 0.196253
v 0.033281 0.325698 0.194033
v 0.033336 0.325753 0.196253
v 0.032155 0.328417 0.194033
v 0.032233 0.328417 0.196253
v 0.033281 0.331136 0.194033
v 0.033336 0.331081 0.196253
v 0.036000 0.328417 0.196382
v 0.036000 0.470679 0.194033
v 0.036000 0.470601 0.196253
v 0.038719 0.469552 0.194033
v 0.038664 0.469497 0.196253
v 0.039845 0.466834 0.194033
v 0.039767 0.466834 0.196253
v 0.038719 0.464115 0.194033
v 0.038664 0.464170 0.196253
v 0.036000 0.462989 0.194033
v 0.036000 0.463067 0.196253
v 0.033281 0.464115 0.194033
v 0.033336 0.464170 0.196253
v 0.032155 0.466834 0.194033
v 0.032233 0.466834 0.196253
v 0.033281 0.469552 0.194033
v 0.033336 0.469497 0.196253
v 0.036000 0.466834 0.196382
v 0.074065 0.193845 0.194033
v 0.074065 0.193767 0.196253
v 0.076783 0.192719 0.194033
v 0.076728 0.192664 0.196253
v 0.077910 0.190000 0.194033
v 0.077832 0.190000 0.196253
v 0.076783 0.187281 0.194033
v 0.076728 0.187336 0.196253
v 0.074065 0.186155 0.194033
v 0.074065 0.186233 0.196253
v 0.071346 0.187281 0.194033
v 0.071401 0.187336 0.196253
v 0.070220 0.190000 0.194033
v 0.070298 0.190000 0.196253
v 0.071346 0.192719 0.194033
v 0.071401 0.192664 0.196253
v 0.074065 0.190000 0.196382
v 0.074065 0.332262 0.194033
v 0.074065 0.332184 0.196253
v 0.076783 0.331136 0.194033
v 0.076728 0.331081 0.196253
v 0.077910 0.328417 0.194033
v 0.077832 0.328417 0.196253
v 0.076783 0.325698 0.194033
v 0.076728 0.325753 0.196253
v 0.074065 0.324572 0.194033
v 0.074065 0.324650 0.196253
v 0.071346 0.325698 0.194033
v 0.071401 0.325753 0.196253
v 0.070220 0.328417 0.194033
v 0.070298 0.328417 0.196253
v 0.071346 0.331136 0.194033
v 0.071401 0.331081 0.196253
v 0.074065 0.328417 0.196382
v 0.074065 0.470679 0.194033
v 0.074065 0.470601 0.196253
v 0.076783 0.469552 0.194033
v 0.076728 0.469497 0.196253
v 0.077910 0.466834 0.194033
v 0.077832 0.466834 0.196253
v 0.076783 0.464115 0.194033
v 0.076728 0.464170 0.196253
v 0.074065 0.462989 0.194033
v 0.074065 0.463067 0.196253
v 0.071346 0.464115 0.194033
v 0.071401 0.464170 0.196253
v 0.070220 0.466834 0.194033
v 0.070298 0.466834 0.196253
v 0.071346 0.469552 0.194033
v 0.071401 0.469497 0.196253
v 0.074065 0.466834 0.196382
v 0.036000 0.663845 0.194033
v 0.036000 0.663767 0.196253
v 0.038719 0.662719 0.194033
v 0.038664 0.662664 0.196253
v 0.039845 0.660000 0.194033
v 0.039767 0.660000 0.196253
v 0.038719 0.657281 0.194033
v 0.038664 0.657336 0.196253
v 0.036000 0.656155 0.194033
v 0.036000 0.656233 0.196253
v 0.033281 0.657281 0.194033
v 0.033336 0.657336 0.196253
v 0.032155 0.660000 0.194033
v 0.032233 0.660000 0.196253
v 0.033281 0.662719 0.194033
v 0.033336 0.662664 0.196253
v 0.036000 0.660000 0.196382
v 0.036000 0.740743 0.194033
v 0.036000 0.740665 0.196253
v 0.038719 0.739617 0.194033
v 0.038664 0.739562 0.196253
v 0.039845 0.736898 0.194033
v 0.039767 0.736898 0.196253
v 0.038719 0.734179 0.194033
v 0.038664 0.734235 0.196253
v 0.036000 0.733053 0.194033
v 0.036000 0.733131 0.196253
v 0.033281 0.734179 0.194033
v 0.033336 0.734235 0.196253
v 0.032155 0.736898 0.194033
v 0.032233 0.736898 0.196253
v 0.033281 0.739617 0.194033
v 0.033336 0.739562 0.196253
v 0.036000 0.736898 0.196382
v 0.036000 0.817641 0.194033
v 0.036000 0.817564 0.196253
v 0.038719 0.816515 0.194033
v 0.038664 0.816460 0.196253
v 0.039845 0.813796 0.194033
v 0.039767 0.813796 0.196253
v 0.038719 0.811078 0.194033
v 0.038664 0.811133 0.196253
v 0.036000 0.809952 0.194033
v 0.036000 0.810029 0.196253
v 0.033281 0.811078 0.194033
v 0.033336 0.811133 0.196253
v 0.032155 0.813796 0.194033
v 0.032233 0.813796 0.196253
v 0.033281 0.816515 0.194033
v 0.033336 0.816460 0.196253
v 0.036000 0.813796 0.196382
v 0.074065 0.663845 0.194033
v 0.074065 0.663767 0.196253
v 0.076783 0.662719 0.194033
v 0.076728 0.662664 0.196253
v 0.077910 0.660000 0.194033
v 0.077832 0.660000 0.196253
v 0.076783 0.657281 0.194033
v 0.076728 0.657336 0.196253
v 0.074065 0.656155 0.194033
v 0.074065 0.656233 0.196253
v 0.071346 0.657281 0.194033
v 0.071401 0.657336 0.196253
v 0.070220 0.660000 0.194033
v 0.070298 0.660000 0.196253
v 0.071346 0.662719 0.194033
v 0.071401 0.662664 0.196253
v 0.074065 0.660000 0.196382
v 0.074065 0.740743 0.194033
v 0.074065 0.740665 0.196253
v 0.076783 0.739617 0.194033
v 0.076728 0.739562 0.196253
v 0.077910 0.736898 0.194033
v 0.077832 0.736898 0.196253
v 0.076783 0.734179 0.194033
v 0.076728 0.734235 0.196253
v 0.074065 0.733053 0.194033
v 0.074065 0.733131 0.196253
v 0.071346 0.734179 0.194033
v 0.071401 0.734235 0.196253
v 0.070220 0.736898 0.194033
v 0.070298 0.736898 0.196253
v 0.071346 0.739617 0.194033
v 0.071401 0.739562 0.196253
v 0.074065 0.736898 0.196382
v 0.074065 0.817641 0.194033
v 0.074065 0.817564 0.196253
v 0.076783 0.816515 0.194033
v 0.076728 0.816460 0.196253
v 0.077910 0.813796 0.194033
v 0.077832 0.813796 0.196253
v 0.076783 0.811078 0.194033
v 0.076728 0.811133 0.196253
v 0.074065 0.809952 0.194033
v 0.074065 0.810029 0.196253
v 0.071346 0.811078 0.194033
v 0.071401 0.811133 0.196253
v 0.070220 0.813796 0.194033
v 0.070298 0.813796 0.196253
v 0.071346 0.816515 0.194033
v 0.071401 0.816460 0.196253
v 0.074065 0.813796 0.196382
v 0.036000 1.003845 0.194033
v 0.036000 1.003767 0.196253
v 0.038719 1.002719 0.194033
v 0.038664 1.002664 0.196253
v 0.039845 1.000000 0.194033
v 0.039767 1.000000 0.196253
v 0.038719 0.997281 0.194033
v 0.038664 0.997336 0.196253
v 0.036000 0.996155 0.194033
v 0.036000 0.996233 0.196253
v 0.033281 0.997281 0.194033
v 0.033336 0.997336 0.196253
v 0.032155 1.000000 0.194033
v 0.032233 1.000000 0.196253
v 0.033281 1.002719 0.194033
v 0.033336 1.002664 0.196253
v 0.036000 1.000000 0.196382
v 0.078294 1.003845 0.194033
v 0.078294 1.003767 0.196253
v 0.081013 1.002719 0.194033
v 0.080958 1.002664 0.196253
v 0.082139 1.000000 0.194033
v 0.082061 1.000000 0.196253
v 0.081013 0.997281 0.194033
v 0.080958 0.997336 0.196253
v 0.078294 0.996155 0.194033
v 0.078294 0.996233 0.196253
v 0.075575 0.997281 0.194033
v 0.075630 0.997336 0.196253
v 0.074449 1.000000 0.194033
v 0.074527 1.000000 0.196253
v 0.075575 1.002719 0.194033
v 0.075630 1.002664 0.196253
v 0.078294 1.000000 0.196382
v 0.220000 0.723845 0.194033
v 0.220000 0.723767 0.196253
v 0.222719 0.722719 0.194033
v 0.222664 0.722664 0.196253
v 0.223845 0.720000 0.194033
v 0.223767 0.720000 0.196253
v 0.222719 0.717281 0.194033
v 0.222664 0.717336 0.196253
v 0.220000 0.716155 0.194033
v 0.220000 0.716233 0.196253
v 0.217281 0.717281 0.194033
v 0.217336 0.717336 0.196253
v 0.216155 0.720000 0.194033
v 0.216233 0.720000 0.196253
v 0.217281 0.722719 0.194033
v 0.217336 0.722664 0.196253
v 0.220000 0.720000 0.196382
v 0.220000 0.769984 0.194033
v 0.220000 0.769906 0.196253
v 0.222719 0.768858 0.194033
v 0.222664 0.768803 0.196253
v 0.223845 0.766139 0.194033
v 0.223767 0.766139 0.196253
v 0.222719 0.763420 0.194033
v 0.222664 0.763475 0.196253
v 0.220000 0.762294 0.194033
v 0.220000 0.762372 0.196253
v 0.217281 0.763420 0.194033
v 0.217336 0.763475 0.196253
v 0.216155 0.766139 0.194033
v 0.216233 0.766139 0.196253
v 0.217281 0.768858 0.194033
v 0.217336 0.768803 0.196253
v 0.220000 0.766139 0.196382
v 0.400000 0.346845 0.194033
v 0.400000 0.346767 0.196253
v 0.402719 0.345719 0.194033
v 0.402664 0.345664 0.196253
v 0.403845 0.343000 0.194033
v 0.403767 0.343000 0.196253
v 0.402719 0.340281 0.194033
v 0.402664 0.340336 0.196253
v 0.400000 0.339155 0.194033
v 0.400000 0.339233 0.196253
v 0.397281 0.340281 0.194033
v 0.397336 0.340336 0.196253
v 0.396155 0.343000 0.194033
v 0.396233 0.343000 0.196253
v 0.397281 0.345719 0.194033
v 0.397336 0.345664 0.196253
v 0.400000 0.343000 0.196382
v 0.400000 0.485262 0.194033
v 0.400000 0.485184 0.196253
v 0.402719 0.484136 0.194033
v 0.402664 0.484081 0.196253
v 0.403845 0.481417 0.194033
v 0.403767 0.481417 0.196253
v 0.402719 0.478698 0.194033
v 0.402664 0.478753 0.196253
v 0.400000 0.477572 0.194033
v 0.400000 0.477650 0.196253
v 0.397281 0.478698 0.194033
v 0.397336 0.478753 0.196253
v 0.396155 0.481417 0.194033
v 0.396233 0.481417 0.196253
v 0.397281 0.484136 0.194033
v 0.397336 0.484081 0.196253
v 0.400000 0.481417 0.196382
v 0.400000 0.623679 0.194033
v 0.400000 0.623601 0.196253
v 0.402719 0.622552 0.194033
v 0.402664 0.622497 0.196253
v 0.403845 0.619834 0.194033
v 0.403767 0.619834 0.196253
v 0.402719 0.617115 0.194033
v 0.402664 0.617170 0.196253
v 0.400000 0.615989 0.194033
v 0.400000 0.616067 0.196253
v 0.397281 0.617115 0.194033
v 0.397336 0.617170 0.196253
v 0.396155 0.619834 0.194033
v 0.396233 0.619834 0.196253
v 0.397281 0.622552 0.194033
v 0.397336 0.622497 0.196253
v 0.400000 0.619834 0.196382
v 0.400000 0.762095 0.194033
v 0.400000 0.762018 0.196253
v 0.402719 0.760969 0.194033
v 0.402664 0.760914 0.196253
v 0.403845 0.758251 0.194033
v 0.403767 0.758251 0.196253
v 0.402719 0.755532 0.194033
v 0.402664 0.755587 0.196253
v 0.400000 0.754406 0.194033
v 0.400000 0.754483 0.196253
v 0.397281 0.755532 0.194033
v 0.397336 0.755587 0.196253
v 0.396155 0.758251 0.194033
v 0.396233 0.758251 0.196253
v 0.397281 0.760969 0.194033
v 0.397336 0.760914 0.196253
v 0.400000 0.758251 0.196382
v 0.400000 0.900512 0.194033
v 0.400000 0.900434 0.196253
v 0.402719 0.899386 0.194033
v 0.402664 0.899331 0.196253
v 0.403845 0.896667 0.194033
v 0.403767 0.896667 0.196253
v 0.402719 0.893949 0.194033
v 0.402664 0.894004 0.196253
v 0.400000 0.892822 0.194033
v 0.400000 0.892900 0.196253
v 0.397281 0.893949 0.194033
v 0.397336 0.894004 0.196253
v 0.396155 0.896667 0.194033
v 0.396233 0.896667 0.196253
v 0.397281 0.899386 0.194033
v 0.397336 0.899331 0.196253
v 0.400000 0.896667 0.196382
v -0.220000 0.723845 0.194033
v -0.220000 0.723767 0.196253
v -0.222719 0.722719 0.194033
v -0.222664 0.722664 0.196253
v -0.223845 0.720000 0.194033
v -0.223767 0.720000 0.196253
v -0.222719 0.717281 0.194033
v -0.222664 0.717336 0.196253
v -0.220000 0.716155 0.194033
v -0.220000 0.716233 0.196253
v -0.217281 0.717281 0.194033
v -0.217336 0.717336 0.196253
v -0.216155 0.720000 0.194033
v -0.216233 0.720000 0.196253
v -0.217281 0.722719 0.194033
v -0.217336 0.722664 0.196253
v -0.220000 0.720000 0.196382
v -0.220000 0.769984 0.194033
v -0.220000 0.769906 0.196253
v -0.222719 0.768858 0.194033
v -0.222664 0.768803 0.196253
v -0.223845 0.766139 0.194033
v -0.223767 0.766139 0.196253
v -0.222719 0.763420 0.194033
v -0.222664 0.763475 0.196253
v -0.220000 0.762294 0.194033
v -0.220000 0.762372 0.196253
v -0.217281 0.763420 0.194033
v -0.217336 0.763475 0.196253
v -0.216155 0.766139 0.194033
v -0.216233 0.766139 0.196253
v -0.217281 0.768858 0.194033
v -0.217336 0.768803 0.196253
v -0.220000 0.766139 0.196382
v -0.400000 0.346845 0.194033
v -0.400000 0.346767 0.196253
v -0.402719 0.345719 0.194033
v -0.402664 0.345664 0.196253
v -0.403845 0.343000 0.194033
v -0.403767 0.343000 0.196253
v -0.402719 0.340281 0.194033
v -0.402664 0.340336 0.196253
v -0.400000 0.339155 0.194033
v -0.400000 0.339233 0.196253
v -0.397281 0.340281 0.194033
v -0.397336 0.340336 0.196253
v -0.396155 0.343000 0.194033
v -0.396233 0.343000 0.196253
v -0.397281 0.345719 0.194033
v -0.397336 0.345664 0.196253
v -0.400000 0.343000 0.196382
v -0.400000 0.485262 0.194033
v -0.400000 0.485184 0.196253
v -0.402719 0.484136 0.194033
v -0.402664 0.484081 0.196253
v -0.403845 0.481417 0.194033
v -0.403767 0.481417 0.196253
v -0.402719 0.478698 0.194033
v -0.402664 0.478753 0.196253
v -0.400000 0.477572 0.194033
v -0.400000 0.477650 0.196253
v -0.397281 0.478698 0.194033
v -0.397336 0.478753 0.196253
v -0.396155 0.481417 0.194033
v -0.396233 0.481417 0.196253
v -0.397281 0.484136 0.194033
v -0.397336 0.484081 0.196253
v -0.400000 0.481417 0.196382
v -0.400000 0.623679 0.194033
v -0.400000 0.623601 0.196253
v -0.402719 0.622552 0.194033
v -0.402664 0.622497 0.196253
v -0.403845 0.619834 0.194033
v -0.403767 0.619834 0.196253
v -0.402719 0.617115 0.194033
v -0.402664 0.617170 0.196253
v -0.400000 0.615989 0.194033
v -0.400000 0.616067 0.196253
v -0.397281 0.617115 0.194033
v -0.397336 0.617170 0.196253
v -0.396155 0.619834 0.194033
v -0.396233 0.619834 0.196253
v -0.397281 0.622552 0.194033
v -0.397336 0.622497 0.196253
v -0.400000 0.619834 0.196382
v -0.400000 0.762095 0.194033
v -0.400000 0.762018 0.196253
v -0.402719 0.760969 0.194033
v -0.402664 0.760914 0.196253
v -0.403845 0.758251 0.194033
v -0.403767 0.758251 0.196253
v -0.402719 0.755532 0.194033
v -0.402664 0.755587 0.196253
v -0.400000 0.754406 0.194033
v -0.400000 0.754483 0.196253
v -0.397281 0.755532 0.194033
v -0.397336 0.755587 0.196253
v -0.396155 0.758251 0.194033
v -0.396233 0.758251 0.196253
v -0.397281 0.760969 0.194033
v -0.397336 0.760914 0.196253
v -0.400000 0.758251 0.196382
v -0.400000 0.900512 0.194033
v -0.400000 0.900434 0.196253
v -0.402719 0.899386 0.194033
v -0.402664 0.899331 0.196253
v -0.403845 0.896667 0.194033
v -0.403767 0.896667 0.196253
v -0.402719 0.893949 0.194033
v -0.402664 0.894004 0.196253
v -0.400000 0.892822 0.194033
v -0.400000 0.892900 0.196253
v -0.397281 0.893949 0.194033
v -0.397336 0.894004 0.196253
v -0.396155 0.896667 0.194033
v -0.396233 0.896667 0.196253
v -0.397281 0.899386 0.194033
v -0.397336 0.899331 0.196253
v -0.400000 0.896667 0.196382
v -0.030000 0.193845 0.194033
v -0.030000 0.193767 0.196253
v -0.027281 0.192719 0.194033
v -0.027336 0.192664 0.196253
v -0.026155 0.190000 0.194033
v -0.026233 0.190000 0.196253
v -0.027281 0.187281 0.194033
v -0.027336 0.187336 0.196253
v -0.030000 0.186155 0.194033
v -0.030000 0.186233 0.196253
v -0.032719 0.187281 0.194033
v -0.032664 0.187336 0.196253
v -0.033845 0.190000 0.194033
v -0.033767 0.190000 0.196253
v -0.032719 0.192719 0.194033
v -0.032664 0.192664 0.196253
v -0.030000 0.190000 0.196382
v -0.030000 0.332262 0.194033
v -0.030000 0.332184 0.196253
v -0.027281 0.331136 0.194033
v -0.027336 0.331081 0.196253
v -0.026155 0.328417 0.194033
v -0.026233 0.328417 0.196253
v -0.027281 0.325698 0.194033
v -0.027336 0.325753 0.196253
v -0.030000 0.324572 0.194033
v -0.030000 0.324650 0.196253
v -0.032719 0.325698 0.194033
v -0.032664 0.325753 0.196253
v -0.033845 0.328417 0.194033
v -0.033767 0.328417 0.196253
v -0.032719 0.331136 0.194033
v -0.032664 0.331081 0.196253
v -0.030000 0.328417 0.196382
v -0.030000 0.470679 0.194033
v -0.030000 0.470601 0.196253
v -0.027281 0.469552 0.194033
v -0.027336 0.469497 0.196253
v -0.026155 0.466834 0.194033
v -0.026233 0.466834 0.196253
v -0.027281 0.464115 0.194033
v -0.027336 0.464170 0.196253
v -0.030000 0.462989 0.194033
v -0.030000 0.463067 0.196253
v -0.032719 0.464115 0.194033
v -0.032664 0.464170 0.196253
v -0.033845 0.466834 0.194033
v -0.033767 0.466834 0.196253
v -0.032719 0.469552 0.194033
v -0.032664 0.469497 0.196253
v -0.030000 0.466834 0.196382
v -0.030000 0.663845 0.194033
v -0.030000 0.663767 0.196253
v -0.027281 0.662719 0.194033
v -0.027336 0.662664 0.196253
v -0.026155 0.660000 0.194033
v -0.026233 0.660000 0.196253
v -0.027281 0.657281 0.194033
v -0.027336 0.657336 0.196253
v -0.030000 0.656155 0.194033
v -0.030000 0.656233 0.196253
v -0.032719 0.657281 0.194033
v -0.032664 0.657336 0.196253
v -0.033845 0.660000 0.194033
v -0.033767 0.660000 0.196253
v -0.032719 0.662719 0.194033
v -0.032664 0.662664 0.196253
v -0.030000 0.660000 0.196382
v -0.030000 0.740743 0.194033
v -0.030000 0.740665 0.196253
v -0.027281 0.739617 0.194033
v -0.027336 0.739562 0.196253
v -0.026155 0.736898 0.194033
v -0.026233 0.736898 0.196253
v -0.027281 0.734179 0.194033
v -0.027336 0.734235 0.196253
v -0.030000 0.733053 0.194033
v -0.030000 0.733131 0.196253
v -0.032719 0.734179 0.194033
v -0.032664 0.734235 0.196253
v -0.033845 0.736898 0.194033
v -0.033767 0.736898 0.196253
v -0.032719 0.739617 0.194033
v -0.032664 0.739562 0.196253
v -0.030000 0.736898 0.196382
v -0.030000 0.817641 0.194033
v -0.030000 0.817564 0.196253
v -0.027281 0.816515 0.194033
v -0.027336 0.816460 0.196253
v -0.026155 0.813796 0.194033
v -0.026233 0.813796 0.196253
v -0.027281 0.811078 0.194033
v -0.027336 0.811133 0.196253
v -0.030000 0.809952 0.194033
v -0.030000 0.810029 0.196253
v -0.032719 0.811078 0.194033
v -0.032664 0.811133 0.196253
v -0.033845 0.813796 0.194033
v -0.033767 0.813796 0.196253
v -0.032719 0.816515 0.194033
v -0.032664 0.816460 0.196253
v -0.030000 0.813796 0.196382
v -0.030000 1.003845 0.194033
v -0.030000 1.003767 0.196253
v -0.027281 1.002719 0.194033
v -0.027336 1.002664 0.196253
v -0.026155 1.000000 0.194033
v -0.026233 1.000000 0.196253
v -0.027281 0.997281 0.194033
v -0.027336 0.997336 0.196253
v -0.030000 0.996155 0.194033
v -0.030000 0.996233 0.196253
v -0.032719 0.997281 0.194033
v -0.032664 0.997336 0.196253
v -0.033845 1.000000 0.194033
v -0.033767 1.000000 0.196253
v -0.032719 1.002719 0.194033
v -0.032664 1.002664 0.196253
v -0.030000 1.000000 0.196382
v 0.449852 0.187011 0.100000
v 0.452071 0.186933 0.100000
v 0.449852 0.185885 0.097281
v 0.452071 0.185830 0.097336
v 0.449852 0.183166 0.096155
v 0.452071 0.183166 0.096233
v 0.449852 0.180448 0.097281
v 0.452071 0.180503 0.097336
v 0.449852 0.179321 0.100000
v 0.452071 0.179399 0.100000
v 0.449852 0.180448 0.102719
v 0.452071 0.180503 0.102664
v 0.449852 0.183166 0.103845
v 0.452071 0.183166 0.103767
v 0.449852 0.185885 0.102719
v 0.452071 0.185830 0.102664
v 0.452200 0.183166 0.100000
v 0.449852 0.471011 0.100000
v 0.452071 0.470933 0.100000
v 0.449852 0.469885 0.097281
v 0.452071 0.469830 0.097336
v 0.449852 0.467166 0.096155
v 0.452071 0.467166 0.096233
v 0.449852 0.464448 0.097281
v 0.452071 0.464503 0.097336
v 0.449852 0.463321 0.100000
v 0.452071 0.463399 0.100000
v 0.449852 0.464448 0.102719
v 0.452071 0.464503 0.102664
v 0.449852 0.467166 0.103845
v 0.452071 0.467166 0.103767
v 0.449852 0.469885 0.102719
v 0.452071 0.469830 0.102664
v 0.452200 0.467166 0.100000
v 0.449852 0.755011 0.100000
v 0.452071 0.754933 0.100000
v 0.449852 0.753885 0.097281
v 0.452071 0.753830 0.097336
v 0.449852 0.751166 0.096155
v 0.452071 0.751166 0.096233
v 0.449852 0.748448 0.097281
v 0.452071 0.748503 0.097336
v 0.449852 0.747321 0.100000
v 0.452071 0.747399 0.100000
v 0.449852 0.748448 0.102719
v 0.452071 0.748503 0.102664
v 0.449852 0.751166 0.103845
v 0.452071 0.751166 0.103767
v 0.449852 0.753885 0.102719
v 0.452071 0.753830 0.102664
v 0.452200 0.751166 0.100000
v 0.449852 1.039011 0.100000
v 0.452071 1.038933 0.100000
v 0.449852 1.037885 0.097281
v 0.452071 1.037830 0.097336
v 0.449852 1.035166 0.096155
v 0.452071 1.035166 0.096233
v 0.449852 1.032448 0.097281
v 0.452071 1.032503 0.097336
v 0.449852 1.031321 0.100000
v 0.452071 1.031399 0.100000
v 0.449852 1.032448 0.102719
v 0.452071 1.032503 0.102664
v 0.449852 1.035166 0.103845
v 0.452071 1.035166 0.103767
v 0.449852 1.037885 0.102719
v 0.452071 1.037830 0.102664
v 0.452200 1.035166 0.100000
v 0.449852 0.187011 -0.170000
v 0.452071 0.186933 -0.170000
v 0.449852 0.185885 -0.172719
v 0.452071 0.185830 -0.172664
v 0.449852 0.183166 -0.173845
v 0.452071 0.183166 -0.173767
v 0.449852 0.180448 -0.172719
v 0.452071 0.180503 -0.172664
v 0.449852 0.179321 -0.170000
v 0.452071 0.179399 -0.170000
v 0.449852 0.180448 -0.167281
v 0.452071 0.180503 -0.167336
v 0.449852 0.183166 -0.166155
v 0.452071 0.183166 -0.166233
v 0.449852 0.185885 -0.167281
v 0.452071 0.185830 -0.167336
v 0.452200 0.183166 -0.170000
v 0.449852 0.471011 -0.170000
v 0.452071 0.470933 -0.170000
v 0.449852 0.469885 -0.172719
v 0.452071 0.469830 -0.172664
v 0.449852 0.467166 -0.173845
v 0.452071 0.467166 -0.173767
v 0.449852 0.464448 -0.172719
v 0.452071 0.464503 -0.172664
v 0.449852 0.463321 -0.170000
v 0.452071 0.463399 -0.170000
v 0.449852 0.464448 -0.167281
v 0.452071 0.464503 -0.167336
v 0.449852 0.467166 -0.166155
v 0.452071 0.467166 -0.166233
v 0.449852 0.469885 -0.167281
v 0.452071 0.469830 -0.167336
v 0.452200 0.467166 -0.170000
v 0.449852 0.755011 -0.170000
v 0.452071 0.754933 -0.170000
v 0.449852 0.753885 -0.172719
v 0.452071 0.753830 -0.172664
v 0.449852 0.751166 -0.173845
v 0.452071 0.751166 -0.173767
v 0.449852 0.748448 -0.172719
v 0.452071 0.748503 -0.172664
v 0.449852 0.747321 -0.170000
v 0.452071 0.747399 -0.170000
v 0.449852 0.748448 -0.167281
v 0.452071 0.748503 -0.167336
v 0.449852 0.751166 -0.166155
v 0.452071 0.751166 -0.166233
v 0.449852 0.753885 -0.167281
v 0.452071 0.753830 -0.167336
v 0.452200 0.751166 -0.170000
v 0.449852 1.039011 -0.170000
v 0.452071 1.038933 -0.170000
v 0.449852 1.037885 -0.172719
v 0.452071 1.037830 -0.172664
v 0.449852 1.035166 -0.173845
v 0.452071 1.035166 -0.173767
v 0.449852 1.032448 -0.172719
v 0.452071 1.032503 -0.172664
v 0.449852 1.031321 -0.170000
v 0.452071 1.031399 -0.170000
v 0.449852 1.032448 -0.167281
v 0.452071 1.032503 -0.167336
v 0.449852 1.035166 -0.166155
v 0.452071 1.035166 -0.166233
v 0.449852 1.037885 -0.167281
v 0.452071 1.037830 -0.167336
v 0.452200 1.035166 -0.170000
v -0.449852 0.187011 0.100000
v -0.452071 0.186933 0.100000
v -0.449852 0.185885 0.097281
v -0.452071 0.185830 0.097336
v -0.449852 0.183166 0.096155
v -0.452071 0.183166 0.096233
v -0.449852 0.180448 0.097281
v -0.452071 0.180503 0.097336
v -0.449852 0.179321 0.100000
v -0.452071 0.179399 0.100000
v -0.449852 0.180448 0.102719
v -0.452071 0.180503 0.102664
v -0.449852 0.183166 0.103845
v -0.452071 0.183166 0.103767
v -0.449852 0.185885 0.102719
v -0.452071 0.185830 0.102664
v -0.452200 0.183166 0.100000
v -0.449852 0.471011 0.100000
v -0.452071 0.470933 0.100000
v -0.449852 0.469885 0.097281
v -0.452071 0.469830 0.097336
v -0.449852 0.467166 0.096155
v -0.452071 0.467166 0.096233
v -0.449852 0.464448 0.097281
v -0.452071 0.464503 0.097336
v -0.449852 0.463321 0.100000
v -0.452071 0.463399 0.100000
v -0.449852 0.464448 0.102719
v -0.452071 0.464503 0.102664
v -0.449852 0.467166 0.103845
v -0.452071 0.467166 0.103767
v -0.449852 0.469885 0.102719
v -0.452071 0.469830 0.102664
v -0.452200 0.467166 0.100000
v -0.449852 0.755011 0.100000
v -0.452071 0.754933 0.100000
v -0.449852 0.753885 0.097281
v -0.452071 0.753830 0.097336
v -0.449852 0.751166 0.096155
v -0.452071 0.751166 0.096233
v -0.449852 0.748448 0.097281
v -0.452071 0.748503 0.097336
v -0.449852 0.747321 0.100000
v -0.452071 0.747399 0.100000
v -0.449852 0.748448 0.102719
v -0.452071 0.748503 0.102664
v -0.449852 0.751166 0.103845
v -0.452071 0.751166 0.103767
v -0.449852 0.753885 0.102719
v -0.452071 0.753830 0.102664
v -0.452200 0.751166 0.100000
v -0.449852 1.039011 0.100000
v -0.452071 1.038933 0.100000
v -0.449852 1.037885 0.097281
v -0.452071 1.037830 0.097336
v -0.449852 1.035166 0.096155
v -0.452071 1.035166 0.096233
v -0.449852 1.032447 0.097281
v -0.452071 1.032503 0.097336
v -0.449852 1.031321 0.100000
v -0.452071 1.031399 0.100000
v -0.449852 1.032447 0.102719
v -0.452071 1.032503 0.102664
v -0.449852 1.035166 0.103845
v -0.452071 1.035166 0.103767
v -0.449852 1.037885 0.102719
v -0.452071 1.037830 0.102664
v -0.452200 1.035166 0.100000
v -0.449852 0.187011 -0.170000
v -0.452071 0.186933 -0.170000
v -0.449852 0.185885 -0.172719
v -0.452071 0.185830 -0.172664
v -0.449852 0.183166 -0.173845
v -0.452071 0.183166 -0.173767
v -0.449852 0.180448 -0.172719
v -0.452071 0.180503 -0.172664
v -0.449852 0.179321 -0.170000
v -0.452071 0.179399 -0.170000
v -0.449852 0.180448 -0.167281
v -0.452071 0.180503 -0.167336
v -0.449852 0.183166 -0.166155
v -0.452071 0.183166 -0.166233
v -0.449852 0.185885 -0.167281
v -0.452071 0.185830 -0.167336
v -0.452200 0.183166 -0.170000
v -0.449852 0.471011 -0.170000
v -0.452071 0.470933 -0.170000
v -0.449852 0.469885 -0.172719
v -0.452071 0.469830 -0.172664
v -0.449852 0.467166 -0.173845
v -0.452071 0.467166 -0.173767
v -0.449852 0.464448 -0.172719
v -0.452071 0.464503 -0.172664
v -0.449852 0.463321 -0.170000
v -0.452071 0.463399 -0.170000
v -0.449852 0.464448 -0.167281
v -0.452071 0.464503 -0.167336
v -0.449852 0.467166 -0.166155
v -0.452071 0.467166 -0.166233
v -0.449852 0.469885 -0.167281
v -0.452071 0.469830 -0.167336
v -0.452200 0.467166 -0.170000
v -0.449852 0.755011 -0.170000
v -0.452071 0.754933 -0.170000
v -0.449852 0.753885 -0.172719
v -0.452071 0.753830 -0.172664
v -0.449852 0.751166 -0.173845
v -0.452071 0.751166 -0.173767
v -0.449852 0.748448 -0.172719
v -0.452071 0.748503 -0.172664
v -0.449852 0.747321 -0.170000
v -0.452071 0.747399 -0.170000
v -0.449852 0.748448 -0.167281
v -0.452071 0.748503 -0.167336
v -0.449852 0.751166 -0.166155
v -0.452071 0.751166 -0.166233
v -0.449852 0.753885 -0.167281
v -0.452071 0.753830 -0.167336
v -0.452200 0.751166 -0.170000
v -0.449852 1.039011 -0.170000
v -0.452071 1.038933 -0.170000
v -0.449852 1.037885 -0.172719
v -0.452071 1.037830 -0.172664
v -0.449852 1.035166 -0.173845
v -0.452071 1.035166 -0.173767
v -0.449852 1.032447 -0.172719
v -0.452071 1.032503 -0.172664
v -0.449852 1.031321 -0.170000
v -0.452071 1.031399 -0.170000
v -0.449852 1.032447 -0.167281
v -0.452071 1.032503 -0.167336
v -0.449852 1.035166 -0.166155
v -0.452071 1.035166 -0.166233
v -0.449852 1.037885 -0.167281
v -0.452071 1.037830 -0.167336
v -0.452200 1.035166 -0.170000
v 0.429025 0.187011 -0.190000
v 0.429025 0.186933 -0.192219
v 0.426307 0.185885 -0.190000
v 0.426362 0.185830 -0.192219
v 0.425180 0.183166 -0.190000
v 0.425258 0.183166 -0.192219
v 0.426307 0.180448 -0.190000
v 0.426362 0.180503 -0.192219
v 0.429025 0.179321 -0.190000
v 0.429025 0.179399 -0.192219
v 0.431744 0.180448 -0.190000
v 0.431689 0.180503 -0.192219
v 0.432870 0.183166 -0.190000
v 0.432792 0.183166 -0.192219
v 0.431744 0.185885 -0.190000
v 0.431689 0.185830 -0.192219
v 0.429025 0.183166 -0.192348
v 0.429025 0.471011 -0.190000
v 0.429025 0.470933 -0.192219
v 0.426307 0.469885 -0.190000
v 0.426362 0.469830 -0.192219
v 0.425180 0.467166 -0.190000
v 0.425258 0.467166 -0.192219
v 0.426307 0.464448 -0.190000
v 0.426362 0.464503 -0.192219
v 0.429025 0.463321 -0.190000
v 0.429025 0.463399 -0.192219
v 0.431744 0.464448 -0.190000
v 0.431689 0.464503 -0.192219
v 0.432870 0.467166 -0.190000
v 0.432792 0.467166 -0.192219
v 0.431744 0.469885 -0.190000
v 0.431689 0.469830 -0.192219
v 0.429025 0.467166 -0.192348
v 0.429025 0.755011 -0.190000
v 0.429025 0.754933 -0.192219
v 0.426307 0.753885 -0.190000
v 0.426362 0.753830 -0.192219
v 0.425180 0.751166 -0.190000
v 0.425258 0.751166 -0.192219
v 0.426307 0.748448 -0.190000
v 0.426362 0.748503 -0.192219
v 0.429025 0.747321 -0.190000
v 0.429025 0.747399 -0.192219
v 0.431744 0.748448 -0.190000
v 0.431689 0.748503 -0.192219
v 0.432870 0.751166 -0.190000
v 0.432792 0.751166 -0.192219
v 0.431744 0.753885 -0.190000
v 0.431689 0.753830 -0.192219
v 0.429025 0.751166 -0.192348
v 0.429025 1.039011 -0.190000
v 0.429025 1.038933 -0.192219
v 0.426307 1.037885 -0.190000
v 0.426362 1.037830 -0.192219
v 0.425180 1.035166 -0.190000
v 0.425258 1.035166 -0.192219
v 0.426307 1.032448 -0.190000
v 0.426362 1.032503 -0.192219
v 0.429025 1.031321 -0.190000
v 0.429025 1.031399 -0.192219
v 0.431744 1.032448 -0.190000
v 0.431689 1.032503 -0.192219
v 0.432870 1.035166 -0.190000
v 0.432792 1.035166 -0.192219
v 0.431744 1.037885 -0.190000
v 0.431689 1.037830 -0.192219
v 0.429025 1.035166 -0.192348
v -0.429025 0.187011 -0.190000
v -0.429025 0.186933 -0.192219
v -0.426307 0.185885 -0.190000
v -0.426362 0.185830 -0.192219
v -0.425180 0.183166 -0.190000
v -0.425258 0.183166 -0.192219
v -0.426307 0.180448 -0.190000
v -0.426362 0.180503 -0.192219
v -0.429025 0.179321 -0.190000
v -0.429025 0.179399 -0.192219
v -0.431744 0.180448 -0.190000
v -0.431689 0.180503 -0.192219
v -0.432870 0.183166 -0.190000
v -0.432792 0.183166 -0.192219
v -0.431744 0.185885 -0.190000
v -0.431689 0.185830 -0.192219
v -0.429025 0.183166 -0.192348
v -0.429025 0.471011 -0.190000
v -0.429025 0.470933 -0.192219
v -0.426307 0.469885 -0.190000
v -0.426362 0.469830 -0.192219
v -0.425180 0.467166 -0.190000
v -0.425258 0.467166 -0.192219
v -0.426307 0.464448 -0.190000
v -0.426362 0.464503 -0.192219
v -0.429025 0.463321 -0.190000
v -0.429025 0.463399 -0.192219
v -0.431744 0.464448 -0.190000
v -0.431689 0.464503 -0.192219
v -0.432870 0.467166 -0.190000
v -0.432792 0.467166 -0.192219
v -0.431744 0.469885 -0.190000
v -0.431689 0.469830 -0.192219
v -0.429025 0.467166 -0.192348
v -0.429025 0.755011 -0.190000
v -0.429025 0.754933 -0.192219
v -0.426307 0.753885 -0.190000
v -0.426362 0.753830 -0.192219
v -0.425180 0.751166 -0.190000
v -0.425258 0.751166 -0.192219
v -0.426307 0.748448 -0.190000
v -0.426362 0.748503 -0.192219
v -0.429025 0.747321 -0.190000
v -0.429025 0.747399 -0.192219
v -0.431744 0.748448 -0.190000
v -0.431689 0.748503 -0.192219
v -0.432870 0.751166 -0.190000
v -0.432792 0.751166 -0.192219
v -0.431744 0.753885 -0.190000
v -0.431689 0.753830 -0.192219
v -0.429025 0.751166 -0.192348
v -0.429025 1.039011 -0.190000
v -0.429025 1.038933 -0.192219
v -0.426307 1.037885 -0.190000
v -0.426362 1.037830 -0.192219
v -0.425180 1.035166 -0.190000
v -0.425258 1.035166 -0.192219
v -0.426307 1.032447 -0.190000
v -0.426362 1.032503 -0.192219
v -0.429025 1.031321 -0.190000
v -0.429025 1.031399 -0.192219
v -0.431744 1.032447 -0.190000
v -0.431689 1.032503 -0.192219
v -0.432870 1.035166 -0.190000
v -0.432792 1.035166 -0.192219
v -0.431744 1.037885 -0.190000
v -0.431689 1.037830 -0.192219
v -0.429025 1.035166 -0.192348
v -0.400000 0.017845 0.159826
v -0.400000 0.017767 0.162045
v -0.397281 0.016719 0.159826
v -0.397336 0.016664 0.162045
v -0.396155 0.014000 0.159826
v -0.396233 0.014000 0.162045
v -0.397281 0.011281 0.159826
v -0.397336 0.011336 0.162045
v -0.400000 0.010155 0.159826
v -0.400000 0.010233 0.162045
v -0.402719 0.011281 0.159826
v -0.402664 0.011336 0.162045
v -0.403845 0.014000 0.159826
v -0.403767 0.014000 0.162045
v -0.402719 0.016719 0.159826
v -0.402664 0.016664 0.162045
v -0.400000 0.014000 0.162174
v -0.400000 0.131845 0.159826
v -0.400000 0.131767 0.162045
v -0.397281 0.130719 0.159826
v -0.397336 0.130664 0.162045
v -0.396155 0.128000 0.159826
v -0.396233 0.128000 0.162045
v -0.397281 0.125281 0.159826
v -0.397336 0.125336 0.162045
v -0.400000 0.124155 0.159826
v -0.400000 0.124233 0.162045
v -0.402719 0.125281 0.159826
v -0.402664 0.125336 0.162045
v -0.403845 0.128000 0.159826
v -0.403767 0.128000 0.162045
v -0.402719 0.130719 0.159826
v -0.402664 0.130664 0.162045
v -0.400000 0.128000 0.162174
v -0.000000 0.017845 0.159826
v -0.000000 0.017767 0.162045
v 0.002719 0.016719 0.159826
v 0.002664 0.016664 0.162045
v 0.003845 0.014000 0.159826
v 0.003767 0.014000 0.162045
v 0.002719 0.011281 0.159826
v 0.002664 0.011336 0.162045
v -0.000000 0.010155 0.159826
v -0.000000 0.010233 0.162045
v -0.002719 0.011281 0.159826
v -0.002664 0.011336 0.162045
v -0.003845 0.014000 0.159826
v -0.003767 0.014000 0.162045
v -0.002719 0.016719 0.159826
v -0.002664 0.016664 0.162045
v -0.000000 0.014000 0.162174
v -0.000000 0.131845 0.159826
v -0.000000 0.131767 0.162045
v 0.002719 0.130719 0.159826
v 0.002664 0.130664 0.162045
v 0.003845 0.128000 0.159826
v 0.003767 0.128000 0.162045
v 0.002719 0.125281 0.159826
v 0.002664 0.125336 0.162045
v -0.000000 0.124155 0.159826
v -0.000000 0.124233 0.162045
v -0.002719 0.125281 0.159826
v -0.002664 0.125336 0.162045
v -0.003845 0.128000 0.159826
v -0.003767 0.128000 0.162045
v -0.002719 0.130719 0.159826
v -0.002664 0.130664 0.162045
v -0.000000 0.128000 0.162174
v 0.400000 0.017845 0.159826
v 0.400000 0.017767 0.162045
v 0.402719 0.016719 0.159826
v 0.402664 0.016664 0.162045
v 0.403845 0.014000 0.159826
v 0.403767 0.014000 0.162045
v 0.402719 0.011281 0.159826
v 0.402664 0.011336 0.162045
v 0.400000 0.010155 0.159826
v 0.400000 0.010233 0.162045
v 0.397281 0.011281 0.159826
v 0.397336 0.011336 0.162045
v 0.396155 0.014000 0.159826
v 0.396233 0.014000 0.162045
v 0.397281 0.016719 0.159826
v 0.397336 0.016664 0.162045
v 0.400000 0.014000 0.162174
v 0.400000 0.131845 0.159826
v 0.400000 0.131767 0.162045
v 0.402719 0.130719 0.159826
v 0.402664 0.130664 0.162045
v 0.403845 0.128000 0.159826
v 0.403767 0.128000 0.162045
v 0.402719 0.125281 0.159826
v 0.402664 0.125336 0.162045
v 0.400000 0.124155 0.159826
v 0.400000 0.124233 0.162045
v 0.397281 0.125281 0.159826
v 0.397336 0.125336 0.162045
v 0.396155 0.128000 0.159826
v 0.396233 0.128000 0.162045
v 0.397281 0.130719 0.159826
v 0.397336 0.130664 0.162045
v 0.400000 0.128000 0.162174
v -0.400000 0.017845 -0.159826
v -0.400000 0.017767 -0.162045
v -0.397281 0.016719 -0.159826
v -0.397336 0.016664 -0.162045
v -0.396155 0.014000 -0.159826
v -0.396233 0.014000 -0.162045
v -0.397281 0.011281 -0.159826
v -0.397336 0.011336 -0.162045
v -0.400000 0.010155 -0.159826
v -0.400000 0.010233 -0.162045
v -0.402719 0.011281 -0.159826
v -0.402664 0.011336 -0.162045
v -0.403845 0.014000 -0.159826
v -0.403767 0.014000 -0.162045
v -0.402719 0.016719 -0.159826
v -0.402664 0.016664 -0.162045
v -0.400000 0.014000 -0.162174
v -0.400000 0.131845 -0.159826
v -0.400000 0.131767 -0.162045
v -0.397281 0.130719 -0.159826
v -0.397336 0.130664 -0.162045
v -0.396155 0.128000 -0.159826
v -0.396233 0.128000 -0.162045
v -0.397281 0.125281 -0.159826
v -0.397336 0.125336 -0.162045
v -0.400000 0.124155 -0.159826
v -0.400000 0.124233 -0.162045
v -0.402719 0.125281 -0.159826
v -0.402664 0.125336 -0.162045
v -0.403845 0.128000 -0.159826
v -0.403767 0.128000 -0.162045
v -0.402719 0.130719 -0.159826
v -0.402664 0.130664 -0.162045
v -0.400000 0.128000 -0.162174
v -0.000000 0.017845 -0.159826
v -0.000000 0.017767 -0.162045
v 0.002719 0.016719 -0.159826
v 0.002664 0.016664 -0.162045
v 0.003845 0.014000 -0.159826
v 0.003767 0.014000 -0.162045
v 0.002719 0.011281 -0.159826
v 0.002664 0.011336 -0.162045
v -0.000000 0.010155 -0.159826
v -0.000000 0.010233 -0.162045
v -0.002719 0.011281 -0.159826
v -0.002664 0.011336 -0.162045
v -0.003845 0.014000 -0.159826
v -0.003767 0.014000 -0.162045
v -0.002719 0.016719 -0.159826
v -0.002664 0.016664 -0.162045
v -0.000000 0.014000 -0.162174
v -0.000000 0.131845 -0.159826
v -0.000000 0.131767 -0.162045
v 0.002719 0.130719 -0.159826
v 0.002664 0.130664 -0.162045
v 0.003845 0.128000 -0.159826
v 0.003767 0.128000 -0.162045
v 0.002719 0.125281 -0.159826
v 0.002664 0.125336 -0.162045
v -0.000000 0.124155 -0.159826
v -0.000000 0.124233 -0.162045
v -0.002719 0.125281 -0.159826
v -0.002664 0.125336 -0.162045
v -0.003845 0.128000 -0.159826
v -0.003767 0.128000 -0.162045
v -0.002719 0.130719 -0.159826
v -0.002664 0.130664 -0.162045
v -0.000000 0.128000 -0.162174
v 0.400000 0.017845 -0.159826
v 0.400000 0.017767 -0.162045
v 0.402719 0.016719 -0.159826
v 0.402664 0.016664 -0.162045
v 0.403845 0.014000 -0.159826
v 0.403767 0.014000 -0.162045
v 0.402719 0.011281 -0.159826
v 0.402664 0.011336 -0.162045
v 0.400000 0.010155 -0.159826
v 0.400000 0.010233 -0.162045
v 0.397281 0.011281 -0.159826
v 0.397336 0.011336 -0.162045
v 0.396155 0.014000 -0.159826
v 0.396233 0.014000 -0.162045
v 0.397281 0.016719 -0.159826
v 0.397336 0.016664 -0.162045
v 0.400000 0.014000 -0.162174
v 0.400000 0.131845 -0.159826
v 0.400000 0.131767 -0.162045
v 0.402719 0.130719 -0.159826
v 0.402664 0.130664 -0.162045
v 0.403845 0.128000 -0.159826
v 0.403767 0.128000 -0.162045
v 0.402719 0.125281 -0.159826
v 0.402664 0.125336 -0.162045
v 0.400000 0.124155 -0.159826
v 0.400000 0.124233 -0.162045
v 0.397281 0.125281 -0.159826
v 0.397336 0.125336 -0.162045
v 0.396155 0.128000 -0.159826
v 0.396233 0.128000 -0.162045
v 0.397281 0.130719 -0.159826
v 0.397336 0.130664 -0.162045
v 0.400000 0.128000 -0.162174
v 0.449752 1.003845 -0.070000
v 0.451972 1.003767 -0.070000
v 0.449752 1.002719 -0.072719
v 0.451972 1.002664 -0.072664
v 0.449752 1.000000 -0.073845
v 0.451972 1.000000 -0.073767
v 0.449752 0.997281 -0.072719
v 0.451972 0.997336 -0.072664
v 0.449752 0.996155 -0.070000
v 0.451972 0.996233 -0.070000
v 0.449752 0.997281 -0.067281
v 0.451972 0.997336 -0.067336
v 0.449752 1.000000 -0.066155
v 0.451972 1.000000 -0.066233
v 0.449752 1.002719 -0.067281
v 0.451972 1.002664 -0.067336
v 0.452100 1.000000 -0.070000
v 0.450578 0.373845 0.050000
v 0.452798 0.373767 0.050000
v 0.450578 0.372719 0.047281
v 0.452798 0.372664 0.047336
v 0.450578 0.370000 0.046155
v 0.452798 0.370000 0.046233
v 0.450578 0.367281 0.047281
v 0.452798 0.367336 0.047336
v 0.450578 0.366155 0.050000
v 0.452798 0.366233 0.050000
v 0.450578 0.367281 0.052719
v 0.452798 0.367336 0.052664
v 0.450578 0.370000 0.053845
v 0.452798 0.370000 0.053767
v 0.450578 0.372719 0.052719
v 0.452798 0.372664 0.052664
v 0.452926 0.370000 0.050000
v 0.449752 0.373845 0.010000
v 0.451972 0.373767 0.010000
v 0.449752 0.372719 0.007281
v 0.451972 0.372664 0.007336
v 0.449752 0.370000 0.006155
v 0.451972 0.370000 0.006233
v 0.449752 0.367281 0.007281
v 0.451972 0.367336 0.007336
v 0.449752 0.366155 0.010000
v 0.451972 0.366233 0.010000
v 0.449752 0.367281 0.012719
v 0.451972 0.367336 0.012664
v 0.449752 0.370000 0.013845
v 0.451972 0.370000 0.013767
v 0.449752 0.372719 0.012719
v 0.451972 0.372664 0.012664
v 0.452100 0.370000 0.010000
v -0.449752 1.003845 -0.070000
v -0.451971 1.003767 -0.070000
v -0.449752 1.002719 -0.072719
v -0.451971 1.002664 -0.072664
v -0.449752 1.000000 -0.073845
v -0.451971 1.000000 -0.073767
v -0.449752 0.997281 -0.072719
v -0.451971 0.997336 -0.072664
v -0.449752 0.996155 -0.070000
v -0.451971 0.996233 -0.070000
v -0.449752 0.997281 -0.067281
v -0.451971 0.997336 -0.067336
v -0.449752 1.000000 -0.066155
v -0.451971 1.000000 -0.066233
v -0.449752 1.002719 -0.067281
v -0.451972 1.002664 -0.067336
v -0.452100 1.000000 -0.070000
v -0.450578 0.373845 0.050000
v -0.452798 0.373767 0.050000
v -0.450578 0.372719 0.047281
v -0.452798 0.372664 0.047336
v -0.450578 0.370000 0.046155
v -0.452798 0.370000 0.046233
v -0.450578 0.367281 0.047281
v -0.452798 0.367336 0.047336
v -0.450578 0.366155 0.050000
v -0.452798 0.366233 0.050000
v -0.450578 0.367281 0.052719
v -0.452798 0.367336 0.052664
v -0.450578 0.370000 0.053845
v -0.452798 0.370000 0.053767
v -0.450578 0.372719 0.052719
v -0.452798 0.372664 0.052664
v -0.452926 0.370000 0.050000
v -0.449752 0.373845 0.010000
v -0.451971 0.373767 0.010000
v -0.449752 0.372719 0.007281
v -0.451971 0.372664 0.007336
v -0.449752 0.370000 0.006155
v -0.451971 0.370000 0.006233
v -0.449752 0.367281 0.007281
v -0.451971 0.367336 0.007336
v -0.449752 0.366155 0.010000
v -0.451971 0.366233 0.010000
v -0.449752 0.367281 0.012719
v -0.451971 0.367336 0.012664
v -0.449752 0.370000 0.013845
v -0.451971 0.370000 0.013767
v -0.449752 0.372719 0.012719
v -0.451971 0.372664 0.012664
v -0.452100 0.370000 0.010000
v 0.420000 0.017845 0.140000
v 0.422219 0.017767 0.140000
v 0.420000 0.016719 0.137281
v 0.422219 0.016664 0.137336
v 0.420000 0.014000 0.136155
v 0.422219 0.014000 0.136233
v 0.420000 0.011281 0.137281
v 0.422219 0.011336 0.137336
v 0.420000 0.010155 0.140000
v 0.422219 0.010233 0.140000
v 0.420000 0.011281 0.142719
v 0.422219 0.011336 0.142664
v 0.420000 0.014000 0.143845
v 0.422219 0.014000 0.143767
v 0.420000 0.016719 0.142719
v 0.422219 0.016664 0.142664
v 0.422348 0.014000 0.140000
v 0.420000 0.131845 0.140000
v 0.422219 0.131767 0.140000
v 0.420000 0.130719 0.137281
v 0.422219 0.130664 0.137336
v 0.420000 0.128000 0.136155
v 0.422219 0.128000 0.136233
v 0.420000 0.125281 0.137281
v 0.422219 0.125336 0.137336
v 0.420000 0.124155 0.140000
v 0.422219 0.124233 0.140000
v 0.420000 0.125281 0.142719
v 0.422219 0.125336 0.142664
v 0.420000 0.128000 0.143845
v 0.422219 0.128000 0.143767
v 0.420000 0.130719 0.142719
v 0.422219 0.130664 0.142664
v 0.422348 0.128000 0.140000
v 0.420000 0.017845 -0.140000
v 0.422219 0.017767 -0.140000
v 0.420000 0.016719 -0.142719
v 0.422219 0.016664 -0.142664
v 0.420000 0.014000 -0.143845
v 0.422219 0.014000 -0.143767
v 0.420000 0.011281 -0.142719
v 0.422219 0.011336 -0.142664
v 0.420000 0.010155 -0.140000
v 0.422219 0.010233 -0.140000
v 0.420000 0.011281 -0.137281
v 0.422219 0.011336 -0.137336
v 0.420000 0.014000 -0.136155
v 0.422219 0.014000 -0.136233
v 0.420000 0.016719 -0.137281
v 0.422219 0.016664 -0.137336
v 0.422348 0.014000 -0.140000
v 0.420000 0.131845 -0.140000
v 0.422219 0.131767 -0.140000
v 0.420000 0.130719 -0.142719
v 0.422219 0.130664 -0.142664
v 0.420000 0.128000 -0.143845
v 0.422219 0.128000 -0.143767
v 0.420000 0.125281 -0.142719
v 0.422219 0.125336 -0.142664
v 0.420000 0.124155 -0.140000
v 0.422219 0.124233 -0.140000
v 0.420000 0.125281 -0.137281
v 0.422219 0.125336 -0.137336
v 0.420000 0.128000 -0.136155
v 0.422219 0.128000 -0.136233
v 0.420000 0.130719 -0.137281
v 0.422219 0.130664 -0.137336
v 0.422348 0.128000 -0.140000
v -0.420000 0.017845 0.140000
v -0.422219 0.017767 0.140000
v -0.420000 0.016719 0.137281
v -0.422219 0.016664 0.137336
v -0.420000 0.014000 0.136155
v -0.422219 0.014000 0.136233
v -0.420000 0.011281 0.137281
v -0.422219 0.011336 0.137336
v -0.420000 0.010155 0.140000
v -0.422219 0.010233 0.140000
v -0.420000 0.011281 0.142719
v -0.422219 0.011336 0.142664
v -0.420000 0.014000 0.143845
v -0.422219 0.014000 0.143767
v -0.420000 0.016719 0.142719
v -0.422219 0.016664 0.142664
v -0.422348 0.014000 0.140000
v -0.420000 0.131845 0.140000
v -0.422219 0.131767 0.140000
v -0.420000 0.130719 0.137281
v -0.422219 0.130664 0.137336
v -0.420000 0.128000 0.136155
v -0.422219 0.128000 0.136233
v -0.420000 0.125281 0.137281
v -0.422219 0.125336 0.137336
v -0.420000 0.124155 0.140000
v -0.422219 0.124233 0.140000
v -0.420000 0.125281 0.142719
v -0.422219 0.125336 0.142664
v -0.420000 0.128000 0.143845
v -0.422219 0.128000 0.143767
v -0.420000 0.130719 0.142719
v -0.422219 0.130664 0.142664
v -0.422348 0.128000 0.140000
v -0.420000 0.017845 -0.140000
v -0.422219 0.017767 -0.140000
v -0.420000 0.016719 -0.142719
v -0.422219 0.016664 -0.142664
v -0.420000 0.014000 -0.143845
v -0.422219 0.014000 -0.143767
v -0.420000 0.011281 -0.142719
v -0.422219 0.011336 -0.142664
v -0.420000 0.010155 -0.140000
v -0.422219 0.010233 -0.140000
v -0.420000 0.011281 -0.137281
v -0.422219 0.011336 -0.137336
v -0.420000 0.014000 -0.136155
v -0.422219 0.014000 -0.136233
v -0.420000 0.016719 -0.137281
v -0.422219 0.016664 -0.137336
v -0.422348 0.014000 -0.140000
v -0.420000 0.131845 -0.140000
v -0.422219 0.131767 -0.140000
v -0.420000 0.130719 -0.142719
v -0.422219 0.130664 -0.142664
v -0.420000 0.128000 -0.143845
v -0.422219 0.128000 -0.143767
v -0.420000 0.125281 -0.142719
v -0.422219 0.125336 -0.142664
v -0.420000 0.124155 -0.140000
v -0.422219 0.124233 -0.140000
v -0.420000 0.125281 -0.137281
v -0.422219 0.125336 -0.137336
v -0.420000 0.128000 -0.136155
v -0.422219 0.128000 -0.136233
v -0.420000 0.130719 -0.137281
v -0.422219 0.130664 -0.137336
v -0.422348 0.128000 -0.140000
v 0.340000 0.286161 -0.189781
v 0.340000 0.286083 -0.192001
v 0.337281 0.285035 -0.189781
v 0.337336 0.284980 -0.192001
v 0.336155 0.282316 -0.189781
v 0.336233 0.282316 -0.192001
v 0.337281 0.279598 -0.189781
v 0.337336 0.279653 -0.192001
v 0.340000 0.278471 -0.189781
v 0.340000 0.278549 -0.192001
v 0.342719 0.279598 -0.189781
v 0.342664 0.279653 -0.192001
v 0.343845 0.282316 -0.189781
v 0.343767 0.282316 -0.192001
v 0.342719 0.285035 -0.189781
v 0.342664 0.284980 -0.192001
v 0.340000 0.282316 -0.192130
v -0.340000 0.286161 -0.189781
v -0.340000 0.286083 -0.192001
v -0.337281 0.285035 -0.189781
v -0.337336 0.284980 -0.192001
v -0.336155 0.282316 -0.189781
v -0.336233 0.282316 -0.192001
v -0.337281 0.279598 -0.189781
v -0.337336 0.279653 -0.192001
v -0.340000 0.278471 -0.189781
v -0.340000 0.278549 -0.192001
v -0.342719 0.279598 -0.189781
v -0.342664 0.279653 -0.192001
v -0.343845 0.282316 -0.189781
v -0.343767 0.282316 -0.192001
v -0.342719 0.285035 -0.189781
v -0.342664 0.284980 -0.192001
v -0.340000 0.282316 -0.192130
v 0.300000 0.286161 -0.189834
v 0.300000 0.286083 -0.192053
v 0.297281 0.285035 -0.189834
v 0.297336 0.284980 -0.192053
v 0.296155 0.282316 -0.189834
v 0.296233 0.282316 -0.192053
v 0.297281 0.279598 -0.189834
v 0.297336 0.279653 -0.192053
v 0.300000 0.278471 -0.189834
v 0.300000 0.278549 -0.192053
v 0.302719 0.279598 -0.189834
v 0.302664 0.279653 -0.192053
v 0.303845 0.282316 -0.189834
v 0.303767 0.282316 -0.192053
v 0.302719 0.285035 -0.189834
v 0.302664 0.284980 -0.192053
v 0.300000 0.282316 -0.192182
v 0.340000 0.902285 -0.189781
v 0.340000 0.902207 -0.192001
v 0.337281 0.901159 -0.189781
v 0.337336 0.901104 -0.192001
v 0.336155 0.898440 -0.189781
v 0.336233 0.898440 -0.192001
v 0.337281 0.895721 -0.189781
v 0.337336 0.895777 -0.192001
v 0.340000 0.894595 -0.189781
v 0.340000 0.894673 -0.192001
v 0.342719 0.895721 -0.189781
v 0.342664 0.895777 -0.192001
v 0.343845 0.898440 -0.189781
v 0.343767 0.898440 -0.192001
v 0.342719 0.901159 -0.189781
v 0.342664 0.901104 -0.192001
v 0.340000 0.898440 -0.192130
v -0.110000 0.902285 -0.189781
v -0.110000 0.902207 -0.192001
v -0.112719 0.901159 -0.189781
v -0.112664 0.901104 -0.192001
v -0.113845 0.898440 -0.189781
v -0.113767 0.898440 -0.192001
v -0.112719 0.895721 -0.189781
v -0.112664 0.895777 -0.192001
v -0.110000 0.894595 -0.189781
v -0.110000 0.894673 -0.192001
v -0.107281 0.895721 -0.189781
v -0.107336 0.895777 -0.192001
v -0.106155 0.898440 -0.189781
v -0.106233 0.898440 -0.192001
v -0.107281 0.901159 -0.189781
v -0.107336 0.901104 -0.192001
v -0.110000 0.898440 -0.192129
v -0.340000 0.902285 -0.189781
v -0.340000 0.902207 -0.192001
v -0.337281 0.901159 -0.189781
v -0.337336 0.901104 -0.192001
v -0.336155 0.898440 -0.189781
v -0.336233 0.898440 -0.192001
v -0.337281 0.895722 -0.189781
v -0.337336 0.895777 -0.192001
v -0.340000 0.894595 -0.189781
v -0.340000 0.894673 -0.192001
v -0.342719 0.895722 -0.189781
v -0.342664 0.895777 -0.192001
v -0.343845 0.898440 -0.189781
v -0.343767 0.898440 -0.192001
v -0.342719 0.901159 -0.189781
v -0.342664 0.901104 -0.192001
v -0.340000 0.898440 -0.192130
v 0.110000 0.902285 -0.189781
v 0.110000 0.902207 -0.192001
v 0.112719 0.901159 -0.189781
v 0.112664 0.901104 -0.192001
v 0.113845 0.898440 -0.189781
v 0.113767 0.898440 -0.192001
v 0.112719 0.895722 -0.189781
v 0.112664 0.895777 -0.192001
v 0.110000 0.894595 -0.189781
v 0.110000 0.894673 -0.192001
v 0.107281 0.895722 -0.189781
v 0.107336 0.895777 -0.192001
v 0.106155 0.898440 -0.189781
v 0.106233 0.898440 -0.192001
v 0.107281 0.901159 -0.189781
v 0.107336 0.901104 -0.192001
v 0.110000 0.898440 -0.192129
v 0.110000 0.286161 -0.189834
v 0.110000 0.286083 -0.192053
v 0.107281 0.285035 -0.189834
v 0.107336 0.284980 -0.192053
v 0.106155 0.282316 -0.189834
v 0.106233 0.282316 -0.192053
v 0.107281 0.279598 -0.189834
v 0.107336 0.279653 -0.192053
v 0.110000 0.278471 -0.189834
v 0.110000 0.278549 -0.192053
v 0.112719 0.279598 -0.189834
v 0.112664 0.279653 -0.192053
v 0.113845 0.282316 -0.189834
v 0.113767 0.282316 -0.192053
v 0.112719 0.285035 -0.189834
v 0.112664 0.284980 -0.192053
v 0.110000 0.282316 -0.192182
vn -0.0000 -1.0000 -0.0000
vn -0.0000 -0.0000 1.0000
vn -0.0959 -0.0000 0.9954
vn -0.0892 -0.0000 0.9960
vn -0.0893 -0.0001 0.9960
vn -0.7071 -0.0000 0.7071
vn -0.0000 -0.0000 -1.0000
vn -0.0096 -0.0000 -1.0000
vn -0.0000 1.0000 -0.0000
vn -1.0000 -0.0000 -0.0058
vn -1.0000 -0.0000 0.0058
vn -1.0000 -0.0000 -0.0000
vn -1.0000 -0.0000 -0.0059
vn -1.0000 -0.0001 -0.0061
vn -0.7071 -0.0000 -0.7071
vn -1.0000 -0.0000 -0.0063
vn -1.0000 -0.0001 -0.0064
vn -0.0892 -0.0000 -0.9960
vn -0.9990 -0.0000 0.0457
vn -0.9988 -0.0000 0.0483
vn 1.0000 -0.0000 -0.0000
vn 1.0000 -0.0000 -0.0061
vn 1.0000 -0.0000 -0.0065
vn 0.7071 -0.0000 0.7071
vn 0.9977 -0.0000 0.0678
vn 0.9992 -0.0000 0.0401
vn 0.0959 -0.0000 0.9954
vn 0.0892 -0.0000 0.9960
vn 1.0000 -0.0000 -0.0058
vn 1.0000 -0.0000 0.0058
vn 0.7071 -0.0000 -0.7071
vn 0.0096 -0.0000 -1.0000
vn 0.0892 -0.0000 -0.9960
vn 0.9992 -0.0000 0.0389
vn 0.9992 -0.0000 0.0410
vn 0.0891 -0.0159 -0.9959
vn -0.0000 -0.0169 -0.9999
vn 0.9999 -0.0159 0.0056
vn 0.7070 -0.0162 0.7070
vn -0.0000 -0.7071 0.7071
vn -0.0000 -0.9864 0.1643
vn -0.9999 -0.0163 -0.0057
vn -0.9999 -0.0159 0.0056
vn -0.0000 -0.9864 0.1646
vn -0.0000 -0.0180 0.9998
vn -0.0000 -0.0169 0.9999
vn -0.0891 -0.0159 -0.9959
vn -0.7070 -0.0162 0.7070
vn -0.9940 -0.0000 0.1091
vn -0.0000 -0.0190 -0.9998
vn -0.0000 -0.0187 -0.9998
vn -0.0000 -0.7071 -0.7071
vn -0.9982 -0.0000 0.0598
vn -0.1704 -0.9705 -0.1704
vn -0.1646 -0.9864 -0.0007
vn -0.7075 -0.7067 -0.0035
vn -0.5072 -0.6968 -0.5072
vn -0.7070 -0.0162 -0.7070
vn -0.0118 -0.9857 -0.1682
vn -0.0577 -0.7014 -0.7104
vn -0.1704 -0.9705 0.1704
vn -0.0118 -0.9857 0.1682
vn -0.0577 -0.7014 0.7104
vn -0.5072 -0.6968 0.5072
vn -0.0890 -0.0159 0.9959
vn -0.1646 -0.9864 0.0007
vn -0.7075 -0.7067 0.0035
vn -0.0000 -0.9864 -0.1646
vn -0.0000 -0.7065 -0.7077
vn 0.7070 -0.0162 -0.7070
vn 0.9998 -0.0167 -0.0059
vn 0.7075 -0.7067 -0.0035
vn 0.5072 -0.6968 -0.5072
vn 0.1646 -0.9864 -0.0007
vn 0.1704 -0.9705 -0.1704
vn 0.0577 -0.7014 -0.7104
vn 0.0118 -0.9857 -0.1682
vn 0.0891 -0.0159 0.9959
vn 0.0577 -0.7014 0.7104
vn 0.5072 -0.6968 0.5072
vn 0.0118 -0.9857 0.1682
vn 0.1704 -0.9705 0.1704
vn 0.7075 -0.7067 0.0035
vn 0.1646 -0.9864 0.0007
vn -0.0000 -0.7064 0.7078
vn -0.0000 -0.0190 0.9998
vn -0.0000 -0.0187 0.9998
vn -0.0000 -0.9864 -0.1643
vn -0.0000 -0.0180 -0.9998
vn -0.0000 -0.7064 -0.7078
vn -0.4217 0.1995 0.8845
vn -0.4729 0.3259 0.8186
vn -0.3230 0.4919 0.8085
vn -0.2102 0.1814 0.9607
vn -0.0311 0.3026 0.9526
vn -0.0191 0.5278 0.8491
vn -0.0363 0.2074 0.9776
vn -0.5511 0.1944 0.8115
vn -0.0081 0.4957 0.8684
vn -0.0925 0.3776 0.9213
vn -0.0855 0.0191 0.9962
vn -0.0469 0.0884 0.9950
vn 0.0081 0.4957 0.8684
vn 0.0363 0.2074 0.9776
vn 0.0311 0.3026 0.9526
vn 0.0191 0.5278 0.8491
vn 0.1432 0.0677 0.9874
vn 0.0844 0.0729 0.9938
vn 0.3230 0.4919 0.8085
vn 0.4729 0.3259 0.8186
vn 0.5511 0.1944 0.8115
vn 0.0925 0.3776 0.9213
vn 0.0573 0.0128 0.9983
vn 0.0194 0.0365 0.9991
vn -0.0573 0.0128 0.9983
vn -0.0194 0.0365 0.9991
vn -0.1431 0.0678 0.9874
vn -0.1432 0.0677 0.9874
vn -0.0844 0.0729 0.9938
vn 0.4217 0.1995 0.8845
vn 0.2102 0.1814 0.9607
vn 0.0855 0.0191 0.9962
vn 0.0469 0.0884 0.9950
vn -0.1323 0.1142 0.9846
vn -0.2461 0.1165 0.9622
vn -0.0682 0.0152 0.9976
vn -0.0304 0.0573 0.9979
vn 0.0816 0.0182 0.9965
vn -0.0816 0.0182 0.9965
vn 0.0591 0.0132 0.9982
vn -0.0591 0.0132 0.9982
vn 0.4216 0.1995 0.8845
vn -0.4216 0.1995 0.8845
vn 0.1323 0.1142 0.9846
vn 0.2461 0.1165 0.9622
vn 0.0682 0.0152 0.9976
vn 0.0304 0.0573 0.9979
vn -0.4216 0.1995 -0.8845
vn -0.2102 0.1814 -0.9607
vn -0.3230 0.4919 -0.8085
vn -0.4729 0.3259 -0.8186
vn -0.0311 0.3026 -0.9526
vn -0.0191 0.5278 -0.8491
vn -0.0363 0.2074 -0.9776
vn -0.5511 0.1944 -0.8115
vn -0.0925 0.3776 -0.9213
vn -0.0081 0.4957 -0.8684
vn -0.0855 0.0191 -0.9962
vn -0.0469 0.0884 -0.9950
vn 0.0081 0.4957 -0.8684
vn 0.0363 0.2074 -0.9776
vn 0.0311 0.3026 -0.9526
vn 0.0191 0.5278 -0.8491
vn 0.1432 0.0677 -0.9874
vn 0.4729 0.3259 -0.8186
vn 0.3230 0.4919 -0.8085
vn 0.0844 0.0729 -0.9938
vn 0.5511 0.1944 -0.8115
vn 0.0925 0.3776 -0.9213
vn 0.0573 0.0128 -0.9983
vn 0.0194 0.0365 -0.9991
vn -0.0573 0.0128 -0.9983
vn -0.0194 0.0365 -0.9991
vn -0.1432 0.0677 -0.9874
vn 0.1431 0.0678 -0.9874
vn -0.0844 0.0729 -0.9938
vn 0.4216 0.1995 -0.8845
vn 0.2102 0.1814 -0.9607
vn 0.0855 0.0191 -0.9962
vn 0.0469 0.0884 -0.9950
vn -0.1323 0.1142 -0.9846
vn -0.2461 0.1165 -0.9622
vn -0.0682 0.0152 -0.9976
vn -0.0304 0.0573 -0.9979
vn 0.4217 0.1995 -0.8845
vn 0.0816 0.0182 -0.9965
vn -0.0816 0.0182 -0.9965
vn 0.0591 0.0132 -0.9982
vn -0.0591 0.0132 -0.9982
vn -0.4217 0.1995 -0.8845
vn 0.1323 0.1142 -0.9846
vn 0.2461 0.1165 -0.9622
vn 0.0682 0.0152 -0.9976
vn 0.0304 0.0573 -0.9979
vn -0.9980 -0.0017 0.0639
vn -0.9980 0.0015 0.0638
vn -1.0000 0.0016 -0.0000
vn -1.0000 -0.0018 -0.0001
vn 0.0032 0.9980 0.0638
vn 0.0033 1.0000 -0.0000
vn -0.0033 1.0000 0.0001
vn -0.0032 0.9980 0.0638
vn 0.0034 -0.0014 1.0000
vn 0.0034 0.0016 1.0000
vn -0.0033 0.0016 1.0000
vn -0.0033 -0.0014 1.0000
vn 0.9979 0.0016 0.0640
vn 1.0000 0.0016 -0.0000
vn 0.7071 0.7071 -0.0000
vn 0.7063 0.7063 0.0477
vn -0.9980 -0.0015 0.0638
vn -1.0000 -0.0017 -0.0001
vn -0.0033 1.0000 -0.0000
vn 0.0033 -0.0015 1.0000
vn 0.0033 0.0016 1.0000
vn 0.9979 -0.0016 0.0640
vn 1.0000 -0.0017 -0.0000
vn 0.9980 -0.0017 0.0638
vn 1.0000 -0.0018 -0.0000
vn 0.9980 0.0015 0.0639
vn 0.0033 -1.0000 0.0001
vn 0.0032 -0.9980 0.0631
vn -0.0032 -0.9980 0.0630
vn -0.0033 -1.0000 0.0002
vn -0.7063 0.7063 0.0477
vn -0.5773 0.5774 0.5773
vn -0.0024 0.7071 0.7071
vn -0.7071 0.0012 0.7071
vn -0.0032 -0.9980 0.0631
vn -0.0025 -0.6641 0.7477
vn -0.5889 -0.5428 0.5988
vn -0.7074 -0.7052 0.0474
vn -0.7071 -0.0010 0.7071
vn -0.7071 -0.0011 0.7071
vn -0.5719 -0.5703 0.5896
vn -0.0026 -0.6642 0.7476
vn -0.6764 -0.7351 0.0460
vn 0.7071 -0.0011 0.7071
vn 0.5719 -0.5703 0.5896
vn 0.6764 -0.7351 0.0460
vn 0.0025 -0.6642 0.7475
vn 0.5773 0.5774 0.5773
vn 0.7071 0.0012 0.7071
vn 0.0032 -0.9980 0.0630
vn 0.0024 0.7071 0.7071
vn 0.7071 0.0011 0.7071
vn 0.7071 -0.7055 0.0474
vn 0.5984 -0.5328 0.5984
vn 0.0026 -0.6640 0.7477
vn 0.7071 -0.0010 0.7071
vn 0.7050 -0.7092 -0.0000
vn -0.6736 -0.7391 0.0002
vn -0.7071 0.7071 -0.0000
vn 0.0033 -1.0000 -0.0000
vn 0.6736 -0.7391 0.0002
vn -0.0033 -1.0000 -0.0000
vn -0.7050 -0.7092 -0.0000
vn 0.1664 -0.0000 -0.9861
vn 0.9372 -0.0000 -0.3489
vn 0.7707 -0.0000 0.6371
vn -0.1664 -0.0000 0.9861
vn -0.9372 -0.0000 0.3489
vn -0.7707 -0.0000 -0.6371
vn 0.1985 -0.0000 -0.9801
vn -0.7495 -0.0000 -0.6620
vn -0.9480 -0.0000 0.3181
vn -0.1985 -0.0000 0.9801
vn 0.7495 -0.0000 0.6620
vn 0.9480 -0.0000 -0.3181
vn -0.0000 0.5000 -0.8660
vn -0.0000 0.5000 0.8660
vn -0.0000 -0.5000 0.8660
vn -0.0000 -0.5000 -0.8660
vn -0.0000 0.1515 -0.9885
vn -0.0000 0.9318 -0.3630
vn -0.0000 0.7803 0.6254
vn -0.0000 -0.1515 0.9885
vn -0.0000 -0.9318 0.3630
vn -0.0000 -0.7803 -0.6254
vn -0.0000 0.8388 0.5444
vn -0.0000 -0.0521 0.9986
vn -0.0000 -0.8909 0.4542
vn -0.0000 -0.8388 -0.5445
vn -0.0000 0.0521 -0.9986
vn -0.0000 0.8909 -0.4542
vn -0.0039 1.0000 -0.0000
vn -0.0038 0.9922 0.1249
vn -0.0000 0.9922 0.1249
vn 0.0038 0.9922 0.1249
vn 0.0039 1.0000 -0.0000
vn -0.0000 -0.1034 0.9946
vn -0.0000 0.0862 0.9963
vn -0.0036 0.0860 0.9963
vn -0.0036 -0.1031 0.9947
vn 0.0620 -0.9981 -0.0000
vn 0.0125 -0.9995 0.0282
vn -0.0000 -0.9994 -0.0349
vn 0.0125 -0.9995 -0.0282
vn -0.0125 -0.9995 0.0281
vn -0.0620 -0.9981 -0.0000
vn -0.0000 -0.9994 0.0349
vn 0.0036 -0.1031 0.9947
vn 0.0036 0.0860 0.9963
vn 0.0038 0.9922 -0.1249
vn -0.0000 0.9922 -0.1249
vn -0.0038 0.9922 -0.1249
vn -0.0125 -0.9995 -0.0282
vn -0.0000 -0.1034 -0.9946
vn -0.0000 0.0862 -0.9963
vn 0.0036 0.0860 -0.9963
vn 0.0036 -0.1031 -0.9947
vn -0.9993 -0.0375 -0.0050
vn -0.9993 -0.0373 -0.0000
vn -0.9985 0.0538 -0.0000
vn -0.9985 0.0540 -0.0113
vn 0.9993 -0.0375 0.0050
vn 0.9993 -0.0373 -0.0000
vn 0.9985 0.0538 -0.0000
vn 0.9985 0.0540 0.0113
vn 0.9993 -0.0374 -0.0050
vn 0.9985 0.0540 -0.0113
vn -0.0036 -0.1031 -0.9947
vn -0.0036 0.0860 -0.9963
vn -0.9985 0.0540 0.0113
vn -0.7045 0.0648 0.7067
vn -0.5587 0.5512 0.6197
vn -0.7067 0.7019 0.0885
vn -0.0027 0.6646 0.7472
vn -0.9993 -0.0374 0.0050
vn -0.8247 -0.5655 0.0069
vn -0.6225 -0.5294 0.5764
vn -0.7121 -0.0586 0.6996
vn -0.0026 -0.7630 0.6464
vn 0.7067 0.7019 0.0885
vn 0.5587 0.5512 0.6197
vn 0.7045 0.0648 0.7067
vn 0.0027 0.6646 0.7472
vn 0.7121 -0.0586 0.6996
vn 0.6225 -0.5294 0.5764
vn 0.8247 -0.5656 0.0069
vn 0.0026 -0.7630 0.6464
vn -0.7067 0.7019 -0.0885
vn -0.5587 0.5512 -0.6197
vn -0.7045 0.0648 -0.7067
vn -0.0027 0.6646 -0.7472
vn -0.7121 -0.0586 -0.6996
vn -0.6225 -0.5294 -0.5764
vn -0.8247 -0.5656 -0.0069
vn -0.0026 -0.7630 -0.6464
vn 0.7045 0.0648 -0.7067
vn 0.5587 0.5512 -0.6197
vn 0.7067 0.7019 -0.0885
vn 0.0027 0.6646 -0.7472
vn 0.8247 -0.5655 -0.0069
vn 0.6225 -0.5294 -0.5764
vn 0.7121 -0.0586 -0.6996
vn 0.0026 -0.7630 -0.6464
vn -0.0000 0.6646 0.7472
vn -0.0000 -0.7634 0.6459
vn -0.7095 0.7047 -0.0000
vn -0.8256 -0.5643 -0.0000
vn 0.7095 0.7047 -0.0000
vn 0.8256 -0.5643 -0.0000
vn -0.0000 0.6646 -0.7472
vn -0.0000 -0.7634 -0.6459
vn 0.9995 -0.0000 -0.0303
vn 0.9941 -0.0000 0.1088
vn -0.9941 -0.0000 0.1088
vn 0.1722 -0.0000 0.9851
vn -0.1722 -0.0000 0.9851
vn 0.9995 0.0001 -0.0303
vn 0.0787 0.0001 -0.9969
vn 0.0787 -0.0000 -0.9969
vn -0.9995 -0.0001 -0.0303
vn -0.9995 -0.0000 -0.0303
vn -0.0787 -0.0000 -0.9969
vn -0.0787 -0.0001 -0.9969
vn -0.8660 0.5000 -0.0000
vn -0.5012 0.8653 0.0029
vn -0.0000 1.0000 0.0059
vn 0.5012 0.8653 0.0029
vn 0.8660 0.5000 -0.0000
vn 0.8660 -0.5000 -0.0000
vn 0.5012 -0.8653 0.0030
vn -0.0000 -1.0000 0.0059
vn -0.5012 -0.8653 0.0030
vn -0.8660 -0.5000 -0.0000
vn -0.9944 0.0041 0.1059
vn -0.8509 -0.5144 -0.1069
vn -0.8144 -0.5541 -0.1723
vn -0.0519 -0.9434 -0.3275
vn -0.3442 -0.9233 -0.1705
vn -0.0000 -0.9915 -0.1299
vn -0.0000 -0.6398 0.7685
vn -0.0000 -0.0272 0.9996
vn -0.0000 0.6385 -0.7696
vn -0.0000 0.9701 -0.2428
vn -0.0000 0.8302 0.5575
vn 0.0001 0.8302 0.5575
vn -0.0000 0.7982 0.6024
vn -0.9942 0.0652 0.0850
vn -0.0000 -0.9671 0.2544
vn -0.0000 -0.8362 0.5484
vn -0.0000 0.0135 0.9999
vn -0.0000 0.4704 0.8825
vn 0.0519 -0.9434 -0.3275
vn 0.8144 -0.5541 -0.1723
vn -0.0000 -0.4574 -0.8893
vn 0.9942 0.0652 0.0850
vn 0.9942 0.0035 0.1072
vn 0.8638 0.0166 0.5035
vn -0.8638 0.0166 0.5035
vn -0.9942 0.0035 0.1072
vn -0.9942 0.0036 0.1072
vn -0.0000 -0.9683 0.2498
vn -0.0000 -0.0078 -1.0000
vn -0.0001 0.0206 -0.9998
vn -0.0000 0.0206 -0.9998
vn 0.8509 -0.5144 -0.1069
vn 0.9944 0.0041 0.1059
vn -0.0000 0.9726 0.2324
vn -0.0000 0.9934 -0.1143
vn -0.8117 -0.0195 0.5837
vn -0.9436 0.2484 0.2190
vn 0.4344 -0.7954 0.4227
vn 0.7696 -0.4539 0.4491
vn 0.3442 -0.9233 -0.1705
vn -0.0000 -0.8932 0.4498
vn -0.4344 -0.7954 0.4227
vn -0.7696 -0.4539 0.4491
vn 0.8117 -0.0195 0.5837
vn 0.9436 0.2484 0.2190
vn -0.1725 0.9850 -0.0000
vn -0.1724 0.9850 -0.0000
vn -0.9873 0.1588 -0.0000
vn -0.9873 0.1588 0.0005
vn 0.1725 0.9850 -0.0000
vn 0.1724 0.9850 -0.0000
vn 0.9873 0.1588 -0.0000
vn 0.9873 0.1587 -0.0000
vn 0.0769 -0.9970 -0.0000
vn -0.2380 0.4087 0.8811
vn -0.0000 0.4710 0.8821
vn 0.9956 -0.0942 -0.0000
vn 0.9956 -0.0942 -0.0008
vn -0.0769 -0.9970 -0.0000
vn -0.8521 -0.0011 0.5234
vn -0.8508 -0.0519 0.5229
vn -0.8508 -0.0519 0.5230
vn 0.8508 -0.0519 0.5229
vn 0.7374 -0.4260 0.5241
vn 0.7375 -0.4260 0.5241
vn 0.4266 -0.7360 0.5256
vn 0.4264 -0.7361 0.5256
vn -0.0000 -0.8495 0.5275
vn -0.4262 -0.7363 0.5256
vn -0.4264 -0.7361 0.5256
vn -0.7374 -0.4260 0.5241
vn -0.7375 -0.4260 0.5241
vn 0.8521 -0.0011 0.5234
vn 0.8521 -0.0013 0.5233
vn -0.8522 -0.0013 0.5233
vn -0.0000 -0.4710 0.8821
vn -0.2385 -0.4084 0.8811
vn -0.4710 -0.0000 0.8821
vn -0.4084 0.2385 0.8811
vn -0.4084 -0.2385 0.8811
vn 0.4710 -0.0000 0.8821
vn 0.4086 -0.2382 0.8811
vn 0.2380 -0.4087 0.8811
vn 0.2385 0.4084 0.8811
vn 0.4087 0.2380 0.8811
vn 0.8640 0.5034 -0.0000
vn 0.5034 0.8640 -0.0000
vn 0.8641 0.5034 -0.0000
vn 0.8641 -0.5034 -0.0000
vn -0.5034 0.8640 -0.0000
vn 0.5034 -0.8640 -0.0000
vn -0.8641 0.5034 -0.0000
vn -0.5034 -0.8641 -0.0000
vn -0.8640 -0.5034 -0.0000
vn -0.8641 -0.5034 -0.0000
vn -0.7077 -0.7065 -0.0000
vn -0.7080 -0.7062 -0.0000
vn -0.9956 -0.0942 -0.0000
vn -0.7062 0.7080 -0.0000
vn -0.7061 0.7081 -0.0000
vn 0.7080 -0.7062 -0.0000
vn 0.7077 -0.7065 -0.0000
vn 0.7061 0.7081 -0.0000
vn 0.7062 0.7080 -0.0000
vn -0.0000 0.9994 0.0350
vn -0.0000 0.7717 0.6359
vn 0.5475 0.5475 0.6329
vn 0.7067 0.7067 0.0350
vn 0.7717 -0.0000 0.6360
vn 0.9994 -0.0000 0.0351
vn 0.5475 -0.5475 0.6329
vn 0.7067 -0.7067 0.0350
vn -0.0000 -0.7717 0.6359
vn -0.0000 -0.9994 0.0350
vn -0.5475 -0.5475 0.6329
vn -0.7067 -0.7067 0.0350
vn -0.7717 -0.0000 0.6360
vn -0.9994 -0.0000 0.0351
vn -0.5475 0.5475 0.6329
vn -0.7067 0.7067 0.0350
vn -0.9994 -0.0000 0.0350
vn -0.7717 -0.0000 0.6359
vn 0.9994 -0.0000 0.0350
vn -0.0000 0.9994 0.0351
vn -0.0000 0.7717 0.6360
vn 0.7067 0.7067 0.0351
vn 0.7067 -0.7067 0.0351
vn -0.0000 -0.7717 0.6360
vn -0.0000 -0.9994 0.0351
vn -0.7067 -0.7067 0.0351
vn -0.7067 0.7067 0.0351
vn 0.7717 -0.0000 0.6359
vn 0.0351 0.9994 -0.0000
vn 0.6360 0.7717 -0.0000
vn 0.6329 0.5475 -0.5475
vn 0.0351 0.7067 -0.7067
vn 0.6360 -0.0000 -0.7717
vn 0.0350 -0.0000 -0.9994
vn 0.6329 -0.5475 -0.5475
vn 0.0351 -0.7067 -0.7067
vn 0.6360 -0.7717 -0.0000
vn 0.0351 -0.9994 -0.0000
vn 0.6329 -0.5475 0.5475
vn 0.0351 -0.7067 0.7067
vn 0.6360 -0.0000 0.7717
vn 0.0350 -0.0000 0.9994
vn 0.6329 0.5475 0.5475
vn 0.0350 0.7067 0.7067
vn 0.0350 -0.7067 -0.7067
vn 0.0350 -0.7067 0.7067
vn 0.0351 0.7067 0.7067
vn 0.6359 0.7717 -0.0000
vn 0.0350 0.7067 -0.7067
vn 0.6359 -0.0000 -0.7717
vn 0.6359 -0.7717 -0.0000
vn 0.0350 -0.9994 -0.0000
vn 0.6359 -0.0000 0.7717
vn 0.0350 0.9994 -0.0000
vn 0.6359 0.7718 -0.0000
vn 0.0351 -0.0000 -0.9994
vn 0.0351 -0.0000 0.9994
vn -0.0351 0.9994 -0.0000
vn -0.0350 0.7067 -0.7067
vn -0.6329 0.5475 -0.5475
vn -0.6359 0.7717 -0.0000
vn -0.0350 -0.0000 -0.9994
vn -0.6359 -0.0000 -0.7717
vn -0.0351 -0.7067 -0.7067
vn -0.6329 -0.5475 -0.5475
vn -0.0351 -0.9994 -0.0000
vn -0.6360 -0.7717 -0.0000
vn -0.0351 -0.7067 0.7067
vn -0.6329 -0.5475 0.5475
vn -0.0350 -0.0000 0.9994
vn -0.6359 -0.0000 0.7717
vn -0.0350 0.7067 0.7067
vn -0.6329 0.5475 0.5475
vn -0.0351 0.7067 -0.7067
vn -0.6360 0.7717 -0.0000
vn -0.6360 -0.0000 -0.7717
vn -0.6360 -0.0000 0.7717
vn -0.0351 0.7067 0.7067
vn -0.0351 -0.0000 -0.9994
vn -0.0351 -0.0000 0.9994
vn -0.0350 -0.7067 -0.7067
vn -0.0350 -0.7067 0.7067
vn -0.0000 0.9994 -0.0351
vn -0.0000 0.7717 -0.6360
vn -0.5475 0.5475 -0.6329
vn -0.7067 0.7067 -0.0350
vn -0.7717 -0.0000 -0.6359
vn -0.9994 -0.0000 -0.0350
vn -0.5475 -0.5475 -0.6329
vn -0.7067 -0.7067 -0.0351
vn -0.0000 -0.7717 -0.6360
vn -0.0000 -0.9994 -0.0351
vn 0.5475 -0.5475 -0.6329
vn 0.7067 -0.7067 -0.0350
vn 0.7717 -0.0000 -0.6360
vn 0.9994 -0.0000 -0.0350
vn 0.5475 0.5475 -0.6329
vn 0.7067 0.7067 -0.0351
vn -0.0000 0.7717 -0.6359
vn -0.7717 -0.0000 -0.6360
vn 0.7067 0.7067 -0.0350
vn -0.7067 0.7067 -0.0351
vn -0.9994 -0.0000 -0.0351
vn -0.7067 -0.7067 -0.0350
vn -0.0000 -0.7717 -0.6359
vn -0.0000 -0.9994 -0.0350
vn 0.9994 -0.0000 -0.0351
vn -0.0000 0.9994 -0.0350
vn 0.7717 -0.0000 -0.6359
vn 0.7067 -0.7067 -0.0351
vn 0.6329 0.5474 -0.5475
vn -0.0350 -0.9994 -0.0000
vn -0.6359 -0.7717 -0.0000
vn -0.0350 0.9994 -0.0000
vt 0.785683 0.713467
vt 0.797740 0.695230
vt 0.797740 0.701409
vt 0.988135 0.744368
vt 0.988135 0.386659
vt 0.993762 0.386659
vt 0.993762 0.744368
vt 0.925140 0.006242
vt 0.913206 0.006241
vt 0.913206 0.004395
vt 0.925141 0.004395
vt 0.718313 0.418531
vt 0.715901 0.414512
vt 0.722332 0.418531
vt 0.004393 0.291411
vt 0.362102 0.291411
vt 0.362102 0.363144
vt 0.004393 0.363144
vt 0.294655 0.970297
vt 0.291842 0.962259
vt 0.360761 0.962259
vt 0.366388 0.970297
vt 0.250917 0.869610
vt 0.220984 0.869610
vt 0.220984 0.865591
vt 0.250917 0.865591
vt 0.378931 0.994832
vt 0.378931 0.990812
vt 0.551757 0.990812
vt 0.551757 0.994832
vt 0.764832 0.353921
vt 0.756794 0.353921
vt 0.757500 0.352215
vt 0.995253 0.177223
vt 0.995253 0.350049
vt 0.991234 0.350049
vt 0.991234 0.177223
vt 0.370140 0.388286
vt 0.362102 0.381660
vt 0.370140 0.375677
vt 0.717606 0.413806
vt 0.736633 0.740018
vt 0.744672 0.740018
vt 0.744672 0.859790
vt 0.736633 0.859790
vt 0.756792 0.513334
vt 0.772869 0.513334
vt 0.772869 0.871042
vt 0.756792 0.871042
vt 0.776888 0.513334
vt 0.776888 0.871042
vt 0.004393 0.548503
vt 0.004393 0.375677
vt 0.012431 0.381660
vt 0.012431 0.548503
vt 0.362102 0.375677
vt 0.354416 0.381660
vt 0.699824 0.426570
vt 0.698529 0.414512
vt 0.701529 0.425863
vt 0.702236 0.424158
vt 0.057237 0.392906
vt 0.045318 0.392906
vt 0.045318 0.391060
vt 0.057238 0.391059
vt 0.355225 0.869610
vt 0.349047 0.869610
vt 0.349047 0.865590
vt 0.361656 0.865590
vt 0.009483 0.970297
vt 0.007778 0.969591
vt 0.015110 0.962259
vt 0.757500 0.475398
vt 0.756794 0.473693
vt 0.764832 0.468066
vt 0.370140 0.363144
vt 0.370140 0.364990
vt 0.362102 0.364990
vt 0.736633 0.738172
vt 0.744672 0.738172
vt 0.033260 0.392906
vt 0.021227 0.392905
vt 0.021227 0.391060
vt 0.033260 0.391060
vt 0.809774 0.703254
vt 0.797741 0.703254
vt 0.809774 0.701408
vt 0.901160 0.006240
vt 0.889115 0.006239
vt 0.889115 0.004393
vt 0.901160 0.004394
vt 0.033271 0.518541
vt 0.021225 0.518541
vt 0.021225 0.516695
vt 0.033271 0.516696
vt 0.744672 0.861636
vt 0.736633 0.861636
vt 0.995608 0.744368
vt 0.995608 0.752406
vt 0.993762 0.752406
vt 0.786390 0.715172
vt 0.798447 0.703114
vt 0.580052 0.426570
vt 0.578347 0.425863
vt 0.590404 0.413806
vt 0.592110 0.414512
vt 0.702236 0.414512
vt 0.702236 0.418531
vt 0.356931 0.870316
vt 0.370140 0.411850
vt 0.362102 0.411850
vt 0.640235 0.871042
vt 0.754380 0.871042
vt 0.754380 0.875061
vt 0.640235 0.875062
vt 0.764832 0.351509
vt 0.759205 0.351509
vt 0.772869 0.875061
vt 0.204324 0.427063
vt 0.091973 0.427061
vt 0.091973 0.415142
vt 0.198391 0.415143
vt 0.833751 0.703252
vt 0.821832 0.703253
vt 0.821832 0.701407
vt 0.833751 0.701406
vt 0.809774 0.695230
vt 0.821831 0.695229
vt 0.901160 0.012418
vt 0.913205 0.012419
vt 0.785683 0.356558
vt 0.797740 0.368616
vt 0.797740 0.374795
vt 0.217611 0.427064
vt 0.215764 0.427064
vt 0.215764 0.415143
vt 0.217610 0.415143
vt 0.362102 0.979833
vt 0.362102 0.985460
vt 0.004393 0.985460
vt 0.004393 0.979833
vt 0.901148 0.332853
vt 0.913205 0.332852
vt 0.913206 0.339031
vt 0.901148 0.339031
vt 0.282709 0.534388
vt 0.282709 0.538407
vt 0.278690 0.531977
vt 0.370140 0.610589
vt 0.362102 0.610589
vt 0.362102 0.580464
vt 0.370140 0.580464
vt 0.724583 0.994832
vt 0.724583 0.990812
vt 0.307571 0.515895
vt 0.300238 0.517600
vt 0.299532 0.515895
vt 0.991234 0.004397
vt 0.995253 0.004397
vt 0.370140 0.708719
vt 0.370140 0.721328
vt 0.362102 0.715345
vt 0.277983 0.533682
vt 0.362102 0.853201
vt 0.362102 0.733429
vt 0.370140 0.733429
vt 0.370140 0.853201
vt 0.427974 0.883290
vt 0.785683 0.883290
vt 0.785683 0.899367
vt 0.427974 0.899367
vt 0.785683 0.903386
vt 0.427974 0.903386
vt 0.012431 0.715345
vt 0.004393 0.721328
vt 0.362102 0.721328
vt 0.354416 0.715345
vt 0.290747 0.515900
vt 0.290041 0.517605
vt 0.278690 0.514604
vt 0.288336 0.518311
vt 0.090127 0.427062
vt 0.090128 0.415142
vt 0.022436 0.869610
vt 0.016005 0.865591
vt 0.028614 0.865591
vt 0.028614 0.869610
vt 0.368093 0.969591
vt 0.300238 0.394418
vt 0.307571 0.401750
vt 0.299532 0.396123
vt 0.362102 0.006239
vt 0.362101 0.004394
vt 0.370140 0.004394
vt 0.370140 0.006239
vt 0.362102 0.855047
vt 0.370140 0.855047
vt 0.091974 0.403084
vt 0.090128 0.403084
vt 0.090128 0.391051
vt 0.091974 0.391051
vt 0.809774 0.366771
vt 0.809774 0.368617
vt 0.797741 0.366771
vt 0.901148 0.340877
vt 0.889115 0.340877
vt 0.889115 0.339032
vt 0.217610 0.403085
vt 0.215764 0.403085
vt 0.215764 0.391051
vt 0.217610 0.391051
vt 0.362102 0.731583
vt 0.370140 0.731583
vt 0.362102 0.987306
vt 0.370140 0.985460
vt 0.370140 0.987306
vt 0.786390 0.354853
vt 0.798447 0.366911
vt 0.290747 0.396128
vt 0.278690 0.408185
vt 0.277983 0.406480
vt 0.290041 0.394422
vt 0.282709 0.518311
vt 0.278690 0.518311
vt 0.889115 0.332853
vt 0.020730 0.870316
vt 0.082111 0.865591
vt 0.126744 0.865591
vt 0.126744 0.869610
vt 0.082111 0.869610
vt 0.785683 0.766733
vt 0.789702 0.766733
vt 0.789702 0.880878
vt 0.785683 0.880878
vt 0.307571 0.518307
vt 0.301944 0.518307
vt 0.789702 0.899367
vt 0.913206 0.340876
vt 0.833751 0.368619
vt 0.856714 0.368624
vt 0.856723 0.374797
vt 0.833750 0.374797
vt 0.833751 0.366773
vt 0.821832 0.368618
vt 0.821832 0.366772
vt 0.821831 0.374796
vt 0.809774 0.374796
vt 0.215759 0.450037
vt 0.217602 0.450069
vt 0.752311 0.110806
vt 0.752311 0.066172
vt 0.753308 0.066172
vt 0.753308 0.110806
vt 0.057237 0.510746
vt 0.080211 0.392909
vt 0.080211 0.516693
vt 0.754676 0.309548
vt 0.754677 0.333112
vt 0.753307 0.333113
vt 0.753308 0.309548
vt 0.948098 0.035983
vt 0.928656 0.035982
vt 0.925127 0.012420
vt 0.948097 0.012420
vt 0.889114 0.012417
vt 0.833750 0.695228
vt 0.856723 0.695228
vt 0.856714 0.701401
vt 0.080243 0.518536
vt 0.057253 0.518544
vt 0.057253 0.516697
vt 0.856723 0.502859
vt 0.856723 0.472925
vt 0.857720 0.472925
vt 0.857720 0.502859
vt 0.877951 0.036239
vt 0.877951 0.066172
vt 0.754676 0.066172
vt 0.754676 0.036239
vt 0.045317 0.518542
vt 0.045317 0.516696
vt 0.925125 0.339030
vt 0.925126 0.340876
vt 0.198391 0.391051
vt 0.198391 0.403085
vt 0.033270 0.502871
vt 0.021226 0.499323
vt 0.045317 0.506419
vt 0.188830 0.869610
vt 0.188830 0.865591
vt 0.295550 0.869610
vt 0.295550 0.865591
vt 0.325483 0.869610
vt 0.325483 0.865590
vt 0.754677 0.012674
vt 0.753308 0.036239
vt 0.753307 0.012673
vt 0.370140 0.548502
vt 0.362102 0.548502
vt 0.362102 0.516349
vt 0.370140 0.516349
vt 0.156868 0.869610
vt 0.156868 0.865591
vt 0.362102 0.486415
vt 0.370140 0.486415
vt 0.362102 0.441783
vt 0.370140 0.441783
vt 0.084029 0.962259
vt 0.081216 0.970297
vt 0.293136 0.880970
vt 0.362055 0.880970
vt 0.362055 0.884989
vt 0.293136 0.884989
vt 0.362101 0.122605
vt 0.362101 0.184692
vt 0.004393 0.184692
vt 0.004393 0.122605
vt 0.085323 0.884989
vt 0.016404 0.884989
vt 0.016404 0.880970
vt 0.085323 0.880970
vt 0.362101 0.246779
vt 0.370140 0.184692
vt 0.370140 0.246779
vt 0.370140 0.122605
vt 0.004393 0.987306
vt 0.004393 0.733429
vt 0.004393 0.731583
vt 0.004393 0.855047
vt 0.004393 0.853201
vt 0.004393 0.006239
vt 0.004393 0.004393
vt 0.419936 0.899367
vt 0.419936 0.903386
vt 0.419936 0.883290
vt 0.370140 0.979833
vt 0.995608 0.386659
vt 0.378925 0.859790
vt 0.378925 0.861636
vt 0.378925 0.738172
vt 0.378925 0.740018
vt 0.004393 0.364990
vt 0.772869 0.505295
vt 0.776888 0.505295
vt 0.756792 0.505295
vt 0.988135 0.752406
vt 0.797739 0.398358
vt 0.785680 0.428291
vt 0.797738 0.428291
vt 0.128779 0.884990
vt 0.128779 0.880970
vt 0.127485 0.962259
vt 0.125848 0.970297
vt 0.362102 0.077972
vt 0.004393 0.077972
vt 0.004393 0.246779
vt 0.370140 0.291411
vt 0.250022 0.970297
vt 0.248385 0.962259
vt 0.370140 0.077972
vt 0.249679 0.880970
vt 0.249679 0.884989
vt 0.877951 0.012675
vt 0.878906 0.005796
vt 0.877950 0.005392
vt 0.878153 0.004395
vt 0.879663 0.005038
vt 0.081263 0.391259
vt 0.081208 0.392926
vt 0.080243 0.391065
vt 0.879310 0.006752
vt 0.880307 0.006546
vt 0.857710 0.701385
vt 0.857766 0.703050
vt 0.856746 0.703244
vt 0.753722 0.005795
vt 0.753317 0.006751
vt 0.752321 0.006546
vt 0.752965 0.005038
vt 0.949140 0.004598
vt 0.949084 0.006263
vt 0.948088 0.006246
vt 0.948120 0.004404
vt 0.754678 0.005392
vt 0.754475 0.004395
vt 0.081208 0.516675
vt 0.879321 0.012674
vt 0.880320 0.012673
vt 0.857724 0.695229
vt 0.081263 0.518342
vt 0.090132 0.450067
vt 0.091976 0.450035
vt 0.091993 0.451032
vt 0.090327 0.451087
vt 0.879663 0.340749
vt 0.878153 0.341391
vt 0.877950 0.340395
vt 0.878906 0.339991
vt 0.856746 0.366781
vt 0.857766 0.366975
vt 0.857710 0.368640
vt 0.880307 0.339240
vt 0.879310 0.339035
vt 0.948120 0.340868
vt 0.948088 0.339025
vt 0.949084 0.339009
vt 0.949140 0.340674
vt 0.752965 0.340749
vt 0.752321 0.339240
vt 0.753317 0.339035
vt 0.753722 0.339991
vt 0.215742 0.451034
vt 0.754475 0.341391
vt 0.754678 0.340395
vt 0.217408 0.451089
vt 0.754676 0.110806
vt 0.754676 0.140739
vt 0.753308 0.140739
vt 0.949098 0.012419
vt 0.949094 0.035983
vt 0.928655 0.170415
vt 0.928655 0.140482
vt 0.948097 0.140482
vt 0.948097 0.172636
vt 0.752311 0.036239
vt 0.752308 0.012673
vt 0.877951 0.110806
vt 0.877951 0.140739
vt 0.949094 0.140482
vt 0.949094 0.172636
vt 0.752311 0.172893
vt 0.752311 0.140739
vt 0.753308 0.172893
vt 0.856723 0.428293
vt 0.857720 0.428293
vt 0.949094 0.234724
vt 0.949094 0.279356
vt 0.948098 0.279356
vt 0.948098 0.234724
vt 0.753308 0.205047
vt 0.752311 0.205047
vt 0.880316 0.172893
vt 0.880316 0.205047
vt 0.879320 0.205047
vt 0.879320 0.172893
vt 0.856723 0.398360
vt 0.857724 0.374796
vt 0.857720 0.398360
vt 0.949094 0.309289
vt 0.949098 0.332853
vt 0.948098 0.332851
vt 0.948098 0.309289
vt 0.949094 0.204790
vt 0.948097 0.204790
vt 0.877951 0.205047
vt 0.877951 0.234981
vt 0.754676 0.234981
vt 0.754676 0.205047
vt 0.879320 0.140739
vt 0.879320 0.110806
vt 0.880316 0.110806
vt 0.880316 0.140739
vt 0.879320 0.036239
vt 0.880317 0.036239
vt 0.857720 0.567167
vt 0.857720 0.597100
vt 0.856723 0.597100
vt 0.856723 0.567167
vt 0.928655 0.174856
vt 0.928655 0.204790
vt 0.879320 0.234981
vt 0.879320 0.279614
vt 0.877951 0.279614
vt 0.856723 0.535013
vt 0.857720 0.535013
vt 0.877951 0.172893
vt 0.754676 0.172893
vt 0.880317 0.309548
vt 0.880320 0.333114
vt 0.879321 0.333113
vt 0.879320 0.309548
vt 0.880316 0.234981
vt 0.928655 0.110548
vt 0.948097 0.110548
vt 0.752308 0.333114
vt 0.857720 0.671665
vt 0.856723 0.671665
vt 0.877948 0.339031
vt 0.877951 0.333112
vt 0.021226 0.503030
vt 0.754680 0.006756
vt 0.754676 0.279614
vt 0.880316 0.279614
vt 0.928655 0.234724
vt 0.857720 0.641733
vt 0.856723 0.641733
vt 0.879320 0.066172
vt 0.753308 0.234981
vt 0.753308 0.279614
vt 0.752311 0.279614
vt 0.752311 0.234981
vt 0.877951 0.309548
vt 0.880316 0.066172
vt 0.948097 0.065915
vt 0.949094 0.065915
vt 0.949094 0.110548
vt 0.752311 0.309548
vt 0.754680 0.339031
vt 0.877948 0.006756
vt 0.202098 0.391051
vt 0.925125 0.332852
vt 0.928656 0.309289
vt 0.837281 0.597100
vt 0.837282 0.641733
vt 0.928656 0.065915
vt 0.837281 0.472925
vt 0.837281 0.428292
vt 0.928656 0.279357
vt 0.663232 0.494663
vt 0.665129 0.494138
vt 0.666213 0.496027
vt 0.664365 0.496339
vt 0.667145 0.493904
vt 0.667945 0.495846
vt 0.666463 0.492114
vt 0.664391 0.492465
vt 0.668152 0.497695
vt 0.667045 0.497624
vt 0.662560 0.492970
vt 0.665703 0.497300
vt 0.306837 0.583150
vt 0.283271 0.583150
vt 0.285080 0.582185
vt 0.305028 0.582185
vt 0.281198 0.569966
vt 0.283007 0.569001
vt 0.302955 0.569001
vt 0.304764 0.569966
vt 0.911150 0.113762
vt 0.909945 0.113736
vt 0.909945 0.110548
vt 0.910775 0.116126
vt 0.910775 0.132683
vt 0.909945 0.132683
vt 0.909945 0.116126
vt 0.916597 0.110548
vt 0.915713 0.111403
vt 0.913961 0.111695
vt 0.913064 0.110548
vt 0.912168 0.112525
vt 0.308055 0.584543
vt 0.282053 0.584543
vt 0.686430 0.492114
vt 0.685749 0.493904
vt 0.684948 0.495846
vt 0.684741 0.497695
vt 0.689661 0.494663
vt 0.688529 0.496339
vt 0.686681 0.496028
vt 0.687765 0.494138
vt 0.688503 0.492465
vt 0.685848 0.497624
vt 0.690334 0.492970
vt 0.687191 0.497300
vt 0.915713 0.137405
vt 0.916597 0.137405
vt 0.916597 0.143557
vt 0.915713 0.143557
vt 0.910823 0.115059
vt 0.897888 0.062726
vt 0.897888 0.065914
vt 0.889112 0.065914
vt 0.279981 0.571359
vt 0.305982 0.571359
vt 0.911150 0.135046
vt 0.911150 0.145917
vt 0.909945 0.145890
vt 0.909945 0.135073
vt 0.901903 0.143849
vt 0.901903 0.137113
vt 0.903655 0.137405
vt 0.903655 0.143557
vt 0.321437 0.491633
vt 0.321437 0.510237
vt 0.319495 0.509436
vt 0.319495 0.492433
vt 0.320678 0.487720
vt 0.321203 0.489617
vt 0.319314 0.490701
vt 0.319002 0.488853
vt 0.323227 0.490951
vt 0.322876 0.488879
vt 0.317646 0.492640
vt 0.317717 0.491533
vt 0.322372 0.487048
vt 0.318041 0.490190
vt 0.913961 0.169268
vt 0.913064 0.170415
vt 0.912167 0.168438
vt 0.910775 0.148280
vt 0.910775 0.164837
vt 0.909945 0.164837
vt 0.909945 0.148280
vt 0.910823 0.133750
vt 0.897889 0.041390
vt 0.897889 0.043780
vt 0.889113 0.035981
vt 0.323226 0.510919
vt 0.317646 0.509229
vt 0.320677 0.514149
vt 0.319002 0.513017
vt 0.319313 0.511169
vt 0.321203 0.512253
vt 0.322875 0.512991
vt 0.317717 0.510336
vt 0.322371 0.514822
vt 0.318040 0.511679
vt 0.910823 0.165904
vt 0.915713 0.169560
vt 0.916597 0.170415
vt 0.909945 0.170415
vt 0.909945 0.167227
vt 0.911150 0.167201
vt 0.912167 0.136283
vt 0.913961 0.137114
vt 0.913961 0.143849
vt 0.912167 0.144680
vt 0.901006 0.170415
vt 0.901006 0.174856
vt 0.897887 0.174857
vt 0.897887 0.170415
vt 0.916597 0.174856
vt 0.913064 0.174856
vt 0.922003 0.170415
vt 0.922003 0.174856
vt 0.897887 0.110547
vt 0.889111 0.110547
vt 0.910823 0.147213
vt 0.250418 0.561187
vt 0.252227 0.560222
vt 0.272175 0.560222
vt 0.273984 0.561187
vt 0.912169 0.040180
vt 0.913066 0.035982
vt 0.913963 0.039350
vt 0.249200 0.562580
vt 0.275202 0.562580
vt 0.182957 0.529052
vt 0.201561 0.529052
vt 0.200760 0.530994
vt 0.183757 0.530994
vt 0.179044 0.529811
vt 0.180941 0.529286
vt 0.182025 0.531175
vt 0.180177 0.531487
vt 0.182275 0.527262
vt 0.180202 0.527613
vt 0.183964 0.532842
vt 0.182857 0.532771
vt 0.178371 0.528118
vt 0.181515 0.532448
vt 0.913962 0.064767
vt 0.913065 0.065915
vt 0.912168 0.063937
vt 0.910777 0.043780
vt 0.910776 0.060336
vt 0.909946 0.060336
vt 0.909947 0.043780
vt 0.202242 0.527262
vt 0.200554 0.532843
vt 0.205473 0.529810
vt 0.204341 0.531486
vt 0.202493 0.531175
vt 0.203577 0.529285
vt 0.204315 0.527613
vt 0.201661 0.532771
vt 0.206145 0.528117
vt 0.203003 0.532448
vt 0.910824 0.061403
vt 0.915714 0.065059
vt 0.916598 0.065915
vt 0.909946 0.065915
vt 0.909946 0.062726
vt 0.911151 0.062700
vt 0.909947 0.035982
vt 0.911152 0.041417
vt 0.901008 0.065914
vt 0.901007 0.110548
vt 0.909947 0.041390
vt 0.910824 0.042713
vt 0.916599 0.035982
vt 0.915715 0.039058
vt 0.095607 0.553694
vt 0.095082 0.551797
vt 0.096971 0.550713
vt 0.097283 0.552561
vt 0.094848 0.549781
vt 0.096790 0.548981
vt 0.093058 0.550463
vt 0.093409 0.552536
vt 0.098639 0.548774
vt 0.098567 0.549881
vt 0.093913 0.554366
vt 0.098244 0.551224
vt 0.046835 0.594571
vt 0.046835 0.571005
vt 0.047800 0.572814
vt 0.047800 0.592762
vt 0.035776 0.629713
vt 0.034811 0.627903
vt 0.034811 0.607956
vt 0.035776 0.606147
vt 0.899093 0.113762
vt 0.897887 0.113736
vt 0.898717 0.116126
vt 0.898717 0.132682
vt 0.897887 0.132682
vt 0.897887 0.116126
vt 0.904539 0.110548
vt 0.903655 0.111403
vt 0.901904 0.111695
vt 0.900110 0.112525
vt 0.045442 0.595789
vt 0.045442 0.569787
vt 0.093058 0.530496
vt 0.094848 0.531177
vt 0.096790 0.531978
vt 0.098639 0.532185
vt 0.095607 0.527265
vt 0.097283 0.528397
vt 0.096971 0.530245
vt 0.095082 0.529161
vt 0.093409 0.528423
vt 0.098567 0.531078
vt 0.093913 0.526592
vt 0.098244 0.529735
vt 0.904539 0.137405
vt 0.904539 0.143557
vt 0.898765 0.115059
vt 0.904541 0.035981
vt 0.901009 0.035981
vt 0.037169 0.630931
vt 0.037169 0.604929
vt 0.899092 0.135046
vt 0.899092 0.145917
vt 0.897887 0.145890
vt 0.897887 0.135073
vt 0.922003 0.135073
vt 0.922003 0.145890
vt 0.549070 0.504888
vt 0.567674 0.504889
vt 0.566873 0.506831
vt 0.549870 0.506831
vt 0.545157 0.505648
vt 0.547054 0.505122
vt 0.548138 0.507012
vt 0.546290 0.507324
vt 0.548388 0.503099
vt 0.546315 0.503450
vt 0.550077 0.508679
vt 0.548970 0.508608
vt 0.544485 0.503954
vt 0.547627 0.508285
vt 0.901903 0.169268
vt 0.900109 0.168438
vt 0.898717 0.148280
vt 0.898717 0.164837
vt 0.897887 0.164837
vt 0.897887 0.148280
vt 0.898765 0.133750
vt 0.897887 0.167227
vt 0.889110 0.172636
vt 0.568355 0.503099
vt 0.566666 0.508679
vt 0.571586 0.505648
vt 0.570454 0.507324
vt 0.568606 0.507012
vt 0.569690 0.505123
vt 0.570428 0.503450
vt 0.567773 0.508608
vt 0.572259 0.503954
vt 0.569116 0.508285
vt 0.898765 0.165904
vt 0.903655 0.169560
vt 0.904539 0.170415
vt 0.899092 0.167201
vt 0.900109 0.136283
vt 0.900109 0.144680
vt 0.889110 0.140673
vt 0.925122 0.170415
vt 0.925122 0.174856
vt 0.904539 0.174856
vt 0.897889 0.035981
vt 0.925123 0.035982
vt 0.922004 0.035982
vt 0.898765 0.147213
vt 0.084961 0.566601
vt 0.085926 0.568410
vt 0.085926 0.588358
vt 0.084961 0.590167
vt 0.900112 0.040179
vt 0.901905 0.039349
vt 0.083568 0.565383
vt 0.083568 0.591385
vt 0.111545 0.529052
vt 0.130149 0.529053
vt 0.129349 0.530994
vt 0.112346 0.530994
vt 0.107633 0.529812
vt 0.109529 0.529287
vt 0.110613 0.531176
vt 0.108765 0.531488
vt 0.110863 0.527263
vt 0.108791 0.527614
vt 0.112553 0.532843
vt 0.111446 0.532772
vt 0.106960 0.528119
vt 0.110103 0.532449
vt 0.901904 0.064767
vt 0.900111 0.063936
vt 0.898719 0.043780
vt 0.898719 0.060336
vt 0.897888 0.060336
vt 0.130831 0.527263
vt 0.129142 0.532843
vt 0.134062 0.529811
vt 0.132929 0.531487
vt 0.131081 0.531176
vt 0.132165 0.529286
vt 0.132903 0.527614
vt 0.130249 0.532772
vt 0.134734 0.528118
vt 0.131592 0.532449
vt 0.898766 0.061403
vt 0.903656 0.065059
vt 0.904540 0.065914
vt 0.899094 0.062699
vt 0.899095 0.041416
vt 0.925123 0.065915
vt 0.925122 0.110548
vt 0.922003 0.110548
vt 0.922003 0.065915
vt 0.898767 0.042713
vt 0.903657 0.039057
vt 0.163219 0.514430
vt 0.165116 0.513905
vt 0.166200 0.515794
vt 0.164352 0.516106
vt 0.167132 0.513671
vt 0.167932 0.515613
vt 0.166450 0.511881
vt 0.164378 0.512232
vt 0.168139 0.517462
vt 0.167032 0.517390
vt 0.162547 0.512737
vt 0.165689 0.517067
vt 0.279191 0.548004
vt 0.255625 0.548004
vt 0.257434 0.547039
vt 0.277382 0.547039
vt 0.249498 0.578756
vt 0.251308 0.577791
vt 0.271255 0.577791
vt 0.273065 0.578756
vt 0.923208 0.113763
vt 0.922003 0.113736
vt 0.922833 0.116126
vt 0.922833 0.132683
vt 0.922003 0.132683
vt 0.922003 0.116126
vt 0.927771 0.111403
vt 0.926019 0.111695
vt 0.924225 0.112526
vt 0.280409 0.549397
vt 0.254407 0.549397
vt 0.186417 0.511881
vt 0.185736 0.513671
vt 0.184935 0.515613
vt 0.184728 0.517462
vt 0.189648 0.514430
vt 0.188516 0.516106
vt 0.186668 0.515794
vt 0.187752 0.513905
vt 0.188490 0.512232
vt 0.185835 0.517391
vt 0.190321 0.512737
vt 0.187178 0.517067
vt 0.927771 0.143558
vt 0.927771 0.137405
vt 0.922881 0.115059
vt 0.248281 0.580149
vt 0.274282 0.580149
vt 0.923208 0.135046
vt 0.923208 0.145917
vt 0.460592 0.506886
vt 0.441988 0.506886
vt 0.442788 0.504944
vt 0.459791 0.504944
vt 0.464504 0.506127
vt 0.462608 0.506652
vt 0.461524 0.504763
vt 0.463372 0.504451
vt 0.461273 0.508676
vt 0.463346 0.508325
vt 0.459585 0.503095
vt 0.460691 0.503167
vt 0.465177 0.507820
vt 0.462034 0.503490
vt 0.926019 0.169268
vt 0.924225 0.168437
vt 0.922833 0.148280
vt 0.922833 0.164837
vt 0.922003 0.164837
vt 0.922003 0.148280
vt 0.922880 0.133750
vt 0.924225 0.136283
vt 0.924225 0.144680
vt 0.441306 0.508676
vt 0.442995 0.503095
vt 0.438075 0.506127
vt 0.439208 0.504451
vt 0.441056 0.504763
vt 0.439972 0.506652
vt 0.439234 0.508325
vt 0.441888 0.503166
vt 0.437403 0.507820
vt 0.440545 0.503490
vt 0.922880 0.165904
vt 0.927771 0.169560
vt 0.922003 0.167227
vt 0.923208 0.167201
vt 0.926019 0.137114
vt 0.926019 0.143849
vt 0.922880 0.147213
vt 0.173695 0.576991
vt 0.171886 0.577956
vt 0.151939 0.577956
vt 0.150129 0.576991
vt 0.924227 0.040180
vt 0.926020 0.039350
vt 0.174913 0.575598
vt 0.148912 0.575598
vt 0.051745 0.554176
vt 0.051745 0.535572
vt 0.053687 0.536372
vt 0.053687 0.553375
vt 0.052505 0.558088
vt 0.051979 0.556192
vt 0.053869 0.555108
vt 0.054180 0.556956
vt 0.049955 0.554858
vt 0.050307 0.556930
vt 0.055536 0.553168
vt 0.055465 0.554276
vt 0.050811 0.558761
vt 0.055142 0.555618
vt 0.926020 0.064767
vt 0.924226 0.063937
vt 0.922834 0.043781
vt 0.922834 0.060336
vt 0.922004 0.060336
vt 0.922004 0.043781
vt 0.049955 0.534891
vt 0.055536 0.536579
vt 0.052504 0.531660
vt 0.054180 0.532792
vt 0.053868 0.534640
vt 0.051979 0.533556
vt 0.050306 0.532818
vt 0.055465 0.535472
vt 0.050810 0.530987
vt 0.055141 0.534130
vt 0.922881 0.061404
vt 0.927771 0.065059
vt 0.922003 0.062726
vt 0.923209 0.062700
vt 0.923209 0.041417
vt 0.922004 0.041391
vt 0.922882 0.042714
vt 0.927772 0.039058
vt 0.909945 0.174856
vt 0.318915 0.452541
vt 0.320591 0.453674
vt 0.320279 0.455522
vt 0.318390 0.454438
vt 0.318156 0.456454
vt 0.320098 0.457254
vt 0.316366 0.455772
vt 0.316717 0.453700
vt 0.321875 0.456354
vt 0.321947 0.457461
vt 0.317222 0.451869
vt 0.321552 0.455012
vt 0.290195 0.543608
vt 0.292004 0.542643
vt 0.311952 0.542643
vt 0.313761 0.543608
vt 0.024109 0.568798
vt 0.024109 0.592364
vt 0.023144 0.590555
vt 0.023144 0.570607
vt 0.911151 0.231509
vt 0.909945 0.234724
vt 0.909945 0.231536
vt 0.910776 0.229146
vt 0.909945 0.229146
vt 0.909945 0.212589
vt 0.910775 0.212589
vt 0.916598 0.234724
vt 0.913065 0.234724
vt 0.913962 0.233576
vt 0.915713 0.233868
vt 0.912168 0.232746
vt 0.288977 0.545001
vt 0.314979 0.545001
vt 0.316366 0.475739
vt 0.318156 0.475058
vt 0.320098 0.474257
vt 0.321946 0.474050
vt 0.318915 0.478970
vt 0.318390 0.477074
vt 0.320279 0.475990
vt 0.320591 0.477838
vt 0.316717 0.477812
vt 0.321875 0.475158
vt 0.317221 0.479643
vt 0.321552 0.476500
vt 0.915713 0.207866
vt 0.915713 0.201714
vt 0.916597 0.201714
vt 0.916597 0.207866
vt 0.910823 0.230213
vt 0.897889 0.282546
vt 0.889112 0.279358
vt 0.897889 0.279357
vt 0.025502 0.567580
vt 0.025502 0.593582
vt 0.911150 0.210225
vt 0.909945 0.210199
vt 0.909945 0.199381
vt 0.911150 0.199355
vt 0.901903 0.201423
vt 0.903655 0.201714
vt 0.903655 0.207866
vt 0.901903 0.208158
vt 0.712740 0.465348
vt 0.711940 0.467290
vt 0.694937 0.467290
vt 0.694136 0.465348
vt 0.716653 0.466107
vt 0.715520 0.467783
vt 0.713672 0.467471
vt 0.714756 0.465582
vt 0.713422 0.463558
vt 0.715494 0.463909
vt 0.712840 0.469068
vt 0.711733 0.469139
vt 0.717325 0.464414
vt 0.714182 0.468744
vt 0.913961 0.176004
vt 0.912167 0.176834
vt 0.910775 0.196991
vt 0.909945 0.196991
vt 0.909945 0.180435
vt 0.910775 0.180435
vt 0.910823 0.211522
vt 0.897890 0.303881
vt 0.889113 0.309290
vt 0.897890 0.301491
vt 0.693455 0.463558
vt 0.695144 0.469139
vt 0.690224 0.466107
vt 0.692120 0.465582
vt 0.693204 0.467471
vt 0.691356 0.467783
vt 0.691382 0.463909
vt 0.694036 0.469068
vt 0.689551 0.464413
vt 0.692694 0.468744
vt 0.910823 0.179368
vt 0.915713 0.175712
vt 0.911150 0.178071
vt 0.909945 0.178045
vt 0.912168 0.208989
vt 0.912167 0.200592
vt 0.913961 0.201422
vt 0.913961 0.208158
vt 0.837281 0.532792
vt 0.837281 0.502858
vt 0.818571 0.537233
vt 0.818571 0.532792
vt 0.821690 0.532792
vt 0.821690 0.537233
vt 0.889111 0.234725
vt 0.897888 0.234724
vt 0.910823 0.198059
vt 0.138286 0.560011
vt 0.138286 0.583577
vt 0.137321 0.581767
vt 0.137321 0.561820
vt 0.912170 0.305091
vt 0.913963 0.305922
vt 0.913067 0.309290
vt 0.139679 0.558793
vt 0.139679 0.584795
vt 0.131430 0.515681
vt 0.132231 0.513739
vt 0.149234 0.513739
vt 0.150034 0.515681
vt 0.127518 0.514922
vt 0.128650 0.513246
vt 0.130498 0.513557
vt 0.129414 0.515447
vt 0.130748 0.517471
vt 0.128676 0.517119
vt 0.131330 0.511961
vt 0.132437 0.511890
vt 0.126845 0.516615
vt 0.129988 0.512285
vt 0.913962 0.280504
vt 0.912169 0.281335
vt 0.913066 0.279357
vt 0.910777 0.301491
vt 0.909947 0.301491
vt 0.909946 0.284935
vt 0.910777 0.284935
vt 0.150716 0.517471
vt 0.149027 0.511890
vt 0.153946 0.514922
vt 0.152050 0.515447
vt 0.150966 0.513558
vt 0.152814 0.513246
vt 0.152788 0.517120
vt 0.150134 0.511961
vt 0.154619 0.516615
vt 0.151476 0.512285
vt 0.910824 0.283868
vt 0.916598 0.279357
vt 0.915714 0.280212
vt 0.909946 0.279357
vt 0.911152 0.282572
vt 0.909946 0.282545
vt 0.909947 0.309290
vt 0.911152 0.303855
vt 0.901008 0.279357
vt 0.901007 0.234724
vt 0.909947 0.303881
vt 0.910825 0.302558
vt 0.915715 0.306214
vt 0.916599 0.309289
vt 0.198919 0.514918
vt 0.200051 0.513242
vt 0.201899 0.513554
vt 0.200815 0.515443
vt 0.202831 0.515677
vt 0.203632 0.513735
vt 0.202149 0.517467
vt 0.200077 0.517116
vt 0.202731 0.511957
vt 0.203838 0.511886
vt 0.198246 0.516611
vt 0.201389 0.512281
vt 0.286406 0.556785
vt 0.288215 0.555820
vt 0.308163 0.555820
vt 0.309972 0.556785
vt 0.241218 0.569973
vt 0.217652 0.569973
vt 0.219461 0.569008
vt 0.239409 0.569008
vt 0.899093 0.231510
vt 0.897888 0.231536
vt 0.898718 0.229146
vt 0.897888 0.229146
vt 0.897887 0.212589
vt 0.898718 0.212589
vt 0.904540 0.234724
vt 0.901904 0.233577
vt 0.903656 0.233869
vt 0.900110 0.232746
vt 0.285188 0.558178
vt 0.311190 0.558178
vt 0.222117 0.517467
vt 0.221435 0.515677
vt 0.220635 0.513735
vt 0.220428 0.511886
vt 0.225348 0.514918
vt 0.223451 0.515443
vt 0.222367 0.513554
vt 0.224215 0.513242
vt 0.224189 0.517116
vt 0.221535 0.511958
vt 0.226020 0.516612
vt 0.222878 0.512281
vt 0.904539 0.201714
vt 0.904539 0.207866
vt 0.898765 0.230213
vt 0.904542 0.309290
vt 0.901009 0.309290
vt 0.242436 0.571366
vt 0.216434 0.571366
vt 0.899093 0.210226
vt 0.897887 0.210199
vt 0.897887 0.199382
vt 0.899092 0.199355
vt 0.922003 0.199381
vt 0.922003 0.210199
vt 0.513380 0.506889
vt 0.514180 0.504947
vt 0.531183 0.504947
vt 0.531984 0.506889
vt 0.509467 0.506130
vt 0.510600 0.504454
vt 0.512448 0.504765
vt 0.511364 0.506655
vt 0.512698 0.508679
vt 0.510626 0.508328
vt 0.513280 0.503169
vt 0.514387 0.503098
vt 0.508794 0.507823
vt 0.511937 0.503493
vt 0.901903 0.176004
vt 0.900109 0.176834
vt 0.898717 0.196992
vt 0.897887 0.196992
vt 0.897887 0.180435
vt 0.898717 0.180435
vt 0.898765 0.211522
vt 0.897887 0.178045
vt 0.532665 0.508679
vt 0.530976 0.503098
vt 0.535896 0.506130
vt 0.534000 0.506655
vt 0.532916 0.504766
vt 0.534764 0.504454
vt 0.534738 0.508328
vt 0.532083 0.503169
vt 0.536569 0.507823
vt 0.533426 0.503493
vt 0.898765 0.179368
vt 0.903655 0.175712
vt 0.899092 0.178071
vt 0.900110 0.208989
vt 0.900110 0.200592
vt 0.889110 0.204599
vt 0.837281 0.537233
vt 0.897890 0.309290
vt 0.925124 0.309289
vt 0.922005 0.309289
vt 0.898765 0.198059
vt 0.122247 0.557813
vt 0.122247 0.581379
vt 0.121282 0.579570
vt 0.121282 0.559623
vt 0.900112 0.305092
vt 0.901906 0.305922
vt 0.123640 0.556596
vt 0.123640 0.582597
vt 0.257133 0.513673
vt 0.256333 0.515615
vt 0.239330 0.515615
vt 0.238529 0.513673
vt 0.261046 0.514432
vt 0.259913 0.516108
vt 0.258065 0.515796
vt 0.259149 0.513907
vt 0.257815 0.511883
vt 0.259888 0.512234
vt 0.257233 0.517393
vt 0.256126 0.517464
vt 0.261719 0.512739
vt 0.258576 0.517069
vt 0.901905 0.280505
vt 0.900111 0.281335
vt 0.898720 0.301491
vt 0.897889 0.284935
vt 0.898719 0.284935
vt 0.237848 0.511883
vt 0.239537 0.517464
vt 0.234617 0.514432
vt 0.236514 0.513907
vt 0.237597 0.515796
vt 0.235749 0.516108
vt 0.235776 0.512234
vt 0.238430 0.517393
vt 0.233945 0.512739
vt 0.237087 0.517069
vt 0.898767 0.283868
vt 0.904541 0.279357
vt 0.903657 0.280213
vt 0.899094 0.282572
vt 0.899095 0.303855
vt 0.925123 0.279357
vt 0.922004 0.279357
vt 0.922003 0.234724
vt 0.925122 0.234724
vt 0.898768 0.302559
vt 0.903658 0.306214
vt 0.334568 0.489918
vt 0.336244 0.491051
vt 0.335932 0.492899
vt 0.334043 0.491814
vt 0.333809 0.493830
vt 0.335751 0.494631
vt 0.332019 0.493149
vt 0.332370 0.491076
vt 0.337528 0.493731
vt 0.337600 0.494838
vt 0.332875 0.489245
vt 0.337205 0.492388
vt 0.686974 0.510655
vt 0.688784 0.509691
vt 0.708731 0.509691
vt 0.710540 0.510655
vt 0.187052 0.544035
vt 0.210618 0.544035
vt 0.208808 0.545000
vt 0.188861 0.545000
vt 0.923208 0.231509
vt 0.922003 0.231535
vt 0.922833 0.229145
vt 0.922003 0.229145
vt 0.922003 0.212589
vt 0.922833 0.212589
vt 0.926019 0.233576
vt 0.927771 0.233868
vt 0.924226 0.232746
vt 0.685757 0.512048
vt 0.711758 0.512048
vt 0.332019 0.513116
vt 0.333809 0.512434
vt 0.335751 0.511634
vt 0.337599 0.511427
vt 0.334568 0.516347
vt 0.334042 0.514450
vt 0.335932 0.513366
vt 0.336244 0.515214
vt 0.332370 0.515188
vt 0.337528 0.512534
vt 0.332874 0.517019
vt 0.337205 0.513877
vt 0.927771 0.201714
vt 0.927771 0.207866
vt 0.922881 0.230213
vt 0.185834 0.542642
vt 0.211835 0.542642
vt 0.923208 0.210225
vt 0.923208 0.199355
vt 0.315824 0.529052
vt 0.315023 0.530994
vt 0.298020 0.530994
vt 0.297220 0.529052
vt 0.319736 0.529811
vt 0.318603 0.531487
vt 0.316756 0.531176
vt 0.317840 0.529286
vt 0.316505 0.527262
vt 0.318578 0.527614
vt 0.315923 0.532772
vt 0.314816 0.532843
vt 0.320409 0.528118
vt 0.317266 0.532448
vt 0.926019 0.176004
vt 0.924225 0.176834
vt 0.922833 0.196991
vt 0.922003 0.196991
vt 0.922003 0.180435
vt 0.922833 0.180435
vt 0.922881 0.211522
vt 0.924225 0.208989
vt 0.924225 0.200592
vt 0.296538 0.527262
vt 0.298227 0.532843
vt 0.293307 0.529811
vt 0.295204 0.529286
vt 0.296288 0.531175
vt 0.294440 0.531487
vt 0.294466 0.527613
vt 0.297120 0.532772
vt 0.292635 0.528118
vt 0.295777 0.532448
vt 0.922880 0.179368
vt 0.927771 0.175712
vt 0.923208 0.178071
vt 0.922003 0.178045
vt 0.926019 0.201422
vt 0.926019 0.208158
vt 0.837282 0.398360
vt 0.922881 0.198058
vt 0.214771 0.583578
vt 0.238337 0.583578
vt 0.236528 0.584542
vt 0.216580 0.584542
vt 0.924227 0.305091
vt 0.926021 0.305921
vt 0.213553 0.582185
vt 0.239555 0.582185
vt 0.023009 0.535572
vt 0.024951 0.536373
vt 0.024951 0.553376
vt 0.023009 0.554176
vt 0.023768 0.531660
vt 0.025444 0.532792
vt 0.025132 0.534640
vt 0.023243 0.533556
vt 0.021219 0.534890
vt 0.021570 0.532818
vt 0.026729 0.535472
vt 0.026800 0.536579
vt 0.022075 0.530987
vt 0.026405 0.534130
vt 0.926020 0.280504
vt 0.924226 0.281334
vt 0.922834 0.301491
vt 0.922004 0.301491
vt 0.922004 0.284935
vt 0.922834 0.284935
vt 0.021219 0.554858
vt 0.026800 0.553169
vt 0.023768 0.558089
vt 0.023243 0.556192
vt 0.025132 0.555108
vt 0.025444 0.556956
vt 0.021570 0.556930
vt 0.026729 0.554276
vt 0.022074 0.558761
vt 0.026405 0.555618
vt 0.922882 0.283868
vt 0.927772 0.280212
vt 0.923209 0.282571
vt 0.922004 0.282545
vt 0.923210 0.303854
vt 0.922004 0.303881
vt 0.922882 0.302558
vt 0.927772 0.306213
vt 0.837281 0.567167
vt 0.837282 0.671665
vt 0.698053 0.497343
vt 0.699185 0.495667
vt 0.701033 0.495979
vt 0.699949 0.497868
vt 0.701965 0.498102
vt 0.702766 0.496160
vt 0.701283 0.499892
vt 0.699211 0.499541
vt 0.701865 0.494383
vt 0.702972 0.494311
vt 0.697380 0.499036
vt 0.700523 0.494706
vt 0.344749 0.557214
vt 0.342939 0.558179
vt 0.322992 0.558179
vt 0.321182 0.557214
vt 0.245413 0.543606
vt 0.221847 0.543606
vt 0.223657 0.542642
vt 0.243604 0.542642
vt 0.819776 0.593886
vt 0.818571 0.597100
vt 0.818571 0.593912
vt 0.819401 0.591522
vt 0.818571 0.591522
vt 0.818571 0.574965
vt 0.819401 0.574965
vt 0.825223 0.597100
vt 0.821691 0.597100
vt 0.822587 0.595953
vt 0.824339 0.596245
vt 0.820794 0.595122
vt 0.345966 0.555821
vt 0.319965 0.555821
vt 0.721251 0.499892
vt 0.720569 0.498102
vt 0.719769 0.496160
vt 0.719562 0.494311
vt 0.724482 0.497343
vt 0.722585 0.497868
vt 0.721501 0.495979
vt 0.723349 0.495667
vt 0.723323 0.499541
vt 0.720669 0.494383
vt 0.725154 0.499037
vt 0.722012 0.494706
vt 0.824339 0.570243
vt 0.824339 0.564091
vt 0.825223 0.564091
vt 0.825223 0.570243
vt 0.819449 0.592589
vt 0.806514 0.644922
vt 0.797738 0.641734
vt 0.806514 0.641733
vt 0.246631 0.544999
vt 0.220629 0.544999
vt 0.819776 0.572602
vt 0.818571 0.572575
vt 0.818571 0.561758
vt 0.819776 0.561732
vt 0.810529 0.563799
vt 0.812281 0.564091
vt 0.812281 0.570243
vt 0.810529 0.570535
vt 0.218655 0.531057
vt 0.219456 0.529115
vt 0.236458 0.529115
vt 0.237259 0.531057
vt 0.214743 0.530297
vt 0.215875 0.528622
vt 0.217723 0.528933
vt 0.216639 0.530823
vt 0.217973 0.532846
vt 0.215901 0.532495
vt 0.218555 0.527337
vt 0.219662 0.527266
vt 0.214070 0.531991
vt 0.217213 0.527660
vt 0.822587 0.538381
vt 0.820793 0.539211
vt 0.819401 0.559368
vt 0.818571 0.559368
vt 0.818571 0.542812
vt 0.819401 0.542812
vt 0.819449 0.573898
vt 0.806515 0.666258
vt 0.797739 0.671667
vt 0.806515 0.663868
vt 0.237940 0.532846
vt 0.236252 0.527266
vt 0.241171 0.530298
vt 0.239275 0.530823
vt 0.238191 0.528933
vt 0.240039 0.528622
vt 0.240013 0.532495
vt 0.237359 0.527337
vt 0.241844 0.531991
vt 0.238701 0.527660
vt 0.819449 0.541744
vt 0.825223 0.537233
vt 0.824339 0.538089
vt 0.819776 0.540448
vt 0.818571 0.540421
vt 0.820794 0.571365
vt 0.820794 0.562968
vt 0.822587 0.563799
vt 0.822587 0.570535
vt 0.806513 0.537233
vt 0.806513 0.532792
vt 0.809633 0.532792
vt 0.809633 0.537233
vt 0.825223 0.532792
vt 0.830629 0.532792
vt 0.830629 0.537233
vt 0.797737 0.597101
vt 0.806513 0.597100
vt 0.819449 0.560435
vt 0.315978 0.570396
vt 0.339544 0.570396
vt 0.337735 0.571361
vt 0.317788 0.571361
vt 0.820795 0.667468
vt 0.822589 0.668298
vt 0.821692 0.671666
vt 0.314760 0.569003
vt 0.340762 0.569003
vt 0.424896 0.504882
vt 0.424096 0.506824
vt 0.407093 0.506824
vt 0.406292 0.504882
vt 0.428809 0.505641
vt 0.427676 0.507317
vt 0.425828 0.507006
vt 0.426912 0.505116
vt 0.425578 0.503093
vt 0.427650 0.503444
vt 0.424996 0.508602
vt 0.423889 0.508673
vt 0.429481 0.503948
vt 0.426338 0.508279
vt 0.822588 0.642881
vt 0.820794 0.643711
vt 0.821691 0.641733
vt 0.819403 0.663867
vt 0.818573 0.663867
vt 0.818572 0.647311
vt 0.819402 0.647311
vt 0.405611 0.503093
vt 0.407300 0.508673
vt 0.402380 0.505641
vt 0.404276 0.505116
vt 0.405360 0.507006
vt 0.403512 0.507317
vt 0.403538 0.503444
vt 0.406192 0.508602
vt 0.401707 0.503948
vt 0.404850 0.508278
vt 0.819450 0.646244
vt 0.825224 0.641733
vt 0.824340 0.642589
vt 0.818572 0.641733
vt 0.819777 0.644948
vt 0.818572 0.644921
vt 0.818573 0.671666
vt 0.819778 0.666231
vt 0.809634 0.641733
vt 0.809633 0.597100
vt 0.818573 0.666257
vt 0.819450 0.664934
vt 0.824340 0.668590
vt 0.825225 0.671666
vt 0.081727 0.553694
vt 0.080051 0.552562
vt 0.080363 0.550714
vt 0.082252 0.551798
vt 0.082486 0.549782
vt 0.080544 0.548981
vt 0.084276 0.550464
vt 0.083925 0.552536
vt 0.078766 0.549882
vt 0.078695 0.548775
vt 0.083420 0.554367
vt 0.079090 0.551224
vt 0.348543 0.544035
vt 0.346734 0.545000
vt 0.326786 0.545000
vt 0.324977 0.544035
vt 0.022612 0.627526
vt 0.022612 0.603960
vt 0.023577 0.605770
vt 0.023577 0.625717
vt 0.807719 0.593886
vt 0.806513 0.593912
vt 0.807344 0.591522
vt 0.806513 0.591522
vt 0.806513 0.574966
vt 0.807344 0.574966
vt 0.813166 0.597100
vt 0.810530 0.595953
vt 0.812281 0.596245
vt 0.808736 0.595122
vt 0.349761 0.542642
vt 0.323759 0.542642
vt 0.084276 0.530496
vt 0.082486 0.531178
vt 0.080544 0.531978
vt 0.078695 0.532185
vt 0.081727 0.527265
vt 0.082252 0.529162
vt 0.080363 0.530246
vt 0.080051 0.528398
vt 0.083925 0.528424
vt 0.078766 0.531078
vt 0.083421 0.526593
vt 0.079090 0.529735
vt 0.813165 0.564091
vt 0.813165 0.570243
vt 0.807391 0.592589
vt 0.813167 0.671666
vt 0.809635 0.671666
vt 0.021219 0.628744
vt 0.021219 0.602742
vt 0.807719 0.572602
vt 0.806513 0.572575
vt 0.806513 0.561758
vt 0.807719 0.561732
vt 0.830629 0.561758
vt 0.830629 0.572575
vt 0.114333 0.513674
vt 0.113533 0.515617
vt 0.096530 0.515616
vt 0.095729 0.513674
vt 0.118246 0.514434
vt 0.117113 0.516109
vt 0.115265 0.515798
vt 0.116349 0.513908
vt 0.115015 0.511885
vt 0.117088 0.512236
vt 0.114433 0.517394
vt 0.113326 0.517465
vt 0.118919 0.512740
vt 0.115776 0.517071
vt 0.810529 0.538381
vt 0.808736 0.539211
vt 0.807343 0.559368
vt 0.806513 0.559368
vt 0.806513 0.542812
vt 0.807343 0.542812
vt 0.807391 0.573898
vt 0.806513 0.540421
vt 0.797736 0.535013
vt 0.095048 0.511885
vt 0.096737 0.517465
vt 0.091817 0.514433
vt 0.093713 0.513908
vt 0.094797 0.515798
vt 0.092950 0.516109
vt 0.092976 0.512236
vt 0.095630 0.517394
vt 0.091144 0.512740
vt 0.094287 0.517071
vt 0.807391 0.541744
vt 0.813165 0.537233
vt 0.812281 0.538089
vt 0.807719 0.540448
vt 0.808736 0.571365
vt 0.808736 0.562968
vt 0.797737 0.566975
vt 0.833748 0.532792
vt 0.833748 0.537233
vt 0.813165 0.532792
vt 0.806515 0.671666
vt 0.833749 0.671665
vt 0.830630 0.671666
vt 0.807391 0.560435
vt 0.207430 0.556791
vt 0.183864 0.556791
vt 0.185674 0.555826
vt 0.205621 0.555826
vt 0.808738 0.667468
vt 0.810531 0.668298
vt 0.208648 0.558184
vt 0.182647 0.558184
vt 0.147248 0.531058
vt 0.148049 0.529116
vt 0.165052 0.529116
vt 0.165852 0.531058
vt 0.143336 0.530299
vt 0.144468 0.528623
vt 0.146316 0.528935
vt 0.145232 0.530824
vt 0.146566 0.532848
vt 0.144494 0.532497
vt 0.147148 0.527339
vt 0.148255 0.527268
vt 0.142663 0.531993
vt 0.145806 0.527662
vt 0.810530 0.642881
vt 0.808737 0.643711
vt 0.807345 0.663868
vt 0.806514 0.647312
vt 0.807345 0.647312
vt 0.166534 0.532848
vt 0.164845 0.527268
vt 0.169765 0.530300
vt 0.167868 0.530825
vt 0.166784 0.528935
vt 0.168632 0.528624
vt 0.168606 0.532497
vt 0.165952 0.527339
vt 0.170437 0.531993
vt 0.167295 0.527662
vt 0.807392 0.646244
vt 0.813166 0.641733
vt 0.812282 0.642589
vt 0.807720 0.644948
vt 0.807721 0.666231
vt 0.833749 0.641733
vt 0.830629 0.641733
vt 0.830629 0.597100
vt 0.833748 0.597100
vt 0.807393 0.664935
vt 0.812283 0.668590
vt 0.689860 0.481960
vt 0.690993 0.480284
vt 0.692841 0.480595
vt 0.691757 0.482485
vt 0.693773 0.482719
vt 0.694573 0.480777
vt 0.693091 0.484509
vt 0.691018 0.484157
vt 0.693673 0.478999
vt 0.694780 0.478928
vt 0.689188 0.483653
vt 0.692330 0.479323
vt 0.652194 0.508455
vt 0.654004 0.507491
vt 0.673951 0.507491
vt 0.675761 0.508455
vt 0.035684 0.594571
vt 0.035684 0.571005
vt 0.036649 0.572815
vt 0.036649 0.592762
vt 0.831834 0.593885
vt 0.830629 0.593912
vt 0.831459 0.591522
vt 0.830629 0.591522
vt 0.830629 0.574965
vt 0.831459 0.574965
vt 0.834645 0.595953
vt 0.836397 0.596245
vt 0.832851 0.595122
vt 0.650977 0.509848
vt 0.676978 0.509848
vt 0.713058 0.484509
vt 0.712377 0.482719
vt 0.711576 0.480777
vt 0.711369 0.478928
vt 0.716289 0.481960
vt 0.714393 0.482485
vt 0.713309 0.480595
vt 0.715157 0.480284
vt 0.715131 0.484158
vt 0.712476 0.478999
vt 0.716962 0.483653
vt 0.713819 0.479323
vt 0.836397 0.564091
vt 0.836397 0.570243
vt 0.831507 0.592589
vt 0.034291 0.595789
vt 0.034291 0.569787
vt 0.831834 0.572602
vt 0.831834 0.561732
vt 0.613460 0.491709
vt 0.612659 0.493651
vt 0.595656 0.493651
vt 0.594856 0.491709
vt 0.617372 0.492468
vt 0.616240 0.494144
vt 0.614392 0.493832
vt 0.615476 0.491943
vt 0.614141 0.489919
vt 0.616214 0.490270
vt 0.613559 0.495428
vt 0.612452 0.495500
vt 0.618045 0.490774
vt 0.614902 0.495105
vt 0.834645 0.538381
vt 0.832851 0.539211
vt 0.831459 0.559368
vt 0.830629 0.559368
vt 0.830629 0.542812
vt 0.831459 0.542812
vt 0.831507 0.573898
vt 0.832851 0.571365
vt 0.832851 0.562968
vt 0.594174 0.489919
vt 0.595863 0.495499
vt 0.590943 0.492468
vt 0.592840 0.491943
vt 0.593924 0.493832
vt 0.592076 0.494144
vt 0.592102 0.490270
vt 0.594756 0.495428
vt 0.590271 0.490774
vt 0.593413 0.495105
vt 0.831506 0.541744
vt 0.836397 0.538089
vt 0.831834 0.540448
vt 0.830629 0.540421
vt 0.834645 0.563799
vt 0.834645 0.570535
vt 0.831506 0.560435
vt 0.182868 0.570402
vt 0.206434 0.570402
vt 0.204625 0.571367
vt 0.184677 0.571367
vt 0.832852 0.667467
vt 0.834646 0.668298
vt 0.181650 0.569009
vt 0.207652 0.569009
vt 0.037375 0.535544
vt 0.039317 0.536344
vt 0.039317 0.553347
vt 0.037375 0.554148
vt 0.038134 0.531631
vt 0.039810 0.532764
vt 0.039498 0.534612
vt 0.037609 0.533528
vt 0.035585 0.534862
vt 0.035936 0.532790
vt 0.041095 0.535444
vt 0.041166 0.536551
vt 0.036441 0.530959
vt 0.040771 0.534101
vt 0.834646 0.642880
vt 0.832852 0.643711
vt 0.831460 0.663867
vt 0.830630 0.663867
vt 0.830630 0.647311
vt 0.831460 0.647311
vt 0.035585 0.554829
vt 0.041166 0.553140
vt 0.038134 0.558060
vt 0.037609 0.556164
vt 0.039498 0.555080
vt 0.039810 0.556928
vt 0.035936 0.556902
vt 0.041095 0.554247
vt 0.036441 0.558733
vt 0.040771 0.555590
vt 0.831507 0.646244
vt 0.836397 0.642588
vt 0.831835 0.644947
vt 0.830630 0.644921
vt 0.831835 0.666231
vt 0.830630 0.666257
vt 0.831508 0.664934
vt 0.836398 0.668590
vt 0.066872 0.558052
vt 0.066347 0.556156
vt 0.068236 0.555072
vt 0.068548 0.556919
vt 0.066113 0.554140
vt 0.068055 0.553339
vt 0.064323 0.554821
vt 0.064674 0.556894
vt 0.069904 0.553132
vt 0.069833 0.554239
vt 0.065179 0.558725
vt 0.069509 0.555582
vt 0.073386 0.564404
vt 0.073386 0.587970
vt 0.072421 0.586161
vt 0.072421 0.566213
vt 0.095945 0.587970
vt 0.094980 0.586161
vt 0.094980 0.566214
vt 0.095945 0.564404
vt 0.819776 0.476140
vt 0.818571 0.476113
vt 0.818571 0.472925
vt 0.819401 0.478503
vt 0.819401 0.495060
vt 0.818571 0.495060
vt 0.818571 0.478503
vt 0.825223 0.472925
vt 0.824339 0.473780
vt 0.822587 0.474072
vt 0.821690 0.472925
vt 0.820794 0.474903
vt 0.074779 0.563186
vt 0.074779 0.589188
vt 0.064323 0.534854
vt 0.066113 0.535535
vt 0.068055 0.536336
vt 0.069904 0.536543
vt 0.066872 0.531623
vt 0.068548 0.532756
vt 0.068237 0.534604
vt 0.066347 0.533520
vt 0.064675 0.532782
vt 0.069833 0.535436
vt 0.065179 0.530951
vt 0.069509 0.534093
vt 0.824339 0.499783
vt 0.825223 0.499783
vt 0.825223 0.505935
vt 0.824339 0.505935
vt 0.819449 0.477436
vt 0.806514 0.425103
vt 0.806514 0.428292
vt 0.097338 0.589188
vt 0.097338 0.563186
vt 0.819776 0.497423
vt 0.819776 0.508294
vt 0.818571 0.508267
vt 0.818571 0.497450
vt 0.810529 0.506226
vt 0.810529 0.499490
vt 0.812281 0.499782
vt 0.812281 0.505934
vt 0.602493 0.509089
vt 0.583889 0.509088
vt 0.584690 0.507146
vt 0.601693 0.507147
vt 0.606406 0.508330
vt 0.604509 0.508855
vt 0.603425 0.506965
vt 0.605273 0.506654
vt 0.603175 0.510879
vt 0.605247 0.510528
vt 0.601486 0.505298
vt 0.602593 0.505369
vt 0.607078 0.510023
vt 0.603936 0.505693
vt 0.822587 0.531645
vt 0.820793 0.530814
vt 0.819401 0.510657
vt 0.819401 0.527214
vt 0.818571 0.527214
vt 0.818571 0.510657
vt 0.819449 0.496127
vt 0.806515 0.403767
vt 0.806515 0.406157
vt 0.583207 0.510878
vt 0.584897 0.505298
vt 0.579977 0.508329
vt 0.581109 0.506653
vt 0.582957 0.506965
vt 0.581873 0.508854
vt 0.581135 0.510527
vt 0.583790 0.505369
vt 0.579304 0.510022
vt 0.582447 0.505692
vt 0.819449 0.528281
vt 0.824339 0.531936
vt 0.818571 0.529604
vt 0.819776 0.529577
vt 0.820794 0.498660
vt 0.822587 0.499490
vt 0.822587 0.506226
vt 0.820794 0.507057
vt 0.806513 0.472925
vt 0.797737 0.472925
vt 0.819449 0.509590
vt 0.179984 0.583148
vt 0.181794 0.582184
vt 0.201741 0.582184
vt 0.203551 0.583148
vt 0.820795 0.402557
vt 0.821692 0.398359
vt 0.822589 0.401727
vt 0.178767 0.584541
vt 0.204768 0.584541
vt 0.350175 0.491634
vt 0.350175 0.510238
vt 0.348233 0.509437
vt 0.348233 0.492434
vt 0.349415 0.487721
vt 0.349941 0.489618
vt 0.348051 0.490702
vt 0.347740 0.488854
vt 0.351965 0.490952
vt 0.351613 0.488879
vt 0.346384 0.492641
vt 0.346455 0.491534
vt 0.351109 0.487048
vt 0.346778 0.490192
vt 0.822588 0.427145
vt 0.821691 0.428292
vt 0.820794 0.426314
vt 0.819403 0.406158
vt 0.819402 0.422714
vt 0.818572 0.422714
vt 0.818573 0.406158
vt 0.351965 0.510919
vt 0.346384 0.509231
vt 0.349416 0.514150
vt 0.347740 0.513018
vt 0.348052 0.511170
vt 0.349941 0.512254
vt 0.351614 0.512991
vt 0.346455 0.510338
vt 0.351109 0.514823
vt 0.346779 0.511680
vt 0.819450 0.423781
vt 0.824340 0.427437
vt 0.825224 0.428292
vt 0.818572 0.428292
vt 0.818572 0.425104
vt 0.819777 0.425077
vt 0.818573 0.398359
vt 0.819778 0.403794
vt 0.809634 0.428292
vt 0.809633 0.472925
vt 0.818573 0.403768
vt 0.819450 0.405091
vt 0.825225 0.398359
vt 0.824340 0.401435
vt 0.957390 0.415251
vt 0.956865 0.413355
vt 0.958755 0.412270
vt 0.959066 0.414118
vt 0.956631 0.411338
vt 0.958573 0.410538
vt 0.954841 0.412020
vt 0.955193 0.414093
vt 0.960422 0.410331
vt 0.960351 0.411438
vt 0.955697 0.415924
vt 0.960027 0.412781
vt 0.318050 0.583576
vt 0.341616 0.583576
vt 0.339807 0.584541
vt 0.319860 0.584541
vt 0.058989 0.566611
vt 0.059953 0.568421
vt 0.059953 0.588368
vt 0.058989 0.590178
vt 0.807719 0.476139
vt 0.806513 0.476113
vt 0.807344 0.478503
vt 0.807344 0.495060
vt 0.806513 0.495060
vt 0.806513 0.478503
vt 0.813166 0.472925
vt 0.812281 0.473780
vt 0.810530 0.474072
vt 0.808736 0.474903
vt 0.316832 0.582183
vt 0.342834 0.582183
vt 0.954842 0.392053
vt 0.956631 0.392734
vt 0.958573 0.393535
vt 0.960422 0.393742
vt 0.957390 0.388822
vt 0.959066 0.389955
vt 0.958755 0.391803
vt 0.956865 0.390718
vt 0.955193 0.389981
vt 0.960351 0.392635
vt 0.955697 0.388149
vt 0.960027 0.391292
vt 0.813165 0.499782
vt 0.813165 0.505934
vt 0.807391 0.477436
vt 0.813167 0.398359
vt 0.809635 0.398359
vt 0.057596 0.565394
vt 0.057596 0.591395
vt 0.807719 0.497423
vt 0.807719 0.508294
vt 0.806513 0.508267
vt 0.806513 0.497450
vt 0.830629 0.497450
vt 0.830629 0.508267
vt 0.477685 0.504890
vt 0.496289 0.504890
vt 0.495488 0.506832
vt 0.478486 0.506832
vt 0.473773 0.505649
vt 0.475669 0.505124
vt 0.476753 0.507013
vt 0.474905 0.507325
vt 0.477003 0.503100
vt 0.474931 0.503451
vt 0.478692 0.508681
vt 0.477585 0.508610
vt 0.473100 0.503956
vt 0.476243 0.508286
vt 0.810529 0.531645
vt 0.808736 0.530814
vt 0.807343 0.510657
vt 0.807343 0.527214
vt 0.806513 0.527214
vt 0.806513 0.510657
vt 0.807391 0.496127
vt 0.806513 0.529604
vt 0.496971 0.503100
vt 0.495282 0.508681
vt 0.500201 0.505649
vt 0.499069 0.507325
vt 0.497221 0.507013
vt 0.498305 0.505124
vt 0.499043 0.503451
vt 0.496389 0.508610
vt 0.500874 0.503956
vt 0.497731 0.508286
vt 0.807391 0.528281
vt 0.812281 0.531936
vt 0.807719 0.529577
vt 0.808736 0.498660
vt 0.808736 0.507057
vt 0.797737 0.503050
vt 0.806515 0.398359
vt 0.833749 0.398360
vt 0.830630 0.398360
vt 0.807391 0.509590
vt 0.173698 0.563810
vt 0.171889 0.564774
vt 0.151942 0.564774
vt 0.150132 0.563809
vt 0.808738 0.402557
vt 0.810531 0.401727
vt 0.174916 0.562416
vt 0.148915 0.562416
vt 0.955804 0.514602
vt 0.955804 0.495998
vt 0.957746 0.496798
vt 0.957746 0.513801
vt 0.956564 0.518514
vt 0.956038 0.516618
vt 0.957928 0.515534
vt 0.958239 0.517382
vt 0.954014 0.515284
vt 0.954366 0.517356
vt 0.959595 0.513594
vt 0.959524 0.514701
vt 0.954870 0.519187
vt 0.959201 0.516044
vt 0.810530 0.427144
vt 0.808737 0.426314
vt 0.807345 0.406157
vt 0.807345 0.422713
vt 0.806514 0.422713
vt 0.954014 0.495316
vt 0.959595 0.497005
vt 0.956563 0.492085
vt 0.958239 0.493218
vt 0.957927 0.495066
vt 0.956038 0.493982
vt 0.954365 0.493244
vt 0.959524 0.495898
vt 0.954870 0.491413
vt 0.959200 0.494555
vt 0.807392 0.423781
vt 0.812282 0.427436
vt 0.813166 0.428292
vt 0.807720 0.425077
vt 0.807721 0.403794
vt 0.833749 0.428292
vt 0.833748 0.472925
vt 0.830629 0.472925
vt 0.830629 0.428292
vt 0.807393 0.405090
vt 0.812283 0.401435
vt 0.653072 0.492944
vt 0.651175 0.493469
vt 0.650091 0.491580
vt 0.651939 0.491268
vt 0.649159 0.493703
vt 0.648359 0.491761
vt 0.649841 0.495493
vt 0.651914 0.495142
vt 0.648152 0.489912
vt 0.649259 0.489983
vt 0.653744 0.494637
vt 0.650602 0.490307
vt 0.955142 0.555026
vt 0.955142 0.531460
vt 0.956107 0.533269
vt 0.956107 0.553217
vt 0.107527 0.562217
vt 0.108492 0.564027
vt 0.108492 0.583974
vt 0.107527 0.585783
vt 0.831834 0.476140
vt 0.830629 0.476113
vt 0.831459 0.478503
vt 0.831459 0.495060
vt 0.830629 0.495060
vt 0.830629 0.478503
vt 0.836397 0.473781
vt 0.834645 0.474072
vt 0.832851 0.474903
vt 0.953749 0.556244
vt 0.953749 0.530242
vt 0.629874 0.495493
vt 0.630555 0.493703
vt 0.631356 0.491761
vt 0.631563 0.489912
vt 0.626643 0.492944
vt 0.627776 0.491268
vt 0.629623 0.491580
vt 0.628540 0.493469
vt 0.627802 0.495142
vt 0.630456 0.489983
vt 0.625970 0.494637
vt 0.629113 0.490307
vt 0.836397 0.505935
vt 0.836397 0.499783
vt 0.831507 0.477436
vt 0.106134 0.560999
vt 0.106134 0.587001
vt 0.831834 0.497423
vt 0.831834 0.508294
vt 0.619580 0.507082
vt 0.638184 0.507083
vt 0.637383 0.509025
vt 0.620381 0.509025
vt 0.615668 0.507841
vt 0.617564 0.507316
vt 0.618648 0.509206
vt 0.616800 0.509517
vt 0.618898 0.505292
vt 0.616826 0.505644
vt 0.620587 0.510873
vt 0.619480 0.510802
vt 0.614995 0.506148
vt 0.618138 0.510478
vt 0.834645 0.531645
vt 0.832851 0.530814
vt 0.831459 0.510657
vt 0.831459 0.527214
vt 0.830629 0.527214
vt 0.830629 0.510657
vt 0.831507 0.496127
vt 0.832851 0.498660
vt 0.832851 0.507057
vt 0.638866 0.505293
vt 0.637177 0.510873
vt 0.642096 0.507841
vt 0.640964 0.509517
vt 0.639116 0.509206
vt 0.640200 0.507316
vt 0.640938 0.505644
vt 0.638284 0.510802
vt 0.642769 0.506148
vt 0.639626 0.510479
vt 0.831506 0.528281
vt 0.836397 0.531936
vt 0.830629 0.529604
vt 0.831834 0.529577
vt 0.834645 0.499491
vt 0.834645 0.506226
vt 0.831507 0.509590
vt 0.242218 0.557219
vt 0.240409 0.558184
vt 0.220462 0.558184
vt 0.218652 0.557219
vt 0.832852 0.402558
vt 0.834646 0.401727
vt 0.243436 0.555826
vt 0.217434 0.555826
vt 0.268101 0.423517
vt 0.268101 0.442121
vt 0.266159 0.441321
vt 0.266159 0.424318
vt 0.267342 0.419605
vt 0.267867 0.421501
vt 0.265978 0.422585
vt 0.265666 0.420738
vt 0.269891 0.422835
vt 0.269540 0.420763
vt 0.264310 0.424525
vt 0.264381 0.423418
vt 0.269035 0.418932
vt 0.264705 0.422075
vt 0.834646 0.427145
vt 0.832852 0.426314
vt 0.831460 0.406158
vt 0.831460 0.422714
vt 0.830629 0.422714
vt 0.830630 0.406158
vt 0.269891 0.442803
vt 0.264310 0.441114
vt 0.267342 0.446034
vt 0.265666 0.444901
vt 0.265978 0.443053
vt 0.267867 0.444137
vt 0.269540 0.444875
vt 0.264381 0.442221
vt 0.269036 0.446706
vt 0.264705 0.443564
vt 0.831507 0.423781
vt 0.836397 0.427437
vt 0.830629 0.425104
vt 0.831835 0.425078
vt 0.831835 0.403794
vt 0.830630 0.403768
vt 0.831508 0.405091
vt 0.836398 0.401436
vt 0.362102 0.655222
vt 0.370140 0.655222
vt 0.362102 0.685155
vt 0.370140 0.685155
vt 0.052177 0.865591
vt 0.052177 0.869610
vt 0.785680 0.641734
vt 0.187935 0.970297
vt 0.187935 0.962259
vt 0.189229 0.884989
vt 0.189229 0.880970
vt 0.785679 0.597101
vt 0.785679 0.535013
vt 0.785679 0.472924
vt 0.005993 0.944018
vt 0.367544 0.944021
vt 0.367555 0.951787
vt 0.005982 0.951787
vt 0.578856 0.465088
vt 0.578866 0.472855
vt 0.402082 0.472855
vt 0.402092 0.465088
vt 0.742002 0.182679
vt 0.380459 0.182679
vt 0.380459 0.005925
vt 0.742002 0.005925
vt 0.379434 0.955002
vt 0.379424 0.962768
vt 0.377876 0.962763
vt 0.377901 0.954944
vt 0.954740 0.958543
vt 0.954740 0.596950
vt 0.962507 0.596939
vt 0.962507 0.958554
vt 0.091570 0.499878
vt 0.091559 0.492111
vt 0.268344 0.492111
vt 0.268333 0.499878
vt 0.742004 0.194865
vt 0.742003 0.371620
vt 0.380460 0.371619
vt 0.380460 0.194865
vt 0.740984 0.954967
vt 0.740995 0.962735
vt 0.744721 0.935233
vt 0.744733 0.943000
vt 0.383110 0.943000
vt 0.383121 0.935233
vt 0.578803 0.443778
vt 0.578792 0.451765
vt 0.402215 0.451777
vt 0.402197 0.443778
vt 0.269867 0.499936
vt 0.269634 0.501182
vt 0.268387 0.501411
vt 0.953206 0.596896
vt 0.953435 0.595649
vt 0.954681 0.595417
vt 0.378926 0.194810
vt 0.379157 0.193562
vt 0.380405 0.193331
vt 0.578790 0.484707
vt 0.578851 0.483322
vt 0.580105 0.483572
vt 0.580327 0.484759
vt 0.742053 0.193331
vt 0.743285 0.193569
vt 0.743519 0.194816
vt 0.954573 0.960073
vt 0.953389 0.959840
vt 0.953205 0.958596
vt 0.742053 0.004390
vt 0.743286 0.004668
vt 0.743519 0.005971
vt 0.004446 0.943847
vt 0.004675 0.942660
vt 0.005935 0.942483
vt 0.402067 0.453155
vt 0.400758 0.452895
vt 0.400551 0.451711
vt 0.367598 0.942487
vt 0.368845 0.942717
vt 0.369077 0.943963
vt 0.378925 0.005870
vt 0.379156 0.004622
vt 0.380403 0.004391
vt 0.400559 0.465030
vt 0.400791 0.463784
vt 0.402038 0.463554
vt 0.744779 0.933700
vt 0.746038 0.933877
vt 0.746268 0.935063
vt 0.743521 0.371574
vt 0.743288 0.372877
vt 0.742054 0.373154
vt 0.381588 0.935175
vt 0.381820 0.933929
vt 0.383067 0.933699
vt 0.402064 0.483328
vt 0.402211 0.484706
vt 0.400548 0.484772
vt 0.400755 0.483588
vt 0.380405 0.373153
vt 0.379157 0.372922
vt 0.378926 0.371674
vt 0.378133 0.953698
vt 0.379380 0.953469
vt 0.578909 0.463554
vt 0.580156 0.463784
vt 0.580389 0.465030
vt 0.380404 0.184213
vt 0.379156 0.183982
vt 0.378925 0.182735
vt 0.580329 0.451714
vt 0.580106 0.452902
vt 0.578852 0.453197
vt 0.741037 0.953473
vt 0.742282 0.953616
vt 0.742514 0.954800
vt 0.743498 0.182729
vt 0.743271 0.183987
vt 0.742050 0.184232
vt 0.742543 0.962730
vt 0.580351 0.443783
vt 0.004412 0.951782
vt 0.400531 0.443783
vt 0.400533 0.472850
vt 0.369102 0.951782
vt 0.580414 0.472850
vt 0.269892 0.492116
vt 0.091516 0.501411
vt 0.402194 0.492705
vt 0.400529 0.492701
vt 0.746302 0.942995
vt 0.381562 0.942995
vt 0.090036 0.499936
vt 0.090011 0.492116
vt 0.962502 0.595391
vt 0.578801 0.492694
vt 0.580349 0.492690
vt 0.962502 0.960101
vt 0.090269 0.501182
vt 0.212295 0.662200
vt 0.212295 0.659084
vt 0.217404 0.659084
vt 0.217404 0.662200
vt 0.040224 0.670065
vt 0.040224 0.673180
vt 0.035116 0.673180
vt 0.035116 0.670065
vt 0.306926 0.650293
vt 0.306926 0.653409
vt 0.301817 0.653409
vt 0.301817 0.650293
vt 0.266402 0.461361
vt 0.269517 0.461361
vt 0.269517 0.466470
vt 0.266402 0.466470
vt 0.113842 0.655607
vt 0.113842 0.652492
vt 0.118950 0.652492
vt 0.118950 0.655607
vt 0.329606 0.660000
vt 0.329606 0.656884
vt 0.334715 0.656884
vt 0.334715 0.660000
vt 0.338745 0.529021
vt 0.338745 0.523912
vt 0.343169 0.521358
vt 0.347593 0.523912
vt 0.343169 0.531575
vt 0.347593 0.529021
vt 0.279124 0.651212
vt 0.274016 0.651212
vt 0.274016 0.648097
vt 0.279124 0.648097
vt 0.352976 0.646819
vt 0.347867 0.646819
vt 0.347867 0.643704
vt 0.352976 0.643704
vt 0.176754 0.677569
vt 0.171645 0.677569
vt 0.171645 0.674453
vt 0.176754 0.674453
vt 0.253981 0.661279
vt 0.259090 0.661279
vt 0.259090 0.664394
vt 0.253981 0.664394
vt 0.320077 0.643704
vt 0.325186 0.643704
vt 0.325186 0.646819
vt 0.320077 0.646819
vt 0.080850 0.668786
vt 0.075742 0.668786
vt 0.075742 0.665671
vt 0.080850 0.665671
vt 0.150561 0.551487
vt 0.155670 0.542639
vt 0.158224 0.547063
vt 0.155670 0.551487
vt 0.148007 0.547063
vt 0.150561 0.542639
vt 0.203512 0.659081
vt 0.203512 0.662197
vt 0.198403 0.662197
vt 0.198403 0.659081
vt 0.093380 0.666382
vt 0.090264 0.666382
vt 0.090264 0.661274
vt 0.093380 0.661274
vt 0.722515 0.448179
vt 0.725631 0.448179
vt 0.725631 0.453288
vt 0.722515 0.453288
vt 0.267884 0.664394
vt 0.267884 0.661278
vt 0.272992 0.661278
vt 0.272992 0.664394
vt 0.956386 0.482049
vt 0.956386 0.478933
vt 0.961494 0.478933
vt 0.961494 0.482049
vt 0.054118 0.683241
vt 0.054118 0.686357
vt 0.049009 0.686357
vt 0.049010 0.683241
vt 0.712713 0.436750
vt 0.712713 0.431641
vt 0.717137 0.429087
vt 0.721561 0.431641
vt 0.160639 0.661281
vt 0.160639 0.664397
vt 0.155530 0.664397
vt 0.155530 0.661281
vt 0.353114 0.571922
vt 0.349999 0.571922
vt 0.349999 0.566813
vt 0.353114 0.566813
vt 0.092746 0.681761
vt 0.089631 0.681761
vt 0.089631 0.676652
vt 0.092746 0.676652
vt 0.183328 0.664394
vt 0.183328 0.661278
vt 0.188436 0.661278
vt 0.188436 0.664394
vt 0.102168 0.668792
vt 0.102168 0.665677
vt 0.107276 0.665677
vt 0.107276 0.668792
vt 0.049013 0.673180
vt 0.049013 0.670064
vt 0.054122 0.670064
vt 0.054122 0.673180
vt 0.769997 0.487637
vt 0.769997 0.477419
vt 0.774421 0.479974
vt 0.774421 0.485082
vt 0.148961 0.674453
vt 0.148961 0.677569
vt 0.143852 0.677569
vt 0.143852 0.674453
vt 0.333966 0.646819
vt 0.333966 0.643704
vt 0.339075 0.643704
vt 0.339075 0.646819
vt 0.287915 0.651213
vt 0.287915 0.648098
vt 0.293024 0.648098
vt 0.293024 0.651213
vt 0.063828 0.656885
vt 0.066944 0.656885
vt 0.066944 0.661993
vt 0.063828 0.661993
vt 0.265228 0.648098
vt 0.265228 0.651213
vt 0.260119 0.651213
vt 0.260119 0.648098
vt 0.121174 0.670061
vt 0.121174 0.673177
vt 0.116066 0.673177
vt 0.116066 0.670061
vt 0.176609 0.548784
vt 0.172184 0.551338
vt 0.167760 0.548784
vt 0.167760 0.543675
vt 0.717137 0.439304
vt 0.721561 0.436750
vt 0.765573 0.485082
vt 0.765573 0.479974
vt 0.176609 0.543675
vt 0.172184 0.541121
vt 0.246218 0.648098
vt 0.251327 0.648098
vt 0.251327 0.651213
vt 0.246218 0.651213
vt 0.174539 0.664394
vt 0.169430 0.664394
vt 0.169430 0.661278
vt 0.174539 0.661278
vt 0.141639 0.659081
vt 0.146748 0.659081
vt 0.146748 0.662196
vt 0.141639 0.662196
vt 0.129959 0.672258
vt 0.135067 0.672258
vt 0.135067 0.675374
vt 0.129959 0.675374
vt 0.066023 0.672262
vt 0.066023 0.677371
vt 0.062907 0.677371
vt 0.062907 0.672262
vt 0.074805 0.678847
vt 0.079914 0.678847
vt 0.079914 0.681963
vt 0.074805 0.681963
vt 0.342305 0.399402
vt 0.351154 0.394293
vt 0.351154 0.399402
vt 0.346730 0.401956
vt 0.101534 0.678847
vt 0.106643 0.678847
vt 0.106643 0.681962
vt 0.101534 0.681962
vt 0.132844 0.660000
vt 0.127735 0.660000
vt 0.127735 0.656885
vt 0.132844 0.656885
vt 0.991235 0.365412
vt 0.991235 0.360303
vt 0.994350 0.360303
vt 0.994350 0.365412
vt 0.021219 0.681051
vt 0.026327 0.681051
vt 0.026327 0.684166
vt 0.021219 0.684166
vt 0.035116 0.683243
vt 0.040224 0.683243
vt 0.040224 0.686359
vt 0.035116 0.686359
vt 0.343507 0.656886
vt 0.348615 0.656886
vt 0.348615 0.660001
vt 0.343507 0.660001
vt 0.134114 0.551349
vt 0.129690 0.548795
vt 0.129690 0.543686
vt 0.134114 0.541132
vt 0.320821 0.660000
vt 0.315712 0.660000
vt 0.315712 0.656884
vt 0.320821 0.656884
vt 0.240091 0.661279
vt 0.245200 0.661279
vt 0.245200 0.664395
vt 0.240091 0.664395
vt 0.281779 0.661278
vt 0.286887 0.661278
vt 0.286887 0.664394
vt 0.281779 0.664394
vt 0.021226 0.667868
vt 0.026334 0.667868
vt 0.026334 0.670983
vt 0.021226 0.670983
vt 0.226191 0.661278
vt 0.231300 0.661278
vt 0.231300 0.664394
vt 0.226191 0.664394
vt 0.162865 0.677573
vt 0.157756 0.677573
vt 0.157756 0.674457
vt 0.162865 0.674457
vt 0.108095 0.547071
vt 0.118312 0.547071
vt 0.115758 0.551495
vt 0.110650 0.551495
vt 0.342305 0.394293
vt 0.346730 0.391739
vt 0.138538 0.548795
vt 0.138538 0.543686
vt 0.110650 0.542647
vt 0.115758 0.542647
vt 0.563215 0.644701
vt 0.380771 0.644702
vt 0.380770 0.562144
vt 0.563214 0.562141
vt 0.745658 0.562141
vt 0.745658 0.644700
vt 0.188776 0.930937
vt 0.188776 0.924638
vt 0.371293 0.924639
vt 0.371286 0.930930
vt 0.735208 0.465952
vt 0.746661 0.465952
vt 0.746686 0.547486
vt 0.735207 0.528637
vt 0.735207 0.403267
vt 0.563469 0.403266
vt 0.563469 0.384400
vt 0.746686 0.384418
vt 0.391732 0.528637
vt 0.380252 0.547486
vt 0.380278 0.465952
vt 0.391730 0.465952
vt 0.563469 0.547504
vt 0.563469 0.528638
vt 0.006265 0.930936
vt 0.006258 0.924645
vt 0.745660 0.727258
vt 0.563215 0.727261
vt 0.380770 0.727261
vt 0.391732 0.403267
vt 0.380252 0.384418
vt 0.570698 0.922143
vt 0.570698 0.915843
vt 0.753215 0.915851
vt 0.753208 0.922142
vt 0.091852 0.463146
vt 0.173805 0.463131
vt 0.173805 0.479317
vt 0.091858 0.469701
vt 0.402377 0.414817
vt 0.484329 0.414801
vt 0.484329 0.430988
vt 0.402383 0.421371
vt 0.566282 0.414817
vt 0.566276 0.421371
vt 0.388187 0.922137
vt 0.388181 0.915846
vt 0.255752 0.469701
vt 0.257604 0.469573
vt 0.257343 0.471115
vt 0.255842 0.471550
vt 0.371357 0.922716
vt 0.372862 0.922960
vt 0.373150 0.924505
vt 0.378929 0.562005
vt 0.379213 0.560471
vt 0.380708 0.560226
vt 0.255757 0.463146
vt 0.255550 0.461354
vt 0.257205 0.461639
vt 0.257611 0.463098
vt 0.380615 0.549638
vt 0.379319 0.549422
vt 0.378932 0.547758
vt 0.373136 0.931021
vt 0.373026 0.932544
vt 0.371731 0.932803
vt 0.402292 0.423220
vt 0.400791 0.422785
vt 0.400530 0.421243
vt 0.745720 0.560223
vt 0.747215 0.560468
vt 0.747499 0.562002
vt 0.004401 0.924511
vt 0.004689 0.922966
vt 0.006193 0.922722
vt 0.400523 0.414769
vt 0.400929 0.413310
vt 0.402584 0.413024
vt 0.005821 0.932809
vt 0.004525 0.932550
vt 0.004416 0.931027
vt 0.748006 0.547758
vt 0.747619 0.549422
vt 0.746324 0.549638
vt 0.091767 0.471550
vt 0.090266 0.471115
vt 0.090005 0.469572
vt 0.380708 0.729179
vt 0.379213 0.728934
vt 0.378929 0.727400
vt 0.386323 0.915711
vt 0.386611 0.914166
vt 0.388116 0.913922
vt 0.089998 0.463098
vt 0.090404 0.461639
vt 0.092059 0.461354
vt 0.387743 0.924009
vt 0.386447 0.923751
vt 0.386338 0.922228
vt 0.378932 0.384146
vt 0.379319 0.382482
vt 0.380615 0.382266
vt 0.568129 0.421243
vt 0.567868 0.422785
vt 0.566367 0.423221
vt 0.753280 0.913927
vt 0.754785 0.914172
vt 0.755072 0.915716
vt 0.747501 0.727398
vt 0.747217 0.728932
vt 0.745722 0.729176
vt 0.566075 0.413024
vt 0.567730 0.413310
vt 0.568136 0.414769
vt 0.746324 0.382266
vt 0.747619 0.382482
vt 0.748006 0.384146
vt 0.755058 0.922232
vt 0.754949 0.923756
vt 0.753653 0.924014
vt 0.563214 0.560221
vt 0.188776 0.922716
vt 0.188776 0.932835
vt 0.563469 0.549632
vt 0.378924 0.644702
vt 0.173805 0.481174
vt 0.173805 0.461357
vt 0.378903 0.465952
vt 0.484329 0.432845
vt 0.747505 0.644700
vt 0.748035 0.465952
vt 0.484329 0.413028
vt 0.570698 0.913922
vt 0.563215 0.729182
vt 0.563469 0.382272
vt 0.570698 0.924041
vt 0.979352 0.761415
vt 0.971293 0.761415
vt 0.971292 0.394718
vt 0.979352 0.394718
vt 0.710700 0.450012
vt 0.713415 0.448698
vt 0.713415 0.451327
vt 0.942011 0.716448
vt 0.923999 0.716574
vt 0.923997 0.713369
vt 0.956642 0.467914
vt 0.954439 0.467778
vt 0.954439 0.449645
vt 0.958469 0.449645
vt 0.958469 0.444301
vt 0.959783 0.441585
vt 0.961703 0.442381
vt 0.004389 0.911944
vt 0.004389 0.893811
vt 0.007612 0.893811
vt 0.975322 0.389374
vt 0.974007 0.386659
vt 0.976637 0.386659
vt 0.377532 0.893811
vt 0.374309 0.893811
vt 0.374309 0.888466
vt 0.377532 0.888466
vt 0.007612 0.872181
vt 0.007612 0.877525
vt 0.004389 0.877525
vt 0.004389 0.872181
vt 0.007612 0.884310
vt 0.004389 0.884310
vt 0.004389 0.881681
vt 0.007612 0.881681
vt 0.954439 0.444301
vt 0.955234 0.442381
vt 0.377532 0.911944
vt 0.269873 0.395087
vt 0.272587 0.393772
vt 0.272587 0.396401
vt 0.374309 0.872181
vt 0.377532 0.872181
vt 0.377532 0.877525
vt 0.374309 0.877525
vt 0.374309 0.884310
vt 0.374309 0.881681
vt 0.377532 0.881681
vt 0.377532 0.884310
vt 0.940902 0.710739
vt 0.943467 0.716478
vt 0.932775 0.354814
vt 0.932722 0.362979
vt 0.924233 0.353006
vt 0.712619 0.446778
vt 0.377532 0.913486
vt 0.004389 0.913486
vt 0.927766 0.362236
vt 0.926578 0.710757
vt 0.924574 0.358795
vt 0.710700 0.445982
vt 0.712619 0.453247
vt 0.380177 0.974780
vt 0.753321 0.974780
vt 0.753321 0.980824
vt 0.380177 0.980824
vt 0.962498 0.444301
vt 0.687237 0.451824
vt 0.685207 0.452027
vt 0.685207 0.445982
vt 0.687275 0.445982
vt 0.007612 0.888466
vt 0.004389 0.888466
vt 0.004389 0.886388
vt 0.007612 0.886388
vt 0.004389 0.879603
vt 0.007612 0.879603
vt 0.377532 0.886388
vt 0.374309 0.886388
vt 0.377532 0.879603
vt 0.374309 0.879603
vt 0.705355 0.450012
vt 0.710700 0.454042
vt 0.705355 0.454042
vt 0.705355 0.445982
vt 0.685797 0.453452
vt 0.943632 0.354472
vt 0.944340 0.351534
vt 0.979352 0.389374
vt 0.978556 0.387454
vt 0.971292 0.389374
vt 0.972088 0.387454
vt 0.687222 0.454042
vt 0.946382 0.351786
vt 0.962498 0.449645
vt 0.955029 0.469203
vt 0.962498 0.468277
vt 0.962498 0.469793
vt 0.956454 0.469793
vt 0.380177 0.973237
vt 0.753321 0.973238
vt 0.957154 0.441585
vt 0.264528 0.391057
vt 0.269873 0.391057
vt 0.264528 0.399116
vt 0.271792 0.391852
vt 0.269873 0.399116
vt 0.271792 0.398321
vt 0.958002 0.379148
vt 0.958002 0.012451
vt 0.966061 0.012451
vt 0.966061 0.379148
vt 0.656346 0.476366
vt 0.653631 0.477681
vt 0.653631 0.475052
vt 0.896601 0.724163
vt 0.915206 0.720951
vt 0.915205 0.724170
vt 0.228273 0.443048
vt 0.246542 0.441221
vt 0.246542 0.445250
vt 0.228409 0.445250
vt 0.251887 0.441221
vt 0.253806 0.437986
vt 0.254602 0.439906
vt 0.884764 0.351515
vt 0.866630 0.354739
vt 0.866630 0.351515
vt 0.962031 0.007107
vt 0.960717 0.004392
vt 0.963346 0.004392
vt 0.866630 0.724659
vt 0.861286 0.724659
vt 0.861286 0.721435
vt 0.866630 0.721435
vt 0.845001 0.354739
vt 0.845001 0.351515
vt 0.850345 0.351515
vt 0.850345 0.354739
vt 0.857130 0.354739
vt 0.854501 0.354739
vt 0.854501 0.351515
vt 0.857130 0.351515
vt 0.253806 0.444455
vt 0.251887 0.445250
vt 0.884764 0.724659
vt 0.263301 0.527779
vt 0.261987 0.525064
vt 0.264616 0.525064
vt 0.845001 0.721435
vt 0.850345 0.721435
vt 0.850345 0.724659
vt 0.845001 0.724659
vt 0.857130 0.721435
vt 0.857130 0.724659
vt 0.854501 0.724659
vt 0.854501 0.721435
vt 0.895088 0.724162
vt 0.897740 0.718293
vt 0.908543 0.354232
vt 0.915244 0.351521
vt 0.908695 0.357455
vt 0.654427 0.473132
vt 0.886306 0.351515
vt 0.886306 0.724659
vt 0.912698 0.357424
vt 0.915324 0.354753
vt 0.912555 0.718299
vt 0.656346 0.472337
vt 0.654427 0.479601
vt 0.976397 0.004399
vt 0.982441 0.004399
vt 0.982441 0.377543
vt 0.976397 0.377543
vt 0.251887 0.437191
vt 0.679809 0.478178
vt 0.679771 0.472337
vt 0.681839 0.472337
vt 0.681839 0.478381
vt 0.861286 0.354739
vt 0.859208 0.354739
vt 0.859208 0.351515
vt 0.861286 0.351515
vt 0.852423 0.354739
vt 0.852423 0.351515
vt 0.859208 0.721435
vt 0.859208 0.724659
vt 0.852423 0.721435
vt 0.852423 0.724659
vt 0.661691 0.476366
vt 0.661691 0.480396
vt 0.656346 0.480396
vt 0.661691 0.472337
vt 0.681249 0.479806
vt 0.897741 0.354241
vt 0.897146 0.351593
vt 0.958002 0.007107
vt 0.958797 0.005187
vt 0.966061 0.007107
vt 0.965266 0.005187
vt 0.679824 0.480396
vt 0.895087 0.351593
vt 0.246542 0.437191
vt 0.226985 0.444660
vt 0.227910 0.437191
vt 0.226394 0.437191
vt 0.226394 0.443235
vt 0.974855 0.004399
vt 0.974855 0.377543
vt 0.254602 0.442535
vt 0.267331 0.533123
vt 0.267331 0.527779
vt 0.259272 0.533123
vt 0.266536 0.525859
vt 0.259272 0.527779
vt 0.260067 0.525859
vt 0.351555 0.427738
vt 0.352878 0.427742
vt 0.352869 0.430436
vt 0.351547 0.430432
vt 0.352861 0.433130
vt 0.351539 0.433126
vt 0.352853 0.435824
vt 0.351530 0.435824
vt 0.352861 0.438518
vt 0.351539 0.438523
vt 0.352869 0.441213
vt 0.351547 0.441217
vt 0.352878 0.443907
vt 0.351555 0.443911
vt 0.352886 0.446601
vt 0.351564 0.446605
vt 0.352894 0.449295
vt 0.351572 0.449299
vt 0.352903 0.451989
vt 0.351580 0.451997
vt 0.351580 0.419652
vt 0.352903 0.419660
vt 0.352894 0.422354
vt 0.351572 0.422350
vt 0.352886 0.425048
vt 0.351564 0.425044
vt 0.636258 0.452443
vt 0.634112 0.452461
vt 0.631588 0.447563
vt 0.342732 0.411784
vt 0.341120 0.410173
vt 0.341522 0.409478
vt 0.343427 0.411382
vt 0.338919 0.409584
vt 0.338919 0.408781
vt 0.336719 0.410174
vt 0.336317 0.409479
vt 0.335108 0.411786
vt 0.334412 0.411384
vt 0.638717 0.473761
vt 0.638703 0.471872
vt 0.643793 0.473434
vt 0.643698 0.475652
vt 0.337014 0.411785
vt 0.340826 0.411784
vt 0.644465 0.477895
vt 0.644358 0.475651
vt 0.644671 0.475651
vt 0.644789 0.477861
vt 0.634278 0.453083
vt 0.636611 0.453250
vt 0.636592 0.453601
vt 0.634162 0.453411
vt 0.335122 0.461464
vt 0.335121 0.458660
vt 0.342745 0.458658
vt 0.342746 0.461462
vt 0.644464 0.473407
vt 0.644815 0.471119
vt 0.645154 0.471082
vt 0.644789 0.473442
vt 0.602871 0.479571
vt 0.600895 0.479580
vt 0.600880 0.471914
vt 0.602854 0.471914
vt 0.342735 0.421126
vt 0.633637 0.445428
vt 0.342750 0.475778
vt 0.343844 0.478151
vt 0.334033 0.478154
vt 0.335126 0.475780
vt 0.342736 0.424714
vt 0.335111 0.424716
vt 0.335111 0.422922
vt 0.342735 0.422920
vt 0.630865 0.446965
vt 0.632292 0.444271
vt 0.596512 0.443783
vt 0.630577 0.443785
vt 0.629952 0.446724
vt 0.597918 0.446736
vt 0.316357 0.436000
vt 0.319296 0.435376
vt 0.319537 0.436289
vt 0.316842 0.437715
vt 0.638723 0.477553
vt 0.638716 0.479439
vt 0.637782 0.479455
vt 0.637767 0.471861
vt 0.320135 0.437012
vt 0.317999 0.439061
vt 0.331153 0.395667
vt 0.333414 0.394314
vt 0.333496 0.398958
vt 0.331419 0.398579
vt 0.588884 0.460827
vt 0.590239 0.458568
vt 0.593150 0.458834
vt 0.593529 0.460911
vt 0.319764 0.397829
vt 0.321706 0.400457
vt 0.335123 0.464269
vt 0.342747 0.464267
vt 0.596068 0.447434
vt 0.593875 0.444773
vt 0.595032 0.449122
vt 0.592405 0.447178
vt 0.320018 0.401492
vt 0.317357 0.399298
vt 0.636837 0.479474
vt 0.636820 0.471847
vt 0.604827 0.471914
vt 0.604845 0.479562
vt 0.319319 0.403343
vt 0.316367 0.401935
vt 0.325032 0.439538
vt 0.325014 0.441683
vt 0.338920 0.411785
vt 0.335110 0.421129
vt 0.589204 0.470835
vt 0.591003 0.471931
vt 0.591016 0.479600
vt 0.589221 0.480703
vt 0.644813 0.480176
vt 0.645151 0.480213
vt 0.325820 0.442037
vt 0.325655 0.439704
vt 0.325982 0.439589
vt 0.326171 0.442018
vt 0.638886 0.452938
vt 0.644210 0.479974
vt 0.643795 0.477868
vt 0.644207 0.471323
vt 0.325508 0.444313
vt 0.639059 0.453666
vt 0.326236 0.444486
vt 0.821731 0.351515
vt 0.825188 0.351515
vt 0.825188 0.354743
vt 0.821731 0.354743
vt 0.226393 0.394641
vt 0.227443 0.392106
vt 0.233447 0.398685
vt 0.776862 0.422193
vt 0.776862 0.426237
vt 0.773676 0.426237
vt 0.773722 0.422193
vt 0.803015 0.351515
vt 0.806472 0.351515
vt 0.806472 0.354743
vt 0.803015 0.354743
vt 0.229979 0.391055
vt 0.814101 0.351515
vt 0.814101 0.354743
vt 0.241065 0.426268
vt 0.241065 0.418052
vt 0.244868 0.417010
vt 0.773747 0.358300
vt 0.773701 0.354257
vt 0.776887 0.354257
vt 0.776887 0.358300
vt 0.814101 0.357384
vt 0.808093 0.357384
vt 0.773649 0.453213
vt 0.773649 0.442127
vt 0.776583 0.442127
vt 0.776583 0.453213
vt 0.248683 0.398685
vt 0.248694 0.391055
vt 0.252151 0.391055
vt 0.671072 0.459110
vt 0.668429 0.459939
vt 0.668380 0.458785
vt 0.820109 0.357384
vt 0.961341 0.426486
vt 0.957955 0.427430
vt 0.960449 0.424883
vt 0.668426 0.454371
vt 0.660157 0.454079
vt 0.659744 0.452394
vt 0.668553 0.451970
vt 0.673006 0.457195
vt 0.668367 0.456770
vt 0.671456 0.449844
vt 0.668723 0.449948
vt 0.668863 0.448788
vt 0.655056 0.456882
vt 0.656745 0.457381
vt 0.656773 0.460155
vt 0.252151 0.426268
vt 0.773865 0.373853
vt 0.776887 0.373853
vt 0.776887 0.382298
vt 0.773927 0.382298
vt 0.659652 0.455733
vt 0.226393 0.422682
vt 0.226393 0.414237
vt 0.234477 0.414226
vt 0.247652 0.414226
vt 0.255737 0.422682
vt 0.254686 0.425218
vt 0.773835 0.370038
vt 0.776887 0.370038
vt 0.776862 0.406641
vt 0.776862 0.410456
vt 0.773810 0.410456
vt 0.773840 0.406641
vt 0.229979 0.426268
vt 0.227443 0.425218
vt 0.237262 0.417010
vt 0.255737 0.414237
vt 0.248671 0.410422
vt 0.255737 0.410422
vt 0.776583 0.464299
vt 0.773649 0.464299
vt 0.226393 0.410422
vt 0.233458 0.410422
vt 0.657337 0.444499
vt 0.669453 0.445752
vt 0.657103 0.447753
vt 0.658420 0.456936
vt 0.668781 0.462969
vt 0.672686 0.461622
vt 0.675570 0.458697
vt 0.673775 0.454598
vt 0.676764 0.454740
vt 0.673234 0.451934
vt 0.675942 0.450658
vt 0.673296 0.447448
vt 0.656827 0.463349
vt 0.648820 0.463454
vt 0.648780 0.460202
vt 0.649066 0.444026
vt 0.648931 0.447384
vt 0.653911 0.452196
vt 0.648780 0.453837
vt 0.226393 0.398685
vt 0.255737 0.398685
vt 0.955462 0.429977
vt 0.957084 0.430835
vt 0.960457 0.429879
vt 0.961341 0.428291
vt 0.958889 0.430797
vt 0.955454 0.424981
vt 0.954570 0.426569
vt 0.954570 0.428374
vt 0.958827 0.424025
vt 0.957022 0.424063
vt 0.616833 0.459306
vt 0.615144 0.459306
vt 0.615144 0.456959
vt 0.616833 0.456959
vt 0.613437 0.459306
vt 0.613437 0.456959
vt 0.620247 0.459306
vt 0.618540 0.459306
vt 0.618540 0.456959
vt 0.620247 0.456959
vt 0.611730 0.459306
vt 0.611730 0.456959
vt 0.621936 0.459306
vt 0.621936 0.456959
vt 0.610042 0.459306
vt 0.608335 0.459306
vt 0.608335 0.456959
vt 0.610042 0.456959
vt 0.604939 0.459306
vt 0.603232 0.459306
vt 0.603232 0.456959
vt 0.604939 0.456959
vt 0.606627 0.459306
vt 0.606627 0.456959
vt 0.623643 0.459306
vt 0.623643 0.456959
vt 0.653383 0.453902
vt 0.653833 0.455623
vt 0.656925 0.450569
vt 0.655196 0.450991
vt 0.658574 0.451111
vt 0.776583 0.467043
vt 0.773641 0.467043
vt 0.773920 0.395452
vt 0.776862 0.395452
vt 0.776862 0.398196
vt 0.773902 0.398196
vt 0.827932 0.351527
vt 0.827932 0.354743
vt 0.776862 0.428981
vt 0.773646 0.428981
vt 0.773641 0.439382
vt 0.776583 0.439382
vt 0.776887 0.385042
vt 0.773945 0.385042
vt 0.800271 0.354743
vt 0.800271 0.351527
vt 0.773672 0.351513
vt 0.776887 0.351513
vt 0.233436 0.391055
vt 0.254686 0.392106
vt 0.255737 0.394641
vt 0.139016 0.628880
vt 0.138474 0.629831
vt 0.137233 0.629637
vt 0.136953 0.628529
vt 0.136178 0.630353
vt 0.134996 0.629684
vt 0.136093 0.631627
vt 0.134998 0.631956
vt 0.136889 0.632601
vt 0.136350 0.633553
vt 0.138132 0.632795
vt 0.138413 0.633903
vt 0.139188 0.632078
vt 0.140370 0.632748
vt 0.137682 0.631215
vt 0.139274 0.630802
vt 0.140370 0.630476
vt 0.327414 0.629679
vt 0.329012 0.628326
vt 0.329335 0.629424
vt 0.328365 0.630222
vt 0.331284 0.628324
vt 0.330610 0.629505
vt 0.332436 0.630284
vt 0.331327 0.630560
vt 0.332085 0.632347
vt 0.331137 0.631802
vt 0.330487 0.633697
vt 0.330166 0.632600
vt 0.328216 0.633697
vt 0.328892 0.632520
vt 0.329750 0.631012
vt 0.327060 0.631742
vt 0.328170 0.631465
vt 0.040385 0.658705
vt 0.038788 0.660057
vt 0.038465 0.658960
vt 0.039435 0.658161
vt 0.036515 0.660059
vt 0.037190 0.658879
vt 0.035364 0.658100
vt 0.036473 0.657824
vt 0.035715 0.656037
vt 0.036663 0.656582
vt 0.037312 0.654686
vt 0.037634 0.655783
vt 0.039584 0.654686
vt 0.038907 0.655864
vt 0.038050 0.657371
vt 0.040740 0.656642
vt 0.039630 0.656919
vt 0.204189 0.644262
vt 0.204732 0.645212
vt 0.203934 0.646182
vt 0.202838 0.645861
vt 0.204015 0.647455
vt 0.202839 0.648133
vt 0.205069 0.648176
vt 0.204797 0.649286
vt 0.206313 0.647984
vt 0.206859 0.648933
vt 0.207111 0.647013
vt 0.208209 0.647334
vt 0.207030 0.645739
vt 0.208207 0.645061
vt 0.205522 0.646597
vt 0.205975 0.645017
vt 0.206251 0.643907
vt 0.111224 0.638460
vt 0.112175 0.639002
vt 0.111980 0.640243
vt 0.110872 0.640524
vt 0.112697 0.641299
vt 0.112028 0.642480
vt 0.113972 0.641384
vt 0.114301 0.642479
vt 0.114945 0.640587
vt 0.115898 0.641126
vt 0.115140 0.639344
vt 0.116248 0.639063
vt 0.114422 0.638288
vt 0.115092 0.637106
vt 0.113560 0.639794
vt 0.113146 0.638202
vt 0.112820 0.637106
vt 0.146806 0.619162
vt 0.145856 0.618618
vt 0.146046 0.617376
vt 0.147155 0.617099
vt 0.145331 0.616322
vt 0.146000 0.615141
vt 0.144056 0.616237
vt 0.143727 0.615142
vt 0.143083 0.617033
vt 0.142130 0.616495
vt 0.142889 0.618277
vt 0.141780 0.618558
vt 0.143607 0.619333
vt 0.142937 0.620515
vt 0.144469 0.617827
vt 0.144884 0.619419
vt 0.145209 0.620515
vt 0.295809 0.600747
vt 0.295139 0.599568
vt 0.295861 0.598514
vt 0.296970 0.598793
vt 0.295668 0.597271
vt 0.296619 0.596730
vt 0.294698 0.596470
vt 0.295024 0.595374
vt 0.293423 0.596553
vt 0.292752 0.595374
vt 0.292700 0.597607
vt 0.291592 0.597328
vt 0.292894 0.598850
vt 0.291942 0.599392
vt 0.294281 0.598060
vt 0.293864 0.599651
vt 0.293538 0.600747
vt 0.244109 0.633272
vt 0.243567 0.634222
vt 0.242324 0.634031
vt 0.242046 0.632923
vt 0.241269 0.634747
vt 0.240088 0.634077
vt 0.241183 0.636022
vt 0.240088 0.636350
vt 0.241981 0.636997
vt 0.241438 0.637948
vt 0.243225 0.637188
vt 0.243502 0.638298
vt 0.244281 0.636470
vt 0.245462 0.637145
vt 0.242774 0.635609
vt 0.244363 0.635196
vt 0.245459 0.634871
vt 0.065763 0.624477
vt 0.066308 0.625425
vt 0.065509 0.626396
vt 0.064412 0.626074
vt 0.065589 0.627670
vt 0.064411 0.628347
vt 0.066644 0.628393
vt 0.066367 0.629504
vt 0.067888 0.628199
vt 0.068430 0.629151
vt 0.068688 0.627228
vt 0.069785 0.627554
vt 0.068603 0.625952
vt 0.069785 0.625282
vt 0.067097 0.626813
vt 0.067550 0.625235
vt 0.067827 0.624128
vt 0.142750 0.649074
vt 0.142075 0.647891
vt 0.142795 0.646833
vt 0.143905 0.647115
vt 0.142602 0.645590
vt 0.143555 0.645051
vt 0.141629 0.644792
vt 0.141958 0.643699
vt 0.140357 0.644876
vt 0.139687 0.643699
vt 0.139637 0.645928
vt 0.138529 0.645653
vt 0.139827 0.647171
vt 0.138878 0.647716
vt 0.141215 0.646381
vt 0.140799 0.647971
vt 0.140475 0.649069
vt 0.070732 0.602946
vt 0.070057 0.601765
vt 0.070775 0.600709
vt 0.071884 0.600986
vt 0.070584 0.599467
vt 0.071533 0.598922
vt 0.069613 0.598669
vt 0.069935 0.597571
vt 0.068339 0.598749
vt 0.067662 0.597571
vt 0.067617 0.599805
vt 0.066507 0.599528
vt 0.067811 0.601047
vt 0.066861 0.601591
vt 0.069197 0.600257
vt 0.068782 0.601846
vt 0.068459 0.602944
vt 0.311255 0.599792
vt 0.310071 0.599126
vt 0.310154 0.597850
vt 0.311249 0.597519
vt 0.309355 0.596877
vt 0.309893 0.595924
vt 0.308110 0.596685
vt 0.307829 0.595576
vt 0.307057 0.597408
vt 0.305878 0.596739
vt 0.306975 0.598681
vt 0.305881 0.599011
vt 0.307773 0.599653
vt 0.307236 0.600606
vt 0.308564 0.598266
vt 0.309016 0.599845
vt 0.309300 0.600952
vt 0.262428 0.611731
vt 0.261752 0.610552
vt 0.262476 0.609499
vt 0.263586 0.609774
vt 0.262287 0.608254
vt 0.263238 0.607710
vt 0.261316 0.607452
vt 0.261642 0.606356
vt 0.260042 0.607534
vt 0.259371 0.606356
vt 0.259319 0.608586
vt 0.258211 0.608310
vt 0.259508 0.609829
vt 0.258559 0.610373
vt 0.260897 0.609042
vt 0.260478 0.610630
vt 0.260155 0.611727
vt 0.347238 0.633699
vt 0.347908 0.632518
vt 0.349182 0.632605
vt 0.349510 0.633699
vt 0.350156 0.631808
vt 0.351109 0.632348
vt 0.350351 0.630565
vt 0.351460 0.630285
vt 0.349635 0.629509
vt 0.350305 0.628327
vt 0.348360 0.629422
vt 0.348032 0.628327
vt 0.347384 0.630220
vt 0.346433 0.629677
vt 0.348771 0.631014
vt 0.347192 0.631463
vt 0.346084 0.631740
vt 0.350847 0.609527
vt 0.350176 0.608348
vt 0.350899 0.607295
vt 0.352007 0.607574
vt 0.350706 0.606053
vt 0.351657 0.605511
vt 0.349738 0.605253
vt 0.350061 0.604156
vt 0.348464 0.605331
vt 0.347788 0.604153
vt 0.347741 0.606384
vt 0.346631 0.606109
vt 0.347930 0.607629
vt 0.346979 0.608173
vt 0.349319 0.606840
vt 0.348901 0.608431
vt 0.348575 0.609527
vt 0.334201 0.596741
vt 0.335378 0.597415
vt 0.335290 0.598688
vt 0.334195 0.599014
vt 0.336085 0.599663
vt 0.335543 0.600614
vt 0.337327 0.599860
vt 0.337606 0.600969
vt 0.338385 0.599145
vt 0.339565 0.599817
vt 0.338473 0.597870
vt 0.339569 0.597544
vt 0.337678 0.596894
vt 0.338220 0.595943
vt 0.336881 0.598279
vt 0.336434 0.596697
vt 0.336158 0.595587
vt 0.058084 0.604190
vt 0.056900 0.603519
vt 0.056977 0.602244
vt 0.058073 0.601916
vt 0.056177 0.601272
vt 0.056718 0.600320
vt 0.054932 0.601085
vt 0.054654 0.599977
vt 0.053881 0.601808
vt 0.052702 0.601139
vt 0.053800 0.603083
vt 0.052706 0.603410
vt 0.054603 0.604051
vt 0.054063 0.605003
vt 0.055389 0.602663
vt 0.055845 0.604241
vt 0.056128 0.605350
vt 0.351299 0.588774
vt 0.350626 0.589954
vt 0.349352 0.589878
vt 0.349026 0.588782
vt 0.348385 0.590679
vt 0.347433 0.590140
vt 0.348195 0.591921
vt 0.347087 0.592204
vt 0.348917 0.592975
vt 0.348247 0.594159
vt 0.350191 0.593052
vt 0.350521 0.594147
vt 0.351161 0.592252
vt 0.352116 0.592790
vt 0.349772 0.591465
vt 0.351352 0.591007
vt 0.352461 0.590726
vt 0.236280 0.593719
vt 0.236822 0.594671
vt 0.236022 0.595644
vt 0.234928 0.595315
vt 0.236105 0.596918
vt 0.234926 0.597588
vt 0.237159 0.597641
vt 0.236879 0.598749
vt 0.238402 0.597447
vt 0.238943 0.598399
vt 0.239203 0.596478
vt 0.240299 0.596804
vt 0.239120 0.595203
vt 0.240299 0.594532
vt 0.237613 0.596060
vt 0.238068 0.594481
vt 0.238344 0.593372
vt 0.253104 0.591522
vt 0.252562 0.592474
vt 0.251316 0.592283
vt 0.251040 0.591174
vt 0.250263 0.593004
vt 0.249085 0.592333
vt 0.250180 0.594277
vt 0.249085 0.594605
vt 0.250978 0.595251
vt 0.250436 0.596202
vt 0.252222 0.595441
vt 0.252500 0.596549
vt 0.253276 0.594724
vt 0.254458 0.595393
vt 0.251769 0.593863
vt 0.253360 0.593448
vt 0.254456 0.593119
vt 0.215670 0.635743
vt 0.215126 0.634794
vt 0.215923 0.633822
vt 0.217021 0.634144
vt 0.215840 0.632547
vt 0.217021 0.631871
vt 0.214782 0.631830
vt 0.215060 0.630721
vt 0.213541 0.632026
vt 0.212998 0.631076
vt 0.212744 0.632997
vt 0.211647 0.632675
vt 0.212827 0.634272
vt 0.211647 0.634948
vt 0.214334 0.633410
vt 0.213885 0.634989
vt 0.213607 0.636099
vt 0.039263 0.644539
vt 0.039805 0.643588
vt 0.041047 0.643782
vt 0.041327 0.644891
vt 0.042104 0.643063
vt 0.043286 0.643737
vt 0.042185 0.641787
vt 0.043282 0.641464
vt 0.041387 0.640818
vt 0.041929 0.639867
vt 0.040146 0.640623
vt 0.039866 0.639515
vt 0.039091 0.641340
vt 0.037909 0.640671
vt 0.040597 0.642202
vt 0.039006 0.642617
vt 0.037909 0.642943
vt 0.093168 0.643325
vt 0.092217 0.642783
vt 0.092411 0.641541
vt 0.093520 0.641261
vt 0.091692 0.640484
vt 0.092366 0.639302
vt 0.090417 0.640403
vt 0.090093 0.639306
vt 0.089447 0.641202
vt 0.088496 0.640660
vt 0.089253 0.642442
vt 0.088145 0.642723
vt 0.089970 0.643498
vt 0.089300 0.644679
vt 0.090831 0.641992
vt 0.091246 0.643583
vt 0.091572 0.644679
vt 0.957472 0.569844
vt 0.956928 0.568895
vt 0.957725 0.567924
vt 0.958822 0.568245
vt 0.957642 0.566648
vt 0.958822 0.565972
vt 0.956584 0.565932
vt 0.956861 0.564822
vt 0.955343 0.566128
vt 0.954799 0.565178
vt 0.954546 0.567099
vt 0.953448 0.566778
vt 0.954629 0.568374
vt 0.953449 0.569051
vt 0.956135 0.567511
vt 0.955687 0.569091
vt 0.955409 0.570201
vt 0.321388 0.600609
vt 0.321929 0.599657
vt 0.323170 0.599851
vt 0.323452 0.600958
vt 0.324225 0.599132
vt 0.325408 0.599801
vt 0.324310 0.597855
vt 0.325406 0.597528
vt 0.323508 0.596885
vt 0.324050 0.595933
vt 0.322265 0.596691
vt 0.321986 0.595582
vt 0.321212 0.597413
vt 0.320033 0.596743
vt 0.322718 0.598271
vt 0.321128 0.598688
vt 0.320033 0.599014
vt 0.156939 0.624773
vt 0.155585 0.623178
vt 0.156681 0.622852
vt 0.157482 0.623823
vt 0.155585 0.620907
vt 0.156763 0.621578
vt 0.157539 0.619747
vt 0.157816 0.620855
vt 0.159603 0.620093
vt 0.159062 0.621045
vt 0.160956 0.621689
vt 0.159862 0.622019
vt 0.160960 0.623962
vt 0.159778 0.623294
vt 0.158271 0.622435
vt 0.159003 0.625120
vt 0.158725 0.624012
vt 0.281209 0.606900
vt 0.283273 0.606553
vt 0.282994 0.607661
vt 0.281751 0.607851
vt 0.285231 0.607708
vt 0.284049 0.608378
vt 0.285231 0.609981
vt 0.284134 0.609655
vt 0.283877 0.611577
vt 0.283332 0.610627
vt 0.281814 0.611928
vt 0.282088 0.610818
vt 0.279857 0.610772
vt 0.281034 0.610096
vt 0.282542 0.609239
vt 0.279860 0.608499
vt 0.280955 0.608823
vt 0.267259 0.591532
vt 0.268616 0.593126
vt 0.267519 0.593452
vt 0.266718 0.592483
vt 0.268625 0.595400
vt 0.267441 0.594728
vt 0.266668 0.596558
vt 0.266386 0.595450
vt 0.264603 0.596210
vt 0.265143 0.595258
vt 0.263247 0.594617
vt 0.264341 0.594289
vt 0.263244 0.592346
vt 0.264423 0.593015
vt 0.265931 0.593871
vt 0.265196 0.591183
vt 0.265476 0.592292
vt 0.197979 0.613789
vt 0.195916 0.614139
vt 0.196197 0.613030
vt 0.197440 0.612836
vt 0.193958 0.612984
vt 0.195140 0.612310
vt 0.193962 0.610711
vt 0.195059 0.611035
vt 0.195316 0.609115
vt 0.195858 0.610065
vt 0.197380 0.608763
vt 0.197100 0.609872
vt 0.199338 0.609918
vt 0.198156 0.610591
vt 0.196648 0.611450
vt 0.199331 0.612191
vt 0.198236 0.611865
vt 0.153179 0.633273
vt 0.154531 0.634872
vt 0.153433 0.635194
vt 0.152633 0.634223
vt 0.154533 0.637145
vt 0.153352 0.636470
vt 0.152573 0.638297
vt 0.152296 0.637188
vt 0.150509 0.637947
vt 0.151055 0.636998
vt 0.149158 0.636349
vt 0.150255 0.636027
vt 0.149158 0.634076
vt 0.150335 0.634754
vt 0.151844 0.635611
vt 0.151116 0.632922
vt 0.151389 0.634032
vt 0.210622 0.593727
vt 0.211977 0.595323
vt 0.210883 0.595653
vt 0.210084 0.594681
vt 0.211981 0.597595
vt 0.210801 0.596926
vt 0.210029 0.598757
vt 0.209749 0.597650
vt 0.207966 0.598409
vt 0.208507 0.597457
vt 0.206610 0.596814
vt 0.207706 0.596489
vt 0.206604 0.594540
vt 0.207784 0.595215
vt 0.209294 0.596070
vt 0.208558 0.593380
vt 0.208838 0.594489
vt 0.087759 0.624769
vt 0.086405 0.623174
vt 0.087501 0.622848
vt 0.088303 0.623819
vt 0.086405 0.620902
vt 0.087584 0.621573
vt 0.088360 0.619742
vt 0.088636 0.620851
vt 0.090424 0.620089
vt 0.089880 0.621040
vt 0.091778 0.621685
vt 0.090682 0.622011
vt 0.091778 0.623957
vt 0.090599 0.623286
vt 0.089092 0.622429
vt 0.089823 0.625117
vt 0.089547 0.624008
vt 0.294749 0.612965
vt 0.295928 0.612294
vt 0.296979 0.613016
vt 0.296704 0.614124
vt 0.298223 0.612827
vt 0.298767 0.613777
vt 0.299024 0.611857
vt 0.300121 0.612180
vt 0.298946 0.610583
vt 0.300124 0.609907
vt 0.297893 0.609859
vt 0.298168 0.608749
vt 0.296648 0.610048
vt 0.296104 0.609098
vt 0.297436 0.611438
vt 0.295845 0.611019
vt 0.294749 0.610693
vt 0.264229 0.480761
vt 0.265177 0.480216
vt 0.266148 0.481016
vt 0.265826 0.482113
vt 0.267422 0.480936
vt 0.268099 0.482114
vt 0.268145 0.479880
vt 0.269255 0.480158
vt 0.267951 0.478637
vt 0.268903 0.478094
vt 0.266980 0.477836
vt 0.267306 0.476740
vt 0.265704 0.477921
vt 0.265034 0.476740
vt 0.266564 0.479427
vt 0.264987 0.478975
vt 0.263879 0.478698
vt 0.277410 0.594529
vt 0.278592 0.595204
vt 0.278509 0.596480
vt 0.277412 0.596802
vt 0.279308 0.597452
vt 0.278763 0.598401
vt 0.280549 0.597643
vt 0.280826 0.598751
vt 0.281604 0.596928
vt 0.282784 0.597598
vt 0.281689 0.595654
vt 0.282784 0.595325
vt 0.280893 0.594680
vt 0.281433 0.593727
vt 0.280099 0.596066
vt 0.279649 0.594485
vt 0.279369 0.593375
vt 0.181707 0.640286
vt 0.181036 0.639107
vt 0.181759 0.638054
vt 0.182867 0.638333
vt 0.181566 0.636812
vt 0.182517 0.636270
vt 0.180596 0.636012
vt 0.180921 0.634915
vt 0.179321 0.636091
vt 0.178648 0.634909
vt 0.178602 0.637146
vt 0.177493 0.636868
vt 0.178790 0.638389
vt 0.177840 0.638932
vt 0.180179 0.637600
vt 0.179761 0.639190
vt 0.179435 0.640286
vt 0.202803 0.623986
vt 0.203982 0.623312
vt 0.205039 0.624024
vt 0.204765 0.625133
vt 0.206281 0.623829
vt 0.206827 0.624778
vt 0.207074 0.622853
vt 0.208170 0.623174
vt 0.206989 0.621581
vt 0.208164 0.620900
vt 0.205930 0.620862
vt 0.206204 0.619750
vt 0.204686 0.621061
vt 0.204142 0.620110
vt 0.205484 0.622445
vt 0.203892 0.622038
vt 0.202796 0.621713
vt 0.953343 0.581363
vt 0.954523 0.582031
vt 0.954441 0.583305
vt 0.953347 0.583635
vt 0.955240 0.584276
vt 0.954702 0.585230
vt 0.956485 0.584469
vt 0.956766 0.585577
vt 0.957539 0.583745
vt 0.958718 0.584415
vt 0.957621 0.582470
vt 0.958716 0.582142
vt 0.956818 0.581500
vt 0.957359 0.580549
vt 0.956030 0.582888
vt 0.955575 0.581308
vt 0.955295 0.580200
vt 0.193120 0.600745
vt 0.192444 0.599565
vt 0.193161 0.598508
vt 0.194270 0.598784
vt 0.192969 0.597265
vt 0.193919 0.596721
vt 0.191995 0.596469
vt 0.192319 0.595374
vt 0.190723 0.596551
vt 0.190046 0.595374
vt 0.190001 0.597606
vt 0.188891 0.597330
vt 0.190197 0.598849
vt 0.189247 0.599393
vt 0.191582 0.598057
vt 0.191168 0.599647
vt 0.190846 0.600745
vt 0.133138 0.615169
vt 0.131959 0.614498
vt 0.132042 0.613223
vt 0.133138 0.612897
vt 0.131240 0.612252
vt 0.131784 0.611302
vt 0.129996 0.612062
vt 0.129720 0.610954
vt 0.128944 0.612784
vt 0.127766 0.612114
vt 0.128862 0.614057
vt 0.127767 0.614386
vt 0.129661 0.615031
vt 0.129120 0.615983
vt 0.130451 0.613641
vt 0.130907 0.615221
vt 0.131184 0.616329
vt 0.223263 0.618708
vt 0.222081 0.619374
vt 0.221030 0.618648
vt 0.221313 0.617540
vt 0.219784 0.618837
vt 0.219248 0.617882
vt 0.218983 0.619807
vt 0.217890 0.619474
vt 0.219061 0.621080
vt 0.217881 0.621747
vt 0.220111 0.621805
vt 0.219832 0.622913
vt 0.221358 0.621620
vt 0.221896 0.622573
vt 0.220571 0.620227
vt 0.222160 0.620648
vt 0.223254 0.620980
vt 0.054484 0.627482
vt 0.053307 0.628153
vt 0.052255 0.627431
vt 0.052530 0.626323
vt 0.051011 0.627621
vt 0.050467 0.626671
vt 0.050210 0.628591
vt 0.049113 0.628267
vt 0.050290 0.629868
vt 0.049107 0.630541
vt 0.051346 0.630588
vt 0.051065 0.631697
vt 0.052588 0.630396
vt 0.053129 0.631348
vt 0.051800 0.629009
vt 0.053389 0.629427
vt 0.054484 0.629753
vt 0.192798 0.650324
vt 0.191616 0.649650
vt 0.191696 0.648374
vt 0.192794 0.648050
vt 0.190897 0.647404
vt 0.191439 0.646453
vt 0.189654 0.647210
vt 0.189376 0.646102
vt 0.188601 0.647932
vt 0.187423 0.647261
vt 0.188517 0.649206
vt 0.187421 0.649532
vt 0.189317 0.650176
vt 0.188776 0.651127
vt 0.190107 0.648790
vt 0.190559 0.650370
vt 0.190839 0.651479
vt 0.255783 0.623961
vt 0.254604 0.623291
vt 0.254687 0.622017
vt 0.255781 0.621688
vt 0.253887 0.621044
vt 0.254429 0.620092
vt 0.252641 0.620854
vt 0.252365 0.619745
vt 0.251589 0.621577
vt 0.250410 0.620906
vt 0.251506 0.622852
vt 0.250410 0.623178
vt 0.252309 0.623823
vt 0.251765 0.624773
vt 0.253097 0.622434
vt 0.253553 0.624012
vt 0.253829 0.625121
vt 0.325568 0.609916
vt 0.326746 0.610587
vt 0.326663 0.611861
vt 0.325568 0.612189
vt 0.327462 0.612835
vt 0.326919 0.613787
vt 0.328707 0.613026
vt 0.328983 0.614134
vt 0.329760 0.612304
vt 0.330938 0.612976
vt 0.329843 0.611031
vt 0.330938 0.610703
vt 0.329045 0.610057
vt 0.329587 0.609105
vt 0.328253 0.611446
vt 0.327799 0.609866
vt 0.327523 0.608757
vt 0.150952 0.594157
vt 0.150281 0.592979
vt 0.151003 0.591927
vt 0.152111 0.592203
vt 0.150813 0.590683
vt 0.151764 0.590139
vt 0.149842 0.589880
vt 0.150169 0.588783
vt 0.148565 0.589963
vt 0.147896 0.588781
vt 0.147847 0.591017
vt 0.146739 0.590738
vt 0.148036 0.592260
vt 0.147085 0.592803
vt 0.149424 0.591471
vt 0.149006 0.593061
vt 0.148680 0.594157
vt 0.050192 0.618317
vt 0.049519 0.617134
vt 0.050239 0.616080
vt 0.051348 0.616358
vt 0.050050 0.614836
vt 0.051001 0.614293
vt 0.049080 0.614034
vt 0.049406 0.612939
vt 0.047805 0.614117
vt 0.047135 0.612939
vt 0.047083 0.615169
vt 0.045975 0.614893
vt 0.047273 0.616412
vt 0.046323 0.616956
vt 0.048662 0.615624
vt 0.048243 0.617213
vt 0.047919 0.618311
vt 0.164670 0.633272
vt 0.166734 0.632922
vt 0.166453 0.634031
vt 0.165211 0.634224
vt 0.168692 0.634078
vt 0.167509 0.634751
vt 0.168686 0.636352
vt 0.167589 0.636027
vt 0.167330 0.637947
vt 0.166789 0.636996
vt 0.165267 0.638298
vt 0.165546 0.637190
vt 0.163315 0.637138
vt 0.164493 0.636467
vt 0.166000 0.635610
vt 0.163315 0.634867
vt 0.164410 0.635193
vt 0.080687 0.613939
vt 0.078414 0.613931
vt 0.078745 0.612836
vt 0.080020 0.612758
vt 0.076824 0.612570
vt 0.077777 0.612032
vt 0.076481 0.610505
vt 0.077589 0.610788
vt 0.077648 0.608555
vt 0.078315 0.609737
vt 0.079920 0.608564
vt 0.079590 0.609658
vt 0.081511 0.609925
vt 0.080557 0.610463
vt 0.079167 0.611247
vt 0.081854 0.611990
vt 0.080746 0.611707
vt 0.161037 0.590144
vt 0.162991 0.588985
vt 0.163269 0.590094
vt 0.162215 0.590815
vt 0.165055 0.589337
vt 0.164512 0.590288
vt 0.166409 0.590933
vt 0.165313 0.591260
vt 0.166410 0.593206
vt 0.165228 0.592536
vt 0.164453 0.594363
vt 0.164171 0.593254
vt 0.162390 0.594013
vt 0.162928 0.593060
vt 0.163721 0.591674
vt 0.161037 0.592416
vt 0.162131 0.592088
vt 0.158179 0.647255
vt 0.158179 0.649528
vt 0.157081 0.649207
vt 0.156999 0.647931
vt 0.156829 0.651127
vt 0.156283 0.650179
vt 0.154766 0.651480
vt 0.155041 0.650370
vt 0.152804 0.650330
vt 0.153985 0.649653
vt 0.152804 0.648057
vt 0.153902 0.648378
vt 0.154154 0.646458
vt 0.154701 0.647406
vt 0.155492 0.648792
vt 0.156217 0.646105
vt 0.155942 0.647214
vt 0.169744 0.623963
vt 0.169747 0.621691
vt 0.170843 0.622018
vt 0.170926 0.623294
vt 0.171103 0.620096
vt 0.171644 0.621047
vt 0.173167 0.619746
vt 0.172888 0.620854
vt 0.175120 0.620906
vt 0.173941 0.621577
vt 0.175120 0.623178
vt 0.174024 0.622852
vt 0.173766 0.624773
vt 0.173223 0.623823
vt 0.172434 0.622435
vt 0.171702 0.625120
vt 0.171980 0.624012
vt 0.222717 0.648118
vt 0.220764 0.649279
vt 0.220486 0.648171
vt 0.221538 0.647448
vt 0.218700 0.648934
vt 0.219241 0.647982
vt 0.217346 0.647338
vt 0.218441 0.647008
vt 0.217343 0.645065
vt 0.218523 0.645735
vt 0.219295 0.643903
vt 0.219576 0.645011
vt 0.221359 0.644250
vt 0.220821 0.645203
vt 0.220031 0.646592
vt 0.222714 0.645846
vt 0.221620 0.646176
vt 0.268949 0.622706
vt 0.267788 0.620752
vt 0.268896 0.620472
vt 0.269619 0.621526
vt 0.268136 0.618689
vt 0.269090 0.619227
vt 0.269733 0.617335
vt 0.270062 0.618429
vt 0.272005 0.617333
vt 0.271335 0.618512
vt 0.273164 0.619288
vt 0.272056 0.619564
vt 0.272817 0.621352
vt 0.271866 0.620807
vt 0.270477 0.620018
vt 0.271221 0.622706
vt 0.270895 0.621609
vt 0.112072 0.622707
vt 0.109800 0.622707
vt 0.110128 0.621613
vt 0.111401 0.621530
vt 0.108203 0.621356
vt 0.109155 0.620815
vt 0.107857 0.619292
vt 0.108965 0.619571
vt 0.109012 0.617334
vt 0.109682 0.618516
vt 0.111285 0.617335
vt 0.110959 0.618432
vt 0.112882 0.618689
vt 0.111932 0.619233
vt 0.110543 0.620023
vt 0.113231 0.620752
vt 0.112122 0.620477
vt 0.309938 0.635475
vt 0.309394 0.636424
vt 0.308154 0.636228
vt 0.307875 0.635119
vt 0.307096 0.636946
vt 0.305915 0.636270
vt 0.307013 0.638221
vt 0.305915 0.638543
vt 0.307810 0.639192
vt 0.307266 0.640142
vt 0.309051 0.639388
vt 0.309329 0.640497
vt 0.310108 0.638671
vt 0.311289 0.639347
vt 0.308602 0.637808
vt 0.310192 0.637396
vt 0.311289 0.637074
vt 0.100177 0.633555
vt 0.100720 0.632605
vt 0.101960 0.632800
vt 0.102241 0.633907
vt 0.103016 0.632083
vt 0.104198 0.632752
vt 0.103101 0.630808
vt 0.104197 0.630479
vt 0.102303 0.629832
vt 0.102847 0.628880
vt 0.101057 0.629640
vt 0.100783 0.628530
vt 0.100003 0.630362
vt 0.098825 0.629685
vt 0.101510 0.631221
vt 0.099922 0.631636
vt 0.098825 0.631957
vt 0.183803 0.609109
vt 0.183261 0.610060
vt 0.182020 0.609866
vt 0.181740 0.608758
vt 0.180964 0.610585
vt 0.179782 0.609913
vt 0.180884 0.611859
vt 0.179789 0.612186
vt 0.181680 0.612831
vt 0.181141 0.613784
vt 0.182923 0.613025
vt 0.183204 0.614134
vt 0.183980 0.612305
vt 0.185162 0.612979
vt 0.182472 0.611445
vt 0.184060 0.611029
vt 0.185157 0.610705
vt 0.198028 0.637947
vt 0.197486 0.636996
vt 0.198284 0.636021
vt 0.199379 0.636350
vt 0.198199 0.634746
vt 0.199381 0.634077
vt 0.197143 0.634029
vt 0.197424 0.632921
vt 0.195902 0.634223
vt 0.195360 0.633272
vt 0.195102 0.635194
vt 0.194006 0.634868
vt 0.195187 0.636470
vt 0.194006 0.637140
vt 0.196693 0.635608
vt 0.196242 0.637186
vt 0.195964 0.638295
vt 0.230849 0.634064
vt 0.231205 0.636127
vt 0.230095 0.635849
vt 0.229899 0.634608
vt 0.230054 0.638087
vt 0.229378 0.636906
vt 0.227781 0.638087
vt 0.228103 0.636989
vt 0.226182 0.636736
vt 0.227132 0.636192
vt 0.225827 0.634673
vt 0.226936 0.634951
vt 0.226977 0.632713
vt 0.227653 0.633894
vt 0.228516 0.635400
vt 0.229250 0.632713
vt 0.228928 0.633811
vt 0.065982 0.611303
vt 0.067336 0.612900
vt 0.066239 0.613225
vt 0.065437 0.612253
vt 0.067336 0.615172
vt 0.066154 0.614503
vt 0.065379 0.616329
vt 0.065098 0.615221
vt 0.063316 0.615980
vt 0.063855 0.615027
vt 0.061964 0.614383
vt 0.063057 0.614055
vt 0.061964 0.612112
vt 0.063141 0.612783
vt 0.064647 0.613641
vt 0.063918 0.610953
vt 0.064193 0.612062
vt 0.049910 0.658702
vt 0.049558 0.656639
vt 0.050666 0.656917
vt 0.050860 0.658159
vt 0.050717 0.654685
vt 0.051388 0.655863
vt 0.052988 0.654684
vt 0.052662 0.655779
vt 0.054584 0.656038
vt 0.053632 0.656580
vt 0.054935 0.658102
vt 0.053826 0.657821
vt 0.053780 0.660061
vt 0.053106 0.658878
vt 0.052246 0.657369
vt 0.051506 0.660056
vt 0.051830 0.658959
vt 0.179716 0.599391
vt 0.178117 0.600743
vt 0.177795 0.599645
vt 0.178766 0.598847
vt 0.175844 0.600744
vt 0.176519 0.599563
vt 0.174692 0.598784
vt 0.175801 0.598506
vt 0.175047 0.596722
vt 0.175996 0.597265
vt 0.176645 0.595371
vt 0.176967 0.596467
vt 0.178917 0.595372
vt 0.178240 0.596549
vt 0.177381 0.598056
vt 0.180072 0.597328
vt 0.178962 0.597604
vt 0.134174 0.598922
vt 0.135124 0.599466
vt 0.134928 0.600707
vt 0.133819 0.600985
vt 0.135645 0.601764
vt 0.134969 0.602945
vt 0.136920 0.601847
vt 0.137242 0.602945
vt 0.137891 0.601050
vt 0.138841 0.601594
vt 0.138087 0.599809
vt 0.139197 0.599531
vt 0.137370 0.598752
vt 0.138046 0.597571
vt 0.136508 0.600258
vt 0.136095 0.598669
vt 0.135773 0.597571
vt 0.315927 0.622290
vt 0.316469 0.623242
vt 0.315669 0.624213
vt 0.314572 0.623887
vt 0.315754 0.625489
vt 0.314572 0.626159
vt 0.316808 0.626205
vt 0.316530 0.627313
vt 0.318049 0.626016
vt 0.318594 0.626964
vt 0.318848 0.625045
vt 0.319945 0.625367
vt 0.318768 0.623771
vt 0.319947 0.623094
vt 0.317260 0.624628
vt 0.317713 0.623047
vt 0.317991 0.621937
vt 0.122193 0.629158
vt 0.122735 0.628207
vt 0.123976 0.628401
vt 0.124256 0.629509
vt 0.125031 0.627684
vt 0.126213 0.628354
vt 0.125116 0.626408
vt 0.126213 0.626082
vt 0.124316 0.625437
vt 0.124858 0.624486
vt 0.123074 0.625243
vt 0.122795 0.624134
vt 0.122017 0.625962
vt 0.120836 0.625288
vt 0.123525 0.626823
vt 0.121936 0.627237
vt 0.120839 0.627561
vt 0.097938 0.609111
vt 0.098480 0.610062
vt 0.097681 0.611031
vt 0.096584 0.610707
vt 0.097761 0.612306
vt 0.096579 0.612980
vt 0.098817 0.613026
vt 0.098537 0.614135
vt 0.100059 0.612833
vt 0.100600 0.613784
vt 0.100858 0.611863
vt 0.101955 0.612187
vt 0.100777 0.610588
vt 0.101959 0.609914
vt 0.099269 0.611447
vt 0.099721 0.609868
vt 0.100002 0.608760
vt 0.105416 0.595917
vt 0.105956 0.596870
vt 0.105154 0.597837
vt 0.104057 0.597510
vt 0.105231 0.599113
vt 0.104046 0.599784
vt 0.106285 0.599836
vt 0.106001 0.600944
vt 0.107527 0.599646
vt 0.108066 0.600598
vt 0.108328 0.598679
vt 0.109424 0.599005
vt 0.108252 0.597406
vt 0.109432 0.596733
vt 0.106741 0.598258
vt 0.107200 0.596679
vt 0.107480 0.595570
vt 0.125048 0.643327
vt 0.125998 0.642784
vt 0.126969 0.643581
vt 0.126647 0.644678
vt 0.128244 0.643498
vt 0.128920 0.644678
vt 0.128961 0.642440
vt 0.130071 0.642718
vt 0.128766 0.641199
vt 0.129715 0.640655
vt 0.127794 0.640402
vt 0.128116 0.639305
vt 0.126519 0.640485
vt 0.125843 0.639305
vt 0.127382 0.641991
vt 0.125802 0.641543
vt 0.124693 0.641265
vt 0.056092 0.644538
vt 0.054028 0.644888
vt 0.054309 0.643780
vt 0.055552 0.643585
vt 0.052071 0.643732
vt 0.053253 0.643063
vt 0.052071 0.641460
vt 0.053167 0.641786
vt 0.053425 0.639864
vt 0.053967 0.640815
vt 0.055489 0.639512
vt 0.055208 0.640620
vt 0.057446 0.640668
vt 0.056264 0.641337
vt 0.054759 0.642200
vt 0.057444 0.642941
vt 0.056349 0.642612
vt 0.118778 0.609388
vt 0.116714 0.609739
vt 0.116995 0.608631
vt 0.118236 0.608437
vt 0.114757 0.608585
vt 0.115939 0.607912
vt 0.114763 0.606311
vt 0.115858 0.606638
vt 0.116115 0.604714
vt 0.116654 0.605666
vt 0.118178 0.604364
vt 0.117897 0.605473
vt 0.120136 0.605518
vt 0.118954 0.606192
vt 0.117446 0.607052
vt 0.120132 0.607792
vt 0.119035 0.607468
vt 0.104588 0.649444
vt 0.104940 0.651508
vt 0.103831 0.651228
vt 0.103637 0.649986
vt 0.103786 0.653467
vt 0.103112 0.652285
vt 0.101513 0.653463
vt 0.101836 0.652366
vt 0.099916 0.652110
vt 0.100867 0.651568
vt 0.099565 0.650047
vt 0.100672 0.650327
vt 0.100720 0.648090
vt 0.101390 0.649272
vt 0.102251 0.650777
vt 0.102992 0.648090
vt 0.102666 0.649186
vt 0.026259 0.653836
vt 0.026614 0.655899
vt 0.025505 0.655621
vt 0.025309 0.654380
vt 0.025463 0.657860
vt 0.024787 0.656679
vt 0.023190 0.657860
vt 0.023512 0.656762
vt 0.021591 0.656509
vt 0.022541 0.655965
vt 0.021236 0.654446
vt 0.022345 0.654724
vt 0.022386 0.652486
vt 0.023063 0.653666
vt 0.023925 0.655173
vt 0.024659 0.652486
vt 0.024338 0.653583
vt 0.301774 0.626967
vt 0.300421 0.625369
vt 0.301519 0.625046
vt 0.302319 0.626017
vt 0.300417 0.623095
vt 0.301600 0.623769
vt 0.302375 0.621940
vt 0.302657 0.623049
vt 0.304439 0.622289
vt 0.303900 0.623243
vt 0.305791 0.623886
vt 0.304698 0.624215
vt 0.305791 0.626158
vt 0.304614 0.625487
vt 0.303109 0.624629
vt 0.303837 0.627316
vt 0.303563 0.626208
vt 0.337968 0.618694
vt 0.339564 0.617339
vt 0.339889 0.618437
vt 0.338918 0.619238
vt 0.341838 0.617333
vt 0.341165 0.618517
vt 0.342995 0.619291
vt 0.341886 0.619573
vt 0.342645 0.621356
vt 0.341693 0.620815
vt 0.341050 0.622711
vt 0.340724 0.621616
vt 0.338779 0.622711
vt 0.339450 0.621533
vt 0.340307 0.620026
vt 0.337620 0.620757
vt 0.338729 0.620482
vt 0.725124 0.509693
vt 0.724451 0.510873
vt 0.723178 0.510797
vt 0.722850 0.509702
vt 0.722207 0.511596
vt 0.721255 0.511056
vt 0.722019 0.512841
vt 0.720911 0.513119
vt 0.722742 0.513892
vt 0.722073 0.515071
vt 0.724015 0.513973
vt 0.724346 0.515066
vt 0.724986 0.513173
vt 0.725940 0.513711
vt 0.723597 0.512384
vt 0.725178 0.511927
vt 0.726287 0.511646
vt 0.093120 0.598946
vt 0.091940 0.599616
vt 0.090886 0.598892
vt 0.091167 0.597783
vt 0.089641 0.599084
vt 0.089103 0.598131
vt 0.088842 0.600056
vt 0.087748 0.599726
vt 0.088923 0.601329
vt 0.087745 0.601998
vt 0.089975 0.602051
vt 0.089698 0.603159
vt 0.091219 0.601863
vt 0.091762 0.602813
vt 0.090431 0.600473
vt 0.092022 0.600892
vt 0.093118 0.601219
vt 0.185327 0.623102
vt 0.186507 0.623773
vt 0.186424 0.625048
vt 0.185327 0.625374
vt 0.187226 0.626020
vt 0.186682 0.626970
vt 0.188470 0.626209
vt 0.188745 0.627318
vt 0.189521 0.625488
vt 0.190700 0.626158
vt 0.189604 0.624215
vt 0.190698 0.623886
vt 0.188806 0.623243
vt 0.189344 0.622289
vt 0.188015 0.624631
vt 0.187561 0.623050
vt 0.187281 0.621941
vt 0.027633 0.641537
vt 0.025677 0.642695
vt 0.025395 0.641587
vt 0.026450 0.640868
vt 0.023613 0.642346
vt 0.024153 0.641394
vt 0.022258 0.640751
vt 0.023353 0.640425
vt 0.022258 0.638480
vt 0.023436 0.639151
vt 0.024212 0.637321
vt 0.024487 0.638429
vt 0.026276 0.637668
vt 0.025732 0.638619
vt 0.024943 0.640008
vt 0.027631 0.639264
vt 0.026534 0.639591
vt 0.235378 0.610780
vt 0.233423 0.611939
vt 0.233139 0.610832
vt 0.234194 0.610113
vt 0.231359 0.611593
vt 0.231896 0.610640
vt 0.230004 0.609998
vt 0.231098 0.609668
vt 0.230001 0.607726
vt 0.231180 0.608395
vt 0.231952 0.606563
vt 0.232233 0.607672
vt 0.234017 0.606911
vt 0.233478 0.607864
vt 0.232687 0.609253
vt 0.235372 0.608506
vt 0.234277 0.608837
vt 0.268410 0.634075
vt 0.270364 0.632915
vt 0.270641 0.634024
vt 0.269588 0.634746
vt 0.272428 0.633261
vt 0.271887 0.634213
vt 0.273781 0.634858
vt 0.272686 0.635187
vt 0.273782 0.637131
vt 0.272604 0.636460
vt 0.271828 0.638290
vt 0.271552 0.637182
vt 0.269764 0.637943
vt 0.270308 0.636993
vt 0.271096 0.635603
vt 0.268410 0.636347
vt 0.269506 0.636021
vt 0.311404 0.609916
vt 0.312582 0.610588
vt 0.312498 0.611861
vt 0.311404 0.612189
vt 0.313297 0.612835
vt 0.312755 0.613787
vt 0.314542 0.613026
vt 0.314818 0.614134
vt 0.315595 0.612305
vt 0.316773 0.612976
vt 0.315679 0.611031
vt 0.316773 0.610703
vt 0.314880 0.610057
vt 0.315422 0.609105
vt 0.314089 0.611446
vt 0.313635 0.609866
vt 0.313359 0.608757
vt 0.248393 0.611724
vt 0.247722 0.610546
vt 0.248443 0.609493
vt 0.249552 0.609769
vt 0.248252 0.608247
vt 0.249204 0.607705
vt 0.247278 0.607449
vt 0.247606 0.606354
vt 0.246005 0.607532
vt 0.245334 0.606354
vt 0.245284 0.608585
vt 0.244175 0.608309
vt 0.245474 0.609831
vt 0.244522 0.610373
vt 0.246863 0.609039
vt 0.246448 0.610629
vt 0.246120 0.611724
vt 0.155234 0.603322
vt 0.154055 0.603991
vt 0.153005 0.603268
vt 0.153282 0.602160
vt 0.151761 0.603456
vt 0.151218 0.602505
vt 0.150959 0.604425
vt 0.149861 0.604099
vt 0.151036 0.605702
vt 0.149852 0.606373
vt 0.152092 0.606424
vt 0.151808 0.607533
vt 0.153336 0.606234
vt 0.153873 0.607188
vt 0.152547 0.604845
vt 0.154136 0.605263
vt 0.155229 0.605594
vt 0.287806 0.620904
vt 0.286625 0.621570
vt 0.285576 0.620844
vt 0.285857 0.619737
vt 0.284331 0.621029
vt 0.283793 0.620075
vt 0.283529 0.621999
vt 0.282434 0.621668
vt 0.283603 0.623274
vt 0.282418 0.623942
vt 0.284657 0.623999
vt 0.284370 0.625107
vt 0.285901 0.623811
vt 0.286436 0.624767
vt 0.285116 0.622421
vt 0.286703 0.622842
vt 0.287795 0.623176
vt 0.078284 0.655660
vt 0.077127 0.653703
vt 0.078235 0.653421
vt 0.078954 0.654477
vt 0.077476 0.651639
vt 0.078429 0.652178
vt 0.079073 0.650287
vt 0.079402 0.651380
vt 0.081345 0.650287
vt 0.080674 0.651464
vt 0.082503 0.652242
vt 0.081395 0.652517
vt 0.082154 0.654305
vt 0.081204 0.653760
vt 0.079815 0.652970
vt 0.080557 0.655659
vt 0.080231 0.654562
vt 0.232065 0.647265
vt 0.234020 0.646106
vt 0.234296 0.647215
vt 0.233243 0.647936
vt 0.236083 0.646454
vt 0.235541 0.647405
vt 0.237435 0.648052
vt 0.236340 0.648380
vt 0.237435 0.650325
vt 0.236256 0.649653
vt 0.235480 0.651483
vt 0.235204 0.650374
vt 0.233416 0.651135
vt 0.233958 0.650184
vt 0.234750 0.648795
vt 0.232065 0.649538
vt 0.233159 0.649210
vt 0.209044 0.610768
vt 0.209044 0.608496
vt 0.210140 0.608822
vt 0.210222 0.610097
vt 0.210398 0.606901
vt 0.210942 0.607851
vt 0.212462 0.606553
vt 0.212186 0.607661
vt 0.214416 0.607713
vt 0.213238 0.608383
vt 0.214414 0.609985
vt 0.213320 0.609656
vt 0.213062 0.611582
vt 0.212521 0.610630
vt 0.211730 0.609240
vt 0.210998 0.611928
vt 0.211275 0.610819
vt 0.174332 0.650328
vt 0.172375 0.651483
vt 0.172102 0.650373
vt 0.173156 0.649655
vt 0.170313 0.651130
vt 0.170857 0.650181
vt 0.168966 0.649529
vt 0.170062 0.649206
vt 0.168967 0.647255
vt 0.170144 0.647933
vt 0.170926 0.646102
vt 0.171199 0.647213
vt 0.172989 0.646455
vt 0.172445 0.647406
vt 0.171651 0.648793
vt 0.174337 0.648056
vt 0.173242 0.648381
vt 0.125354 0.596203
vt 0.124811 0.595253
vt 0.125608 0.594282
vt 0.126705 0.594604
vt 0.125525 0.593007
vt 0.126705 0.592331
vt 0.124467 0.592290
vt 0.124745 0.591181
vt 0.123226 0.592486
vt 0.122682 0.591536
vt 0.122429 0.593457
vt 0.121331 0.593135
vt 0.122512 0.594732
vt 0.121331 0.595408
vt 0.124018 0.593870
vt 0.123570 0.595449
vt 0.123291 0.596558
vt 0.163853 0.607717
vt 0.165449 0.606363
vt 0.165774 0.607460
vt 0.164804 0.608259
vt 0.167722 0.606358
vt 0.167049 0.607540
vt 0.168877 0.608316
vt 0.167769 0.608596
vt 0.168526 0.610379
vt 0.167575 0.609838
vt 0.166930 0.611734
vt 0.166606 0.610637
vt 0.164657 0.611739
vt 0.165330 0.610556
vt 0.166190 0.609048
vt 0.163502 0.609781
vt 0.164611 0.609500
vt 0.255593 0.633273
vt 0.256136 0.634223
vt 0.255339 0.635194
vt 0.254242 0.634872
vt 0.255422 0.636469
vt 0.254242 0.637145
vt 0.256480 0.637187
vt 0.256202 0.638296
vt 0.257721 0.636991
vt 0.258265 0.637940
vt 0.258518 0.636019
vt 0.259616 0.636341
vt 0.258435 0.634744
vt 0.259616 0.634068
vt 0.256929 0.635607
vt 0.257377 0.634027
vt 0.257655 0.632918
vt 0.236488 0.624765
vt 0.235942 0.623817
vt 0.236740 0.622845
vt 0.237838 0.623166
vt 0.236657 0.621569
vt 0.237838 0.620893
vt 0.235600 0.620851
vt 0.235878 0.619742
vt 0.234359 0.621047
vt 0.233815 0.620097
vt 0.233561 0.622018
vt 0.232464 0.621696
vt 0.233644 0.623292
vt 0.232464 0.623968
vt 0.235150 0.622431
vt 0.234700 0.624009
vt 0.234425 0.625118
vt 0.066439 0.642855
vt 0.067391 0.643397
vt 0.067197 0.644639
vt 0.066087 0.644919
vt 0.067915 0.645696
vt 0.067241 0.646878
vt 0.069191 0.645777
vt 0.069514 0.646874
vt 0.070161 0.644978
vt 0.071111 0.645521
vt 0.070355 0.643738
vt 0.071463 0.643457
vt 0.069638 0.642682
vt 0.070307 0.641501
vt 0.068776 0.644188
vt 0.068362 0.642597
vt 0.068035 0.641501
vt 0.224780 0.595926
vt 0.226137 0.597520
vt 0.225042 0.597848
vt 0.224240 0.596879
vt 0.226140 0.599792
vt 0.224961 0.599123
vt 0.224188 0.600954
vt 0.223908 0.599846
vt 0.222125 0.600606
vt 0.222666 0.599654
vt 0.220768 0.599011
vt 0.221865 0.598686
vt 0.220762 0.596738
vt 0.221942 0.597412
vt 0.223452 0.598267
vt 0.222716 0.595577
vt 0.222996 0.596687
vt 0.081992 0.631873
vt 0.082344 0.633936
vt 0.081236 0.633656
vt 0.081042 0.632415
vt 0.081189 0.635893
vt 0.080519 0.634711
vt 0.078917 0.635893
vt 0.079243 0.634797
vt 0.077321 0.634539
vt 0.078272 0.633997
vt 0.076969 0.632475
vt 0.078078 0.632755
vt 0.078123 0.630516
vt 0.078797 0.631698
vt 0.079657 0.633206
vt 0.080396 0.630519
vt 0.080072 0.631617
vt 0.286372 0.633278
vt 0.286916 0.634228
vt 0.286119 0.635199
vt 0.285022 0.634877
vt 0.286202 0.636474
vt 0.285022 0.637150
vt 0.287260 0.637191
vt 0.286982 0.638301
vt 0.288501 0.636996
vt 0.289045 0.637945
vt 0.289298 0.636025
vt 0.290395 0.636346
vt 0.289215 0.634749
vt 0.290395 0.634073
vt 0.287709 0.635612
vt 0.288157 0.634032
vt 0.288435 0.632923
s 1
usemtl utility_box_02
f 31/1/1 1146/2/1 27/3/1
f 138/4/2 4/5/2 40/6/3 147/7/3
f 540/8/4 99/9/5 115/10/6 273/11/6
f 17/12/1 24/13/1 18/14/1
f 136/15/7 134/16/7 142/17/8 36/18/8
f 110/19/9 108/20/9 53/21/9 78/22/9
f 97/23/1 96/24/1 126/25/1 128/26/1
f 12/27/2 6/28/2 11/29/2 9/30/2
f 43/31/9 39/32/9 41/33/9
f 11/34/9 6/35/9 14/36/9 15/37/9
f 23/38/2 22/39/2 18/40/2
f 24/13/1 26/41/1 18/14/1
f 144/42/10 30/43/10 34/44/11 145/45/11
f 138/46/12 139/47/12 6/48/12 4/49/12
f 139/47/12 140/50/12 14/51/12 6/48/12
f 15/52/2 14/53/2 20/54/2 21/55/2
f 140/56/2 18/40/2 22/39/2 141/57/2
f 34/58/1 42/59/1 35/60/1
f 42/59/1 33/61/1 35/60/1
f 944/62/13 46/63/14 47/64/15 477/65/15
f 25/66/1 100/67/1 23/68/1 18/69/1
f 36/70/9 38/71/9 1/72/9
f 38/73/9 37/74/9 1/75/9
f 142/17/8 31/76/8 32/77/15 143/78/15
f 143/79/15 32/80/15 30/43/10 144/42/10
f 49/81/16 28/82/17 29/83/15 51/84/15
f 51/85/15 29/86/15 27/3/18 52/87/18
f 118/88/4 25/89/4 26/90/6 121/91/6
f 121/92/6 26/93/6 24/94/19 120/95/20
f 145/45/11 34/44/11 35/96/6 146/97/6
f 146/98/6 35/99/6 33/100/3 147/7/3
f 32/101/1 31/1/1 27/3/1 29/102/1
f 30/103/1 32/104/1 29/105/1 28/106/1
f 28/106/1 42/59/1 34/58/1 30/103/1
f 42/59/1 5/107/1 16/108/1
f 33/61/1 42/59/1 16/108/1
f 5/107/1 24/13/1 17/12/1 16/108/1
f 26/109/1 25/66/1 18/69/1
f 98/110/2 158/111/2 22/39/2 23/38/2
f 1/112/12 43/113/12 44/114/12 10/115/12
f 1/75/9 37/74/9 39/32/9 43/31/9
f 4/116/9 43/31/9 40/117/9
f 40/117/9 43/31/9 41/33/9
f 43/113/12 4/49/12 44/114/12
f 12/118/12 44/114/12 4/49/12 6/48/12
f 1044/119/21 1148/120/22 87/121/23 265/122/21
f 477/123/15 47/124/15 48/125/18 544/126/18
f 52/87/18 50/127/7 45/128/7 48/125/18
f 27/3/18 1146/2/7 50/127/7 52/87/18
f 119/129/2 118/88/4 99/9/5 117/130/2
f 47/124/15 51/85/15 52/87/18 48/125/18
f 46/63/14 49/81/16 51/84/15 47/64/15
f 73/131/1 69/132/1 1446/133/1
f 980/134/24 981/135/25 123/136/26 122/137/24
f 148/138/2 157/139/27 82/140/27 54/141/2
f 646/142/2 125/143/2 124/144/28 93/145/28
f 61/146/1 62/147/1 66/148/1
f 1496/149/2 1495/150/2 104/151/2 103/152/2
f 58/153/2 9/30/2 11/29/2 56/154/2
f 85/155/9 83/156/9 81/157/9
f 11/34/9 15/37/9 59/158/9 56/159/9
f 65/160/2 62/161/2 64/162/2
f 66/148/1 62/147/1 68/163/1
f 154/164/29 155/165/30 76/166/30 72/167/29
f 148/168/21 54/169/21 56/170/21 149/171/21
f 149/171/21 56/170/21 59/172/21 150/173/21
f 15/52/2 21/55/2 63/174/2 59/175/2
f 150/176/2 151/177/2 64/162/2 62/161/2
f 76/178/1 77/179/1 84/180/1
f 84/180/1 77/179/1 75/181/1
f 1148/120/22 1143/182/31 88/183/31 87/121/23
f 67/184/1 62/185/1 65/186/1 840/187/1
f 78/22/9 53/21/9 80/188/9
f 80/189/9 53/190/9 79/191/9
f 152/192/32 153/193/31 74/194/31 73/195/32
f 153/196/31 154/164/29 72/167/29 74/197/31
f 92/198/23 94/199/31 71/200/31 70/201/23
f 94/202/31 95/203/33 69/132/33 71/204/31
f 93/145/28 91/205/24 68/206/24 67/207/28
f 91/208/24 90/209/34 66/210/35 68/211/24
f 155/165/30 156/212/24 77/213/24 76/166/30
f 156/214/24 157/139/27 75/215/27 77/216/24
f 74/217/1 71/218/1 69/132/1 73/131/1
f 72/219/1 70/220/1 71/221/1 74/222/1
f 70/220/1 72/219/1 76/178/1 84/180/1
f 84/180/1 60/223/1 55/224/1
f 840/225/2 646/142/2 93/145/28 67/207/28
f 75/181/1 60/223/1 84/180/1
f 55/224/1 60/223/1 61/146/1 66/148/1
f 68/226/1 62/185/1 67/184/1
f 1501/227/1 1496/228/1 743/229/1 1502/230/1
f 53/231/21 57/232/21 86/233/21 85/234/21
f 53/190/9 85/155/9 81/157/9 79/191/9
f 54/235/9 82/236/9 85/155/9
f 82/236/9 83/156/9 85/155/9
f 85/234/21 86/233/21 54/169/21
f 58/237/21 56/170/21 54/169/21 86/233/21
f 124/144/28 122/238/24 91/205/24 93/145/28
f 1080/239/33 193/240/36 239/241/37 1045/242/7
f 1143/243/31 1080/239/33 89/244/33 88/245/31
f 95/203/33 89/244/33 112/246/7 1251/247/7
f 69/132/33 95/203/33 1251/247/7 1446/133/7
f 122/137/24 123/136/26 90/209/34 91/208/24
f 88/245/31 89/244/33 95/203/33 94/202/31
f 87/121/23 88/183/31 94/199/31 92/198/23
f 180/248/38 981/135/25 980/134/24 187/249/39
f 221/250/40 268/251/40 269/252/41 231/253/41
f 99/9/5 118/88/4 121/91/6 115/10/6
f 274/254/12 944/62/13 172/255/42 160/256/43
f 1492/257/1 244/258/1 216/259/44 1488/260/41
f 281/261/45 576/262/2 441/263/2 207/264/46
f 100/265/2 25/89/4 118/88/4 119/129/2
f 544/126/18 880/266/7 163/267/37 175/268/47
f 169/269/48 273/270/6 442/271/49 160/256/43
f 243/272/50 234/273/51 255/274/52 242/275/52
f 277/276/1 249/277/1 250/278/1 278/279/1
f 115/280/6 121/92/6 120/95/20 116/281/53
f 945/282/28 980/283/24 122/238/24 124/144/28
f 84/284/21 266/285/21 92/198/23 70/201/23
f 90/209/34 123/136/26 265/122/21 266/285/21
f 113/286/12 42/287/12 28/82/17 49/81/16
f 113/286/12 49/81/16 46/63/14 114/288/12
f 96/24/1 541/289/1 13/290/1 126/25/1
f 101/291/1 97/23/1 128/26/1 132/292/1
f 100/67/1 130/293/1 98/294/1 23/68/1
f 251/295/1 278/279/1 275/296/41 206/297/44
f 13/298/2 19/299/2 127/300/2 126/301/2
f 102/302/1 103/303/1 13/290/1 541/289/1
f 103/152/2 104/151/2 19/299/2 13/298/2
f 129/304/2 128/305/2 126/301/2 127/300/2
f 743/229/1 1496/228/1 103/303/1 102/302/1
f 128/305/2 129/304/2 131/306/2 132/307/2
f 105/308/9 136/309/9 36/70/9 1/72/9
f 105/310/7 1/311/7 10/312/7 135/313/7
f 1503/314/7 137/315/7 2/316/7 1505/317/7
f 109/318/7 57/319/7 53/320/7 108/321/7
f 1511/322/7 137/315/7 3/323/7 1512/324/7
f 1504/325/7 3/323/7 137/315/7 1503/314/7
f 83/326/24 82/140/27 157/139/27 156/214/24
f 81/327/30 83/328/24 156/212/24 155/165/30
f 80/329/31 79/330/29 154/164/29 153/196/31
f 78/331/32 80/332/31 153/193/31 152/192/32
f 59/175/2 63/174/2 151/177/2 150/176/2
f 61/333/21 149/171/21 150/173/21 62/334/21
f 60/335/21 148/168/21 149/171/21 61/333/21
f 79/330/29 81/327/30 155/165/30 154/164/29
f 60/336/2 75/215/27 157/139/27 148/138/2
f 41/337/6 146/98/6 147/7/3 40/6/3
f 39/338/11 145/45/11 146/97/6 41/339/6
f 38/340/15 143/79/15 144/42/10 37/341/10
f 36/18/8 142/17/8 143/78/15 38/342/15
f 14/53/2 140/56/2 141/57/2 20/54/2
f 17/343/12 18/344/12 140/50/12 139/47/12
f 16/345/12 17/343/12 139/47/12 138/46/12
f 37/341/10 144/42/10 145/45/11 39/338/11
f 16/346/2 138/4/2 147/7/3 33/100/3
f 1448/347/1 73/131/1 1446/133/1
f 111/348/1 73/131/1 1448/347/1 1250/349/1
f 1506/350/7 109/318/7 108/321/7 1507/351/7
f 1508/352/9 1510/353/9 136/309/9 105/308/9
f 152/192/32 106/354/7 110/355/7 78/331/32
f 1510/356/7 1511/322/7 134/16/7 136/15/7
f 142/17/8 134/16/7 107/357/7 31/76/8
f 1505/358/9 1507/359/9 108/20/9 110/19/9
f 73/195/32 111/360/7 106/354/7 152/192/32
f 1508/361/7 105/310/7 135/313/7 1509/362/7
f 260/363/1 277/276/1 278/279/1 251/295/1
f 273/270/6 115/280/6 116/281/53 442/271/49
f 177/364/54 171/365/55 173/366/56 179/367/57
f 179/368/57 173/369/56 172/255/42 178/370/58
f 174/371/59 177/364/54 179/367/57 176/372/60
f 176/373/60 179/374/57 178/375/58 175/268/47
f 168/376/61 165/377/62 167/378/63 170/379/64
f 170/380/64 167/381/63 166/382/65 169/383/48
f 171/365/55 159/384/66 161/385/67 173/366/56
f 173/369/56 161/386/67 160/256/43 172/255/42
f 162/387/68 174/371/59 176/372/60 164/388/69
f 164/389/69 176/373/60 175/268/47 163/267/37
f 159/384/66 168/376/61 170/379/64 161/385/67
f 161/386/67 170/390/64 169/269/48 160/256/43
f 196/391/70 189/392/71 191/393/72 197/394/73
f 197/395/73 191/396/72 190/397/74 195/398/75
f 193/240/36 196/399/70 197/400/73 194/401/76
f 194/402/76 197/395/73 195/398/75 192/403/77
f 187/404/39 183/405/78 185/406/79 188/407/80
f 188/408/80 185/409/79 184/410/81 186/411/82
f 189/392/71 180/248/38 182/412/83 191/393/72
f 191/396/72 182/413/83 181/414/84 190/397/74
f 180/248/38 187/249/39 188/415/80 182/412/83
f 182/413/83 188/408/80 186/411/82 181/414/84
f 441/263/2 540/8/4 166/382/65 207/264/46
f 226/416/1 199/417/1 201/418/41 231/253/41
f 281/261/45 207/264/46 208/419/85 282/420/40
f 530/421/2 543/422/2 209/423/86 204/424/87
f 282/425/40 208/426/85 206/297/44 275/296/41
f 223/427/1 198/428/1 199/417/1 226/416/1
f 204/424/87 209/423/86 202/429/40 205/430/40
f 205/431/40 202/432/40 201/418/41 203/433/41
f 234/273/51 237/434/51 215/435/52 255/274/52
f 213/436/40 272/437/40 245/438/87 233/439/87
f 203/433/41 271/440/41 254/441/40 205/431/40
f 229/442/52 242/443/52 241/444/88 228/445/88
f 1490/446/89 239/241/37 240/447/90 1487/448/52
f 1494/449/40 218/450/85 217/451/46 1491/452/45
f 254/453/40 213/436/40 233/439/87 246/454/86
f 219/455/1 212/456/1 232/457/1 220/458/1
f 249/277/1 223/427/1 226/416/1 250/278/1
f 211/459/88 224/460/88 225/461/52 210/462/52
f 279/463/88 162/387/68 164/388/69 280/464/52
f 250/278/1 226/416/1 231/253/41 269/252/41
f 202/432/40 221/250/40 231/253/41 201/418/41
f 210/465/52 225/466/52 230/467/51 200/468/50
f 830/469/2 204/424/87 246/454/86 841/470/2
f 212/456/1 247/471/88 236/472/88 214/473/1
f 227/474/51 243/272/50 242/275/52 229/475/52
f 256/476/1 219/455/1 220/458/1 248/477/1
f 166/382/65 540/8/4 273/11/6 169/383/48
f 1487/478/52 240/479/90 238/480/68 1489/481/88
f 242/443/52 255/482/52 247/471/88 241/444/88
f 543/422/2 485/483/2 222/484/87 209/423/86
f 165/377/62 206/297/44 208/426/85 167/378/63
f 167/381/63 208/419/85 207/264/46 166/382/65
f 183/405/78 217/451/46 218/450/85 185/406/79
f 185/409/79 218/485/85 216/259/44 184/410/81
f 239/241/37 193/240/36 194/401/76 240/447/90
f 240/479/90 194/402/76 192/403/77 238/480/68
f 280/486/52 164/389/69 163/267/37 276/487/89
f 211/459/88 198/428/1 223/427/1 224/460/88
f 263/488/1 252/489/1 238/480/68 192/403/77
f 442/271/49 274/254/12 160/256/43
f 120/95/20 113/286/12 114/288/12 116/281/53
f 5/490/12 42/287/12 113/286/12
f 24/94/19 5/490/12 113/286/12 120/95/20
f 262/491/1 251/295/1 206/297/44 165/377/62
f 212/456/1 214/473/1 235/492/1 232/457/1
f 255/482/52 215/493/52 236/472/88 247/471/88
f 219/455/1 241/444/88 247/471/88 212/456/1
f 841/470/2 246/454/86 233/439/87 785/494/2
f 225/466/52 258/495/52 259/496/51 230/467/51
f 279/463/88 277/276/1 260/363/1 162/387/68
f 204/424/87 830/469/2 530/421/2
f 224/460/88 223/427/1 249/277/1 257/497/88
f 270/498/41 253/499/41 272/500/40 213/501/40
f 1493/502/1 1489/481/88 238/480/68 252/489/1
f 224/460/88 257/497/88 258/503/52 225/461/52
f 228/445/88 256/476/1 198/428/1 211/459/88
f 222/484/87 267/504/87 268/505/40 221/506/40
f 228/445/88 241/444/88 219/455/1 256/476/1
f 198/428/1 256/476/1 248/477/1 199/417/1
f 228/445/88 211/459/88 210/462/52 229/442/52
f 199/417/1 248/477/1 203/433/41 201/418/41
f 205/430/40 254/453/40 246/454/86 204/424/87
f 232/457/1 235/492/1 253/499/41 270/498/41
f 248/477/1 220/458/1 271/440/41 203/433/41
f 1488/260/41 216/259/44 218/485/85 1494/507/40
f 184/410/81 264/508/1 181/414/84 186/411/82
f 261/509/1 174/371/59 162/387/68 260/363/1
f 264/508/1 263/488/1 190/397/74 181/414/84
f 262/491/1 261/509/1 260/363/1 251/295/1
f 159/384/66 171/365/55 261/509/1 262/491/1
f 171/365/55 177/364/54 174/371/59 261/509/1
f 159/384/66 262/491/1 165/377/62 168/376/61
f 244/258/1 252/489/1 263/488/1 264/508/1
f 190/397/74 263/488/1 192/403/77 195/398/75
f 216/259/44 244/258/1 264/508/1 184/410/81
f 271/440/41 270/498/41 213/501/40 254/441/40
f 55/510/21 266/285/21 84/284/21
f 266/285/21 265/122/21 87/121/23 92/198/23
f 981/135/25 180/248/38 1044/119/21
f 66/210/35 90/209/34 266/285/21 55/510/21
f 217/451/46 645/511/2 873/512/2 1491/452/45
f 183/405/78 945/282/28 645/511/2 217/451/46
f 1493/502/1 252/489/1 244/258/1 1492/257/1
f 278/279/1 250/278/1 269/252/41 275/296/41
f 220/458/1 232/457/1 270/498/41 271/440/41
f 1088/513/7 230/467/51 259/496/51 1171/514/7
f 209/423/86 222/484/87 221/506/40 202/429/40
f 566/515/2 576/262/2 281/261/45 267/504/87
f 132/307/2 131/306/2 158/111/2 98/110/2
f 267/504/87 281/261/45 282/420/40 268/505/40
f 268/251/40 282/425/40 275/296/41 269/252/41
f 257/497/88 279/463/88 280/464/52 258/503/52
f 258/495/52 280/486/52 276/487/89 259/496/51
f 257/497/88 249/277/1 277/276/1 279/463/88
f 1390/516/7 1470/517/7 237/434/51 234/273/51
f 785/494/2 233/439/87 245/438/87 863/518/2
f 229/475/52 210/465/52 200/468/50 227/474/51
f 295/519/91 283/520/92 286/521/93 294/522/94
f 284/523/95 285/524/96 286/521/93 283/520/92
f 292/525/97 284/523/95 283/520/92 291/526/98
f 285/524/96 297/527/99 298/528/100 286/521/93
f 283/520/92 295/519/91 296/529/101 291/526/98
f 286/521/93 299/530/102 294/522/94
f 299/530/102 286/521/93 298/528/100
f 291/531/1 305/532/1 306/533/1 292/534/1
f 336/535/1 337/536/1 320/537/1 319/538/1
f 299/539/102 293/540/2 287/541/2
f 297/542/99 311/543/103 304/544/2 289/545/2
f 290/546/2 296/547/101 295/548/91 288/549/2
f 294/550/94 299/539/102 287/541/2 288/549/2
f 296/551/1 310/552/1 305/532/1 291/531/1
f 306/553/104 301/554/105 284/523/95 292/525/97
f 302/555/106 311/556/103 297/527/99 285/524/96
f 309/557/107 308/558/108 303/559/109 300/560/110
f 301/554/105 300/560/110 303/559/109 302/555/106
f 306/553/104 305/561/111 300/560/110 301/554/105
f 302/555/106 303/559/109 312/562/112 311/556/103
f 300/560/110 305/561/111 310/563/113 309/557/107
f 303/559/109 308/558/108 313/564/114
f 313/564/114 312/562/112 303/559/109
f 310/565/113 582/566/2 581/567/2 324/568/115
f 289/545/2 293/540/2 299/539/102 298/569/100
f 467/570/2 461/571/2 101/572/2
f 341/573/1 336/535/1 319/538/1 324/574/1
f 313/575/114 327/576/116 321/577/2 307/578/2
f 419/579/117 405/580/107 406/581/113 420/582/115
f 315/583/95 329/584/105 330/585/106 316/586/96
f 323/587/118 314/588/92 317/589/93 322/590/119
f 315/583/95 316/586/96 317/589/93 314/588/92
f 320/591/97 315/583/95 314/588/92 319/592/98
f 316/586/96 325/593/99 326/594/100 317/589/93
f 314/588/92 323/587/118 324/595/115 319/592/98
f 317/589/93 327/596/116 322/590/119
f 327/596/116 317/589/93 326/594/100
f 340/597/120 333/598/2 339/599/121
f 325/600/99 342/601/103 334/602/2 318/603/2
f 304/544/2 312/604/112 313/575/114 307/578/2
f 450/605/2 447/606/2 130/607/2
f 337/608/104 329/584/105 315/583/95 320/591/97
f 330/585/106 342/609/103 325/593/99 316/586/96
f 340/610/120 339/611/121 331/612/109 328/613/110
f 329/584/105 328/613/110 331/612/109 330/585/106
f 337/608/104 336/614/111 328/613/110 329/584/105
f 330/585/106 331/612/109 343/615/112 342/609/103
f 328/613/110 336/614/111 341/616/122 340/610/120
f 331/612/109 339/611/121 344/617/123
f 344/617/123 343/615/112 331/612/109
f 343/618/112 334/602/2 342/601/103
f 340/597/120 341/619/122 335/620/2 333/598/2
f 332/621/2 338/622/2 344/623/123
f 308/624/108 309/625/107 323/626/118 322/627/119
f 311/543/103 312/604/112 304/544/2
f 429/628/2 731/629/2 730/630/2 428/631/2
f 344/623/123 338/622/2 334/602/2 343/618/112
f 333/598/2 332/621/2 344/623/123 339/599/121
f 335/620/2 635/632/2 633/633/2 333/598/2
f 297/542/99 289/545/2 298/569/100
f 527/634/2 827/635/2 635/632/2 335/620/2
f 294/550/94 288/549/2 295/548/91
f 284/523/95 301/554/105 302/555/106 285/524/96
f 461/571/2 383/636/2 97/637/2 101/572/2
f 325/600/99 318/603/2 326/638/100
f 318/603/2 321/577/2 327/576/116 326/638/100
f 341/619/122 324/568/115 581/567/2 335/620/2
f 290/546/2 582/566/2 310/565/113 296/547/101
f 367/639/1 368/640/1 351/641/1 350/642/1
f 353/643/124 378/644/2 354/645/125
f 372/646/1 367/639/1 350/642/1 355/647/1
f 346/648/95 360/649/105 361/650/106 347/651/96
f 354/652/125 345/653/92 348/654/93 353/655/124
f 346/648/95 347/651/96 348/654/93 345/653/92
f 351/656/97 346/648/95 345/653/92 350/657/98
f 347/651/96 356/658/99 357/659/100 348/654/93
f 345/653/92 354/652/125 355/660/126 350/657/98
f 348/654/93 358/661/127 353/655/124
f 358/661/127 348/654/93 357/659/100
f 371/662/120 364/663/2 370/664/121
f 356/665/99 373/666/103 365/667/2 349/668/2
f 368/669/104 360/649/105 346/648/95 351/656/97
f 361/650/106 373/670/103 356/658/99 347/651/96
f 371/671/120 370/672/121 362/673/109 359/674/110
f 360/649/105 359/674/110 362/673/109 361/650/106
f 368/669/104 367/675/111 359/674/110 360/649/105
f 361/650/106 362/673/109 374/676/112 373/670/103
f 359/674/110 367/675/111 372/677/128 371/671/120
f 362/673/109 370/672/121 375/678/123
f 375/678/123 374/676/112 362/673/109
f 374/679/112 365/667/2 373/666/103
f 371/662/120 372/680/128 366/681/2 364/663/2
f 363/682/2 369/683/2 375/684/123
f 377/685/2 378/644/2 353/643/124 358/686/127
f 462/687/2 384/688/2 383/636/2 461/571/2
f 375/684/123 369/683/2 365/667/2 374/679/112
f 364/663/2 363/682/2 375/684/123 370/664/121
f 366/681/2 290/546/2 288/549/2 364/663/2
f 352/689/2 377/685/2 358/686/127
f 356/665/99 349/668/2 357/690/100
f 349/668/2 352/689/2 358/686/127 357/690/100
f 354/645/125 378/644/2 376/691/2 355/692/126
f 372/680/128 355/692/126 376/691/2 366/681/2
f 391/693/91 379/694/92 382/695/93 390/696/94
f 380/697/95 381/698/96 382/695/93 379/694/92
f 388/699/97 380/697/95 379/694/92 387/700/98
f 381/698/96 393/701/99 394/702/100 382/695/93
f 379/694/92 391/693/91 392/703/101 387/700/98
f 382/695/93 395/704/102 390/696/94
f 395/704/102 382/695/93 394/702/100
f 387/705/1 401/706/1 402/707/1 388/708/1
f 432/709/1 433/710/1 416/711/1 415/712/1
f 395/713/102 389/714/2 383/636/2
f 393/715/99 407/716/103 400/717/2 385/718/2
f 386/719/2 392/720/101 391/721/91 384/688/2
f 390/722/94 395/713/102 383/636/2 384/688/2
f 392/723/1 406/724/1 401/706/1 387/705/1
f 402/725/104 397/726/105 380/697/95 388/699/97
f 398/727/106 407/728/103 393/701/99 381/698/96
f 405/729/107 404/730/108 399/731/109 396/732/110
f 397/726/105 396/732/110 399/731/109 398/727/106
f 402/725/104 401/733/111 396/732/110 397/726/105
f 398/727/106 399/731/109 408/734/112 407/728/103
f 396/732/110 401/733/111 406/735/113 405/729/107
f 399/731/109 404/730/108 409/736/114
f 409/736/114 408/734/112 399/731/109
f 406/581/113 580/737/2 579/738/2 420/582/115
f 385/718/2 389/714/2 395/713/102 394/739/100
f 474/740/2 476/741/2 119/129/2
f 437/742/1 432/709/1 415/712/1 420/743/1
f 409/744/114 423/745/116 417/746/2 403/747/2
f 582/566/2 502/748/2 516/749/2 581/567/2
f 411/750/95 425/751/105 426/752/106 412/753/96
f 419/754/117 410/755/92 413/756/93 418/757/119
f 411/750/95 412/753/96 413/756/93 410/755/92
f 416/758/97 411/750/95 410/755/92 415/759/98
f 412/753/96 421/760/99 422/761/100 413/756/93
f 410/755/92 419/754/117 420/762/115 415/759/98
f 413/756/93 423/763/116 418/757/119
f 423/763/116 413/756/93 422/761/100
f 436/764/120 429/628/2 435/765/121
f 421/766/99 438/767/103 430/768/2 414/769/2
f 400/717/2 408/770/112 409/744/114 403/747/2
f 434/771/2 428/631/2 541/772/2
f 433/773/104 425/751/105 411/750/95 416/758/97
f 426/752/106 438/774/103 421/760/99 412/753/96
f 436/775/120 435/776/121 427/777/109 424/778/110
f 425/751/105 424/778/110 427/777/109 426/752/106
f 433/773/104 432/779/111 424/778/110 425/751/105
f 426/752/106 427/777/109 439/780/112 438/774/103
f 424/778/110 432/779/111 437/781/122 436/775/120
f 427/777/109 435/776/121 440/782/123
f 440/782/123 439/780/112 427/777/109
f 439/783/112 430/768/2 438/767/103
f 436/764/120 437/784/122 431/785/2 429/628/2
f 428/631/2 434/771/2 440/786/123
f 404/787/108 405/580/107 419/579/117 418/788/119
f 407/716/103 408/770/112 400/717/2
f 97/637/2 385/718/2 400/717/2 542/789/2
f 528/790/2 828/791/2 827/635/2 527/634/2
f 440/786/123 434/771/2 430/768/2 439/783/112
f 429/628/2 428/631/2 440/786/123 435/765/121
f 431/785/2 733/792/2 731/629/2 429/628/2
f 393/715/99 385/718/2 394/739/100
f 476/741/2 475/793/2 119/129/2
f 390/722/94 384/688/2 391/721/91
f 380/697/95 397/726/105 398/727/106 381/698/96
f 578/794/2 577/795/2 441/263/2
f 421/766/99 414/769/2 422/796/100
f 414/769/2 417/746/2 423/745/116 422/796/100
f 417/746/2 414/769/2 542/789/2
f 437/784/122 420/582/115 579/738/2 431/785/2
f 386/719/2 580/737/2 406/581/113 392/720/101
f 465/797/1 466/798/1 449/799/1 448/800/1
f 451/801/124 476/741/2 452/802/125
f 470/803/1 465/797/1 448/800/1 453/804/1
f 444/805/95 458/806/105 459/807/106 445/808/96
f 452/809/125 443/810/92 446/811/93 451/812/124
f 444/805/95 445/808/96 446/811/93 443/810/92
f 449/813/97 444/805/95 443/810/92 448/814/98
f 445/808/96 454/815/99 455/816/100 446/811/93
f 443/810/92 452/809/125 453/817/126 448/814/98
f 446/811/93 456/818/127 451/812/124
f 456/818/127 446/811/93 455/816/100
f 469/819/120 462/687/2 468/820/121
f 454/821/99 471/822/103 463/823/2 447/606/2
f 466/824/104 458/806/105 444/805/95 449/813/97
f 459/807/106 471/825/103 454/815/99 445/808/96
f 469/826/120 468/827/121 460/828/109 457/829/110
f 458/806/105 457/829/110 460/828/109 459/807/106
f 466/824/104 465/830/111 457/829/110 458/806/105
f 459/807/106 460/828/109 472/831/112 471/825/103
f 457/829/110 465/830/111 470/832/128 469/826/120
f 460/828/109 468/827/121 473/833/123
f 473/833/123 472/831/112 460/828/109
f 472/834/112 463/823/2 471/822/103
f 469/819/120 470/835/128 464/836/2 462/687/2
f 461/571/2 467/570/2 473/837/123
f 475/793/2 476/741/2 451/801/124 456/838/127
f 564/839/2 483/840/2 482/841/2 563/842/2
f 473/837/123 467/570/2 463/823/2 472/834/112
f 462/687/2 461/571/2 473/837/123 468/820/121
f 464/836/2 386/719/2 384/688/2 462/687/2
f 450/605/2 475/793/2 456/838/127
f 454/821/99 447/606/2 455/843/100
f 447/606/2 450/605/2 456/838/127 455/843/100
f 452/802/125 476/741/2 474/740/2 453/844/126
f 470/835/128 453/844/126 474/740/2 464/836/2
f 490/845/91 478/846/92 481/847/93 489/848/94
f 479/849/95 480/850/96 481/847/93 478/846/92
f 487/851/97 479/849/95 478/846/92 486/852/98
f 480/850/96 492/853/99 493/854/100 481/847/93
f 478/846/92 490/845/91 491/855/129 486/852/98
f 481/847/93 494/856/102 489/848/94
f 494/856/102 481/847/93 493/854/100
f 486/857/1 500/858/1 501/859/1 487/860/1
f 531/861/1 532/862/1 515/863/1 514/864/1
f 494/865/102 488/866/2 482/841/2
f 492/867/99 506/868/103 499/869/2 484/870/2
f 485/483/2 491/871/129 490/872/91 483/840/2
f 489/873/94 494/865/102 482/841/2 483/840/2
f 491/874/1 505/875/1 500/858/1 486/857/1
f 501/876/104 496/877/105 479/849/95 487/851/97
f 497/878/106 506/879/103 492/853/99 480/850/96
f 504/880/107 503/881/108 498/882/109 495/883/110
f 496/877/105 495/883/110 498/882/109 497/878/106
f 501/876/104 500/884/111 495/883/110 496/877/105
f 497/878/106 498/882/109 507/885/112 506/879/103
f 495/883/110 500/884/111 505/886/130 504/880/107
f 498/882/109 503/881/108 508/887/114
f 508/887/114 507/885/112 498/882/109
f 519/888/131 505/889/130 543/422/2
f 484/870/2 488/866/2 494/865/102 493/890/100
f 463/823/2 101/572/2 130/607/2 447/606/2
f 536/891/1 531/861/1 514/864/1 519/892/1
f 508/893/114 522/894/116 516/749/2 502/748/2
f 307/578/2 321/577/2 579/738/2 580/737/2
f 510/895/95 524/896/105 525/897/106 511/898/96
f 518/899/118 509/900/92 512/901/93 517/902/119
f 510/895/95 511/898/96 512/901/93 509/900/92
f 515/903/97 510/895/95 509/900/92 514/904/98
f 511/898/96 520/905/99 521/906/100 512/901/93
f 509/900/92 518/899/118 519/907/131 514/904/98
f 512/901/93 522/908/116 517/902/119
f 522/908/116 512/901/93 521/906/100
f 535/909/120 528/790/2 534/910/121
f 520/911/99 537/912/103 529/913/2 513/914/2
f 499/869/2 507/915/112 508/893/114 502/748/2
f 503/916/108 517/917/119 522/894/116 508/893/114
f 532/918/104 524/896/105 510/895/95 515/903/97
f 525/897/106 537/919/103 520/905/99 511/898/96
f 535/920/120 534/921/121 526/922/109 523/923/110
f 524/896/105 523/923/110 526/922/109 525/897/106
f 532/918/104 531/924/111 523/923/110 524/896/105
f 525/897/106 526/922/109 538/925/112 537/919/103
f 523/923/110 531/924/111 536/926/128 535/920/120
f 526/922/109 534/921/121 539/927/123
f 539/927/123 538/925/112 526/922/109
f 538/928/112 529/913/2 537/912/103
f 535/909/120 536/929/128 530/421/2 528/790/2
f 527/634/2 533/930/2 539/931/123
f 503/916/108 504/932/107 518/933/118 517/917/119
f 506/868/103 507/915/112 499/869/2
f 577/795/2 376/691/2 117/130/2 441/263/2
f 730/630/2 541/772/2 428/631/2
f 539/931/123 533/930/2 529/913/2 538/928/112
f 528/790/2 527/634/2 539/931/123 534/910/121
f 530/421/2 830/469/2 828/791/2 528/790/2
f 492/867/99 484/870/2 493/890/100
f 377/685/2 474/740/2 119/129/2 117/130/2
f 489/873/94 483/840/2 490/872/91
f 479/849/95 496/877/105 497/878/106 480/850/96
f 389/714/2 385/718/2 97/637/2
f 520/911/99 513/914/2 521/934/100
f 513/914/2 516/749/2 522/894/116 521/934/100
f 378/644/2 377/685/2 117/130/2
f 536/929/128 519/888/131 543/422/2 530/421/2
f 485/483/2 543/422/2 505/889/130 491/871/129
f 567/935/1 568/936/1 551/937/1 550/938/1
f 553/939/124 578/794/2 554/940/125
f 572/941/1 567/935/1 550/938/1 555/942/1
f 546/943/95 560/944/105 561/945/106 547/946/96
f 554/947/125 545/948/92 548/949/93 553/950/124
f 546/943/95 547/946/96 548/949/93 545/948/92
f 551/951/97 546/943/95 545/948/92 550/952/98
f 547/946/96 556/953/99 557/954/100 548/949/93
f 545/948/92 554/947/125 555/955/126 550/952/98
f 548/949/93 558/956/127 553/950/124
f 558/956/127 548/949/93 557/954/100
f 571/957/120 564/839/2 570/958/121
f 556/959/99 573/960/103 565/961/2 549/962/2
f 568/963/104 560/944/105 546/943/95 551/951/97
f 561/945/106 573/964/103 556/953/99 547/946/96
f 571/965/120 570/966/121 562/967/109 559/968/110
f 560/944/105 559/968/110 562/967/109 561/945/106
f 568/963/104 567/969/111 559/968/110 560/944/105
f 561/945/106 562/967/109 574/970/112 573/964/103
f 559/968/110 567/969/111 572/971/128 571/965/120
f 562/967/109 570/966/121 575/972/123
f 575/972/123 574/970/112 562/967/109
f 574/973/112 565/961/2 573/960/103
f 571/957/120 572/974/128 566/515/2 564/839/2
f 563/842/2 569/975/2 575/976/123
f 577/795/2 578/794/2 553/939/124 558/977/127
f 290/546/2 366/681/2 563/842/2 482/841/2
f 575/976/123 569/975/2 565/961/2 574/973/112
f 564/839/2 563/842/2 575/976/123 570/958/121
f 566/515/2 485/483/2 483/840/2 564/839/2
f 552/978/2 577/795/2 558/977/127
f 556/959/99 549/962/2 557/979/100
f 549/962/2 552/978/2 558/977/127 557/979/100
f 554/940/125 578/794/2 576/262/2 555/980/126
f 572/974/128 555/980/126 576/262/2 566/515/2
f 632/981/2 733/792/2 431/785/2 332/621/2
f 863/518/2 245/438/87 1491/452/45 873/512/2
f 404/787/108 418/788/119 423/745/116 409/744/114
f 434/771/2 541/772/2 430/768/2
f 290/546/2 482/841/2 488/866/2
f 308/624/108 322/627/119 327/576/116 313/575/114
f 518/933/118 504/932/107 505/889/130 519/888/131
f 335/620/2 533/930/2 527/634/2
f 431/785/2 338/622/2 332/621/2
f 304/544/2 307/578/2 580/737/2
f 376/691/2 577/795/2 552/978/2
f 323/626/118 309/625/107 310/565/113 324/568/115
f 187/404/39 980/283/24 945/282/28 183/405/78
f 363/682/2 287/541/2 386/719/2 464/836/2
f 352/689/2 474/740/2 377/685/2
f 581/567/2 516/749/2 513/914/2
f 334/602/2 338/622/2 431/785/2
f 287/541/2 293/540/2 386/719/2
f 293/540/2 289/545/2 386/719/2
f 289/545/2 304/544/2 580/737/2 386/719/2
f 321/577/2 318/603/2 579/738/2
f 318/603/2 334/602/2 431/785/2 579/738/2
f 335/620/2 581/567/2 513/914/2 529/913/2
f 533/930/2 335/620/2 529/913/2
f 502/748/2 582/566/2 499/869/2
f 582/566/2 290/546/2 484/870/2 499/869/2
f 484/870/2 290/546/2 488/866/2
f 563/842/2 366/681/2 569/975/2
f 569/975/2 366/681/2 565/961/2
f 376/691/2 552/978/2 549/962/2
f 366/681/2 376/691/2 549/962/2 565/961/2
f 349/668/2 474/740/2 352/689/2
f 365/667/2 464/836/2 474/740/2 349/668/2
f 364/663/2 288/549/2 287/541/2 363/682/2
f 400/717/2 403/747/2 542/789/2
f 541/772/2 542/789/2 414/769/2 430/768/2
f 475/793/2 450/605/2 130/607/2
f 403/747/2 417/746/2 542/789/2
f 376/691/2 378/644/2 117/130/2
f 467/570/2 101/572/2 463/823/2
f 383/636/2 389/714/2 97/637/2
f 475/793/2 130/607/2 100/265/2 119/129/2
f 576/262/2 578/794/2 441/263/2
f 595/982/132 594/983/121 586/984/109 583/985/110
f 584/986/105 583/985/110 586/984/109 585/987/106
f 592/988/104 591/989/111 583/985/110 584/986/105
f 585/987/106 586/984/109 598/990/112 597/991/103
f 583/985/110 591/989/111 596/992/122 595/982/132
f 586/984/109 594/983/121 599/993/123
f 599/993/123 598/990/112 586/984/109
f 591/994/1 592/995/1 606/996/1 605/997/1
f 636/998/1 619/999/1 620/1000/1 637/1001/1
f 599/1002/123 587/1003/2 593/1004/2
f 597/1005/103 589/1006/2 604/1007/2 611/1008/99
f 590/1009/2 588/1010/2 595/1011/132 596/1012/122
f 594/1013/121 588/1010/2 587/1003/2 599/1002/123
f 596/1014/1 591/994/1 605/997/1 610/1015/1
f 606/1016/97 592/988/104 584/986/105 601/1017/95
f 602/1018/96 585/987/106 597/991/103 611/1019/99
f 609/1020/118 600/1021/92 603/1022/93 608/1023/119
f 601/1017/95 602/1018/96 603/1022/93 600/1021/92
f 606/1016/97 601/1017/95 600/1021/92 605/1024/98
f 602/1018/96 611/1019/99 612/1025/100 603/1022/93
f 600/1021/92 609/1020/118 610/1026/115 605/1024/98
f 603/1022/93 613/1027/116 608/1023/119
f 613/1027/116 603/1022/93 612/1025/100
f 610/1028/115 624/1029/113 878/1030/2 879/1031/2
f 589/1006/2 598/1032/112 599/1002/123 593/1004/2
f 768/1033/2 1502/1034/2 762/1035/2
f 641/1036/1 624/1037/1 619/999/1 636/998/1
f 613/1038/116 607/1039/2 621/1040/2 627/1041/114
f 721/1042/107 722/1043/113 708/1044/115 707/1045/117
f 615/1046/105 616/1047/106 630/1048/96 629/1049/95
f 623/1050/107 622/1051/108 617/1052/109 614/1053/110
f 615/1046/105 614/1053/110 617/1052/109 616/1047/106
f 620/1054/104 619/1055/111 614/1053/110 615/1046/105
f 616/1047/106 617/1052/109 626/1056/112 625/1057/103
f 614/1053/110 619/1055/111 624/1058/113 623/1050/107
f 617/1052/109 622/1051/108 627/1059/114
f 627/1059/114 626/1056/112 617/1052/109
f 640/1060/133 639/1061/94 633/633/2
f 625/1062/103 618/1063/2 634/1064/2 642/1065/99
f 604/1007/2 607/1039/2 613/1038/116 612/1066/100
f 751/1067/2 1499/1068/2 748/1069/2
f 637/1070/97 620/1054/104 615/1046/105 629/1049/95
f 630/1048/96 616/1047/106 625/1057/103 642/1071/99
f 640/1072/133 628/1073/92 631/1074/93 639/1075/94
f 629/1049/95 630/1048/96 631/1074/93 628/1073/92
f 637/1070/97 629/1049/95 628/1073/92 636/1076/98
f 630/1048/96 642/1071/99 643/1077/100 631/1074/93
f 628/1073/92 640/1072/133 641/1078/101 636/1076/98
f 631/1074/93 644/1079/102 639/1075/94
f 644/1079/102 631/1074/93 643/1077/100
f 643/1080/100 642/1065/99 634/1064/2
f 640/1060/133 633/633/2 635/632/2 641/1081/101
f 632/981/2 644/1082/102 638/1083/2
f 608/1084/119 622/1085/108 623/1086/107 609/1087/118
f 611/1008/99 604/1007/2 612/1066/100
f 1435/1088/7 1447/1089/7 243/272/50 227/474/51
f 644/1082/102 643/1080/100 634/1064/2 638/1083/2
f 633/633/2 639/1061/94 644/1082/102 632/981/2
f 930/1090/7 1237/1091/7 1238/1092/7 931/1093/7
f 597/1005/103 598/1032/112 589/1006/2
f 1447/1089/7 1390/516/7 234/273/51 243/272/50
f 594/1013/121 595/1011/132 588/1010/2
f 584/986/105 585/987/106 602/1018/96 601/1017/95
f 762/1035/2 1502/1034/2 743/1094/2 685/1095/2
f 625/1062/103 626/1096/112 618/1063/2
f 618/1063/2 626/1096/112 627/1041/114 621/1040/2
f 641/1081/101 635/632/2 878/1030/2 624/1029/113
f 590/1009/2 596/1012/122 610/1028/115 879/1031/2
f 669/1097/1 652/1098/1 653/1099/1 670/1100/1
f 655/1101/134 656/1102/135 680/1103/2
f 674/1104/1 657/1105/1 652/1098/1 669/1097/1
f 648/1106/105 649/1107/106 663/1108/96 662/1109/95
f 656/1110/135 655/1111/134 650/1112/109 647/1113/110
f 648/1106/105 647/1113/110 650/1112/109 649/1107/106
f 653/1114/104 652/1115/111 647/1113/110 648/1106/105
f 649/1107/106 650/1112/109 659/1116/112 658/1117/103
f 647/1113/110 652/1115/111 657/1118/136 656/1110/135
f 650/1112/109 655/1111/134 660/1119/137
f 660/1119/137 659/1116/112 650/1112/109
f 673/1120/91 672/1121/94 666/1122/2
f 658/1123/103 651/1124/2 667/1125/2 675/1126/99
f 670/1127/97 653/1114/104 648/1106/105 662/1109/95
f 663/1108/96 649/1107/106 658/1117/103 675/1128/99
f 673/1129/91 661/1130/92 664/1131/93 672/1132/94
f 662/1109/95 663/1108/96 664/1131/93 661/1130/92
f 670/1127/97 662/1109/95 661/1130/92 669/1133/98
f 663/1108/96 675/1128/99 676/1134/100 664/1131/93
f 661/1130/92 673/1129/91 674/1135/129 669/1133/98
f 664/1131/93 677/1136/102 672/1132/94
f 677/1136/102 664/1131/93 676/1134/100
f 676/1137/100 675/1126/99 667/1125/2
f 673/1120/91 666/1122/2 668/1138/2 674/1139/129
f 665/1140/2 677/1141/102 671/1142/2
f 679/1143/2 660/1144/137 655/1101/134 680/1103/2
f 763/1145/2 762/1035/2 685/1095/2 686/1146/2
f 677/1141/102 676/1137/100 667/1125/2 671/1142/2
f 666/1122/2 672/1121/94 677/1141/102 665/1140/2
f 668/1138/2 666/1122/2 588/1010/2 590/1009/2
f 654/1147/2 660/1144/137 679/1143/2
f 658/1123/103 659/1148/112 651/1124/2
f 651/1124/2 659/1148/112 660/1144/137 654/1147/2
f 656/1102/135 657/1149/136 678/1150/2 680/1103/2
f 674/1139/129 668/1138/2 678/1150/2 657/1149/136
f 693/1151/132 692/1152/121 684/1153/109 681/1154/110
f 682/1155/105 681/1154/110 684/1153/109 683/1156/106
f 690/1157/104 689/1158/111 681/1154/110 682/1155/105
f 683/1156/106 684/1153/109 696/1159/112 695/1160/103
f 681/1154/110 689/1158/111 694/1161/122 693/1151/132
f 684/1153/109 692/1152/121 697/1162/123
f 697/1162/123 696/1159/112 684/1153/109
f 689/1163/1 690/1164/1 704/1165/1 703/1166/1
f 734/1167/1 717/1168/1 718/1169/1 735/1170/1
f 697/1171/123 685/1095/2 691/1172/2
f 695/1173/103 687/1174/2 702/1175/2 709/1176/99
f 688/1177/2 686/1146/2 693/1178/132 694/1179/122
f 692/1180/121 686/1146/2 685/1095/2 697/1171/123
f 694/1181/1 689/1163/1 703/1166/1 708/1182/1
f 704/1183/97 690/1157/104 682/1155/105 699/1184/95
f 700/1185/96 683/1156/106 695/1160/103 709/1186/99
f 707/1187/117 698/1188/92 701/1189/93 706/1190/119
f 699/1184/95 700/1185/96 701/1189/93 698/1188/92
f 704/1183/97 699/1184/95 698/1188/92 703/1191/98
f 700/1185/96 709/1186/99 710/1192/100 701/1189/93
f 698/1188/92 707/1187/117 708/1193/115 703/1191/98
f 701/1189/93 711/1194/116 706/1190/119
f 711/1194/116 701/1189/93 710/1192/100
f 708/1044/115 722/1043/113 876/1195/2 877/1196/2
f 687/1174/2 696/1197/112 697/1171/123 691/1172/2
f 775/1198/2 646/142/2 777/1199/2
f 739/1200/1 722/1201/1 717/1168/1 734/1167/1
f 711/1202/116 705/1203/2 719/1204/2 725/1205/114
f 879/1031/2 878/1030/2 816/1206/2 802/1207/2
f 713/1208/105 714/1209/106 728/1210/96 727/1211/95
f 721/1212/107 720/1213/108 715/1214/109 712/1215/110
f 713/1208/105 712/1215/110 715/1214/109 714/1209/106
f 718/1216/104 717/1217/111 712/1215/110 713/1208/105
f 714/1209/106 715/1214/109 724/1218/112 723/1219/103
f 712/1215/110 717/1217/111 722/1220/113 721/1212/107
f 715/1214/109 720/1213/108 725/1221/114
f 725/1221/114 724/1218/112 715/1214/109
f 738/1222/133 737/1223/94 731/629/2
f 723/1224/103 716/1225/2 732/1226/2 740/1227/99
f 702/1175/2 705/1203/2 711/1202/116 710/1228/100
f 736/1229/2 541/772/2 730/630/2
f 735/1230/97 718/1216/104 713/1208/105 727/1211/95
f 728/1210/96 714/1209/106 723/1219/103 740/1231/99
f 738/1232/133 726/1233/92 729/1234/93 737/1235/94
f 727/1211/95 728/1210/96 729/1234/93 726/1233/92
f 735/1230/97 727/1211/95 726/1233/92 734/1236/98
f 728/1210/96 740/1231/99 741/1237/100 729/1234/93
f 726/1233/92 738/1232/133 739/1238/101 734/1236/98
f 729/1234/93 742/1239/102 737/1235/94
f 742/1239/102 729/1234/93 741/1237/100
f 741/1240/100 740/1227/99 732/1226/2
f 738/1222/133 731/629/2 733/792/2 739/1241/101
f 730/630/2 742/1242/102 736/1229/2
f 706/1243/119 720/1244/108 721/1042/107 707/1045/117
f 709/1176/99 702/1175/2 710/1228/100
f 743/1094/2 102/1245/2 702/1175/2 687/1174/2
f 1133/1246/7 1435/1088/7 227/474/51
f 742/1242/102 741/1240/100 732/1226/2 736/1229/2
f 731/629/2 737/1223/94 742/1242/102 730/630/2
f 485/483/2 566/515/2 267/504/87 222/484/87
f 695/1173/103 696/1197/112 687/1174/2
f 777/1199/2 646/142/2 776/1247/2
f 692/1180/121 693/1178/132 686/1146/2
f 682/1155/105 683/1156/106 700/1185/96 699/1184/95
f 875/1248/2 645/511/2 874/1249/2
f 723/1224/103 724/1250/112 716/1225/2
f 716/1225/2 724/1250/112 725/1205/114 719/1204/2
f 719/1204/2 102/1245/2 716/1225/2
f 739/1241/101 733/792/2 876/1195/2 722/1043/113
f 688/1177/2 694/1179/122 708/1044/115 877/1196/2
f 766/1251/1 749/1252/1 750/1253/1 767/1254/1
f 752/1255/134 753/1256/135 777/1199/2
f 771/1257/1 754/1258/1 749/1252/1 766/1251/1
f 745/1259/105 746/1260/106 760/1261/96 759/1262/95
f 753/1263/135 752/1264/134 747/1265/109 744/1266/110
f 745/1259/105 744/1266/110 747/1265/109 746/1260/106
f 750/1267/104 749/1268/111 744/1266/110 745/1259/105
f 746/1260/106 747/1265/109 756/1269/112 755/1270/103
f 744/1266/110 749/1268/111 754/1271/136 753/1263/135
f 747/1265/109 752/1264/134 757/1272/137
f 757/1272/137 756/1269/112 747/1265/109
f 770/1273/91 769/1274/94 763/1145/2
f 755/1275/103 748/1069/2 764/1276/2 772/1277/99
f 767/1278/97 750/1267/104 745/1259/105 759/1262/95
f 760/1261/96 746/1260/106 755/1270/103 772/1279/99
f 770/1280/91 758/1281/92 761/1282/93 769/1283/94
f 759/1262/95 760/1261/96 761/1282/93 758/1281/92
f 767/1278/97 759/1262/95 758/1281/92 766/1284/98
f 760/1261/96 772/1279/99 773/1285/100 761/1282/93
f 758/1281/92 770/1280/91 771/1286/129 766/1284/98
f 761/1282/93 774/1287/102 769/1283/94
f 774/1287/102 761/1282/93 773/1285/100
f 773/1288/100 772/1277/99 764/1276/2
f 770/1273/91 763/1145/2 765/1289/2 771/1290/129
f 762/1035/2 774/1291/102 768/1033/2
f 776/1247/2 757/1292/137 752/1255/134 777/1199/2
f 861/1293/2 860/1294/2 782/1295/2 783/1296/2
f 774/1291/102 773/1288/100 764/1276/2 768/1033/2
f 763/1145/2 769/1274/94 774/1291/102 762/1035/2
f 765/1289/2 763/1145/2 686/1146/2 688/1177/2
f 751/1067/2 757/1292/137 776/1247/2
f 755/1275/103 756/1297/112 748/1069/2
f 748/1069/2 756/1297/112 757/1292/137 751/1067/2
f 753/1256/135 754/1298/136 775/1198/2 777/1199/2
f 771/1290/129 765/1289/2 775/1198/2 754/1298/136
f 790/1299/132 789/1300/121 781/1301/109 778/1302/110
f 779/1303/105 778/1302/110 781/1301/109 780/1304/106
f 787/1305/104 786/1306/111 778/1302/110 779/1303/105
f 780/1304/106 781/1301/109 793/1307/112 792/1308/103
f 778/1302/110 786/1306/111 791/1309/128 790/1299/132
f 781/1301/109 789/1300/121 794/1310/123
f 794/1310/123 793/1307/112 781/1301/109
f 786/1311/1 787/1312/1 801/1313/1 800/1314/1
f 831/1315/1 814/1316/1 815/1317/1 832/1318/1
f 794/1319/123 782/1295/2 788/1320/2
f 792/1321/103 784/1322/2 799/1323/2 806/1324/99
f 785/494/2 783/1296/2 790/1325/132 791/1326/128
f 789/1327/121 783/1296/2 782/1295/2 794/1319/123
f 791/1328/1 786/1311/1 800/1314/1 805/1329/1
f 801/1330/97 787/1305/104 779/1303/105 796/1331/95
f 797/1332/96 780/1304/106 792/1308/103 806/1333/99
f 804/1334/118 795/1335/92 798/1336/93 803/1337/119
f 796/1331/95 797/1332/96 798/1336/93 795/1335/92
f 801/1330/97 796/1331/95 795/1335/92 800/1338/98
f 797/1332/96 806/1333/99 807/1339/100 798/1336/93
f 795/1335/92 804/1334/118 805/1340/131 800/1338/98
f 798/1336/93 808/1341/116 803/1337/119
f 808/1341/116 798/1336/93 807/1339/100
f 819/1342/130 841/470/2 805/1343/131
f 784/1322/2 793/1344/112 794/1319/123 788/1320/2
f 764/1276/2 748/1069/2 1499/1068/2 1502/1034/2
f 836/1345/1 819/1346/1 814/1316/1 831/1315/1
f 808/1347/116 802/1207/2 816/1206/2 822/1348/114
f 607/1039/2 877/1196/2 876/1195/2 621/1040/2
f 810/1349/105 811/1350/106 825/1351/96 824/1352/95
f 818/1353/107 817/1354/108 812/1355/109 809/1356/110
f 810/1349/105 809/1356/110 812/1355/109 811/1350/106
f 815/1357/104 814/1358/111 809/1356/110 810/1349/105
f 811/1350/106 812/1355/109 821/1359/112 820/1360/103
f 809/1356/110 814/1358/111 819/1361/130 818/1353/107
f 812/1355/109 817/1354/108 822/1362/114
f 822/1362/114 821/1359/112 812/1355/109
f 835/1363/133 834/1364/94 828/791/2
f 820/1365/103 813/1366/2 829/1367/2 837/1368/99
f 799/1323/2 802/1207/2 808/1347/116 807/1369/100
f 803/1370/119 808/1347/116 822/1348/114 817/1371/108
f 832/1372/97 815/1357/104 810/1349/105 824/1352/95
f 825/1351/96 811/1350/106 820/1360/103 837/1373/99
f 835/1374/133 823/1375/92 826/1376/93 834/1377/94
f 824/1352/95 825/1351/96 826/1376/93 823/1375/92
f 832/1372/97 824/1352/95 823/1375/92 831/1378/98
f 825/1351/96 837/1373/99 838/1379/100 826/1376/93
f 823/1375/92 835/1374/133 836/1380/129 831/1378/98
f 826/1376/93 839/1381/102 834/1377/94
f 839/1381/102 826/1376/93 838/1379/100
f 838/1382/100 837/1368/99 829/1367/2
f 835/1363/133 828/791/2 830/469/2 836/1383/129
f 827/635/2 839/1384/102 833/1385/2
f 803/1370/119 817/1371/108 818/1386/107 804/1387/118
f 806/1324/99 799/1323/2 807/1369/100
f 874/1249/2 645/511/2 125/143/2 678/1150/2
f 1480/1388/7 1045/242/7 239/241/37 1490/446/89
f 839/1384/102 838/1382/100 829/1367/2 833/1385/2
f 828/791/2 834/1364/94 839/1384/102 827/635/2
f 1470/517/7 1480/1388/7 1490/446/89 237/434/51
f 792/1321/103 793/1344/112 784/1322/2
f 679/1143/2 125/143/2 646/142/2 775/1198/2
f 789/1327/121 790/1325/132 783/1296/2
f 779/1303/105 780/1304/106 797/1332/96 796/1331/95
f 691/1172/2 743/1094/2 687/1174/2
f 820/1365/103 821/1389/112 813/1366/2
f 813/1366/2 821/1389/112 822/1348/114 816/1206/2
f 680/1103/2 125/143/2 679/1143/2
f 836/1383/129 830/469/2 841/470/2 819/1342/130
f 785/494/2 791/1326/128 805/1343/131 841/470/2
f 864/1390/1 847/1391/1 848/1392/1 865/1393/1
f 850/1394/134 851/1395/135 875/1248/2
f 869/1396/1 852/1397/1 847/1391/1 864/1390/1
f 843/1398/105 844/1399/106 858/1400/96 857/1401/95
f 851/1402/135 850/1403/134 845/1404/109 842/1405/110
f 843/1398/105 842/1405/110 845/1404/109 844/1399/106
f 848/1406/104 847/1407/111 842/1405/110 843/1398/105
f 844/1399/106 845/1404/109 854/1408/112 853/1409/103
f 842/1405/110 847/1407/111 852/1410/136 851/1402/135
f 845/1404/109 850/1403/134 855/1411/137
f 855/1411/137 854/1408/112 845/1404/109
f 868/1412/91 867/1413/94 861/1293/2
f 853/1414/103 846/1415/2 862/1416/2 870/1417/99
f 865/1418/97 848/1406/104 843/1398/105 857/1401/95
f 858/1400/96 844/1399/106 853/1409/103 870/1419/99
f 868/1420/91 856/1421/92 859/1422/93 867/1423/94
f 857/1401/95 858/1400/96 859/1422/93 856/1421/92
f 865/1418/97 857/1401/95 856/1421/92 864/1424/98
f 858/1400/96 870/1419/99 871/1425/100 859/1422/93
f 856/1421/92 868/1420/91 869/1426/129 864/1424/98
f 859/1422/93 872/1427/102 867/1423/94
f 872/1427/102 859/1422/93 871/1425/100
f 871/1428/100 870/1417/99 862/1416/2
f 868/1412/91 861/1293/2 863/518/2 869/1429/129
f 860/1294/2 872/1430/102 866/1431/2
f 874/1249/2 855/1432/137 850/1394/134 875/1248/2
f 590/1009/2 782/1295/2 860/1294/2 668/1138/2
f 872/1430/102 871/1428/100 862/1416/2 866/1431/2
f 861/1293/2 867/1413/94 872/1430/102 860/1294/2
f 863/518/2 861/1293/2 783/1296/2 785/494/2
f 849/1433/2 855/1432/137 874/1249/2
f 853/1414/103 854/1434/112 846/1415/2
f 846/1415/2 854/1434/112 855/1432/137 849/1433/2
f 851/1395/135 852/1435/136 873/512/2 875/1248/2
f 869/1429/129 863/518/2 873/512/2 852/1435/136
f 1147/1436/7 200/468/50 230/467/51 1088/513/7
f 163/267/37 880/266/7 1181/1437/7 276/487/89
f 706/1243/119 711/1202/116 725/1205/114 720/1244/108
f 736/1229/2 732/1226/2 541/772/2
f 590/1009/2 788/1320/2 782/1295/2
f 608/1084/119 613/1038/116 627/1041/114 622/1085/108
f 818/1386/107 819/1342/130 805/1343/131 804/1387/118
f 635/632/2 827/635/2 833/1385/2
f 733/792/2 632/981/2 638/1083/2
f 604/1007/2 877/1196/2 607/1039/2
f 678/1150/2 849/1433/2 874/1249/2
f 623/1086/107 624/1029/113 610/1028/115 609/1087/118
f 259/496/51 276/487/89 1181/1437/7 1171/514/7
f 125/143/2 645/511/2 945/282/28 124/144/28
f 665/1140/2 765/1289/2 688/1177/2 587/1003/2
f 654/1147/2 679/1143/2 775/1198/2
f 878/1030/2 813/1366/2 816/1206/2
f 634/1064/2 733/792/2 638/1083/2
f 587/1003/2 688/1177/2 593/1004/2
f 593/1004/2 688/1177/2 589/1006/2
f 589/1006/2 688/1177/2 877/1196/2 604/1007/2
f 621/1040/2 876/1195/2 618/1063/2
f 618/1063/2 876/1195/2 733/792/2 634/1064/2
f 635/632/2 829/1367/2 813/1366/2 878/1030/2
f 833/1385/2 829/1367/2 635/632/2
f 802/1207/2 799/1323/2 879/1031/2
f 879/1031/2 799/1323/2 784/1322/2 590/1009/2
f 784/1322/2 788/1320/2 590/1009/2
f 860/1294/2 866/1431/2 668/1138/2
f 866/1431/2 862/1416/2 668/1138/2
f 678/1150/2 846/1415/2 849/1433/2
f 668/1138/2 862/1416/2 846/1415/2 678/1150/2
f 651/1124/2 654/1147/2 775/1198/2
f 667/1125/2 651/1124/2 775/1198/2 765/1289/2
f 666/1122/2 665/1140/2 587/1003/2 588/1010/2
f 702/1175/2 102/1245/2 705/1203/2
f 541/772/2 732/1226/2 716/1225/2 102/1245/2
f 776/1247/2 1499/1068/2 751/1067/2
f 705/1203/2 102/1245/2 719/1204/2
f 678/1150/2 125/143/2 680/1103/2
f 768/1033/2 764/1276/2 1502/1034/2
f 685/1095/2 743/1094/2 691/1172/2
f 776/1247/2 646/142/2 840/225/2 1499/1068/2
f 873/512/2 645/511/2 875/1248/2
f 893/1438/138 892/1439/139 884/1440/140 881/1441/141
f 882/1442/142 881/1441/141 884/1440/140 883/1443/143
f 890/1444/144 889/1445/145 881/1441/141 882/1442/142
f 883/1443/143 884/1440/140 896/1446/146 895/1447/147
f 881/1441/141 889/1445/145 894/1448/148 893/1438/138
f 884/1440/140 892/1439/139 897/1449/149
f 897/1449/149 896/1446/146 884/1440/140
f 889/1450/1 890/1451/1 904/1452/1 903/1453/1
f 934/1454/1 917/1455/1 918/1456/1 935/1457/1
f 897/1458/149 885/1459/7 891/1460/7
f 895/1461/147 887/1462/7 902/1463/7 909/1464/150
f 888/1465/7 886/1466/7 893/1467/138 894/1468/148
f 892/1469/139 886/1466/7 885/1459/7 897/1458/149
f 894/1470/1 889/1450/1 903/1453/1 908/1471/1
f 904/1472/151 890/1444/144 882/1442/142 899/1473/152
f 900/1474/153 883/1443/143 895/1447/147 909/1475/150
f 907/1476/154 898/1477/155 901/1478/156 906/1479/157
f 899/1473/152 900/1474/153 901/1478/156 898/1477/155
f 904/1472/151 899/1473/152 898/1477/155 903/1480/158
f 900/1474/153 909/1475/150 910/1481/159 901/1478/156
f 898/1477/155 907/1476/154 908/1482/160 903/1480/158
f 901/1478/156 911/1483/161 906/1479/157
f 911/1483/161 901/1478/156 910/1481/159
f 908/1484/160 922/1485/162 1186/1486/7 1187/1487/7
f 887/1462/7 896/1488/146 897/1458/149 891/1460/7
f 1070/1489/7 943/1490/7 1064/1491/7
f 939/1492/1 922/1493/1 917/1455/1 934/1454/1
f 911/1494/161 905/1495/7 919/1496/7 925/1497/163
f 1022/1498/164 1023/1499/162 1009/1500/160 1008/1501/165
f 913/1502/142 914/1503/143 928/1504/153 927/1505/152
f 921/1506/164 920/1507/166 915/1508/140 912/1509/141
f 913/1502/142 912/1509/141 915/1508/140 914/1503/143
f 918/1510/144 917/1511/145 912/1509/141 913/1502/142
f 914/1503/143 915/1508/140 924/1512/146 923/1513/147
f 912/1509/141 917/1511/145 922/1514/162 921/1506/164
f 915/1508/140 920/1507/166 925/1515/163
f 925/1515/163 924/1512/146 915/1508/140
f 938/1516/167 937/1517/168 931/1093/7
f 923/1518/147 916/1519/7 932/1520/7 940/1521/150
f 902/1463/7 905/1495/7 911/1494/161 910/1522/159
f 1053/1523/7 1149/1524/7 1050/1525/7
f 935/1526/151 918/1510/144 913/1502/142 927/1505/152
f 928/1504/153 914/1503/143 923/1513/147 940/1527/150
f 938/1528/167 926/1529/155 929/1530/156 937/1531/168
f 927/1505/152 928/1504/153 929/1530/156 926/1529/155
f 935/1526/151 927/1505/152 926/1529/155 934/1532/158
f 928/1504/153 940/1527/150 941/1533/159 929/1530/156
f 926/1529/155 938/1528/167 939/1534/169 934/1532/158
f 929/1530/156 942/1535/170 937/1531/168
f 942/1535/170 929/1530/156 941/1533/159
f 941/1536/159 940/1521/150 932/1520/7
f 938/1516/167 931/1093/7 933/1537/7 939/1538/169
f 930/1090/7 942/1539/170 936/1540/7
f 906/1541/157 920/1542/166 921/1543/164 907/1544/154
f 909/1464/150 902/1463/7 910/1522/159
f 1031/1545/7 1335/1546/7 1336/1547/7 1032/1548/7
f 942/1539/170 941/1536/159 932/1520/7 936/1540/7
f 931/1093/7 937/1517/168 942/1539/170 930/1090/7
f 931/1093/7 1238/1092/7 1240/1549/7 933/1537/7
f 895/1461/147 896/1488/146 887/1462/7
f 933/1537/7 1240/1549/7 1432/1550/7 1130/1551/7
f 892/1469/139 893/1467/138 886/1466/7
f 882/1442/142 883/1443/143 900/1474/153 899/1473/152
f 1064/1491/7 943/1490/7 133/1552/7 986/1553/7
f 923/1518/147 924/1554/146 916/1519/7
f 916/1519/7 924/1554/146 925/1497/163 919/1496/7
f 939/1538/169 933/1537/7 1186/1486/7 922/1485/162
f 888/1465/7 894/1468/148 908/1484/160 1187/1487/7
f 968/1555/1 951/1556/1 952/1557/1 969/1558/1
f 954/1559/171 955/1560/172 979/1561/7
f 973/1562/1 956/1563/1 951/1556/1 968/1555/1
f 947/1564/142 948/1565/143 962/1566/153 961/1567/152
f 955/1568/172 954/1569/171 949/1570/140 946/1571/141
f 947/1564/142 946/1571/141 949/1570/140 948/1565/143
f 952/1572/144 951/1573/145 946/1571/141 947/1564/142
f 948/1565/143 949/1570/140 958/1574/146 957/1575/147
f 946/1571/141 951/1573/145 956/1576/173 955/1568/172
f 949/1570/140 954/1569/171 959/1577/174
f 959/1577/174 958/1574/146 949/1570/140
f 972/1578/175 971/1579/168 965/1580/7
f 957/1581/147 950/1582/7 966/1583/7 974/1584/150
f 969/1585/151 952/1572/144 947/1564/142 961/1567/152
f 962/1566/153 948/1565/143 957/1575/147 974/1586/150
f 972/1587/175 960/1588/155 963/1589/156 971/1590/168
f 961/1567/152 962/1566/153 963/1589/156 960/1588/155
f 969/1585/151 961/1567/152 960/1588/155 968/1591/158
f 962/1566/153 974/1586/150 975/1592/159 963/1589/156
f 960/1588/155 972/1587/175 973/1593/176 968/1591/158
f 963/1589/156 976/1594/170 971/1590/168
f 976/1594/170 963/1589/156 975/1592/159
f 975/1595/159 974/1584/150 966/1583/7
f 972/1578/175 965/1580/7 967/1596/7 973/1597/176
f 964/1598/7 976/1599/170 970/1600/7
f 978/1601/7 959/1602/174 954/1559/171 979/1561/7
f 1065/1603/7 1064/1491/7 986/1553/7 987/1604/7
f 976/1599/170 975/1595/159 966/1583/7 970/1600/7
f 965/1580/7 971/1579/168 976/1599/170 964/1598/7
f 967/1596/7 965/1580/7 886/1466/7 888/1465/7
f 953/1605/7 959/1602/174 978/1601/7
f 957/1581/147 958/1606/146 950/1582/7
f 950/1582/7 958/1606/146 959/1602/174 953/1605/7
f 955/1560/172 956/1607/173 977/1608/7 979/1561/7
f 973/1597/176 967/1596/7 977/1608/7 956/1607/173
f 994/1609/138 993/1610/139 985/1611/140 982/1612/141
f 983/1613/142 982/1612/141 985/1611/140 984/1614/143
f 991/1615/144 990/1616/145 982/1612/141 983/1613/142
f 984/1614/143 985/1611/140 997/1617/146 996/1618/147
f 982/1612/141 990/1616/145 995/1619/148 994/1609/138
f 985/1611/140 993/1610/139 998/1620/149
f 998/1620/149 997/1617/146 985/1611/140
f 990/1621/1 991/1622/1 1005/1623/1 1004/1624/1
f 1035/1625/1 1018/1626/1 1019/1627/1 1036/1628/1
f 998/1629/149 986/1553/7 992/1630/7
f 996/1631/147 988/1632/7 1003/1633/7 1010/1634/150
f 989/1635/7 987/1604/7 994/1636/138 995/1637/148
f 993/1638/139 987/1604/7 986/1553/7 998/1629/149
f 995/1639/1 990/1621/1 1004/1624/1 1009/1640/1
f 1005/1641/151 991/1615/144 983/1613/142 1000/1642/152
f 1001/1643/153 984/1614/143 996/1618/147 1010/1644/150
f 1008/1645/165 999/1646/155 1002/1647/156 1007/1648/157
f 1000/1642/152 1001/1643/153 1002/1647/156 999/1646/155
f 1005/1641/151 1000/1642/152 999/1646/155 1004/1649/158
f 1001/1643/153 1010/1644/150 1011/1650/159 1002/1647/156
f 999/1646/155 1008/1645/165 1009/1651/160 1004/1649/158
f 1002/1647/156 1012/1652/161 1007/1648/157
f 1012/1652/161 1002/1647/156 1011/1650/159
f 1009/1500/160 1023/1499/162 1184/1653/7 1185/1654/7
f 988/1632/7 997/1655/146 998/1629/149 992/1630/7
f 1077/1656/7 50/127/7 1079/1657/7
f 1040/1658/1 1023/1659/1 1018/1626/1 1035/1625/1
f 1012/1660/161 1006/1661/7 1020/1662/7 1026/1663/163
f 1187/1487/7 1186/1486/7 1119/1664/7 1105/1665/7
f 1014/1666/142 1015/1667/143 1029/1668/153 1028/1669/152
f 1022/1670/164 1021/1671/166 1016/1672/140 1013/1673/141
f 1014/1666/142 1013/1673/141 1016/1672/140 1015/1667/143
f 1019/1674/144 1018/1675/145 1013/1673/141 1014/1666/142
f 1015/1667/143 1016/1672/140 1025/1676/146 1024/1677/147
f 1013/1673/141 1018/1675/145 1023/1678/162 1022/1670/164
f 1016/1672/140 1021/1671/166 1026/1679/163
f 1026/1679/163 1025/1676/146 1016/1672/140
f 1039/1680/167 1038/1681/168 1032/1548/7
f 1024/1682/147 1017/1683/7 1033/1684/7 1041/1685/150
f 1003/1633/7 1006/1661/7 1012/1660/161 1011/1686/159
f 1037/1687/7 1144/1688/7 1031/1545/7
f 1036/1689/151 1019/1674/144 1014/1666/142 1028/1669/152
f 1029/1668/153 1015/1667/143 1024/1677/147 1041/1690/150
f 1039/1691/167 1027/1692/155 1030/1693/156 1038/1694/168
f 1028/1669/152 1029/1668/153 1030/1693/156 1027/1692/155
f 1036/1689/151 1028/1669/152 1027/1692/155 1035/1695/158
f 1029/1668/153 1041/1690/150 1042/1696/159 1030/1693/156
f 1027/1692/155 1039/1691/167 1040/1697/169 1035/1695/158
f 1030/1693/156 1043/1698/170 1038/1694/168
f 1043/1698/170 1030/1693/156 1042/1696/159
f 1042/1699/159 1041/1685/150 1033/1684/7
f 1039/1680/167 1032/1548/7 1034/1700/7 1040/1701/169
f 1031/1545/7 1043/1702/170 1037/1687/7
f 1007/1703/157 1021/1704/166 1022/1498/164 1008/1501/165
f 1010/1634/150 1003/1633/7 1011/1686/159
f 133/1552/7 1145/1705/7 1003/1633/7 988/1632/7
f 1130/1551/7 1432/1550/7 1433/1706/7 1131/1707/7
f 1043/1702/170 1042/1699/159 1033/1684/7 1037/1687/7
f 1032/1548/7 1038/1681/168 1043/1702/170 1031/1545/7
f 1032/1548/7 1336/1547/7 1338/1708/7 1034/1700/7
f 996/1631/147 997/1655/146 988/1632/7
f 1079/1657/7 50/127/7 1078/1709/7
f 993/1638/139 994/1636/138 987/1604/7
f 983/1613/142 984/1614/143 1001/1643/153 1000/1642/152
f 1183/1710/7 880/266/7 1182/1711/7
f 1024/1682/147 1025/1712/146 1017/1683/7
f 1017/1683/7 1025/1712/146 1026/1663/163 1020/1662/7
f 1020/1662/7 1145/1705/7 1017/1683/7
f 1040/1701/169 1034/1700/7 1184/1653/7 1023/1499/162
f 989/1635/7 995/1637/148 1009/1500/160 1185/1654/7
f 1068/1713/1 1051/1714/1 1052/1715/1 1069/1716/1
f 1054/1717/171 1055/1718/172 1079/1657/7
f 1073/1719/1 1056/1720/1 1051/1714/1 1068/1713/1
f 1047/1721/142 1048/1722/143 1062/1723/153 1061/1724/152
f 1055/1725/172 1054/1726/171 1049/1727/140 1046/1728/141
f 1047/1721/142 1046/1728/141 1049/1727/140 1048/1722/143
f 1052/1729/144 1051/1730/145 1046/1728/141 1047/1721/142
f 1048/1722/143 1049/1727/140 1058/1731/146 1057/1732/147
f 1046/1728/141 1051/1730/145 1056/1733/173 1055/1725/172
f 1049/1727/140 1054/1726/171 1059/1734/174
f 1059/1734/174 1058/1731/146 1049/1727/140
f 1072/1735/175 1071/1736/168 1065/1603/7
f 1057/1737/147 1050/1525/7 1066/1738/7 1074/1739/150
f 1069/1740/151 1052/1729/144 1047/1721/142 1061/1724/152
f 1062/1723/153 1048/1722/143 1057/1732/147 1074/1741/150
f 1072/1742/175 1060/1743/155 1063/1744/156 1071/1745/168
f 1061/1724/152 1062/1723/153 1063/1744/156 1060/1743/155
f 1069/1740/151 1061/1724/152 1060/1743/155 1068/1746/158
f 1062/1723/153 1074/1741/150 1075/1747/159 1063/1744/156
f 1060/1743/155 1072/1742/175 1073/1748/176 1068/1746/158
f 1063/1744/156 1076/1749/170 1071/1745/168
f 1076/1749/170 1063/1744/156 1075/1747/159
f 1075/1750/159 1074/1739/150 1066/1738/7
f 1072/1735/175 1065/1603/7 1067/1751/7 1073/1752/176
f 1064/1491/7 1076/1753/170 1070/1489/7
f 1078/1709/7 1059/1754/174 1054/1717/171 1079/1657/7
f 1169/1755/7 1168/1756/7 1085/1757/7 1086/1758/7
f 1076/1753/170 1075/1750/159 1066/1738/7 1070/1489/7
f 1065/1603/7 1071/1736/168 1076/1753/170 1064/1491/7
f 1067/1751/7 1065/1603/7 987/1604/7 989/1635/7
f 1053/1523/7 1059/1754/174 1078/1709/7
f 1057/1737/147 1058/1759/146 1050/1525/7
f 1050/1525/7 1058/1759/146 1059/1754/174 1053/1523/7
f 1055/1718/172 1056/1760/173 1077/1656/7 1079/1657/7
f 1073/1752/176 1067/1751/7 1077/1656/7 1056/1760/173
f 1093/1761/138 1092/1762/139 1084/1763/140 1081/1764/141
f 1082/1765/142 1081/1764/141 1084/1763/140 1083/1766/143
f 1090/1767/144 1089/1768/145 1081/1764/141 1082/1765/142
f 1083/1766/143 1084/1763/140 1096/1769/146 1095/1770/147
f 1081/1764/141 1089/1768/145 1094/1771/177 1093/1761/138
f 1084/1763/140 1092/1762/139 1097/1772/149
f 1097/1772/149 1096/1769/146 1084/1763/140
f 1089/1773/1 1090/1774/1 1104/1775/1 1103/1776/1
f 1134/1777/1 1117/1778/1 1118/1779/1 1135/1780/1
f 1097/1781/149 1085/1757/7 1091/1782/7
f 1095/1783/147 1087/1784/7 1102/1785/7 1109/1786/150
f 1088/513/7 1086/1758/7 1093/1787/138 1094/1788/177
f 1092/1789/139 1086/1758/7 1085/1757/7 1097/1781/149
f 1094/1790/1 1089/1773/1 1103/1776/1 1108/1791/1
f 1104/1792/151 1090/1767/144 1082/1765/142 1099/1793/152
f 1100/1794/153 1083/1766/143 1095/1770/147 1109/1795/150
f 1107/1796/154 1098/1797/155 1101/1798/156 1106/1799/157
f 1099/1793/152 1100/1794/153 1101/1798/156 1098/1797/155
f 1104/1792/151 1099/1793/152 1098/1797/155 1103/1800/158
f 1100/1794/153 1109/1795/150 1110/1801/159 1101/1798/156
f 1098/1797/155 1107/1796/154 1108/1802/178 1103/1800/158
f 1101/1798/156 1111/1803/161 1106/1799/157
f 1111/1803/161 1101/1798/156 1110/1801/159
f 1122/1804/179 1147/1436/7 1108/1805/178
f 1087/1784/7 1096/1806/146 1097/1781/149 1091/1782/7
f 1066/1738/7 1050/1525/7 1149/1524/7 943/1490/7
f 1139/1807/1 1122/1808/1 1117/1778/1 1134/1777/1
f 1111/1809/161 1105/1665/7 1119/1664/7 1125/1810/163
f 905/1495/7 1185/1654/7 1184/1653/7 919/1496/7
f 1113/1811/142 1114/1812/143 1128/1813/153 1127/1814/152
f 1121/1815/164 1120/1816/166 1115/1817/140 1112/1818/141
f 1113/1811/142 1112/1818/141 1115/1817/140 1114/1812/143
f 1118/1819/144 1117/1820/145 1112/1818/141 1113/1811/142
f 1114/1812/143 1115/1817/140 1124/1821/146 1123/1822/147
f 1112/1818/141 1117/1820/145 1122/1823/179 1121/1815/164
f 1115/1817/140 1120/1816/166 1125/1824/163
f 1125/1824/163 1124/1821/146 1115/1817/140
f 1138/1825/167 1137/1826/168 1131/1707/7
f 1123/1827/147 1116/1828/7 1132/1829/7 1140/1830/150
f 1102/1785/7 1105/1665/7 1111/1809/161 1110/1831/159
f 1106/1832/157 1111/1809/161 1125/1810/163 1120/1833/166
f 1135/1834/151 1118/1819/144 1113/1811/142 1127/1814/152
f 1128/1813/153 1114/1812/143 1123/1822/147 1140/1835/150
f 1138/1836/167 1126/1837/155 1129/1838/156 1137/1839/168
f 1127/1814/152 1128/1813/153 1129/1838/156 1126/1837/155
f 1135/1834/151 1127/1814/152 1126/1837/155 1134/1840/158
f 1128/1813/153 1140/1835/150 1141/1841/159 1129/1838/156
f 1126/1837/155 1138/1836/167 1139/1842/176 1134/1840/158
f 1129/1838/156 1142/1843/170 1137/1839/168
f 1142/1843/170 1129/1838/156 1141/1841/159
f 1141/1844/159 1140/1830/150 1132/1829/7
f 1138/1825/167 1131/1707/7 1133/1246/7 1139/1845/176
f 1130/1551/7 1142/1846/170 1136/1847/7
f 1106/1832/157 1120/1833/166 1121/1848/164 1107/1849/154
f 1109/1786/150 1102/1785/7 1110/1831/159
f 1182/1711/7 880/266/7 45/128/7 977/1608/7
f 1335/1546/7 1031/1545/7 1144/1688/7
f 1142/1846/170 1141/1844/159 1132/1829/7 1136/1847/7
f 1131/1707/7 1137/1826/168 1142/1846/170 1130/1551/7
f 1131/1707/7 1433/1706/7 1435/1088/7 1133/1246/7
f 1095/1783/147 1096/1806/146 1087/1784/7
f 978/1601/7 45/128/7 50/127/7 1077/1656/7
f 1092/1789/139 1093/1787/138 1086/1758/7
f 1082/1765/142 1083/1766/143 1100/1794/153 1099/1793/152
f 992/1630/7 133/1552/7 988/1632/7
f 1123/1827/147 1124/1850/146 1116/1828/7
f 1116/1828/7 1124/1850/146 1125/1810/163 1119/1664/7
f 979/1561/7 45/128/7 978/1601/7
f 1139/1845/176 1133/1246/7 1147/1436/7 1122/1804/179
f 1088/513/7 1094/1788/177 1108/1805/178 1147/1436/7
f 1172/1851/1 1155/1852/1 1156/1853/1 1173/1854/1
f 1158/1855/171 1159/1856/172 1183/1710/7
f 1177/1857/1 1160/1858/1 1155/1852/1 1172/1851/1
f 1151/1859/142 1152/1860/143 1166/1861/153 1165/1862/152
f 1159/1863/172 1158/1864/171 1153/1865/140 1150/1866/141
f 1151/1859/142 1150/1866/141 1153/1865/140 1152/1860/143
f 1156/1867/144 1155/1868/145 1150/1866/141 1151/1859/142
f 1152/1860/143 1153/1865/140 1162/1869/146 1161/1870/147
f 1150/1866/141 1155/1868/145 1160/1871/173 1159/1863/172
f 1153/1865/140 1158/1864/171 1163/1872/174
f 1163/1872/174 1162/1869/146 1153/1865/140
f 1176/1873/175 1175/1874/168 1169/1755/7
f 1161/1875/147 1154/1876/7 1170/1877/7 1178/1878/150
f 1173/1879/151 1156/1867/144 1151/1859/142 1165/1862/152
f 1166/1861/153 1152/1860/143 1161/1870/147 1178/1880/150
f 1176/1881/175 1164/1882/155 1167/1883/156 1175/1884/168
f 1165/1862/152 1166/1861/153 1167/1883/156 1164/1882/155
f 1173/1879/151 1165/1862/152 1164/1882/155 1172/1885/158
f 1166/1861/153 1178/1880/150 1179/1886/159 1167/1883/156
f 1164/1882/155 1176/1881/175 1177/1887/176 1172/1885/158
f 1167/1883/156 1180/1888/170 1175/1884/168
f 1180/1888/170 1167/1883/156 1179/1886/159
f 1179/1889/159 1178/1878/150 1170/1877/7
f 1176/1873/175 1169/1755/7 1171/514/7 1177/1890/176
f 1168/1756/7 1180/1891/170 1174/1892/7
f 1182/1711/7 1163/1893/174 1158/1855/171 1183/1710/7
f 888/1465/7 1085/1757/7 1168/1756/7 967/1596/7
f 1180/1891/170 1179/1889/159 1170/1877/7 1174/1892/7
f 1169/1755/7 1175/1874/168 1180/1891/170 1168/1756/7
f 1171/514/7 1169/1755/7 1086/1758/7 1088/513/7
f 1157/1894/7 1163/1893/174 1182/1711/7
f 1161/1875/147 1162/1895/146 1154/1876/7
f 1154/1876/7 1162/1895/146 1163/1893/174 1157/1894/7
f 1159/1856/172 1160/1896/173 1181/1437/7 1183/1710/7
f 1177/1890/176 1171/514/7 1181/1437/7 1160/1896/173
f 1237/1091/7 930/1090/7 1034/1700/7 1338/1708/7
f 1007/1703/157 1012/1660/161 1026/1663/163 1021/1704/166
f 1037/1687/7 1033/1684/7 1144/1688/7
f 888/1465/7 1091/1782/7 1085/1757/7
f 906/1541/157 911/1494/161 925/1497/163 920/1542/166
f 1121/1848/164 1122/1804/179 1108/1805/178 1107/1849/154
f 933/1537/7 1130/1551/7 1136/1847/7
f 1034/1700/7 930/1090/7 936/1540/7
f 902/1463/7 1185/1654/7 905/1495/7
f 977/1608/7 1157/1894/7 1182/1711/7
f 921/1543/164 922/1485/162 908/1484/160 907/1544/154
f 123/136/26 981/135/25 1044/119/21 265/122/21
f 1133/1246/7 227/474/51 200/468/50 1147/1436/7
f 964/1598/7 1067/1751/7 989/1635/7 885/1459/7
f 953/1605/7 978/1601/7 1077/1656/7
f 1186/1486/7 1116/1828/7 1119/1664/7
f 932/1520/7 1034/1700/7 936/1540/7
f 885/1459/7 989/1635/7 891/1460/7
f 891/1460/7 989/1635/7 887/1462/7
f 887/1462/7 989/1635/7 1185/1654/7 902/1463/7
f 919/1496/7 1184/1653/7 916/1519/7
f 916/1519/7 1184/1653/7 1034/1700/7 932/1520/7
f 933/1537/7 1132/1829/7 1116/1828/7 1186/1486/7
f 1136/1847/7 1132/1829/7 933/1537/7
f 1105/1665/7 1102/1785/7 1187/1487/7
f 1187/1487/7 1102/1785/7 1087/1784/7 888/1465/7
f 1087/1784/7 1091/1782/7 888/1465/7
f 1168/1756/7 1174/1892/7 967/1596/7
f 1174/1892/7 1170/1877/7 967/1596/7
f 977/1608/7 1154/1876/7 1157/1894/7
f 967/1596/7 1170/1877/7 1154/1876/7 977/1608/7
f 950/1582/7 953/1605/7 1077/1656/7
f 966/1583/7 950/1582/7 1077/1656/7 1067/1751/7
f 965/1580/7 964/1598/7 885/1459/7 886/1466/7
f 1003/1633/7 1145/1705/7 1006/1661/7
f 1144/1688/7 1033/1684/7 1017/1683/7 1145/1705/7
f 1078/1709/7 1149/1524/7 1053/1523/7
f 1006/1661/7 1145/1705/7 1020/1662/7
f 977/1608/7 45/128/7 979/1561/7
f 1070/1489/7 1066/1738/7 943/1490/7
f 986/1553/7 133/1552/7 992/1630/7
f 1078/1709/7 50/127/7 1146/2/7 1149/1524/7
f 1181/1437/7 880/266/7 1183/1710/7
f 1200/1897/175 1188/1898/155 1191/1899/156 1199/1900/168
f 1189/1901/152 1190/1902/153 1191/1899/156 1188/1898/155
f 1197/1903/151 1189/1901/152 1188/1898/155 1196/1904/158
f 1190/1902/153 1202/1905/150 1203/1906/159 1191/1899/156
f 1188/1898/155 1200/1897/175 1201/1907/169 1196/1904/158
f 1191/1899/156 1204/1908/170 1199/1900/168
f 1204/1908/170 1191/1899/156 1203/1906/159
f 1196/1909/1 1210/1910/1 1211/1911/1 1197/1912/1
f 1241/1913/1 1242/1914/1 1225/1915/1 1224/1916/1
f 1204/1917/170 1198/1918/7 1192/1919/7
f 1202/1920/150 1216/1921/147 1209/1922/7 1194/1923/7
f 1195/1924/7 1201/1925/169 1200/1926/175 1193/1927/7
f 1199/1928/168 1204/1917/170 1192/1919/7 1193/1927/7
f 1201/1929/1 1215/1930/1 1210/1910/1 1196/1909/1
f 1211/1931/144 1206/1932/142 1189/1901/152 1197/1903/151
f 1207/1933/143 1216/1934/147 1202/1905/150 1190/1902/153
f 1214/1935/164 1213/1936/166 1208/1937/140 1205/1938/141
f 1206/1932/142 1205/1938/141 1208/1937/140 1207/1933/143
f 1211/1931/144 1210/1939/145 1205/1938/141 1206/1932/142
f 1207/1933/143 1208/1937/140 1217/1940/146 1216/1934/147
f 1205/1938/141 1210/1939/145 1215/1941/162 1214/1935/164
f 1208/1937/140 1213/1936/166 1218/1942/163
f 1218/1942/163 1217/1940/146 1208/1937/140
f 1215/1943/162 1486/1944/7 1485/1945/7 1229/1946/160
f 1194/1923/7 1198/1918/7 1204/1917/170 1203/1947/159
f 1373/1948/7 1367/1949/7 1250/349/7
f 1246/1950/1 1241/1913/1 1224/1916/1 1229/1951/1
f 1218/1952/163 1232/1953/161 1226/1954/7 1212/1955/7
f 1326/1956/165 1312/1957/164 1313/1958/162 1327/1959/160
f 1220/1960/152 1234/1961/142 1235/1962/143 1221/1963/153
f 1228/1964/154 1219/1965/155 1222/1966/156 1227/1967/157
f 1220/1960/152 1221/1963/153 1222/1966/156 1219/1965/155
f 1225/1968/151 1220/1960/152 1219/1965/155 1224/1969/158
f 1221/1963/153 1230/1970/150 1231/1971/159 1222/1966/156
f 1219/1965/155 1228/1964/154 1229/1972/160 1224/1969/158
f 1222/1966/156 1232/1973/161 1227/1967/157
f 1232/1973/161 1222/1966/156 1231/1971/159
f 1245/1974/180 1238/1092/7 1244/1975/139
f 1230/1976/150 1247/1977/147 1239/1978/7 1223/1979/7
f 1209/1922/7 1217/1980/146 1218/1952/163 1212/1955/7
f 1356/1981/7 1353/1982/7 1448/347/7
f 1242/1983/144 1234/1961/142 1220/1960/152 1225/1968/151
f 1235/1962/143 1247/1984/147 1230/1970/150 1221/1963/153
f 1245/1985/180 1244/1986/139 1236/1987/140 1233/1988/141
f 1234/1961/142 1233/1988/141 1236/1987/140 1235/1962/143
f 1242/1983/144 1241/1989/145 1233/1988/141 1234/1961/142
f 1235/1962/143 1236/1987/140 1248/1990/146 1247/1984/147
f 1233/1988/141 1241/1989/145 1246/1991/148 1245/1985/180
f 1236/1987/140 1244/1986/139 1249/1992/149
f 1249/1992/149 1248/1990/146 1236/1987/140
f 1248/1993/146 1239/1978/7 1247/1977/147
f 1245/1974/180 1246/1994/148 1240/1549/7 1238/1092/7
f 1237/1091/7 1243/1995/7 1249/1996/149
f 1213/1997/166 1214/1998/164 1228/1999/154 1227/2000/157
f 1216/1921/147 1217/1980/146 1209/1922/7
f 1249/1996/149 1243/1995/7 1239/1978/7 1248/1993/146
f 1238/1092/7 1237/1091/7 1249/1996/149 1244/1975/139
f 48/125/18 45/128/7 880/266/7 544/126/18
f 1202/1920/150 1194/1923/7 1203/1947/159
f 189/392/71 196/391/70 1143/182/31 1148/120/22
f 1199/1928/168 1193/1927/7 1200/1926/175
f 1189/1901/152 1206/1932/142 1207/1933/143 1190/1902/153
f 1367/1949/7 1290/2001/7 1348/2002/7 1250/349/7
f 1230/1976/150 1223/1979/7 1231/2003/159
f 1223/1979/7 1226/1954/7 1232/1953/161 1231/2003/159
f 1246/1994/148 1229/1946/160 1485/1945/7 1240/1549/7
f 1195/1924/7 1486/1944/7 1215/1943/162 1201/1925/169
f 1274/2004/1 1275/2005/1 1258/2006/1 1257/2007/1
f 1260/2008/181 1285/2009/7 1261/2010/182
f 1279/2011/1 1274/2004/1 1257/2007/1 1262/2012/1
f 1253/2013/152 1267/2014/142 1268/2015/143 1254/2016/153
f 1261/2017/182 1252/2018/155 1255/2019/156 1260/2020/181
f 1253/2013/152 1254/2016/153 1255/2019/156 1252/2018/155
f 1258/2021/151 1253/2013/152 1252/2018/155 1257/2022/158
f 1254/2016/153 1263/2023/150 1264/2024/159 1255/2019/156
f 1252/2018/155 1261/2017/182 1262/2025/183 1257/2022/158
f 1255/2019/156 1265/2026/184 1260/2020/181
f 1265/2026/184 1255/2019/156 1264/2024/159
f 1278/2027/180 1271/2028/7 1277/2029/139
f 1263/2030/150 1280/2031/147 1272/2032/7 1256/2033/7
f 1275/2034/144 1267/2014/142 1253/2013/152 1258/2021/151
f 1268/2015/143 1280/2035/147 1263/2023/150 1254/2016/153
f 1278/2036/180 1277/2037/139 1269/2038/140 1266/2039/141
f 1267/2014/142 1266/2039/141 1269/2038/140 1268/2015/143
f 1275/2034/144 1274/2040/145 1266/2039/141 1267/2014/142
f 1268/2015/143 1269/2038/140 1281/2041/146 1280/2035/147
f 1266/2039/141 1274/2040/145 1279/2042/177 1278/2036/180
f 1269/2038/140 1277/2037/139 1282/2043/149
f 1282/2043/149 1281/2041/146 1269/2038/140
f 1281/2044/146 1272/2032/7 1280/2031/147
f 1278/2027/180 1279/2045/177 1273/2046/7 1271/2028/7
f 1270/2047/7 1276/2048/7 1282/2049/149
f 1284/2050/7 1285/2009/7 1260/2008/181 1265/2051/184
f 1368/2052/7 1291/2053/7 1290/2001/7 1367/1949/7
f 1282/2049/149 1276/2048/7 1272/2032/7 1281/2044/146
f 1271/2028/7 1270/2047/7 1282/2049/149 1277/2029/139
f 1273/2046/7 1195/1924/7 1193/1927/7 1271/2028/7
f 1259/2054/7 1284/2050/7 1265/2051/184
f 1263/2030/150 1256/2033/7 1264/2055/159
f 1256/2033/7 1259/2054/7 1265/2051/184 1264/2055/159
f 1261/2010/182 1285/2009/7 1283/2056/7 1262/2057/183
f 1279/2045/177 1262/2057/183 1283/2056/7 1273/2046/7
f 1298/2058/175 1286/2059/155 1289/2060/156 1297/2061/168
f 1287/2062/152 1288/2063/153 1289/2060/156 1286/2059/155
f 1295/2064/151 1287/2062/152 1286/2059/155 1294/2065/158
f 1288/2063/153 1300/2066/150 1301/2067/159 1289/2060/156
f 1286/2059/155 1298/2058/175 1299/2068/169 1294/2065/158
f 1289/2060/156 1302/2069/170 1297/2061/168
f 1302/2069/170 1289/2060/156 1301/2067/159
f 1294/2070/1 1308/2071/1 1309/2072/1 1295/2073/1
f 1339/2074/1 1340/2075/1 1323/2076/1 1322/2077/1
f 1302/2078/170 1296/2079/7 1290/2001/7
f 1300/2080/150 1314/2081/147 1307/2082/7 1292/2083/7
f 1293/2084/7 1299/2085/169 1298/2086/175 1291/2053/7
f 1297/2087/168 1302/2078/170 1290/2001/7 1291/2053/7
f 1299/2088/1 1313/2089/1 1308/2071/1 1294/2070/1
f 1309/2090/144 1304/2091/142 1287/2062/152 1295/2064/151
f 1305/2092/143 1314/2093/147 1300/2066/150 1288/2063/153
f 1312/2094/164 1311/2095/166 1306/2096/140 1303/2097/141
f 1304/2091/142 1303/2097/141 1306/2096/140 1305/2092/143
f 1309/2090/144 1308/2098/145 1303/2097/141 1304/2091/142
f 1305/2092/143 1306/2096/140 1315/2099/146 1314/2093/147
f 1303/2097/141 1308/2098/145 1313/2100/162 1312/2094/164
f 1306/2096/140 1311/2095/166 1316/2101/163
f 1316/2101/163 1315/2099/146 1306/2096/140
f 1313/1958/162 1484/2102/7 1483/2103/7 1327/1959/160
f 1292/2083/7 1296/2079/7 1302/2078/170 1301/2104/159
f 1380/2105/7 1382/2106/7 1251/247/7
f 1344/2107/1 1339/2074/1 1322/2077/1 1327/2108/1
f 1316/2109/163 1330/2110/161 1324/2111/7 1310/2112/7
f 1486/1944/7 1407/2113/7 1421/2114/7 1485/1945/7
f 1318/2115/152 1332/2116/142 1333/2117/143 1319/2118/153
f 1326/2119/165 1317/2120/155 1320/2121/156 1325/2122/157
f 1318/2115/152 1319/2118/153 1320/2121/156 1317/2120/155
f 1323/2123/151 1318/2115/152 1317/2120/155 1322/2124/158
f 1319/2118/153 1328/2125/150 1329/2126/159 1320/2121/156
f 1317/2120/155 1326/2119/165 1327/2127/160 1322/2124/158
f 1320/2121/156 1330/2128/161 1325/2122/157
f 1330/2128/161 1320/2121/156 1329/2126/159
f 1343/2129/180 1336/1547/7 1342/2130/139
f 1328/2131/150 1345/2132/147 1337/2133/7 1321/2134/7
f 1307/2082/7 1315/2135/146 1316/2109/163 1310/2112/7
f 1341/2136/7 1335/1546/7 1144/1688/7
f 1340/2137/144 1332/2116/142 1318/2115/152 1323/2123/151
f 1333/2117/143 1345/2138/147 1328/2125/150 1319/2118/153
f 1343/2139/180 1342/2140/139 1334/2141/140 1331/2142/141
f 1332/2116/142 1331/2142/141 1334/2141/140 1333/2117/143
f 1340/2137/144 1339/2143/145 1331/2142/141 1332/2116/142
f 1333/2117/143 1334/2141/140 1346/2144/146 1345/2138/147
f 1331/2142/141 1339/2143/145 1344/2145/148 1343/2139/180
f 1334/2141/140 1342/2140/139 1347/2146/149
f 1347/2146/149 1346/2144/146 1334/2141/140
f 1346/2147/146 1337/2133/7 1345/2132/147
f 1343/2129/180 1344/2148/148 1338/1708/7 1336/1547/7
f 1335/1546/7 1341/2136/7 1347/2149/149
f 1311/2150/166 1312/1957/164 1326/1956/165 1325/2151/157
f 1314/2081/147 1315/2135/146 1307/2082/7
f 1348/2002/7 1292/2083/7 1307/2082/7 1445/2152/7
f 117/130/2 99/9/5 540/8/4 441/263/2
f 1347/2149/149 1341/2136/7 1337/2133/7 1346/2147/146
f 1336/1547/7 1335/1546/7 1347/2149/149 1342/2130/139
f 116/281/53 114/288/12 274/254/12 442/271/49
f 1300/2080/150 1292/2083/7 1301/2104/159
f 1382/2106/7 1381/2153/7 1251/247/7
f 1297/2087/168 1291/2053/7 1298/2086/175
f 1287/2062/152 1304/2091/142 1305/2092/143 1288/2063/153
f 1482/2154/7 1481/2155/7 1045/242/7
f 1328/2131/150 1321/2134/7 1329/2156/159
f 1321/2134/7 1324/2111/7 1330/2110/161 1329/2156/159
f 1324/2111/7 1321/2134/7 1445/2152/7
f 1344/2148/148 1327/1959/160 1483/2103/7 1338/1708/7
f 1293/2084/7 1484/2102/7 1313/1958/162 1299/2085/169
f 1371/2157/1 1372/2158/1 1355/2159/1 1354/2160/1
f 1357/2161/181 1382/2106/7 1358/2162/182
f 1376/2163/1 1371/2157/1 1354/2160/1 1359/2164/1
f 1350/2165/152 1364/2166/142 1365/2167/143 1351/2168/153
f 1358/2169/182 1349/2170/155 1352/2171/156 1357/2172/181
f 1350/2165/152 1351/2168/153 1352/2171/156 1349/2170/155
f 1355/2173/151 1350/2165/152 1349/2170/155 1354/2174/158
f 1351/2168/153 1360/2175/150 1361/2176/159 1352/2171/156
f 1349/2170/155 1358/2169/182 1359/2177/183 1354/2174/158
f 1352/2171/156 1362/2178/184 1357/2172/181
f 1362/2178/184 1352/2171/156 1361/2176/159
f 1375/2179/180 1368/2052/7 1374/2180/139
f 1360/2181/150 1377/2182/147 1369/2183/7 1353/1982/7
f 1372/2184/144 1364/2166/142 1350/2165/152 1355/2173/151
f 1365/2167/143 1377/2185/147 1360/2175/150 1351/2168/153
f 1375/2186/180 1374/2187/139 1366/2188/140 1363/2189/141
f 1364/2166/142 1363/2189/141 1366/2188/140 1365/2167/143
f 1372/2184/144 1371/2190/145 1363/2189/141 1364/2166/142
f 1365/2167/143 1366/2188/140 1378/2191/146 1377/2185/147
f 1363/2189/141 1371/2190/145 1376/2192/177 1375/2186/180
f 1366/2188/140 1374/2187/139 1379/2193/149
f 1379/2193/149 1378/2191/146 1366/2188/140
f 1378/2194/146 1369/2183/7 1377/2182/147
f 1375/2179/180 1376/2195/177 1370/2196/7 1368/2052/7
f 1367/1949/7 1373/1948/7 1379/2197/149
f 1381/2153/7 1382/2106/7 1357/2161/181 1362/2198/184
f 1468/2199/7 1388/2200/7 1387/2201/7 1467/2202/7
f 1379/2197/149 1373/1948/7 1369/2183/7 1378/2194/146
f 1368/2052/7 1367/1949/7 1379/2197/149 1374/2180/139
f 1370/2196/7 1293/2084/7 1291/2053/7 1368/2052/7
f 1356/1981/7 1381/2153/7 1362/2198/184
f 1360/2181/150 1353/1982/7 1361/2203/159
f 1353/1982/7 1356/1981/7 1362/2198/184 1361/2203/159
f 1358/2162/182 1382/2106/7 1380/2105/7 1359/2204/183
f 1376/2195/177 1359/2204/183 1380/2105/7 1370/2196/7
f 1395/2205/175 1383/2206/155 1386/2207/156 1394/2208/168
f 1384/2209/152 1385/2210/153 1386/2207/156 1383/2206/155
f 1392/2211/151 1384/2209/152 1383/2206/155 1391/2212/158
f 1385/2210/153 1397/2213/150 1398/2214/159 1386/2207/156
f 1383/2206/155 1395/2205/175 1396/2215/176 1391/2212/158
f 1386/2207/156 1399/2216/170 1394/2208/168
f 1399/2216/170 1386/2207/156 1398/2214/159
f 1391/2217/1 1405/2218/1 1406/2219/1 1392/2220/1
f 1436/2221/1 1437/2222/1 1420/2223/1 1419/2224/1
f 1399/2225/170 1393/2226/7 1387/2201/7
f 1397/2227/150 1411/2228/147 1404/2229/7 1389/2230/7
f 1390/516/7 1396/2231/176 1395/2232/175 1388/2200/7
f 1394/2233/168 1399/2225/170 1387/2201/7 1388/2200/7
f 1396/2234/1 1410/2235/1 1405/2218/1 1391/2217/1
f 1406/2236/144 1401/2237/142 1384/2209/152 1392/2211/151
f 1402/2238/143 1411/2239/147 1397/2213/150 1385/2210/153
f 1409/2240/164 1408/2241/166 1403/2242/140 1400/2243/141
f 1401/2237/142 1400/2243/141 1403/2242/140 1402/2238/143
f 1406/2236/144 1405/2244/145 1400/2243/141 1401/2237/142
f 1402/2238/143 1403/2242/140 1412/2245/146 1411/2239/147
f 1400/2243/141 1405/2244/145 1410/2246/179 1409/2240/164
f 1403/2242/140 1408/2241/166 1413/2247/163
f 1413/2247/163 1412/2245/146 1403/2242/140
f 1424/2248/178 1410/2249/179 1447/1089/7
f 1389/2230/7 1393/2226/7 1399/2225/170 1398/2250/159
f 1369/2183/7 1250/349/7 1448/347/7 1353/1982/7
f 1441/2251/1 1436/2221/1 1419/2224/1 1424/2252/1
f 1413/2253/163 1427/2254/161 1421/2114/7 1407/2113/7
f 1212/1955/7 1226/1954/7 1483/2103/7 1484/2102/7
f 1415/2255/152 1429/2256/142 1430/2257/143 1416/2258/153
f 1423/2259/154 1414/2260/155 1417/2261/156 1422/2262/157
f 1415/2255/152 1416/2258/153 1417/2261/156 1414/2260/155
f 1420/2263/151 1415/2255/152 1414/2260/155 1419/2264/158
f 1416/2258/153 1425/2265/150 1426/2266/159 1417/2261/156
f 1414/2260/155 1423/2259/154 1424/2267/178 1419/2264/158
f 1417/2261/156 1427/2268/161 1422/2262/157
f 1427/2268/161 1417/2261/156 1426/2266/159
f 1440/2269/180 1433/1706/7 1439/2270/139
f 1425/2271/150 1442/2272/147 1434/2273/7 1418/2274/7
f 1404/2229/7 1412/2275/146 1413/2253/163 1407/2113/7
f 1408/2276/166 1422/2277/157 1427/2254/161 1413/2253/163
f 1437/2278/144 1429/2256/142 1415/2255/152 1420/2263/151
f 1430/2257/143 1442/2279/147 1425/2265/150 1416/2258/153
f 1440/2280/180 1439/2281/139 1431/2282/140 1428/2283/141
f 1429/2256/142 1428/2283/141 1431/2282/140 1430/2257/143
f 1437/2278/144 1436/2284/145 1428/2283/141 1429/2256/142
f 1430/2257/143 1431/2282/140 1443/2285/146 1442/2279/147
f 1428/2283/141 1436/2284/145 1441/2286/177 1440/2280/180
f 1431/2282/140 1439/2281/139 1444/2287/149
f 1444/2287/149 1443/2285/146 1431/2282/140
f 1443/2288/146 1434/2273/7 1442/2272/147
f 1440/2269/180 1441/2289/177 1435/1088/7 1433/1706/7
f 1432/1550/7 1438/2290/7 1444/2291/149
f 1408/2276/166 1409/2292/164 1423/2293/154 1422/2277/157
f 1411/2228/147 1412/2275/146 1404/2229/7
f 1481/2155/7 1283/2056/7 112/246/7 1045/242/7
f 1444/2291/149 1438/2290/7 1434/2273/7 1443/2288/146
f 1433/1706/7 1432/1550/7 1444/2291/149 1439/2270/139
f 180/248/38 189/392/71 1148/120/22 1044/119/21
f 1397/2227/150 1389/2230/7 1398/2250/159
f 1284/2050/7 1380/2105/7 1251/247/7 112/246/7
f 1394/2233/168 1388/2200/7 1395/2232/175
f 1384/2209/152 1401/2237/142 1402/2238/143 1385/2210/153
f 1296/2079/7 1292/2083/7 1348/2002/7
f 1425/2271/150 1418/2274/7 1426/2294/159
f 1418/2274/7 1421/2114/7 1427/2254/161 1426/2294/159
f 1285/2009/7 1284/2050/7 112/246/7
f 1441/2289/177 1424/2248/178 1447/1089/7 1435/1088/7
f 1390/516/7 1447/1089/7 1410/2249/179 1396/2231/176
f 1471/2295/1 1472/2296/1 1455/2297/1 1454/2298/1
f 1457/2299/181 1482/2154/7 1458/2300/182
f 1476/2301/1 1471/2295/1 1454/2298/1 1459/2302/1
f 1450/2303/152 1464/2304/142 1465/2305/143 1451/2306/153
f 1458/2307/182 1449/2308/155 1452/2309/156 1457/2310/181
f 1450/2303/152 1451/2306/153 1452/2309/156 1449/2308/155
f 1455/2311/151 1450/2303/152 1449/2308/155 1454/2312/158
f 1451/2306/153 1460/2313/150 1461/2314/159 1452/2309/156
f 1449/2308/155 1458/2307/182 1459/2315/183 1454/2312/158
f 1452/2309/156 1462/2316/184 1457/2310/181
f 1462/2316/184 1452/2309/156 1461/2314/159
f 1475/2317/180 1468/2199/7 1474/2318/139
f 1460/2319/150 1477/2320/147 1469/2321/7 1453/2322/7
f 1472/2323/144 1464/2304/142 1450/2303/152 1455/2311/151
f 1465/2305/143 1477/2324/147 1460/2313/150 1451/2306/153
f 1475/2325/180 1474/2326/139 1466/2327/140 1463/2328/141
f 1464/2304/142 1463/2328/141 1466/2327/140 1465/2305/143
f 1472/2323/144 1471/2329/145 1463/2328/141 1464/2304/142
f 1465/2305/143 1466/2327/140 1478/2330/146 1477/2324/147
f 1463/2328/141 1471/2329/145 1476/2331/177 1475/2325/180
f 1466/2327/140 1474/2326/139 1479/2332/149
f 1479/2332/149 1478/2330/146 1466/2327/140
f 1478/2333/146 1469/2321/7 1477/2320/147
f 1475/2317/180 1476/2334/177 1470/517/7 1468/2199/7
f 1467/2202/7 1473/2335/7 1479/2336/149
f 1481/2155/7 1482/2154/7 1457/2299/181 1462/2337/184
f 1195/1924/7 1273/2046/7 1467/2202/7 1387/2201/7
f 1479/2336/149 1473/2335/7 1469/2321/7 1478/2333/146
f 1468/2199/7 1467/2202/7 1479/2336/149 1474/2318/139
f 1470/517/7 1390/516/7 1388/2200/7 1468/2199/7
f 1456/2338/7 1481/2155/7 1462/2337/184
f 1460/2319/150 1453/2322/7 1461/2339/159
f 1453/2322/7 1456/2338/7 1462/2337/184 1461/2339/159
f 1458/2300/182 1482/2154/7 1480/1388/7 1459/2340/183
f 1476/2334/177 1459/2340/183 1480/1388/7 1470/517/7
f 89/244/33 1080/239/33 1045/242/7 112/246/7
f 196/399/70 193/240/36 1080/239/33 1143/243/31
f 1311/2150/166 1325/2151/157 1330/2110/161 1316/2109/163
f 1341/2136/7 1144/1688/7 1337/2133/7
f 1195/1924/7 1387/2201/7 1393/2226/7
f 1213/1997/166 1227/2000/157 1232/1953/161 1218/1952/163
f 1423/2293/154 1409/2292/164 1410/2249/179 1424/2248/178
f 1240/1549/7 1438/2290/7 1432/1550/7
f 1338/1708/7 1243/1995/7 1237/1091/7
f 1209/1922/7 1212/1955/7 1484/2102/7
f 1283/2056/7 1481/2155/7 1456/2338/7
f 1228/1999/154 1214/1998/164 1215/1943/162 1229/1946/160
f 1270/2047/7 1192/1919/7 1293/2084/7 1370/2196/7
f 1259/2054/7 1380/2105/7 1284/2050/7
f 1485/1945/7 1421/2114/7 1418/2274/7
f 1239/1978/7 1243/1995/7 1338/1708/7
f 1192/1919/7 1198/1918/7 1293/2084/7
f 1198/1918/7 1194/1923/7 1293/2084/7
f 1194/1923/7 1209/1922/7 1484/2102/7 1293/2084/7
f 1226/1954/7 1223/1979/7 1483/2103/7
f 1223/1979/7 1239/1978/7 1338/1708/7 1483/2103/7
f 1240/1549/7 1485/1945/7 1418/2274/7 1434/2273/7
f 1438/2290/7 1240/1549/7 1434/2273/7
f 1407/2113/7 1486/1944/7 1404/2229/7
f 1486/1944/7 1195/1924/7 1389/2230/7 1404/2229/7
f 1389/2230/7 1195/1924/7 1393/2226/7
f 1467/2202/7 1273/2046/7 1473/2335/7
f 1473/2335/7 1273/2046/7 1469/2321/7
f 1283/2056/7 1456/2338/7 1453/2322/7
f 1273/2046/7 1283/2056/7 1453/2322/7 1469/2321/7
f 1256/2033/7 1380/2105/7 1259/2054/7
f 1276/2048/7 1270/2047/7 1370/2196/7
f 1271/2028/7 1193/1927/7 1192/1919/7 1270/2047/7
f 1307/2082/7 1310/2112/7 1445/2152/7
f 1144/1688/7 1445/2152/7 1321/2134/7 1337/2133/7
f 1381/2153/7 1356/1981/7 1448/347/7
f 1310/2112/7 1324/2111/7 1445/2152/7
f 1283/2056/7 1285/2009/7 112/246/7
f 1373/1948/7 1250/349/7 1369/2183/7
f 1290/2001/7 1296/2079/7 1348/2002/7
f 1381/2153/7 1448/347/7 1446/133/7 1251/247/7
f 1480/1388/7 1482/2154/7 1045/242/7
f 214/473/1 1493/502/1 1492/257/1 235/492/1
f 253/499/41 1488/260/41 1494/507/40 272/500/40
f 214/473/1 236/472/88 1489/481/88 1493/502/1
f 215/493/52 1487/478/52 1489/481/88 236/472/88
f 272/437/40 1494/449/40 1491/452/45 245/438/87
f 237/434/51 1490/446/89 1487/448/52 215/435/52
f 235/492/1 1492/257/1 1488/260/41 253/499/41
f 130/293/1 101/291/1 132/292/1 98/294/1
f 1500/2341/2 1495/150/2 1496/149/2 1501/2342/2
f 64/162/2 1497/2343/2 1498/2344/2 65/160/2
f 65/186/1 1498/2345/1 1499/2346/1 840/187/1
f 1497/2343/2 1500/2341/2 1501/2342/2 1498/2344/2
f 1498/2345/1 1501/227/1 1502/230/1 1499/2346/1
f 333/598/2 633/633/2 632/981/2 332/621/2
f 114/288/12 46/63/14 944/62/13 274/254/12
f 178/375/58 477/123/15 544/126/18 175/268/47
f 172/255/42 944/62/13 477/65/15 178/370/58
f 107/2347/1 943/1490/1 1149/1524/1 31/1/1
f 1149/1524/1 1146/2/1 31/1/1
f 2/2348/9 7/2349/9 1507/359/9 1505/358/9
f 8/2350/7 1506/350/7 1507/351/7 7/2351/7
f 111/360/7 1504/325/7 1503/314/7 106/354/7
f 106/354/7 1503/314/7 1505/317/7 110/355/7
f 7/2351/7 1508/361/7 1509/362/7 8/2350/7
f 2/316/7 137/315/7 1511/322/7 1510/356/7
f 7/2349/9 2/2348/9 1510/353/9 1508/352/9
f 134/16/7 1511/322/7 1512/324/7 107/357/7
f 1512/2352/1 133/1552/1 943/1490/1 107/2347/1
f 3/2353/1 1144/1688/1 1145/1705/1
f 1504/2354/1 1348/2002/1 1445/2152/1
f 111/348/1 1250/349/1 1348/2002/1 1504/2354/1
f 3/2353/1 1504/2354/1 1445/2152/1
f 1144/1688/1 3/2353/1 1445/2152/1
f 1512/2352/1 3/2353/1 1145/1705/1
f 133/1552/1 1512/2352/1 1145/1705/1
f 964/1598/7 970/1600/7 1067/1751/7
f 970/1600/7 966/1583/7 1067/1751/7
f 1272/2032/7 1276/2048/7 1370/2196/7
f 1256/2033/7 1272/2032/7 1370/2196/7 1380/2105/7
f 665/1140/2 671/1142/2 765/1289/2
f 671/1142/2 667/1125/2 765/1289/2
f 369/683/2 363/682/2 464/836/2
f 365/667/2 369/683/2 464/836/2
f 1531/2355/185 1540/2356/186 1547/2357/187 1538/2358/188
f 1574/2359/189 1590/2360/190 1548/2361/191 1542/2362/192
f 1582/2363/193 1575/2364/194 1541/2365/195 1530/2366/196
f 1573/2367/197 1591/2368/198 1592/2369/199 1576/2370/200
f 1525/2371/201 1517/2372/186 1550/2373/187 1514/2374/202
f 1564/2375/189 1570/2376/190 1551/2377/203 1516/2378/192
f 1524/2379/196 1555/2380/204 1565/2381/205 1518/2382/195
f 1573/2367/197 1581/2383/206 1587/2384/207 1591/2368/198
f 1554/2385/208 1560/2386/209 1571/2387/198 1563/2388/210
f 1588/2389/211 1580/2390/212 1532/2391/213 1537/2392/214
f 1516/2378/192 1519/2393/215 1520/2394/216 1522/2395/217
f 1517/2372/186 1521/2396/218 1520/2397/216 1519/2398/215
f 1518/2382/195 1522/2399/217 1520/2400/216 1521/2401/218
f 1523/2402/219 1526/2403/220 1527/2404/221 1529/2405/222
f 1524/2379/196 1528/2406/223 1527/2407/221 1526/2408/220
f 1525/2371/201 1529/2409/222 1527/2410/221 1528/2411/223
f 1530/2366/196 1533/2412/224 1534/2413/225 1536/2414/226
f 1531/2355/185 1535/2415/227 1534/2416/225 1533/2417/224
f 1532/2391/213 1536/2418/226 1534/2419/225 1535/2420/227
f 1540/2356/186 1543/2421/218 1544/2422/216 1546/2423/215
f 1541/2365/195 1545/2424/217 1544/2425/216 1543/2426/218
f 1542/2362/192 1546/2427/215 1544/2428/216 1545/2429/217
f 1554/2385/208 1558/2430/228 1557/2431/229 1556/2432/230
f 1555/2380/204 1559/2433/231 1557/2434/229 1558/2435/228
f 1563/2388/210 1566/2436/200 1567/2437/232 1569/2438/233
f 1559/2439/231 1553/2440/234 1556/2441/230 1557/2442/229
f 1565/2381/205 1569/2443/233 1567/2444/232 1568/2445/235
f 1573/2367/197 1576/2370/200 1577/2446/232 1579/2447/236
f 1574/2359/189 1578/2448/235 1577/2449/232 1576/2450/200
f 1575/2364/194 1579/2451/236 1577/2452/232 1578/2453/235
f 1580/2390/212 1583/2454/237 1584/2455/238 1586/2456/239
f 1581/2383/206 1585/2457/240 1584/2458/238 1583/2459/237
f 1582/2363/193 1586/2460/239 1584/2461/238 1585/2462/240
f 1582/2363/193 1530/2366/196 1536/2414/226 1586/2460/239
f 1586/2456/239 1536/2418/226 1532/2391/213 1580/2390/212
f 1575/2364/194 1582/2363/193 1585/2462/240 1579/2451/236
f 1579/2447/236 1585/2457/240 1581/2383/206 1573/2367/197
f 1530/2366/196 1541/2365/195 1543/2426/218 1533/2412/224
f 1533/2417/224 1543/2421/218 1540/2356/186 1531/2355/185
f 1574/2359/189 1542/2362/192 1545/2429/217 1578/2448/235
f 1578/2453/235 1545/2424/217 1541/2365/195 1575/2364/194
f 1587/2384/207 1581/2383/206 1583/2459/237 1589/2463/241
f 1589/2464/241 1583/2454/237 1580/2390/212 1588/2389/211
f 1531/2355/185 1538/2358/188 1539/2465/242 1535/2415/227
f 1535/2420/227 1539/2466/242 1537/2392/214 1532/2391/213
f 1542/2362/192 1548/2361/191 1549/2467/243 1546/2427/215
f 1546/2423/215 1549/2468/243 1547/2357/187 1540/2356/186
f 1576/2450/200 1592/2469/199 1590/2360/190 1574/2359/189
f 1516/2378/192 1551/2377/203 1552/2470/243 1519/2393/215
f 1523/2402/219 1553/2440/234 1559/2439/231 1526/2403/220
f 1526/2408/220 1559/2433/231 1555/2380/204 1524/2379/196
f 1554/2385/208 1563/2388/210 1569/2438/233 1558/2430/228
f 1558/2435/228 1569/2443/233 1565/2381/205 1555/2380/204
f 1518/2382/195 1565/2381/205 1568/2445/235 1522/2399/217
f 1522/2395/217 1568/2471/235 1564/2375/189 1516/2378/192
f 1553/2440/234 1561/2472/244 1562/2473/245 1556/2441/230
f 1556/2432/230 1562/2474/245 1560/2386/209 1554/2385/208
f 1563/2388/210 1571/2387/198 1572/2475/199 1566/2436/200
f 1566/2476/200 1572/2477/199 1570/2376/190 1564/2375/189
f 1517/2372/186 1525/2371/201 1528/2411/223 1521/2396/218
f 1521/2401/218 1528/2406/223 1524/2379/196 1518/2382/195
f 1519/2398/215 1552/2478/243 1550/2373/187 1517/2372/186
f 1553/2440/234 1523/2402/219 1513/2479/246 1561/2472/244
f 1513/2479/246 1523/2402/219 1529/2405/222 1515/2480/247
f 1515/2481/247 1529/2409/222 1525/2371/201 1514/2374/202
f 1566/2476/200 1564/2375/189 1568/2471/235 1567/2482/232
s 0
f 1593/2483/248 1594/2484/248 1596/2485/248 1595/2486/248
f 1595/2487/249 1596/2488/249 1598/2489/249 1597/2490/249
f 1597/2491/250 1598/2492/250 1600/2493/250 1599/2494/250
f 1599/2495/251 1600/2496/251 1602/2497/251 1601/2498/251
f 1601/2499/252 1602/2500/252 1604/2501/252 1603/2502/252
f 1603/2503/253 1604/2504/253 1594/2505/253 1593/2506/253
f 1593/2507/1 1595/2508/1 1597/2509/1 1599/2510/1
f 1603/2511/1 1593/2507/1 1599/2510/1 1601/2512/1
f 1605/2513/254 1607/2514/254 1608/2515/254 1606/2516/254
f 1607/2517/255 1609/2518/255 1610/2519/255 1608/2520/255
f 1609/2521/256 1611/2522/256 1612/2523/256 1610/2524/256
f 1611/2525/257 1613/2526/257 1614/2527/257 1612/2528/257
f 1613/2529/258 1615/2530/258 1616/2531/258 1614/2532/258
f 1615/2533/259 1605/2534/259 1606/2535/259 1616/2536/259
f 1605/2537/1 1611/2538/1 1609/2539/1 1607/2540/1
f 1615/2541/1 1613/2542/1 1611/2538/1 1605/2537/1
f 1617/2543/260 1618/2544/260 1620/2545/260 1619/2546/260
f 1619/2547/9 1620/2548/9 1622/2549/9 1621/2550/9
f 1621/2551/261 1622/2552/261 1624/2553/261 1623/2554/261
f 1623/2555/262 1624/2556/262 1626/2557/262 1625/2558/262
f 1625/2559/1 1626/2560/1 1628/2561/1 1627/2562/1
f 1627/2563/263 1628/2564/263 1618/2565/263 1617/2566/263
f 1617/2567/21 1619/2568/21 1621/2569/21 1623/2570/21
f 1629/2571/264 1630/2572/264 1632/2573/264 1631/2574/264
f 1631/2575/265 1632/2576/265 1634/2577/265 1633/2578/265
f 1633/2579/266 1634/2580/266 1636/2581/266 1635/2582/266
f 1635/2583/267 1636/2584/267 1638/2585/267 1637/2586/267
f 1637/2587/268 1638/2588/268 1640/2589/268 1639/2590/268
f 1639/2591/269 1640/2592/269 1630/2593/269 1629/2594/269
f 1639/2595/21 1633/2596/21 1635/2597/21 1637/2598/21
f 1641/2599/270 1642/2600/270 1644/2601/270 1643/2602/270
f 1643/2603/271 1644/2604/271 1646/2605/271 1645/2606/271
f 1645/2607/272 1646/2608/272 1648/2609/272 1647/2610/272
f 1647/2611/273 1648/2612/273 1650/2613/273 1649/2614/273
f 1649/2615/274 1650/2616/274 1652/2617/274 1651/2618/274
f 1651/2619/275 1652/2620/275 1642/2621/275 1641/2622/275
f 1641/2623/21 1643/2624/21 1645/2625/21 1647/2626/21
f 1627/2627/21 1617/2567/21 1623/2570/21 1625/2628/21
f 1629/2629/21 1631/2630/21 1633/2596/21 1639/2595/21
f 1651/2631/21 1641/2623/21 1647/2626/21 1649/2632/21
f 1653/2633/260 1655/2634/260 1656/2635/260 1654/2636/260
f 1655/2637/9 1657/2638/9 1658/2639/9 1656/2640/9
f 1657/2641/261 1659/2642/261 1660/2643/261 1658/2644/261
f 1659/2645/262 1661/2646/262 1662/2647/262 1660/2648/262
f 1661/2649/1 1663/2650/1 1664/2651/1 1662/2652/1
f 1663/2653/263 1653/2654/263 1654/2655/263 1664/2656/263
f 1653/2657/12 1659/2658/12 1657/2659/12 1655/2660/12
f 1665/2661/264 1667/2662/264 1668/2663/264 1666/2664/264
f 1667/2665/265 1669/2666/265 1670/2667/265 1668/2668/265
f 1669/2669/266 1671/2670/266 1672/2671/266 1670/2672/266
f 1671/2673/267 1673/2674/267 1674/2675/267 1672/2676/267
f 1673/2677/268 1675/2678/268 1676/2679/268 1674/2680/268
f 1675/2681/269 1665/2682/269 1666/2683/269 1676/2684/269
f 1675/2685/12 1673/2686/12 1671/2687/12 1669/2688/12
f 1677/2689/270 1679/2690/270 1680/2691/270 1678/2692/270
f 1679/2693/271 1681/2694/271 1682/2695/271 1680/2696/271
f 1681/2697/272 1683/2698/272 1684/2699/272 1682/2700/272
f 1683/2701/273 1685/2702/273 1686/2703/273 1684/2704/273
f 1685/2705/274 1687/2706/274 1688/2707/274 1686/2708/274
f 1687/2709/275 1677/2710/275 1678/2711/275 1688/2712/275
f 1677/2713/12 1683/2714/12 1681/2715/12 1679/2716/12
f 1663/2717/12 1661/2718/12 1659/2658/12 1653/2657/12
f 1665/2719/12 1675/2685/12 1669/2688/12 1667/2720/12
f 1687/2721/12 1685/2722/12 1683/2714/12 1677/2713/12
s 1
f 1690/2723/9 1711/2724/276 1700/2725/277 1706/2726/278
f 1690/2723/9 1706/2726/278 1725/2727/279 1732/2728/280
f 1709/2729/281 1705/2730/282 1699/2731/283 1719/2732/284
f 1694/2733/1 1734/2734/285 1739/2735/286 1693/2736/1
f 1697/2737/1 1696/2738/1 1755/2739/287 1772/2740/288
f 1689/2741/1 1718/2742/289 1715/2743/290 1692/2744/1
f 1693/2736/1 1739/2735/286 1708/2745/291 1691/2746/1
f 1709/2729/281 1738/2747/292 1726/2748/293 1705/2730/282
f 1690/2723/9 1732/2728/280 1766/2749/294 1751/2750/295
f 1690/2723/9 1751/2750/295 1745/2751/296 1711/2724/276
f 1695/2752/1 1759/2753/297 1755/2739/287 1696/2738/1
f 1754/2754/298 1752/2755/299 1765/2756/300 1773/2757/301
f 1757/2758/302 1714/2759/303 1712/2760/304 1744/2761/305
f 1694/2733/1 1697/2737/1 1772/2740/288 1734/2734/285
f 1737/2762/306 1735/2763/307 1731/2764/308 1724/2765/309
f 1692/2744/1 1715/2743/290 1759/2753/297 1695/2752/1
f 1771/2766/310 1764/2767/311 1731/2764/308 1735/2763/307
f 1754/2754/298 1758/2768/312 1746/2769/313 1752/2755/299
f 1698/2770/314 1701/2771/315 1702/2772/316 1704/2773/317
f 1699/2731/283 1703/2774/318 1702/2775/316 1701/2776/315
f 1700/2725/277 1704/2777/317 1702/2778/316 1703/2779/318
f 1717/2780/319 1720/2781/320 1721/2782/321 1723/2783/322
f 1718/2742/289 1722/2784/323 1721/2785/321 1720/2786/320
f 1719/2732/284 1723/2787/322 1721/2788/321 1722/2789/323
f 1724/2765/309 1727/2790/324 1728/2791/325 1730/2792/326
f 1725/2727/279 1729/2793/327 1728/2794/325 1727/2795/324
f 1726/2748/293 1730/2796/326 1728/2797/325 1729/2798/327
f 1737/2762/306 1740/2799/328 1741/2800/329 1743/2801/330
f 1738/2747/292 1742/2802/331 1741/2803/329 1740/2804/328
f 1739/2735/286 1743/2805/330 1741/2806/329 1742/2807/331
f 1744/2761/305 1747/2808/332 1748/2809/333 1750/2810/334
f 1745/2751/296 1749/2811/335 1748/2812/333 1747/2813/332
f 1746/2769/313 1750/2814/334 1748/2815/333 1749/2816/335
f 1757/2758/302 1760/2817/336 1761/2818/337 1763/2819/338
f 1758/2768/312 1762/2820/339 1761/2821/337 1760/2822/336
f 1759/2753/297 1763/2823/338 1761/2824/337 1762/2825/339
f 1764/2767/311 1767/2826/340 1768/2827/341 1770/2828/342
f 1765/2756/300 1769/2829/343 1768/2830/341 1767/2831/340
f 1766/2749/294 1770/2832/342 1768/2833/341 1769/2834/343
f 1771/2766/310 1774/2835/344 1775/2836/345 1777/2837/346
f 1772/2740/288 1776/2838/347 1775/2839/345 1774/2840/344
f 1773/2757/301 1777/2841/346 1775/2842/345 1776/2843/347
f 1719/2732/284 1699/2731/283 1701/2776/315 1723/2787/322
f 1723/2783/322 1701/2771/315 1698/2770/314 1717/2780/319
f 1706/2726/278 1700/2725/277 1703/2779/318 1707/2844/348
f 1707/2845/348 1703/2774/318 1699/2731/283 1705/2730/282
f 1709/2729/281 1719/2732/284 1722/2789/323 1710/2846/349
f 1710/2847/349 1722/2784/323 1718/2742/289 1708/2745/291
f 1700/2725/277 1711/2724/276 1713/2848/350 1704/2777/317
f 1704/2773/317 1713/2849/350 1712/2760/304 1698/2770/314
f 1717/2780/319 1714/2759/303 1716/2850/351 1720/2781/320
f 1720/2786/320 1716/2851/351 1715/2743/290 1718/2742/289
f 1737/2762/306 1724/2765/309 1730/2792/326 1740/2799/328
f 1740/2804/328 1730/2796/326 1726/2748/293 1738/2747/292
f 1705/2730/282 1726/2748/293 1729/2798/327 1707/2845/348
f 1707/2844/348 1729/2793/327 1725/2727/279 1706/2726/278
f 1708/2745/291 1739/2735/286 1742/2807/331 1710/2847/349
f 1710/2846/349 1742/2802/331 1738/2747/292 1709/2729/281
f 1724/2765/309 1731/2764/308 1733/2852/352 1727/2790/324
f 1727/2795/324 1733/2853/352 1732/2728/280 1725/2727/279
f 1739/2735/286 1734/2734/285 1736/2854/353 1743/2805/330
f 1743/2801/330 1736/2855/353 1735/2763/307 1737/2762/306
f 1757/2758/302 1744/2761/305 1750/2810/334 1760/2817/336
f 1760/2822/336 1750/2814/334 1746/2769/313 1758/2768/312
f 1752/2755/299 1746/2769/313 1749/2816/335 1753/2856/354
f 1753/2857/354 1749/2811/335 1745/2751/296 1751/2750/295
f 1755/2739/287 1759/2753/297 1762/2825/339 1756/2858/355
f 1756/2859/355 1762/2820/339 1758/2768/312 1754/2754/298
f 1744/2761/305 1712/2760/304 1713/2849/350 1747/2808/332
f 1747/2813/332 1713/2848/350 1711/2724/276 1745/2751/296
f 1759/2753/297 1715/2743/290 1716/2851/351 1763/2823/338
f 1763/2819/338 1716/2850/351 1714/2759/303 1757/2758/302
f 1773/2757/301 1765/2756/300 1767/2831/340 1777/2841/346
f 1777/2837/346 1767/2826/340 1764/2767/311 1771/2766/310
f 1751/2750/295 1766/2749/294 1769/2834/343 1753/2857/354
f 1753/2856/354 1769/2829/343 1765/2756/300 1752/2755/299
f 1754/2754/298 1773/2757/301 1776/2843/347 1756/2859/355
f 1756/2858/355 1776/2838/347 1772/2740/288 1755/2739/287
f 1766/2749/294 1732/2728/280 1733/2853/352 1770/2832/342
f 1770/2828/342 1733/2852/352 1731/2764/308 1764/2767/311
f 1771/2766/310 1735/2763/307 1736/2855/353 1774/2835/344
f 1774/2840/344 1736/2854/353 1734/2734/285 1772/2740/288
f 1717/2780/319 1698/2770/314 1712/2760/304 1714/2759/303
f 1691/2746/1 1708/2745/291 1718/2742/289 1689/2741/1
f 1793/2860/2 1786/2861/2 1779/2862/2 1792/2863/2
f 1826/2864/9 1811/2865/9 1804/2866/9
f 1831/2867/12 1789/2868/12 1793/2869/12
f 1832/2870/1 1798/2871/1 1788/2872/1 1829/2873/1
f 1830/2874/1 1822/2875/1 1824/2876/1
f 1795/2877/356 1782/2878/21 1779/2879/21
f 1794/2880/1 1802/2881/1 1807/2882/1
f 1788/2883/21 1786/2884/21 1814/2885/357 1816/2886/357
f 1792/2887/12 1808/2888/358 1810/2889/358 1783/2890/12
f 1802/2891/359 1804/2892/359 1811/2893/360 1807/2894/360
f 1830/2874/1 1816/2895/1 1818/2896/1
f 1786/2884/21 1788/2883/21 1798/2897/361
f 1833/2898/9 1820/2899/9 1813/2900/9
f 1793/2901/12 1789/2902/12 1823/2903/358 1819/2904/358
f 1813/2905/359 1820/2906/360 1822/2907/360 1817/2908/359
f 1831/2867/12 1784/2909/12 1787/2910/12
f 1780/2911/12 1790/2912/12 1783/2913/12
f 1812/2914/9 1811/2865/9 1826/2864/9
f 1798/2897/361 1800/2915/31 1797/2916/31 1795/2877/356
f 1778/2917/12 1785/2918/12 1793/2869/12 1792/2919/12
f 1810/2920/9 1812/2914/9 1826/2864/9
f 1826/2864/9 1804/2866/9 1806/2921/9
f 1796/2922/362 1799/2923/363 1787/2924/7 1791/2925/7
f 1795/2877/356 1779/2879/21 1786/2884/21 1798/2897/361
f 1823/2926/1 1830/2874/1 1824/2876/1
f 1827/2927/9 1796/2928/9 1791/2929/9 1828/2930/9
f 1801/2931/357 1805/2932/357 1806/2933/24 1803/2934/24
f 1803/2934/24 1806/2933/24 1804/2892/359 1802/2891/359
f 1807/2894/360 1811/2893/360 1812/2935/6 1809/2936/6
f 1809/2936/6 1812/2935/6 1810/2889/358 1808/2888/358
f 1813/2905/359 1817/2908/359 1818/2937/24 1815/2938/24
f 1815/2938/24 1818/2937/24 1816/2886/357 1814/2885/357
f 1819/2904/358 1823/2903/358 1824/2939/6 1821/2940/6
f 1821/2940/6 1824/2939/6 1822/2907/360 1820/2906/360
f 1782/2878/21 1805/2932/357 1801/2931/357 1779/2879/21
f 1825/2941/9 1826/2864/9 1805/2942/9 1782/2943/9
f 1783/2944/9 1810/2920/9 1826/2864/9 1825/2941/9
f 1797/2945/9 1796/2928/9 1827/2927/9
f 1781/2946/12 1780/2911/12 1783/2913/12 1828/2947/12
f 1790/2912/12 1778/2917/12 1792/2919/12 1783/2913/12
f 1805/2942/9 1826/2864/9 1806/2921/9
f 1792/2863/1 1794/2880/1 1808/2948/1
f 1808/2948/1 1794/2880/1 1809/2949/1
f 1794/2880/1 1807/2882/1 1809/2949/1
f 1779/2862/1 1801/2950/1 1794/2880/1
f 1792/2863/1 1779/2862/1 1794/2880/1
f 1803/2951/1 1802/2881/1 1794/2880/1
f 1801/2950/1 1803/2951/1 1794/2880/1
f 1825/2941/9 1827/2927/9 1828/2930/9 1783/2944/9
f 1782/2943/9 1795/2952/9 1827/2927/9 1825/2941/9
f 1791/2953/12 1781/2946/12 1828/2947/12
f 1795/2952/9 1797/2945/9 1827/2927/9
f 1829/2873/1 1788/2872/1 1816/2895/1 1830/2874/1
f 1789/2954/1 1829/2873/1 1830/2874/1 1823/2926/1
f 1784/2909/12 1781/2946/12 1791/2953/12 1787/2910/12
f 1800/2955/1 1798/2871/1 1832/2870/1
f 1784/2909/12 1831/2867/12 1793/2869/12 1785/2918/12
f 1831/2956/1 1832/2870/1 1829/2873/1 1789/2954/1
f 1787/2957/1 1799/2958/1 1832/2870/1 1831/2956/1
f 1799/2958/1 1800/2955/1 1832/2870/1
f 1797/2959/31 1800/2960/31 1799/2923/363 1796/2922/362
f 1822/2875/1 1830/2874/1 1817/2961/1
f 1817/2961/1 1830/2874/1 1818/2896/1
f 1793/2962/9 1819/2963/9 1833/2898/9
f 1786/2964/9 1793/2962/9 1833/2898/9
f 1833/2898/9 1819/2963/9 1821/2965/9
f 1814/2966/9 1786/2964/9 1833/2898/9
f 1814/2966/9 1833/2898/9 1815/2967/9
f 1815/2967/9 1833/2898/9 1813/2900/9
f 1820/2899/9 1833/2898/9 1821/2965/9
f 1849/2968/2 1848/2969/2 1835/2970/2 1842/2971/2
f 1882/2972/9 1860/2973/9 1867/2974/9
f 1887/2975/21 1849/2976/21 1845/2977/21
f 1888/2978/1 1885/2979/1 1844/2980/1 1854/2981/1
f 1886/2982/1 1880/2983/1 1878/2984/1
f 1851/2985/364 1835/2986/12 1838/2987/12
f 1850/2988/1 1863/2989/1 1858/2990/1
f 1844/2991/12 1872/2992/358 1870/2993/358 1842/2994/12
f 1848/2995/21 1839/2996/21 1866/2997/357 1864/2998/357
f 1858/2999/360 1863/3000/359 1867/3001/359 1860/3002/360
f 1886/2982/1 1874/3003/1 1872/3004/1
f 1842/2994/12 1854/3005/365 1844/2991/12
f 1889/3006/9 1869/3007/9 1876/3008/9
f 1849/3009/21 1875/3010/357 1879/3011/357 1845/3012/21
f 1869/3013/360 1873/3014/360 1878/3015/359 1876/3016/359
f 1887/2975/21 1843/3017/21 1840/3018/21
f 1836/3019/21 1839/3020/21 1846/3021/21
f 1868/3022/9 1882/2972/9 1867/2974/9
f 1854/3005/365 1851/2985/364 1853/3023/15 1856/3024/15
f 1834/3025/21 1848/3026/21 1849/2976/21 1841/3027/21
f 1866/3028/9 1882/2972/9 1868/3022/9
f 1882/2972/9 1862/3029/9 1860/2973/9
f 1852/3030/366 1847/3031/7 1843/3032/7 1855/3033/367
f 1851/2985/364 1854/3005/365 1842/2994/12 1835/2986/12
f 1879/3034/1 1880/2983/1 1886/2982/1
f 1883/3035/9 1884/3036/9 1847/3037/9 1852/3038/9
f 1857/3039/358 1859/3040/6 1862/3041/6 1861/3042/358
f 1859/3040/6 1858/2999/360 1860/3002/360 1862/3041/6
f 1863/3000/359 1865/3043/24 1868/3044/24 1867/3001/359
f 1865/3043/24 1864/2998/357 1866/2997/357 1868/3044/24
f 1869/3013/360 1871/3045/6 1874/3046/6 1873/3014/360
f 1871/3045/6 1870/2993/358 1872/2992/358 1874/3046/6
f 1875/3010/357 1877/3047/24 1880/3048/24 1879/3011/357
f 1877/3047/24 1876/3016/359 1878/3015/359 1880/3048/24
f 1838/2987/12 1835/2986/12 1857/3039/358 1861/3042/358
f 1881/3049/9 1838/3050/9 1861/3051/9 1882/2972/9
f 1839/3052/9 1881/3049/9 1882/2972/9 1866/3028/9
f 1853/3053/9 1883/3035/9 1852/3038/9
f 1837/3054/21 1884/3055/21 1839/3020/21 1836/3019/21
f 1846/3021/21 1839/3020/21 1848/3026/21 1834/3025/21
f 1861/3051/9 1862/3029/9 1882/2972/9
f 1848/2969/1 1864/3056/1 1850/2988/1
f 1864/3056/1 1865/3057/1 1850/2988/1
f 1850/2988/1 1865/3057/1 1863/2989/1
f 1835/2970/1 1850/2988/1 1857/3058/1
f 1848/2969/1 1850/2988/1 1835/2970/1
f 1859/3059/1 1850/2988/1 1858/2990/1
f 1857/3058/1 1850/2988/1 1859/3059/1
f 1881/3049/9 1839/3052/9 1884/3036/9 1883/3035/9
f 1838/3050/9 1881/3049/9 1883/3035/9 1851/3060/9
f 1847/3061/21 1884/3055/21 1837/3054/21
f 1851/3060/9 1883/3035/9 1853/3053/9
f 1885/2979/1 1886/2982/1 1872/3004/1 1844/2980/1
f 1845/3062/1 1879/3034/1 1886/2982/1 1885/2979/1
f 1840/3018/21 1843/3017/21 1847/3061/21 1837/3054/21
f 1856/3063/1 1888/2978/1 1854/2981/1
f 1840/3018/21 1841/3027/21 1849/2976/21 1887/2975/21
f 1887/3064/1 1845/3062/1 1885/2979/1 1888/2978/1
f 1843/3065/1 1887/3064/1 1888/2978/1 1855/3066/1
f 1855/3066/1 1888/2978/1 1856/3063/1
f 1853/3067/15 1852/3030/366 1855/3033/367 1856/3068/15
f 1878/2984/1 1873/3069/1 1886/2982/1
f 1873/3069/1 1874/3003/1 1886/2982/1
f 1849/3070/9 1889/3006/9 1875/3071/9
f 1842/3072/9 1889/3006/9 1849/3070/9
f 1889/3006/9 1877/3073/9 1875/3071/9
f 1870/3074/9 1889/3006/9 1842/3072/9
f 1870/3074/9 1871/3075/9 1889/3006/9
f 1871/3075/9 1869/3007/9 1889/3006/9
f 1876/3008/9 1877/3073/9 1889/3006/9
f 1890/3076/12 1907/3077/12 1906/3078/368 1891/3079/368
f 1891/3079/368 1906/3078/368 1908/3080/369 1893/3081/369
f 1893/3081/369 1908/3080/369 1909/3082/370 1900/3083/370
f 1900/3083/370 1909/3082/370 1910/3084/371 1896/3085/371
f 1896/3085/371 1910/3084/371 1911/3086/372 1898/3087/372
f 1898/3087/372 1911/3086/372 1912/3088/21 1899/3089/21
f 1899/3089/21 1912/3088/21 1914/3090/373 1901/3091/373
f 1901/3091/373 1914/3090/373 1913/3092/374 1902/3093/374
f 1902/3093/374 1913/3092/374 1915/3094/375 1905/3095/375
f 1905/3096/375 1915/3097/375 1916/3098/376 1903/3099/376
f 1903/3099/376 1916/3098/376 1917/3100/377 1904/3101/377
f 1904/3101/377 1917/3100/377 1907/3077/12 1890/3076/12
f 1957/3102/378 1968/3103/379 1930/3104/380
f 1892/3105/2 1894/3106/2 1908/3107/2 1906/3108/2
f 1894/3106/2 1895/3109/2 1909/3110/2 1908/3107/2
f 1895/3109/2 1897/3111/2 1910/3112/2 1909/3110/2
f 1897/3111/2 1918/3113/2 1911/3114/2 1910/3112/2
f 1953/3115/381 1930/3116/380 1966/3117/382 1964/3118/383
f 1918/3113/2 1897/3111/2 1954/3119/2
f 1894/3106/2 1892/3105/2 1952/3120/2
f 1963/3121/2 1965/3122/2 1915/3123/2 1913/3124/2
f 1969/3125/2 1956/3126/2 1907/3127/2 1917/3128/2
f 1945/3129/384 1943/3130/385 1941/3131/385 1942/3132/384
f 1967/3133/2 1969/3134/2 1917/3135/2 1916/3136/2
f 1951/3137/386 1949/3138/387 1947/3139/387 1948/3140/386
f 1952/3120/388 1892/3105/389 1925/3141/390
f 1930/3104/380 1925/3142/391 1957/3102/378
f 1936/3143/392 1920/3144/393 1921/3145/393 1937/3146/392
f 1924/3147/394 1928/3148/394 1929/3149/395 1926/3150/395
f 1925/3142/391 1930/3104/380 1932/3151/12 1926/3152/12
f 1941/3153/12 1924/3154/12 1931/3155/12 1946/3156/12
f 1926/3152/12 1932/3151/12 1931/3155/12 1924/3154/12
f 1928/3157/21 1933/3158/21 1935/3159/21 1929/3160/21
f 1955/3161/396 1934/3162/397 1935/3163/398
f 1953/3115/381 1955/3161/396 1935/3163/398 1932/3164/398
f 1929/3160/21 1935/3159/21 1934/3165/397 1927/3166/399
f 1937/3167/400 1921/3168/401 1923/3169/401 1939/3170/400
f 1920/3171/402 1936/3172/403 1938/3173/404 1922/3174/402
f 1944/3175/21 1937/3167/400 1939/3170/400 1949/3176/21
f 1944/3177/405 1940/3178/405 1936/3143/392 1937/3146/392
f 1940/3178/405 1944/3177/405 1945/3129/384 1942/3132/384
f 1941/3153/12 1946/3156/12 1948/3179/12 1942/3180/12
f 1942/3180/12 1948/3179/12 1947/3181/12 1940/3182/12
f 1944/3175/21 1949/3176/21 1951/3183/21 1945/3184/21
f 1935/3163/398 1933/3185/406 1931/3186/406 1932/3164/398
f 1946/3187/407 1950/3188/408 1951/3137/386 1948/3140/386
f 1945/3184/21 1951/3183/21 1950/3189/21 1943/3190/21
f 1936/3172/403 1940/3182/12 1947/3181/12 1938/3173/404
f 1928/3157/21 1943/3190/21 1950/3189/21 1933/3158/21
f 1961/3191/409 1958/3192/410 1934/3165/397
f 1954/3119/388 1919/3193/388 1927/3194/390
f 1965/3122/2 1967/3133/2 1916/3136/2 1915/3123/2
f 1929/3149/395 1927/3194/390 1925/3141/390 1926/3150/395
f 1922/3195/411 1938/3196/412 1939/3197/412 1923/3198/411
f 1946/3187/407 1931/3186/406 1933/3185/406 1950/3188/408
f 1953/3115/381 1964/3118/383 1955/3161/396
f 1924/3147/394 1941/3131/385 1943/3130/385 1928/3148/394
f 1919/3193/388 1925/3141/390 1927/3194/390
f 1952/3120/388 1925/3141/390 1919/3193/388
f 1960/3199/2 1963/3121/2 1913/3124/2 1914/3200/2
f 1959/3201/2 1960/3202/2 1914/3203/2 1912/3204/2
f 1956/3126/413 1957/3102/378 1892/3205/414
f 1895/3109/2 1894/3106/2 1952/3120/2 1919/3193/2
f 1897/3111/2 1895/3109/2 1919/3193/2 1954/3119/2
f 1963/3121/415 1960/3199/416 1961/3206/409 1962/3207/417
f 1965/3122/418 1963/3121/415 1962/3207/417 1964/3118/383
f 1967/3133/419 1965/3122/418 1964/3118/383 1966/3117/382
f 1969/3134/420 1967/3133/419 1966/3117/382 1968/3208/379
f 1960/3202/416 1959/3201/421 1958/3192/410 1961/3191/409
f 1956/3126/413 1969/3125/420 1968/3103/379 1957/3102/378
f 1958/3192/410 1959/3201/421 1918/3209/422
f 1925/3142/391 1892/3205/414 1957/3102/378
f 1907/3127/2 1956/3126/2 1892/3205/2 1906/3210/2
f 1911/3211/2 1918/3209/2 1959/3201/2 1912/3204/2
f 1918/3209/422 1927/3166/399 1958/3192/410
f 1918/3113/388 1954/3119/388 1927/3194/390
f 1927/3166/399 1934/3165/397 1958/3192/410
f 1961/3206/409 1934/3162/397 1962/3207/417
f 1968/3208/379 1966/3117/382 1930/3116/380
f 1939/3197/412 1938/3196/412 1947/3139/387 1949/3138/387
f 1930/3116/380 1953/3115/381 1932/3164/398
f 1955/3161/396 1964/3118/383 1962/3207/417 1934/3162/397
f 1970/3212/9 2051/3213/423 2044/3214/424 1973/3215/9
f 2056/3216/2 2058/3217/2 2000/3218/2
f 1998/3219/12 2045/3220/425 2050/3221/426 2001/3222/12
f 2062/3223/427 1971/3224/9 1972/3225/9 2057/3226/428
f 2000/3218/2 2058/3217/2 2057/3227/2
f 1987/3228/9 1970/3212/9 1973/3215/9 1988/3229/9
f 1974/3230/2 1986/3231/2 1979/3232/2
f 2002/3233/21 2063/3234/429 2056/3235/430 2003/3236/21
f 1972/3225/9 1988/3229/9 2023/3237/9 2022/3238/9
f 1975/3239/1 2060/3240/431 2053/3241/431 1974/3242/1
f 1999/3243/2 1973/3244/2 2044/3245/2
f 1993/3246/2 2020/3247/2 2037/3248/2
f 1988/3229/9 1973/3215/9 2018/3249/9 2023/3237/9
f 2004/3250/432 2016/3251/2 2005/3252/433
f 2021/3253/2 2035/3254/2 2034/3255/2 2039/3256/2
f 1994/3257/2 1993/3246/2 2037/3248/2 2038/3258/2
f 1997/3259/2 2040/3260/2 2024/3261/2
f 2027/3262/2 2026/3263/2 2019/3264/2
f 1979/3232/2 2042/3265/2 1974/3230/2
f 1989/3266/21 1990/3267/21 2054/3268/434 2059/3269/435
f 2036/3270/2 2035/3254/2 2021/3253/2 2038/3258/2
f 2054/3271/2 1990/3272/2 1977/3273/2
f 1980/3274/2 2041/3275/2 2043/3276/2
f 1989/3266/21 1984/3277/21 1985/3278/21 1990/3267/21
f 1992/3279/12 1982/3280/12 1983/3281/12 1991/3282/12
f 1971/3224/9 1987/3228/9 1988/3229/9 1972/3225/9
f 2053/3283/2 2055/3284/2 1978/3285/2
f 1979/3232/2 2043/3276/2 2042/3265/2
f 1992/3286/2 1980/3274/2 1981/3287/2 1982/3288/2
f 1978/3285/2 1986/3231/2 1974/3230/2
f 1978/3285/2 2055/3284/2 1977/3273/2
f 1974/3242/1 2042/3289/436 2047/3290/436 1975/3239/1
f 1977/3273/2 1990/3272/2 1985/3291/2 1976/3292/2
f 2053/3283/2 1978/3285/2 1974/3230/2
f 1999/3293/437 1981/3294/438 2024/3261/439 2017/3295/437
f 2020/3247/2 2019/3264/2 2025/3296/2 2037/3248/2
f 1976/3297/440 2020/3247/440 1993/3246/441 1977/3298/442
f 1977/3298/442 1993/3246/441 1994/3257/443 1978/3299/444
f 1978/3299/444 1994/3257/443 1995/3300/445 1986/3301/445
f 1986/3301/445 1995/3300/445 1996/3302/446 1979/3303/447
f 1979/3303/447 1996/3302/446 1997/3259/448 1980/3304/449
f 1980/3304/449 1997/3259/448 2024/3261/439 1981/3294/438
f 2000/3305/450 1972/3306/451 2022/3307/451 2019/3264/450
f 1976/3297/440 2000/3305/450 2019/3264/450 2020/3247/440
f 1973/3308/452 1999/3293/437 2017/3295/437 2018/3309/452
f 2030/3310/2 2023/3311/2 2018/3309/2
f 1985/3291/2 2003/3312/2 2000/3218/2 1976/3292/2
f 1981/3287/2 1999/3243/2 1998/3313/2 1982/3288/2
f 1984/3277/21 2002/3233/21 2003/3236/21 1985/3278/21
f 1982/3280/12 1998/3219/12 2001/3222/12 1983/3281/12
f 2012/3314/453 2016/3251/2 2011/3315/454
f 2010/3316/455 2016/3251/2 2009/3317/456
f 2016/3251/2 2010/3316/455 2014/3318/457
f 2006/3319/458 2016/3251/2 2007/3320/459
f 2011/3315/454 2016/3251/2 2014/3318/457
f 2016/3251/2 2012/3314/453 2008/3321/460
f 2005/3252/433 2016/3251/2 2015/3322/461
f 2007/3320/459 2016/3251/2 2008/3321/460
f 2037/3248/2 2025/3296/2 2036/3270/2 2038/3258/2
f 2016/3251/2 2013/3323/462 2015/3322/461
f 2016/3251/2 2006/3319/458 2013/3323/462
f 2033/3324/463 2034/3325/464 2015/3326/464 2013/3327/465
f 2034/3325/464 2035/3328/9 2005/3329/9 2015/3326/464
f 2031/3330/466 2032/3331/21 2006/3332/21 2007/3333/466
f 2035/3328/9 2036/3334/467 2004/3335/467 2005/3329/9
f 2030/3336/468 2031/3330/466 2007/3333/466 2008/3337/468
f 2025/3338/469 2026/3339/12 2010/3340/12 2009/3341/469
f 2028/3342/470 2029/3343/1 2012/3344/1 2011/3345/470
f 2032/3331/21 2033/3324/463 2013/3327/465 2006/3332/21
f 2027/3346/471 2028/3342/470 2011/3345/470 2014/3347/472
f 2026/3339/12 2027/3346/471 2014/3347/472 2010/3340/12
f 2029/3348/1 2030/3336/468 2008/3337/468 2012/3349/1
f 2036/3334/467 2025/3338/469 2009/3341/469 2004/3335/467
f 2019/3264/2 2022/3307/2 2027/3262/2
f 2023/3311/2 2029/3350/2 2028/3351/2
f 2030/3310/2 2029/3350/2 2023/3311/2
f 2028/3351/2 2022/3307/2 2023/3311/2
f 2017/3295/2 2032/3352/2 2031/3353/2
f 2017/3295/2 2033/3354/2 2032/3352/2
f 2034/3255/2 2033/3354/2 2040/3260/2 2039/3256/2
f 2009/3317/456 2016/3251/2 2004/3250/432
f 2024/3261/2 2040/3260/2 2033/3354/2 2017/3295/2
f 1995/3300/2 1994/3257/2 2038/3258/2 2021/3253/2
f 1995/3300/2 2021/3253/2 2039/3256/2 1996/3302/2
f 1996/3302/2 2039/3256/2 2040/3260/2 1997/3259/2
f 2017/3295/2 2031/3353/2 2018/3309/2
f 1977/3273/2 2055/3284/2 2054/3271/2
f 2019/3264/2 2026/3263/2 2025/3296/2
f 2047/3290/436 2042/3289/436 2043/3355/473 2049/3356/474
f 2049/3357/474 2043/3358/473 2041/3359/475 2048/3360/475
f 2044/3214/424 2051/3213/423 2052/3361/476 2046/3362/477
f 2046/3363/477 2052/3364/476 2050/3221/426 2045/3220/425
f 2053/3241/431 2060/3240/431 2061/3365/478 2055/3366/479
f 2055/3367/479 2061/3368/478 2059/3269/435 2054/3268/434
f 2062/3223/427 2057/3226/428 2058/3369/480 2064/3370/481
f 2064/3371/481 2058/3372/480 2056/3235/430 2063/3234/429
f 1979/3232/2 1980/3274/2 2043/3276/2
f 1972/3373/2 2000/3218/2 2057/3227/2
f 2003/3312/2 2056/3216/2 2000/3218/2
f 1992/3286/2 2041/3275/2 1980/3274/2
f 2041/3359/475 1992/3279/12 1991/3282/12 2048/3360/475
f 1999/3243/2 2044/3245/2 2046/3374/2
f 1998/3313/2 1999/3243/2 2045/3375/2
f 2045/3375/2 1999/3243/2 2046/3374/2
f 2028/3351/2 2027/3262/2 2022/3307/2
f 2030/3310/2 2018/3309/2 2031/3353/2
f 2065/3376/482 2066/3377/483 2068/3378/484 2067/3379/485
f 2067/3379/485 2068/3378/484 2070/3380/486 2069/3381/487
f 2069/3381/487 2070/3380/486 2072/3382/488 2071/3383/489
f 2071/3383/489 2072/3382/488 2074/3384/490 2073/3385/491
f 2073/3385/491 2074/3384/490 2076/3386/492 2075/3387/493
f 2075/3387/493 2076/3386/492 2078/3388/494 2077/3389/495
f 2081/3390/2 2078/3388/494 2076/3386/492 2074/3384/490
f 2077/3389/495 2078/3388/494 2080/3391/496 2079/3392/497
f 2079/3392/497 2080/3391/496 2066/3377/483 2065/3376/482
f 2070/3380/486 2081/3390/2 2074/3384/490 2072/3382/488
f 2066/3377/483 2080/3391/496 2078/3388/494 2081/3390/2
f 2068/3378/484 2066/3377/483 2081/3390/2 2070/3380/486
f 2082/3393/482 2084/3394/497 2085/3395/496 2083/3396/483
f 2084/3394/497 2086/3397/498 2087/3398/499 2085/3395/496
f 2086/3397/498 2088/3399/493 2089/3400/492 2087/3398/499
f 2088/3399/493 2090/3401/491 2091/3402/490 2089/3400/492
f 2090/3401/491 2092/3403/489 2093/3404/488 2091/3402/490
f 2092/3403/489 2094/3405/500 2095/3406/486 2093/3404/488
f 2098/3407/2 2091/3402/490 2093/3404/488 2095/3406/486
f 2094/3405/500 2096/3408/485 2097/3409/484 2095/3406/486
f 2096/3408/485 2082/3393/482 2083/3396/483 2097/3409/484
f 2087/3398/499 2089/3400/492 2091/3402/490 2098/3407/2
f 2083/3396/483 2098/3407/2 2095/3406/486 2097/3409/484
f 2085/3395/496 2087/3398/499 2098/3407/2 2083/3396/483
f 2099/3410/491 2101/3411/489 2102/3412/488 2100/3413/490
f 2101/3411/489 2103/3414/487 2104/3415/486 2102/3412/488
f 2103/3414/487 2105/3416/485 2106/3417/484 2104/3415/486
f 2105/3416/485 2107/3418/482 2108/3419/483 2106/3417/484
f 2107/3418/482 2109/3420/497 2110/3421/496 2108/3419/483
f 2109/3420/497 2111/3422/495 2112/3423/494 2110/3421/496
f 2115/3424/2 2108/3419/483 2110/3421/496 2112/3423/494
f 2111/3422/495 2113/3425/493 2114/3426/492 2112/3423/494
f 2113/3425/493 2099/3410/491 2100/3413/490 2114/3426/492
f 2104/3415/486 2106/3417/484 2108/3419/483 2115/3424/2
f 2100/3413/490 2115/3424/2 2112/3423/494 2114/3426/492
f 2102/3412/488 2104/3415/486 2115/3424/2 2100/3413/490
f 2116/3427/491 2117/3428/490 2119/3429/492 2118/3430/493
f 2118/3430/493 2119/3429/492 2121/3431/499 2120/3432/498
f 2120/3432/498 2121/3431/499 2123/3433/496 2122/3434/497
f 2122/3434/497 2123/3433/496 2125/3435/483 2124/3436/482
f 2124/3436/482 2125/3435/483 2127/3437/484 2126/3438/485
f 2126/3438/485 2127/3437/484 2129/3439/486 2128/3440/487
f 2132/3441/2 2129/3439/486 2127/3437/484 2125/3435/483
f 2128/3440/487 2129/3439/486 2131/3442/488 2130/3443/489
f 2130/3443/489 2131/3442/488 2117/3428/490 2116/3427/491
f 2121/3431/499 2132/3441/2 2125/3435/483 2123/3433/496
f 2117/3428/490 2131/3442/488 2129/3439/486 2132/3441/2
f 2119/3429/492 2117/3428/490 2132/3441/2 2121/3431/499
f 2133/3444/501 2134/3445/502 2136/3446/484 2135/3447/503
f 2135/3447/503 2136/3446/484 2138/3448/486 2137/3449/487
f 2137/3449/487 2138/3448/486 2140/3450/488 2139/3451/504
f 2139/3451/504 2140/3450/488 2142/3452/505 2141/3453/506
f 2141/3453/506 2142/3452/505 2144/3454/492 2143/3455/507
f 2143/3455/507 2144/3454/492 2146/3456/494 2145/3457/495
f 2149/3458/2 2146/3456/494 2144/3454/492 2142/3452/505
f 2145/3457/495 2146/3456/494 2148/3459/496 2147/3460/508
f 2147/3460/508 2148/3459/496 2134/3445/502 2133/3444/501
f 2138/3448/486 2149/3458/2 2142/3452/505 2140/3450/488
f 2134/3445/502 2148/3459/496 2146/3456/494 2149/3458/2
f 2136/3446/484 2134/3445/502 2149/3458/2 2138/3448/486
f 2150/3461/482 2151/3462/502 2153/3463/484 2152/3464/485
f 2152/3464/485 2153/3463/484 2155/3465/486 2154/3466/487
f 2154/3466/487 2155/3465/486 2157/3467/488 2156/3468/489
f 2156/3468/489 2157/3467/488 2159/3469/505 2158/3470/491
f 2158/3470/491 2159/3469/505 2161/3471/492 2160/3472/493
f 2160/3472/493 2161/3471/492 2163/3473/494 2162/3474/495
f 2166/3475/2 2163/3473/494 2161/3471/492 2159/3469/505
f 2162/3474/495 2163/3473/494 2165/3476/496 2164/3477/497
f 2164/3477/497 2165/3476/496 2151/3462/502 2150/3461/482
f 2155/3465/486 2166/3475/2 2159/3469/505 2157/3467/488
f 2151/3462/502 2165/3476/496 2163/3473/494 2166/3475/2
f 2153/3463/484 2151/3462/502 2166/3475/2 2155/3465/486
f 2167/3478/501 2168/3479/502 2170/3480/484 2169/3481/503
f 2169/3481/503 2170/3480/484 2172/3482/486 2171/3483/487
f 2171/3483/487 2172/3482/486 2174/3484/488 2173/3485/504
f 2173/3485/504 2174/3484/488 2176/3486/505 2175/3487/506
f 2175/3487/506 2176/3486/505 2178/3488/492 2177/3489/507
f 2177/3489/507 2178/3488/492 2180/3490/494 2179/3491/495
f 2183/3492/2 2180/3490/494 2178/3488/492 2176/3486/505
f 2179/3491/495 2180/3490/494 2182/3493/496 2181/3494/508
f 2181/3494/508 2182/3493/496 2168/3479/502 2167/3478/501
f 2172/3482/486 2183/3492/2 2176/3486/505 2174/3484/488
f 2168/3479/502 2182/3493/496 2180/3490/494 2183/3492/2
f 2170/3480/484 2168/3479/502 2183/3492/2 2172/3482/486
f 2184/3495/501 2185/3496/502 2187/3497/484 2186/3498/503
f 2186/3498/503 2187/3497/484 2189/3499/486 2188/3500/487
f 2188/3500/487 2189/3499/486 2191/3501/488 2190/3502/504
f 2190/3502/504 2191/3501/488 2193/3503/505 2192/3504/506
f 2192/3504/506 2193/3503/505 2195/3505/492 2194/3506/507
f 2194/3506/507 2195/3505/492 2197/3507/494 2196/3508/495
f 2200/3509/2 2197/3507/494 2195/3505/492 2193/3503/505
f 2196/3508/495 2197/3507/494 2199/3510/496 2198/3511/508
f 2198/3511/508 2199/3510/496 2185/3496/502 2184/3495/501
f 2189/3499/486 2200/3509/2 2193/3503/505 2191/3501/488
f 2185/3496/502 2199/3510/496 2197/3507/494 2200/3509/2
f 2187/3497/484 2185/3496/502 2200/3509/2 2189/3499/486
f 2201/3512/482 2202/3513/502 2204/3514/484 2203/3515/485
f 2203/3515/485 2204/3514/484 2206/3516/486 2205/3517/500
f 2205/3517/500 2206/3516/486 2208/3518/488 2207/3519/489
f 2207/3519/489 2208/3518/488 2210/3520/490 2209/3521/491
f 2209/3521/491 2210/3520/490 2212/3522/492 2211/3523/493
f 2211/3523/493 2212/3522/492 2214/3524/494 2213/3525/498
f 2217/3526/2 2214/3524/494 2212/3522/492 2210/3520/490
f 2213/3525/498 2214/3524/494 2216/3527/496 2215/3528/497
f 2215/3528/497 2216/3527/496 2202/3513/502 2201/3512/482
f 2206/3516/486 2217/3526/2 2210/3520/490 2208/3518/488
f 2202/3513/502 2216/3527/496 2214/3524/494 2217/3526/2
f 2204/3514/484 2202/3513/502 2217/3526/2 2206/3516/486
f 2218/3529/501 2219/3530/502 2221/3531/484 2220/3532/503
f 2220/3532/503 2221/3531/484 2223/3533/486 2222/3534/487
f 2222/3534/487 2223/3533/486 2225/3535/488 2224/3536/504
f 2224/3536/504 2225/3535/488 2227/3537/505 2226/3538/506
f 2226/3538/506 2227/3537/505 2229/3539/492 2228/3540/507
f 2228/3540/507 2229/3539/492 2231/3541/494 2230/3542/495
f 2234/3543/2 2231/3541/494 2229/3539/492 2227/3537/505
f 2230/3542/495 2231/3541/494 2233/3544/496 2232/3545/508
f 2232/3545/508 2233/3544/496 2219/3530/502 2218/3529/501
f 2223/3533/486 2234/3543/2 2227/3537/505 2225/3535/488
f 2219/3530/502 2233/3544/496 2231/3541/494 2234/3543/2
f 2221/3531/484 2219/3530/502 2234/3543/2 2223/3533/486
f 2235/3546/501 2236/3547/502 2238/3548/484 2237/3549/503
f 2237/3549/503 2238/3548/484 2240/3550/486 2239/3551/487
f 2239/3551/487 2240/3550/486 2242/3552/488 2241/3553/489
f 2241/3553/489 2242/3552/488 2244/3554/490 2243/3555/491
f 2243/3555/491 2244/3554/490 2246/3556/492 2245/3557/493
f 2245/3557/493 2246/3556/492 2248/3558/494 2247/3559/495
f 2251/3560/2 2248/3558/494 2246/3556/492 2244/3554/490
f 2247/3559/495 2248/3558/494 2250/3561/496 2249/3562/508
f 2249/3562/508 2250/3561/496 2236/3547/502 2235/3546/501
f 2240/3550/486 2251/3560/2 2244/3554/490 2242/3552/488
f 2236/3547/502 2250/3561/496 2248/3558/494 2251/3560/2
f 2238/3548/484 2236/3547/502 2251/3560/2 2240/3550/486
f 2252/3563/501 2253/3564/502 2255/3565/484 2254/3566/503
f 2254/3566/503 2255/3565/484 2257/3567/486 2256/3568/487
f 2256/3568/487 2257/3567/486 2259/3569/488 2258/3570/504
f 2258/3570/504 2259/3569/488 2261/3571/505 2260/3572/506
f 2260/3572/506 2261/3571/505 2263/3573/492 2262/3574/507
f 2262/3574/507 2263/3573/492 2265/3575/494 2264/3576/495
f 2268/3577/2 2265/3575/494 2263/3573/492 2261/3571/505
f 2264/3576/495 2265/3575/494 2267/3578/496 2266/3579/508
f 2266/3579/508 2267/3578/496 2253/3564/502 2252/3563/501
f 2257/3567/486 2268/3577/2 2261/3571/505 2259/3569/488
f 2253/3564/502 2267/3578/496 2265/3575/494 2268/3577/2
f 2255/3565/484 2253/3564/502 2268/3577/2 2257/3567/486
f 2269/3580/482 2270/3581/502 2272/3582/484 2271/3583/485
f 2271/3583/485 2272/3582/484 2274/3584/486 2273/3585/487
f 2273/3585/487 2274/3584/486 2276/3586/488 2275/3587/504
f 2275/3587/504 2276/3586/488 2278/3588/505 2277/3589/506
f 2277/3589/506 2278/3588/505 2280/3590/492 2279/3591/507
f 2279/3591/507 2280/3590/492 2282/3592/494 2281/3593/495
f 2285/3594/2 2282/3592/494 2280/3590/492 2278/3588/505
f 2281/3593/495 2282/3592/494 2284/3595/496 2283/3596/497
f 2283/3596/497 2284/3595/496 2270/3581/502 2269/3580/482
f 2274/3584/486 2285/3594/2 2278/3588/505 2276/3586/488
f 2270/3581/502 2284/3595/496 2282/3592/494 2285/3594/2
f 2272/3582/484 2270/3581/502 2285/3594/2 2274/3584/486
f 2286/3597/501 2287/3598/502 2289/3599/484 2288/3600/503
f 2288/3600/503 2289/3599/484 2291/3601/486 2290/3602/487
f 2290/3602/487 2291/3601/486 2293/3603/488 2292/3604/489
f 2292/3604/489 2293/3603/488 2295/3605/490 2294/3606/491
f 2294/3606/491 2295/3605/490 2297/3607/492 2296/3608/493
f 2296/3608/493 2297/3607/492 2299/3609/494 2298/3610/495
f 2302/3611/2 2299/3609/494 2297/3607/492 2295/3605/490
f 2298/3610/495 2299/3609/494 2301/3612/496 2300/3613/508
f 2300/3613/508 2301/3612/496 2287/3598/502 2286/3597/501
f 2291/3601/486 2302/3611/2 2295/3605/490 2293/3603/488
f 2287/3598/502 2301/3612/496 2299/3609/494 2302/3611/2
f 2289/3599/484 2287/3598/502 2302/3611/2 2291/3601/486
f 2303/3614/501 2304/3615/502 2306/3616/484 2305/3617/503
f 2305/3617/503 2306/3616/484 2308/3618/486 2307/3619/487
f 2307/3619/487 2308/3618/486 2310/3620/488 2309/3621/504
f 2309/3621/504 2310/3620/488 2312/3622/505 2311/3623/506
f 2311/3623/506 2312/3622/505 2314/3624/492 2313/3625/507
f 2313/3625/507 2314/3624/492 2316/3626/494 2315/3627/495
f 2319/3628/2 2316/3626/494 2314/3624/492 2312/3622/505
f 2315/3627/495 2316/3626/494 2318/3629/496 2317/3630/508
f 2317/3630/508 2318/3629/496 2304/3615/502 2303/3614/501
f 2308/3618/486 2319/3628/2 2312/3622/505 2310/3620/488
f 2304/3615/502 2318/3629/496 2316/3626/494 2319/3628/2
f 2306/3616/484 2304/3615/502 2319/3628/2 2308/3618/486
f 2320/3631/482 2321/3632/502 2323/3633/484 2322/3634/485
f 2322/3634/485 2323/3633/484 2325/3635/486 2324/3636/487
f 2324/3636/487 2325/3635/486 2327/3637/488 2326/3638/504
f 2326/3638/504 2327/3637/488 2329/3639/505 2328/3640/506
f 2328/3640/506 2329/3639/505 2331/3641/492 2330/3642/507
f 2330/3642/507 2331/3641/492 2333/3643/494 2332/3644/495
f 2336/3645/2 2333/3643/494 2331/3641/492 2329/3639/505
f 2332/3644/495 2333/3643/494 2335/3646/496 2334/3647/497
f 2334/3647/497 2335/3646/496 2321/3632/502 2320/3631/482
f 2325/3635/486 2336/3645/2 2329/3639/505 2327/3637/488
f 2321/3632/502 2335/3646/496 2333/3643/494 2336/3645/2
f 2323/3633/484 2321/3632/502 2336/3645/2 2325/3635/486
f 2337/3648/501 2338/3649/502 2340/3650/484 2339/3651/503
f 2339/3651/503 2340/3650/484 2342/3652/486 2341/3653/500
f 2341/3653/500 2342/3652/486 2344/3654/488 2343/3655/489
f 2343/3655/489 2344/3654/488 2346/3656/505 2345/3657/491
f 2345/3657/491 2346/3656/505 2348/3658/492 2347/3659/493
f 2347/3659/493 2348/3658/492 2350/3660/494 2349/3661/498
f 2353/3662/2 2350/3660/494 2348/3658/492 2346/3656/505
f 2349/3661/498 2350/3660/494 2352/3663/496 2351/3664/508
f 2351/3664/508 2352/3663/496 2338/3649/502 2337/3648/501
f 2342/3652/486 2353/3662/2 2346/3656/505 2344/3654/488
f 2338/3649/502 2352/3663/496 2350/3660/494 2353/3662/2
f 2340/3650/484 2338/3649/502 2353/3662/2 2342/3652/486
f 2354/3665/501 2355/3666/502 2357/3667/484 2356/3668/503
f 2356/3668/503 2357/3667/484 2359/3669/486 2358/3670/500
f 2358/3670/500 2359/3669/486 2361/3671/488 2360/3672/489
f 2360/3672/489 2361/3671/488 2363/3673/490 2362/3674/491
f 2362/3674/491 2363/3673/490 2365/3675/492 2364/3676/507
f 2364/3676/507 2365/3675/492 2367/3677/494 2366/3678/498
f 2370/3679/2 2367/3677/494 2365/3675/492 2363/3673/490
f 2366/3678/498 2367/3677/494 2369/3680/496 2368/3681/508
f 2368/3681/508 2369/3680/496 2355/3666/502 2354/3665/501
f 2359/3669/486 2370/3679/2 2363/3673/490 2361/3671/488
f 2355/3666/502 2369/3680/496 2367/3677/494 2370/3679/2
f 2357/3667/484 2355/3666/502 2370/3679/2 2359/3669/486
f 2371/3682/482 2372/3683/483 2374/3684/484 2373/3685/485
f 2373/3685/485 2374/3684/484 2376/3686/509 2375/3687/500
f 2375/3687/500 2376/3686/509 2378/3688/488 2377/3689/489
f 2377/3689/489 2378/3688/488 2380/3690/490 2379/3691/491
f 2379/3691/491 2380/3690/490 2382/3692/492 2381/3693/493
f 2381/3693/493 2382/3692/492 2384/3694/499 2383/3695/498
f 2387/3696/2 2384/3694/499 2382/3692/492 2380/3690/490
f 2383/3695/498 2384/3694/499 2386/3697/496 2385/3698/497
f 2385/3698/497 2386/3697/496 2372/3683/483 2371/3682/482
f 2376/3686/509 2387/3696/2 2380/3690/490 2378/3688/488
f 2372/3683/483 2386/3697/496 2384/3694/499 2387/3696/2
f 2374/3684/484 2372/3683/483 2387/3696/2 2376/3686/509
f 2388/3699/482 2389/3700/483 2391/3701/484 2390/3702/485
f 2390/3702/485 2391/3701/484 2393/3703/509 2392/3704/500
f 2392/3704/500 2393/3703/509 2395/3705/488 2394/3706/489
f 2394/3706/489 2395/3705/488 2397/3707/490 2396/3708/491
f 2396/3708/491 2397/3707/490 2399/3709/492 2398/3710/493
f 2398/3710/493 2399/3709/492 2401/3711/499 2400/3712/498
f 2404/3713/2 2401/3711/499 2399/3709/492 2397/3707/490
f 2400/3712/498 2401/3711/499 2403/3714/496 2402/3715/497
f 2402/3715/497 2403/3714/496 2389/3700/483 2388/3699/482
f 2393/3703/509 2404/3713/2 2397/3707/490 2395/3705/488
f 2389/3700/483 2403/3714/496 2401/3711/499 2404/3713/2
f 2391/3701/484 2389/3700/483 2404/3713/2 2393/3703/509
f 2405/3716/501 2406/3717/502 2408/3718/484 2407/3719/503
f 2407/3719/503 2408/3718/484 2410/3720/486 2409/3721/487
f 2409/3721/487 2410/3720/486 2412/3722/488 2411/3723/504
f 2411/3723/504 2412/3722/488 2414/3724/505 2413/3725/506
f 2413/3725/506 2414/3724/505 2416/3726/492 2415/3727/493
f 2415/3727/493 2416/3726/492 2418/3728/499 2417/3729/498
f 2421/3730/2 2418/3728/499 2416/3726/492 2414/3724/505
f 2417/3729/498 2418/3728/499 2420/3731/496 2419/3732/497
f 2419/3732/497 2420/3731/496 2406/3717/502 2405/3716/501
f 2410/3720/486 2421/3730/2 2414/3724/505 2412/3722/488
f 2406/3717/502 2420/3731/496 2418/3728/499 2421/3730/2
f 2408/3718/484 2406/3717/502 2421/3730/2 2410/3720/486
f 2422/3733/501 2423/3734/502 2425/3735/484 2424/3736/503
f 2424/3736/503 2425/3735/484 2427/3737/486 2426/3738/487
f 2426/3738/487 2427/3737/486 2429/3739/488 2428/3740/504
f 2428/3740/504 2429/3739/488 2431/3741/505 2430/3742/506
f 2430/3742/506 2431/3741/505 2433/3743/492 2432/3744/493
f 2432/3744/493 2433/3743/492 2435/3745/499 2434/3746/498
f 2438/3747/2 2435/3745/499 2433/3743/492 2431/3741/505
f 2434/3746/498 2435/3745/499 2437/3748/496 2436/3749/497
f 2436/3749/497 2437/3748/496 2423/3734/502 2422/3733/501
f 2427/3737/486 2438/3747/2 2431/3741/505 2429/3739/488
f 2423/3734/502 2437/3748/496 2435/3745/499 2438/3747/2
f 2425/3735/484 2423/3734/502 2438/3747/2 2427/3737/486
f 2439/3750/482 2440/3751/483 2442/3752/484 2441/3753/485
f 2441/3753/485 2442/3752/484 2444/3754/486 2443/3755/500
f 2443/3755/500 2444/3754/486 2446/3756/488 2445/3757/504
f 2445/3757/504 2446/3756/488 2448/3758/505 2447/3759/506
f 2447/3759/506 2448/3758/505 2450/3760/492 2449/3761/493
f 2449/3761/493 2450/3760/492 2452/3762/494 2451/3763/498
f 2455/3764/2 2452/3762/494 2450/3760/492 2448/3758/505
f 2451/3763/498 2452/3762/494 2454/3765/496 2453/3766/497
f 2453/3766/497 2454/3765/496 2440/3751/483 2439/3750/482
f 2444/3754/486 2455/3764/2 2448/3758/505 2446/3756/488
f 2440/3751/483 2454/3765/496 2452/3762/494 2455/3764/2
f 2442/3752/484 2440/3751/483 2455/3764/2 2444/3754/486
f 2456/3767/482 2457/3768/502 2459/3769/484 2458/3770/485
f 2458/3770/485 2459/3769/484 2461/3771/486 2460/3772/500
f 2460/3772/500 2461/3771/486 2463/3773/488 2462/3774/504
f 2462/3774/504 2463/3773/488 2465/3775/505 2464/3776/506
f 2464/3776/506 2465/3775/505 2467/3777/492 2466/3778/493
f 2466/3778/493 2467/3777/492 2469/3779/494 2468/3780/498
f 2472/3781/2 2469/3779/494 2467/3777/492 2465/3775/505
f 2468/3780/498 2469/3779/494 2471/3782/496 2470/3783/497
f 2470/3783/497 2471/3782/496 2457/3768/502 2456/3767/482
f 2461/3771/486 2472/3781/2 2465/3775/505 2463/3773/488
f 2457/3768/502 2471/3782/496 2469/3779/494 2472/3781/2
f 2459/3769/484 2457/3768/502 2472/3781/2 2461/3771/486
f 2473/3784/501 2474/3785/502 2476/3786/484 2475/3787/503
f 2475/3787/503 2476/3786/484 2478/3788/486 2477/3789/487
f 2477/3789/487 2478/3788/486 2480/3790/488 2479/3791/489
f 2479/3791/489 2480/3790/488 2482/3792/490 2481/3793/491
f 2481/3793/491 2482/3792/490 2484/3794/492 2483/3795/493
f 2483/3795/493 2484/3794/492 2486/3796/499 2485/3797/498
f 2489/3798/2 2486/3796/499 2484/3794/492 2482/3792/490
f 2485/3797/498 2486/3796/499 2488/3799/496 2487/3800/497
f 2487/3800/497 2488/3799/496 2474/3785/502 2473/3784/501
f 2478/3788/486 2489/3798/2 2482/3792/490 2480/3790/488
f 2474/3785/502 2488/3799/496 2486/3796/499 2489/3798/2
f 2476/3786/484 2474/3785/502 2489/3798/2 2478/3788/486
f 2490/3801/482 2492/3802/497 2493/3803/496 2491/3804/502
f 2492/3802/497 2494/3805/495 2495/3806/494 2493/3803/496
f 2494/3805/495 2496/3807/493 2497/3808/492 2495/3806/494
f 2496/3807/493 2498/3809/491 2499/3810/505 2497/3808/492
f 2498/3809/491 2500/3811/489 2501/3812/488 2499/3810/505
f 2500/3811/489 2502/3813/487 2503/3814/486 2501/3812/488
f 2506/3815/2 2499/3810/505 2501/3812/488 2503/3814/486
f 2502/3813/487 2504/3816/485 2505/3817/484 2503/3814/486
f 2504/3816/485 2490/3801/482 2491/3804/502 2505/3817/484
f 2495/3806/494 2497/3808/492 2499/3810/505 2506/3815/2
f 2491/3804/502 2506/3815/2 2503/3814/486 2505/3817/484
f 2493/3803/496 2495/3806/494 2506/3815/2 2491/3804/502
f 2507/3818/482 2509/3819/497 2510/3820/496 2508/3821/483
f 2509/3819/497 2511/3822/495 2512/3823/494 2510/3820/496
f 2511/3822/495 2513/3824/493 2514/3825/492 2512/3823/494
f 2513/3824/493 2515/3826/491 2516/3827/490 2514/3825/492
f 2515/3826/491 2517/3828/489 2518/3829/488 2516/3827/490
f 2517/3828/489 2519/3830/487 2520/3831/486 2518/3829/488
f 2523/3832/2 2516/3827/490 2518/3829/488 2520/3831/486
f 2519/3830/487 2521/3833/485 2522/3834/484 2520/3831/486
f 2521/3833/485 2507/3818/482 2508/3821/483 2522/3834/484
f 2512/3823/494 2514/3825/492 2516/3827/490 2523/3832/2
f 2508/3821/483 2523/3832/2 2520/3831/486 2522/3834/484
f 2510/3820/496 2512/3823/494 2523/3832/2 2508/3821/483
f 2524/3835/501 2526/3836/508 2527/3837/496 2525/3838/502
f 2526/3836/508 2528/3839/495 2529/3840/494 2527/3837/496
f 2528/3839/495 2530/3841/507 2531/3842/492 2529/3840/494
f 2530/3841/507 2532/3843/506 2533/3844/505 2531/3842/492
f 2532/3843/506 2534/3845/489 2535/3846/488 2533/3844/505
f 2534/3845/489 2536/3847/500 2537/3848/509 2535/3846/488
f 2540/3849/2 2533/3844/505 2535/3846/488 2537/3848/509
f 2536/3847/500 2538/3850/485 2539/3851/484 2537/3848/509
f 2538/3850/485 2524/3835/501 2525/3838/502 2539/3851/484
f 2529/3840/494 2531/3842/492 2533/3844/505 2540/3849/2
f 2525/3838/502 2540/3849/2 2537/3848/509 2539/3851/484
f 2527/3837/496 2529/3840/494 2540/3849/2 2525/3838/502
f 2541/3852/501 2543/3853/508 2544/3854/496 2542/3855/502
f 2543/3853/508 2545/3856/495 2546/3857/494 2544/3854/496
f 2545/3856/495 2547/3858/507 2548/3859/492 2546/3857/494
f 2547/3858/507 2549/3860/506 2550/3861/505 2548/3859/492
f 2549/3860/506 2551/3862/489 2552/3863/488 2550/3861/505
f 2551/3862/489 2553/3864/500 2554/3865/509 2552/3863/488
f 2557/3866/2 2550/3861/505 2552/3863/488 2554/3865/509
f 2553/3864/500 2555/3867/485 2556/3868/484 2554/3865/509
f 2555/3867/485 2541/3852/501 2542/3855/502 2556/3868/484
f 2546/3857/494 2548/3859/492 2550/3861/505 2557/3866/2
f 2542/3855/502 2557/3866/2 2554/3865/509 2556/3868/484
f 2544/3854/496 2546/3857/494 2557/3866/2 2542/3855/502
f 2558/3869/482 2560/3870/497 2561/3871/496 2559/3872/502
f 2560/3870/497 2562/3873/495 2563/3874/494 2561/3871/496
f 2562/3873/495 2564/3875/507 2565/3876/492 2563/3874/494
f 2564/3875/507 2566/3877/506 2567/3878/505 2565/3876/492
f 2566/3877/506 2568/3879/489 2569/3880/488 2567/3878/505
f 2568/3879/489 2570/3881/487 2571/3882/486 2569/3880/488
f 2574/3883/2 2567/3878/505 2569/3880/488 2571/3882/486
f 2570/3881/487 2572/3884/503 2573/3885/484 2571/3882/486
f 2572/3884/503 2558/3869/482 2559/3872/502 2573/3885/484
f 2563/3874/494 2565/3876/492 2567/3878/505 2574/3883/2
f 2559/3872/502 2574/3883/2 2571/3882/486 2573/3885/484
f 2561/3871/496 2563/3874/494 2574/3883/2 2559/3872/502
f 2575/3886/482 2577/3887/497 2578/3888/496 2576/3889/502
f 2577/3887/497 2579/3890/495 2580/3891/494 2578/3888/496
f 2579/3890/495 2581/3892/507 2582/3893/492 2580/3891/494
f 2581/3892/507 2583/3894/506 2584/3895/505 2582/3893/492
f 2583/3894/506 2585/3896/489 2586/3897/488 2584/3895/505
f 2585/3896/489 2587/3898/487 2588/3899/486 2586/3897/488
f 2591/3900/2 2584/3895/505 2586/3897/488 2588/3899/486
f 2587/3898/487 2589/3901/503 2590/3902/484 2588/3899/486
f 2589/3901/503 2575/3886/482 2576/3889/502 2590/3902/484
f 2580/3891/494 2582/3893/492 2584/3895/505 2591/3900/2
f 2576/3889/502 2591/3900/2 2588/3899/486 2590/3902/484
f 2578/3888/496 2580/3891/494 2591/3900/2 2576/3889/502
f 2592/3903/501 2594/3904/508 2595/3905/496 2593/3906/502
f 2594/3904/508 2596/3907/495 2597/3908/494 2595/3905/496
f 2596/3907/495 2598/3909/493 2599/3910/492 2597/3908/494
f 2598/3909/493 2600/3911/491 2601/3912/490 2599/3910/492
f 2600/3911/491 2602/3913/489 2603/3914/488 2601/3912/490
f 2602/3913/489 2604/3915/500 2605/3916/509 2603/3914/488
f 2608/3917/2 2601/3912/490 2603/3914/488 2605/3916/509
f 2604/3915/500 2606/3918/485 2607/3919/484 2605/3916/509
f 2606/3918/485 2592/3903/501 2593/3906/502 2607/3919/484
f 2597/3908/494 2599/3910/492 2601/3912/490 2608/3917/2
f 2593/3906/502 2608/3917/2 2605/3916/509 2607/3919/484
f 2595/3905/496 2597/3908/494 2608/3917/2 2593/3906/502
f 2609/3920/501 2610/3921/502 2612/3922/484 2611/3923/503
f 2611/3923/503 2612/3922/484 2614/3924/486 2613/3925/487
f 2613/3925/487 2614/3924/486 2616/3926/488 2615/3927/504
f 2615/3927/504 2616/3926/488 2618/3928/505 2617/3929/506
f 2617/3929/506 2618/3928/505 2620/3930/492 2619/3931/507
f 2619/3931/507 2620/3930/492 2622/3932/494 2621/3933/495
f 2625/3934/2 2622/3932/494 2620/3930/492 2618/3928/505
f 2621/3933/495 2622/3932/494 2624/3935/496 2623/3936/508
f 2623/3936/508 2624/3935/496 2610/3921/502 2609/3920/501
f 2614/3924/486 2625/3934/2 2618/3928/505 2616/3926/488
f 2610/3921/502 2624/3935/496 2622/3932/494 2625/3934/2
f 2612/3922/484 2610/3921/502 2625/3934/2 2614/3924/486
f 2626/3937/482 2627/3938/502 2629/3939/484 2628/3940/485
f 2628/3940/485 2629/3939/484 2631/3941/486 2630/3942/487
f 2630/3942/487 2631/3941/486 2633/3943/488 2632/3944/489
f 2632/3944/489 2633/3943/488 2635/3945/490 2634/3946/491
f 2634/3946/491 2635/3945/490 2637/3947/492 2636/3948/493
f 2636/3948/493 2637/3947/492 2639/3949/494 2638/3950/495
f 2642/3951/2 2639/3949/494 2637/3947/492 2635/3945/490
f 2638/3950/495 2639/3949/494 2641/3952/496 2640/3953/497
f 2640/3953/497 2641/3952/496 2627/3938/502 2626/3937/482
f 2631/3941/486 2642/3951/2 2635/3945/490 2633/3943/488
f 2627/3938/502 2641/3952/496 2639/3949/494 2642/3951/2
f 2629/3939/484 2627/3938/502 2642/3951/2 2631/3941/486
f 2643/3954/501 2644/3955/502 2646/3956/484 2645/3957/503
f 2645/3957/503 2646/3956/484 2648/3958/486 2647/3959/487
f 2647/3959/487 2648/3958/486 2650/3960/488 2649/3961/504
f 2649/3961/504 2650/3960/488 2652/3962/505 2651/3963/506
f 2651/3963/506 2652/3962/505 2654/3964/492 2653/3965/507
f 2653/3965/507 2654/3964/492 2656/3966/494 2655/3967/495
f 2659/3968/2 2656/3966/494 2654/3964/492 2652/3962/505
f 2655/3967/495 2656/3966/494 2658/3969/496 2657/3970/508
f 2657/3970/508 2658/3969/496 2644/3955/502 2643/3954/501
f 2648/3958/486 2659/3968/2 2652/3962/505 2650/3960/488
f 2644/3955/502 2658/3969/496 2656/3966/494 2659/3968/2
f 2646/3956/484 2644/3955/502 2659/3968/2 2648/3958/486
f 2660/3971/501 2661/3972/502 2663/3973/484 2662/3974/503
f 2662/3974/503 2663/3973/484 2665/3975/486 2664/3976/487
f 2664/3976/487 2665/3975/486 2667/3977/488 2666/3978/489
f 2666/3978/489 2667/3977/488 2669/3979/490 2668/3980/491
f 2668/3980/491 2669/3979/490 2671/3981/492 2670/3982/493
f 2670/3982/493 2671/3981/492 2673/3983/494 2672/3984/495
f 2676/3985/2 2673/3983/494 2671/3981/492 2669/3979/490
f 2672/3984/495 2673/3983/494 2675/3986/496 2674/3987/508
f 2674/3987/508 2675/3986/496 2661/3972/502 2660/3971/501
f 2665/3975/486 2676/3985/2 2669/3979/490 2667/3977/488
f 2661/3972/502 2675/3986/496 2673/3983/494 2676/3985/2
f 2663/3973/484 2661/3972/502 2676/3985/2 2665/3975/486
f 2677/3988/501 2678/3989/502 2680/3990/484 2679/3991/503
f 2679/3991/503 2680/3990/484 2682/3992/486 2681/3993/487
f 2681/3993/487 2682/3992/486 2684/3994/488 2683/3995/504
f 2683/3995/504 2684/3994/488 2686/3996/505 2685/3997/506
f 2685/3997/506 2686/3996/505 2688/3998/492 2687/3999/507
f 2687/3999/507 2688/3998/492 2690/4000/494 2689/4001/495
f 2693/4002/2 2690/4000/494 2688/3998/492 2686/3996/505
f 2689/4001/495 2690/4000/494 2692/4003/496 2691/4004/508
f 2691/4004/508 2692/4003/496 2678/3989/502 2677/3988/501
f 2682/3992/486 2693/4002/2 2686/3996/505 2684/3994/488
f 2678/3989/502 2692/4003/496 2690/4000/494 2693/4002/2
f 2680/3990/484 2678/3989/502 2693/4002/2 2682/3992/486
f 2694/4005/482 2695/4006/502 2697/4007/484 2696/4008/485
f 2696/4008/485 2697/4007/484 2699/4009/486 2698/4010/487
f 2698/4010/487 2699/4009/486 2701/4011/488 2700/4012/504
f 2700/4012/504 2701/4011/488 2703/4013/505 2702/4014/506
f 2702/4014/506 2703/4013/505 2705/4015/492 2704/4016/507
f 2704/4016/507 2705/4015/492 2707/4017/494 2706/4018/495
f 2710/4019/2 2707/4017/494 2705/4015/492 2703/4013/505
f 2706/4018/495 2707/4017/494 2709/4020/496 2708/4021/497
f 2708/4021/497 2709/4020/496 2695/4006/502 2694/4005/482
f 2699/4009/486 2710/4019/2 2703/4013/505 2701/4011/488
f 2695/4006/502 2709/4020/496 2707/4017/494 2710/4019/2
f 2697/4007/484 2695/4006/502 2710/4019/2 2699/4009/486
f 2711/4022/501 2712/4023/502 2714/4024/484 2713/4025/503
f 2713/4025/503 2714/4024/484 2716/4026/486 2715/4027/500
f 2715/4027/500 2716/4026/486 2718/4028/488 2717/4029/489
f 2717/4029/489 2718/4028/488 2720/4030/490 2719/4031/491
f 2719/4031/491 2720/4030/490 2722/4032/492 2721/4033/493
f 2721/4033/493 2722/4032/492 2724/4034/494 2723/4035/498
f 2727/4036/2 2724/4034/494 2722/4032/492 2720/4030/490
f 2723/4035/498 2724/4034/494 2726/4037/496 2725/4038/508
f 2725/4038/508 2726/4037/496 2712/4023/502 2711/4022/501
f 2716/4026/486 2727/4036/2 2720/4030/490 2718/4028/488
f 2712/4023/502 2726/4037/496 2724/4034/494 2727/4036/2
f 2714/4024/484 2712/4023/502 2727/4036/2 2716/4026/486
f 2728/4039/510 2729/4040/511 2731/4041/512 2730/4042/513
f 2730/4042/513 2731/4041/512 2733/4043/514 2732/4044/515
f 2732/4044/515 2733/4043/514 2735/4045/516 2734/4046/517
f 2734/4046/517 2735/4045/516 2737/4047/518 2736/4048/519
f 2736/4048/519 2737/4047/518 2739/4049/520 2738/4050/521
f 2738/4050/521 2739/4049/520 2741/4051/522 2740/4052/523
f 2744/4053/21 2741/4051/522 2739/4049/520 2737/4047/518
f 2740/4052/523 2741/4051/522 2743/4054/524 2742/4055/525
f 2742/4055/525 2743/4054/524 2729/4040/511 2728/4039/510
f 2733/4043/514 2744/4053/21 2737/4047/518 2735/4045/516
f 2729/4040/511 2743/4054/524 2741/4051/522 2744/4053/21
f 2731/4041/512 2729/4040/511 2744/4053/21 2733/4043/514
f 2745/4056/510 2746/4057/511 2748/4058/512 2747/4059/513
f 2747/4059/513 2748/4058/512 2750/4060/514 2749/4061/515
f 2749/4061/515 2750/4060/514 2752/4062/516 2751/4063/526
f 2751/4063/526 2752/4062/516 2754/4064/518 2753/4065/519
f 2753/4065/519 2754/4064/518 2756/4066/520 2755/4067/527
f 2755/4067/527 2756/4066/520 2758/4068/522 2757/4069/523
f 2761/4070/21 2758/4068/522 2756/4066/520 2754/4064/518
f 2757/4069/523 2758/4068/522 2760/4071/524 2759/4072/528
f 2759/4072/528 2760/4071/524 2746/4057/511 2745/4056/510
f 2750/4060/514 2761/4070/21 2754/4064/518 2752/4062/516
f 2746/4057/511 2760/4071/524 2758/4068/522 2761/4070/21
f 2748/4058/512 2746/4057/511 2761/4070/21 2750/4060/514
f 2762/4073/510 2763/4074/529 2765/4075/512 2764/4076/530
f 2764/4076/530 2765/4075/512 2767/4077/531 2766/4078/515
f 2766/4078/515 2767/4077/531 2769/4079/516 2768/4080/526
f 2768/4080/526 2769/4079/516 2771/4081/532 2770/4082/533
f 2770/4082/533 2771/4081/532 2773/4083/520 2772/4084/527
f 2772/4084/527 2773/4083/520 2775/4085/534 2774/4086/523
f 2778/4087/21 2775/4085/534 2773/4083/520 2771/4081/532
f 2774/4086/523 2775/4085/534 2777/4088/524 2776/4089/528
f 2776/4089/528 2777/4088/524 2763/4074/529 2762/4073/510
f 2767/4077/531 2778/4087/21 2771/4081/532 2769/4079/516
f 2763/4074/529 2777/4088/524 2775/4085/534 2778/4087/21
f 2765/4075/512 2763/4074/529 2778/4087/21 2767/4077/531
f 2779/4090/535 2780/4091/536 2782/4092/512 2781/4093/530
f 2781/4093/530 2782/4092/512 2784/4094/514 2783/4095/537
f 2783/4095/537 2784/4094/514 2786/4096/516 2785/4097/517
f 2785/4097/517 2786/4096/516 2788/4098/518 2787/4099/519
f 2787/4099/519 2788/4098/518 2790/4100/520 2789/4101/521
f 2789/4101/521 2790/4100/520 2792/4102/522 2791/4103/538
f 2795/4104/21 2792/4102/522 2790/4100/520 2788/4098/518
f 2791/4103/538 2792/4102/522 2794/4105/524 2793/4106/525
f 2793/4106/525 2794/4105/524 2780/4091/536 2779/4090/535
f 2784/4094/514 2795/4104/21 2788/4098/518 2786/4096/516
f 2780/4091/536 2794/4105/524 2792/4102/522 2795/4104/21
f 2782/4092/512 2780/4091/536 2795/4104/21 2784/4094/514
f 2796/4107/510 2797/4108/511 2799/4109/512 2798/4110/513
f 2798/4110/513 2799/4109/512 2801/4111/514 2800/4112/515
f 2800/4112/515 2801/4111/514 2803/4113/516 2802/4114/517
f 2802/4114/517 2803/4113/516 2805/4115/518 2804/4116/519
f 2804/4116/519 2805/4115/518 2807/4117/520 2806/4118/521
f 2806/4118/521 2807/4117/520 2809/4119/522 2808/4120/523
f 2812/4121/21 2809/4119/522 2807/4117/520 2805/4115/518
f 2808/4120/523 2809/4119/522 2811/4122/524 2810/4123/525
f 2810/4123/525 2811/4122/524 2797/4108/511 2796/4107/510
f 2801/4111/514 2812/4121/21 2805/4115/518 2803/4113/516
f 2797/4108/511 2811/4122/524 2809/4119/522 2812/4121/21
f 2799/4109/512 2797/4108/511 2812/4121/21 2801/4111/514
f 2813/4124/510 2814/4125/511 2816/4126/512 2815/4127/530
f 2815/4127/530 2816/4126/512 2818/4128/514 2817/4129/515
f 2817/4129/515 2818/4128/514 2820/4130/516 2819/4131/526
f 2819/4131/526 2820/4130/516 2822/4132/532 2821/4133/533
f 2821/4133/533 2822/4132/532 2824/4134/520 2823/4135/527
f 2823/4135/527 2824/4134/520 2826/4136/522 2825/4137/523
f 2829/4138/21 2826/4136/522 2824/4134/520 2822/4132/532
f 2825/4137/523 2826/4136/522 2828/4139/524 2827/4140/528
f 2827/4140/528 2828/4139/524 2814/4125/511 2813/4124/510
f 2818/4128/514 2829/4138/21 2822/4132/532 2820/4130/516
f 2814/4125/511 2828/4139/524 2826/4136/522 2829/4138/21
f 2816/4126/512 2814/4125/511 2829/4138/21 2818/4128/514
f 2830/4141/510 2831/4142/529 2833/4143/512 2832/4144/530
f 2832/4144/530 2833/4143/512 2835/4145/514 2834/4146/515
f 2834/4146/515 2835/4145/514 2837/4147/516 2836/4148/526
f 2836/4148/526 2837/4147/516 2839/4149/532 2838/4150/533
f 2838/4150/533 2839/4149/532 2841/4151/520 2840/4152/527
f 2840/4152/527 2841/4151/520 2843/4153/522 2842/4154/523
f 2846/4155/21 2843/4153/522 2841/4151/520 2839/4149/532
f 2842/4154/523 2843/4153/522 2845/4156/524 2844/4157/528
f 2844/4157/528 2845/4156/524 2831/4142/529 2830/4141/510
f 2835/4145/514 2846/4155/21 2839/4149/532 2837/4147/516
f 2831/4142/529 2845/4156/524 2843/4153/522 2846/4155/21
f 2833/4143/512 2831/4142/529 2846/4155/21 2835/4145/514
f 2847/4158/535 2848/4159/536 2850/4160/512 2849/4161/530
f 2849/4161/530 2850/4160/512 2852/4162/514 2851/4163/537
f 2851/4163/537 2852/4162/514 2854/4164/516 2853/4165/517
f 2853/4165/517 2854/4164/516 2856/4166/518 2855/4167/519
f 2855/4167/519 2856/4166/518 2858/4168/520 2857/4169/521
f 2857/4169/521 2858/4168/520 2860/4170/522 2859/4171/538
f 2863/4172/21 2860/4170/522 2858/4168/520 2856/4166/518
f 2859/4171/538 2860/4170/522 2862/4173/524 2861/4174/525
f 2861/4174/525 2862/4173/524 2848/4159/536 2847/4158/535
f 2852/4162/514 2863/4172/21 2856/4166/518 2854/4164/516
f 2848/4159/536 2862/4173/524 2860/4170/522 2863/4172/21
f 2850/4160/512 2848/4159/536 2863/4172/21 2852/4162/514
f 2864/4175/539 2866/4176/540 2867/4177/541 2865/4178/542
f 2866/4176/540 2868/4179/543 2869/4180/544 2867/4177/541
f 2868/4179/543 2870/4181/545 2871/4182/546 2869/4180/544
f 2870/4181/545 2872/4183/547 2873/4184/548 2871/4182/546
f 2872/4183/547 2874/4185/549 2875/4186/550 2873/4184/548
f 2874/4185/549 2876/4187/551 2877/4188/552 2875/4186/550
f 2880/4189/12 2873/4184/548 2875/4186/550 2877/4188/552
f 2876/4187/551 2878/4190/553 2879/4191/554 2877/4188/552
f 2878/4190/553 2864/4175/539 2865/4178/542 2879/4191/554
f 2869/4180/544 2871/4182/546 2873/4184/548 2880/4189/12
f 2865/4178/542 2880/4189/12 2877/4188/552 2879/4191/554
f 2867/4177/541 2869/4180/544 2880/4189/12 2865/4178/542
f 2881/4192/539 2883/4193/555 2884/4194/541 2882/4195/556
f 2883/4193/555 2885/4196/543 2886/4197/557 2884/4194/541
f 2885/4196/543 2887/4198/545 2888/4199/546 2886/4197/557
f 2887/4198/545 2889/4200/547 2890/4201/548 2888/4199/546
f 2889/4200/547 2891/4202/549 2892/4203/550 2890/4201/548
f 2891/4202/549 2893/4204/551 2894/4205/558 2892/4203/550
f 2897/4206/12 2890/4201/548 2892/4203/550 2894/4205/558
f 2893/4204/551 2895/4207/559 2896/4208/554 2894/4205/558
f 2895/4207/559 2881/4192/539 2882/4195/556 2896/4208/554
f 2886/4197/557 2888/4199/546 2890/4201/548 2897/4206/12
f 2882/4195/556 2897/4206/12 2894/4205/558 2896/4208/554
f 2884/4194/541 2886/4197/557 2897/4206/12 2882/4195/556
f 2898/4209/539 2900/4210/555 2901/4211/541 2899/4212/556
f 2900/4210/555 2902/4213/543 2903/4214/544 2901/4211/541
f 2902/4213/543 2904/4215/545 2905/4216/546 2903/4214/544
f 2904/4215/545 2906/4217/547 2907/4218/548 2905/4216/546
f 2906/4217/547 2908/4219/549 2909/4220/550 2907/4218/548
f 2908/4219/549 2910/4221/551 2911/4222/552 2909/4220/550
f 2914/4223/12 2907/4218/548 2909/4220/550 2911/4222/552
f 2910/4221/551 2912/4224/559 2913/4225/554 2911/4222/552
f 2912/4224/559 2898/4209/539 2899/4212/556 2913/4225/554
f 2903/4214/544 2905/4216/546 2907/4218/548 2914/4223/12
f 2899/4212/556 2914/4223/12 2911/4222/552 2913/4225/554
f 2901/4211/541 2903/4214/544 2914/4223/12 2899/4212/556
f 2915/4226/539 2917/4227/555 2918/4228/541 2916/4229/556
f 2917/4227/555 2919/4230/560 2920/4231/557 2918/4228/541
f 2919/4230/560 2921/4232/545 2922/4233/546 2920/4231/557
f 2921/4232/545 2923/4234/547 2924/4235/548 2922/4233/546
f 2923/4234/547 2925/4236/549 2926/4237/550 2924/4235/548
f 2925/4236/549 2927/4238/561 2928/4239/558 2926/4237/550
f 2931/4240/12 2924/4235/548 2926/4237/550 2928/4239/558
f 2927/4238/561 2929/4241/559 2930/4242/554 2928/4239/558
f 2929/4241/559 2915/4226/539 2916/4229/556 2930/4242/554
f 2920/4231/557 2922/4233/546 2924/4235/548 2931/4240/12
f 2916/4229/556 2931/4240/12 2928/4239/558 2930/4242/554
f 2918/4228/541 2920/4231/557 2931/4240/12 2916/4229/556
f 2932/4243/539 2934/4244/540 2935/4245/541 2933/4246/542
f 2934/4244/540 2936/4247/543 2937/4248/544 2935/4245/541
f 2936/4247/543 2938/4249/545 2939/4250/546 2937/4248/544
f 2938/4249/545 2940/4251/547 2941/4252/548 2939/4250/546
f 2940/4251/547 2942/4253/549 2943/4254/550 2941/4252/548
f 2942/4253/549 2944/4255/551 2945/4256/552 2943/4254/550
f 2948/4257/12 2941/4252/548 2943/4254/550 2945/4256/552
f 2944/4255/551 2946/4258/553 2947/4259/554 2945/4256/552
f 2946/4258/553 2932/4243/539 2933/4246/542 2947/4259/554
f 2937/4248/544 2939/4250/546 2941/4252/548 2948/4257/12
f 2933/4246/542 2948/4257/12 2945/4256/552 2947/4259/554
f 2935/4245/541 2937/4248/544 2948/4257/12 2933/4246/542
f 2949/4260/539 2951/4261/555 2952/4262/541 2950/4263/556
f 2951/4261/555 2953/4264/543 2954/4265/557 2952/4262/541
f 2953/4264/543 2955/4266/562 2956/4267/546 2954/4265/557
f 2955/4266/562 2957/4268/547 2958/4269/548 2956/4267/546
f 2957/4268/547 2959/4270/563 2960/4271/550 2958/4269/548
f 2959/4270/563 2961/4272/551 2962/4273/558 2960/4271/550
f 2965/4274/12 2958/4269/548 2960/4271/550 2962/4273/558
f 2961/4272/551 2963/4275/559 2964/4276/554 2962/4273/558
f 2963/4275/559 2949/4260/539 2950/4263/556 2964/4276/554
f 2954/4265/557 2956/4267/546 2958/4269/548 2965/4274/12
f 2950/4263/556 2965/4274/12 2962/4273/558 2964/4276/554
f 2952/4262/541 2954/4265/557 2965/4274/12 2950/4263/556
f 2966/4277/539 2968/4278/555 2969/4279/541 2967/4280/556
f 2968/4278/555 2970/4281/543 2971/4282/557 2969/4279/541
f 2970/4281/543 2972/4283/545 2973/4284/546 2971/4282/557
f 2972/4283/545 2974/4285/547 2975/4286/548 2973/4284/546
f 2974/4285/547 2976/4287/549 2977/4288/550 2975/4286/548
f 2976/4287/549 2978/4289/551 2979/4290/558 2977/4288/550
f 2982/4291/12 2975/4286/548 2977/4288/550 2979/4290/558
f 2978/4289/551 2980/4292/559 2981/4293/554 2979/4290/558
f 2980/4292/559 2966/4277/539 2967/4280/556 2981/4293/554
f 2971/4282/557 2973/4284/546 2975/4286/548 2982/4291/12
f 2967/4280/556 2982/4291/12 2979/4290/558 2981/4293/554
f 2969/4279/541 2971/4282/557 2982/4291/12 2967/4280/556
f 2983/4294/539 2985/4295/555 2986/4296/541 2984/4297/556
f 2985/4295/555 2987/4298/560 2988/4299/557 2986/4296/541
f 2987/4298/560 2989/4300/545 2990/4301/546 2988/4299/557
f 2989/4300/545 2991/4302/547 2992/4303/548 2990/4301/546
f 2991/4302/547 2993/4304/549 2994/4305/550 2992/4303/548
f 2993/4304/549 2995/4306/561 2996/4307/558 2994/4305/550
f 2999/4308/12 2992/4303/548 2994/4305/550 2996/4307/558
f 2995/4306/561 2997/4309/559 2998/4310/554 2996/4307/558
f 2997/4309/559 2983/4294/539 2984/4297/556 2998/4310/554
f 2988/4299/557 2990/4301/546 2992/4303/548 2999/4308/12
f 2984/4297/556 2999/4308/12 2996/4307/558 2998/4310/554
f 2986/4296/541 2988/4299/557 2999/4308/12 2984/4297/556
f 3000/4311/564 3001/4312/565 3003/4313/566 3002/4314/567
f 3002/4314/567 3003/4313/566 3005/4315/568 3004/4316/569
f 3004/4316/569 3005/4315/568 3007/4317/570 3006/4318/571
f 3006/4318/571 3007/4317/570 3009/4319/572 3008/4320/573
f 3008/4320/573 3009/4319/572 3011/4321/574 3010/4322/575
f 3010/4322/575 3011/4321/574 3013/4323/576 3012/4324/577
f 3016/4325/7 3013/4323/576 3011/4321/574 3009/4319/572
f 3012/4324/577 3013/4323/576 3015/4326/578 3014/4327/579
f 3014/4327/579 3015/4326/578 3001/4312/565 3000/4311/564
f 3005/4315/568 3016/4325/7 3009/4319/572 3007/4317/570
f 3001/4312/565 3015/4326/578 3013/4323/576 3016/4325/7
f 3003/4313/566 3001/4312/565 3016/4325/7 3005/4315/568
f 3017/4328/564 3018/4329/580 3020/4330/566 3019/4331/567
f 3019/4331/567 3020/4330/566 3022/4332/581 3021/4333/569
f 3021/4333/569 3022/4332/581 3024/4334/570 3023/4335/571
f 3023/4335/571 3024/4334/570 3026/4336/572 3025/4337/573
f 3025/4337/573 3026/4336/572 3028/4338/574 3027/4339/575
f 3027/4339/575 3028/4338/574 3030/4340/576 3029/4341/577
f 3033/4342/7 3030/4340/576 3028/4338/574 3026/4336/572
f 3029/4341/577 3030/4340/576 3032/4343/578 3031/4344/582
f 3031/4344/582 3032/4343/578 3018/4329/580 3017/4328/564
f 3022/4332/581 3033/4342/7 3026/4336/572 3024/4334/570
f 3018/4329/580 3032/4343/578 3030/4340/576 3033/4342/7
f 3020/4330/566 3018/4329/580 3033/4342/7 3022/4332/581
f 3034/4345/564 3035/4346/580 3037/4347/566 3036/4348/583
f 3036/4348/583 3037/4347/566 3039/4349/581 3038/4350/584
f 3038/4350/584 3039/4349/581 3041/4351/570 3040/4352/585
f 3040/4352/585 3041/4351/570 3043/4353/586 3042/4354/587
f 3042/4354/587 3043/4353/586 3045/4355/574 3044/4356/575
f 3044/4356/575 3045/4355/574 3047/4357/576 3046/4358/588
f 3050/4359/7 3047/4357/576 3045/4355/574 3043/4353/586
f 3046/4358/588 3047/4357/576 3049/4360/578 3048/4361/579
f 3048/4361/579 3049/4360/578 3035/4346/580 3034/4345/564
f 3039/4349/581 3050/4359/7 3043/4353/586 3041/4351/570
f 3035/4346/580 3049/4360/578 3047/4357/576 3050/4359/7
f 3037/4347/566 3035/4346/580 3050/4359/7 3039/4349/581
f 3051/4362/589 3052/4363/565 3054/4364/566 3053/4365/567
f 3053/4365/567 3054/4364/566 3056/4366/581 3055/4367/569
f 3055/4367/569 3056/4366/581 3058/4368/570 3057/4369/571
f 3057/4369/571 3058/4368/570 3060/4370/586 3059/4371/573
f 3059/4371/573 3060/4370/586 3062/4372/574 3061/4373/575
f 3061/4373/575 3062/4372/574 3064/4374/576 3063/4375/577
f 3067/4376/7 3064/4374/576 3062/4372/574 3060/4370/586
f 3063/4375/577 3064/4374/576 3066/4377/578 3065/4378/582
f 3065/4378/582 3066/4377/578 3052/4363/565 3051/4362/589
f 3056/4366/581 3067/4376/7 3060/4370/586 3058/4368/570
f 3052/4363/565 3066/4377/578 3064/4374/576 3067/4376/7
f 3054/4364/566 3052/4363/565 3067/4376/7 3056/4366/581
f 3068/4379/589 3070/4380/582 3071/4381/578 3069/4382/565
f 3070/4380/582 3072/4383/577 3073/4384/590 3071/4381/578
f 3072/4383/577 3074/4385/575 3075/4386/574 3073/4384/590
f 3074/4385/575 3076/4387/573 3077/4388/572 3075/4386/574
f 3076/4387/573 3078/4389/585 3079/4390/570 3077/4388/572
f 3078/4389/585 3080/4391/584 3081/4392/581 3079/4390/570
f 3084/4393/7 3077/4388/572 3079/4390/570 3081/4392/581
f 3080/4391/584 3082/4394/583 3083/4395/566 3081/4392/581
f 3082/4394/583 3068/4379/589 3069/4382/565 3083/4395/566
f 3073/4384/590 3075/4386/574 3077/4388/572 3084/4393/7
f 3069/4382/565 3084/4393/7 3081/4392/581 3083/4395/566
f 3071/4381/578 3073/4384/590 3084/4393/7 3069/4382/565
f 3085/4396/589 3087/4397/582 3088/4398/578 3086/4399/580
f 3087/4397/582 3089/4400/577 3090/4401/590 3088/4398/578
f 3089/4400/577 3091/4402/575 3092/4403/574 3090/4401/590
f 3091/4402/575 3093/4404/573 3094/4405/572 3092/4403/574
f 3093/4404/573 3095/4406/585 3096/4407/570 3094/4405/572
f 3095/4406/585 3097/4408/584 3098/4409/581 3096/4407/570
f 3101/4410/7 3094/4405/572 3096/4407/570 3098/4409/581
f 3097/4408/584 3099/4411/583 3100/4412/566 3098/4409/581
f 3099/4411/583 3085/4396/589 3086/4399/580 3100/4412/566
f 3090/4401/590 3092/4403/574 3094/4405/572 3101/4410/7
f 3086/4399/580 3101/4410/7 3098/4409/581 3100/4412/566
f 3088/4398/578 3090/4401/590 3101/4410/7 3086/4399/580
f 3102/4413/564 3104/4414/579 3105/4415/578 3103/4416/580
f 3104/4414/579 3106/4417/588 3107/4418/576 3105/4415/578
f 3106/4417/588 3108/4419/575 3109/4420/574 3107/4418/576
f 3108/4419/575 3110/4421/587 3111/4422/572 3109/4420/574
f 3110/4421/587 3112/4423/585 3113/4424/570 3111/4422/572
f 3112/4423/585 3114/4425/584 3115/4426/581 3113/4424/570
f 3118/4427/7 3111/4422/572 3113/4424/570 3115/4426/581
f 3114/4425/584 3116/4428/583 3117/4429/566 3115/4426/581
f 3116/4428/583 3102/4413/564 3103/4416/580 3117/4429/566
f 3107/4418/576 3109/4420/574 3111/4422/572 3118/4427/7
f 3103/4416/580 3118/4427/7 3115/4426/581 3117/4429/566
f 3105/4415/578 3107/4418/576 3118/4427/7 3103/4416/580
f 3119/4430/564 3121/4431/582 3122/4432/578 3120/4433/565
f 3121/4431/582 3123/4434/588 3124/4435/576 3122/4432/578
f 3123/4434/588 3125/4436/591 3126/4437/574 3124/4435/576
f 3125/4436/591 3127/4438/573 3128/4439/572 3126/4437/574
f 3127/4438/573 3129/4440/571 3130/4441/570 3128/4439/572
f 3129/4440/571 3131/4442/569 3132/4443/568 3130/4441/570
f 3135/4444/7 3128/4439/572 3130/4441/570 3132/4443/568
f 3131/4442/569 3133/4445/567 3134/4446/566 3132/4443/568
f 3133/4445/567 3119/4430/564 3120/4433/565 3134/4446/566
f 3124/4435/576 3126/4437/574 3128/4439/572 3135/4444/7
f 3120/4433/565 3135/4444/7 3132/4443/568 3134/4446/566
f 3122/4432/578 3124/4435/576 3135/4444/7 3120/4433/565
f 3136/4447/482 3137/4448/502 3139/4449/484 3138/4450/503
f 3138/4450/503 3139/4449/484 3141/4451/486 3140/4452/487
f 3140/4452/487 3141/4451/486 3143/4453/488 3142/4454/504
f 3142/4454/504 3143/4453/488 3145/4455/505 3144/4456/506
f 3144/4456/506 3145/4455/505 3147/4457/492 3146/4458/507
f 3146/4458/507 3147/4457/492 3149/4459/499 3148/4460/498
f 3152/4461/2 3149/4459/499 3147/4457/492 3145/4455/505
f 3148/4460/498 3149/4459/499 3151/4462/496 3150/4463/497
f 3150/4463/497 3151/4462/496 3137/4448/502 3136/4447/482
f 3141/4451/486 3152/4461/2 3145/4455/505 3143/4453/488
f 3137/4448/502 3151/4462/496 3149/4459/499 3152/4461/2
f 3139/4449/484 3137/4448/502 3152/4461/2 3141/4451/486
f 3153/4464/501 3154/4465/502 3156/4466/484 3155/4467/485
f 3155/4467/485 3156/4466/484 3158/4468/509 3157/4469/500
f 3157/4469/500 3158/4468/509 3160/4470/488 3159/4471/504
f 3159/4471/504 3160/4470/488 3162/4472/505 3161/4473/506
f 3161/4473/506 3162/4472/505 3164/4474/492 3163/4475/493
f 3163/4475/493 3164/4474/492 3166/4476/499 3165/4477/498
f 3169/4478/2 3166/4476/499 3164/4474/492 3162/4472/505
f 3165/4477/498 3166/4476/499 3168/4479/496 3167/4480/497
f 3167/4480/497 3168/4479/496 3154/4465/502 3153/4464/501
f 3158/4468/509 3169/4478/2 3162/4472/505 3160/4470/488
f 3154/4465/502 3168/4479/496 3166/4476/499 3169/4478/2
f 3156/4466/484 3154/4465/502 3169/4478/2 3158/4468/509
f 3170/4481/482 3171/4482/483 3173/4483/484 3172/4484/485
f 3172/4484/485 3173/4483/484 3175/4485/486 3174/4486/500
f 3174/4486/500 3175/4485/486 3177/4487/488 3176/4488/504
f 3176/4488/504 3177/4487/488 3179/4489/505 3178/4490/506
f 3178/4490/506 3179/4489/505 3181/4491/492 3180/4492/507
f 3180/4492/507 3181/4491/492 3183/4493/494 3182/4494/498
f 3186/4495/2 3183/4493/494 3181/4491/492 3179/4489/505
f 3182/4494/498 3183/4493/494 3185/4496/496 3184/4497/497
f 3184/4497/497 3185/4496/496 3171/4482/483 3170/4481/482
f 3175/4485/486 3186/4495/2 3179/4489/505 3177/4487/488
f 3171/4482/483 3185/4496/496 3183/4493/494 3186/4495/2
f 3173/4483/484 3171/4482/483 3186/4495/2 3175/4485/486
f 3187/4498/501 3188/4499/502 3190/4500/484 3189/4501/485
f 3189/4501/485 3190/4500/484 3192/4502/486 3191/4503/500
f 3191/4503/500 3192/4502/486 3194/4504/488 3193/4505/489
f 3193/4505/489 3194/4504/488 3196/4506/505 3195/4507/506
f 3195/4507/506 3196/4506/505 3198/4508/492 3197/4509/493
f 3197/4509/493 3198/4508/492 3200/4510/494 3199/4511/498
f 3203/4512/2 3200/4510/494 3198/4508/492 3196/4506/505
f 3199/4511/498 3200/4510/494 3202/4513/496 3201/4514/497
f 3201/4514/497 3202/4513/496 3188/4499/502 3187/4498/501
f 3192/4502/486 3203/4512/2 3196/4506/505 3194/4504/488
f 3188/4499/502 3202/4513/496 3200/4510/494 3203/4512/2
f 3190/4500/484 3188/4499/502 3203/4512/2 3192/4502/486
f 3204/4515/482 3205/4516/502 3207/4517/484 3206/4518/485
f 3206/4518/485 3207/4517/484 3209/4519/509 3208/4520/500
f 3208/4520/500 3209/4519/509 3211/4521/488 3210/4522/489
f 3210/4522/489 3211/4521/488 3213/4523/505 3212/4524/506
f 3212/4524/506 3213/4523/505 3215/4525/492 3214/4526/507
f 3214/4526/507 3215/4525/492 3217/4527/494 3216/4528/495
f 3220/4529/2 3217/4527/494 3215/4525/492 3213/4523/505
f 3216/4528/495 3217/4527/494 3219/4530/496 3218/4531/508
f 3218/4531/508 3219/4530/496 3205/4516/502 3204/4515/482
f 3209/4519/509 3220/4529/2 3213/4523/505 3211/4521/488
f 3205/4516/502 3219/4530/496 3217/4527/494 3220/4529/2
f 3207/4517/484 3205/4516/502 3220/4529/2 3209/4519/509
f 3221/4532/501 3222/4533/502 3224/4534/484 3223/4535/485
f 3223/4535/485 3224/4534/484 3226/4536/509 3225/4537/500
f 3225/4537/500 3226/4536/509 3228/4538/488 3227/4539/489
f 3227/4539/489 3228/4538/488 3230/4540/505 3229/4541/506
f 3229/4541/506 3230/4540/505 3232/4542/492 3231/4543/493
f 3231/4543/493 3232/4542/492 3234/4544/499 3233/4545/498
f 3237/4546/2 3234/4544/499 3232/4542/492 3230/4540/505
f 3233/4545/498 3234/4544/499 3236/4547/496 3235/4548/508
f 3235/4548/508 3236/4547/496 3222/4533/502 3221/4532/501
f 3226/4536/509 3237/4546/2 3230/4540/505 3228/4538/488
f 3222/4533/502 3236/4547/496 3234/4544/499 3237/4546/2
f 3224/4534/484 3222/4533/502 3237/4546/2 3226/4536/509
f 3238/4549/589 3240/4550/579 3241/4551/578 3239/4552/565
f 3240/4550/579 3242/4553/588 3243/4554/576 3241/4551/578
f 3242/4553/588 3244/4555/575 3245/4556/574 3243/4554/576
f 3244/4555/575 3246/4557/573 3247/4558/572 3245/4556/574
f 3246/4557/573 3248/4559/571 3249/4560/570 3247/4558/572
f 3248/4559/571 3250/4561/584 3251/4562/581 3249/4560/570
f 3254/4563/7 3247/4558/572 3249/4560/570 3251/4562/581
f 3250/4561/584 3252/4564/567 3253/4565/566 3251/4562/581
f 3252/4564/567 3238/4549/589 3239/4552/565 3253/4565/566
f 3243/4554/576 3245/4556/574 3247/4558/572 3254/4563/7
f 3239/4552/565 3254/4563/7 3251/4562/581 3253/4565/566
f 3241/4551/578 3243/4554/576 3254/4563/7 3239/4552/565
f 3255/4566/564 3257/4567/582 3258/4568/578 3256/4569/565
f 3257/4567/582 3259/4570/577 3260/4571/590 3258/4568/578
f 3259/4570/577 3261/4572/575 3262/4573/574 3260/4571/590
f 3261/4572/575 3263/4574/573 3264/4575/572 3262/4573/574
f 3263/4574/573 3265/4576/571 3266/4577/570 3264/4575/572
f 3265/4576/571 3267/4578/584 3268/4579/581 3266/4577/570
f 3271/4580/7 3264/4575/572 3266/4577/570 3268/4579/581
f 3267/4578/584 3269/4581/567 3270/4582/566 3268/4579/581
f 3269/4581/567 3255/4566/564 3256/4569/565 3270/4582/566
f 3260/4571/590 3262/4573/574 3264/4575/572 3271/4580/7
f 3256/4569/565 3271/4580/7 3268/4579/581 3270/4582/566
f 3258/4568/578 3260/4571/590 3271/4580/7 3256/4569/565
f 3272/4583/589 3274/4584/582 3275/4585/578 3273/4586/565
f 3274/4584/582 3276/4587/577 3277/4588/576 3275/4585/578
f 3276/4587/577 3278/4589/591 3279/4590/574 3277/4588/576
f 3278/4589/591 3280/4591/573 3281/4592/572 3279/4590/574
f 3280/4591/573 3282/4593/571 3283/4594/570 3281/4592/572
f 3282/4593/571 3284/4595/569 3285/4596/581 3283/4594/570
f 3288/4597/7 3281/4592/572 3283/4594/570 3285/4596/581
f 3284/4595/569 3286/4598/567 3287/4599/566 3285/4596/581
f 3286/4598/567 3272/4583/589 3273/4586/565 3287/4599/566
f 3277/4588/576 3279/4590/574 3281/4592/572 3288/4597/7
f 3273/4586/565 3288/4597/7 3285/4596/581 3287/4599/566
f 3275/4585/578 3277/4588/576 3288/4597/7 3273/4586/565
f 3289/4600/564 3291/4601/582 3292/4602/578 3290/4603/565
f 3291/4601/582 3293/4604/577 3294/4605/576 3292/4602/578
f 3293/4604/577 3295/4606/575 3296/4607/574 3294/4605/576
f 3295/4606/575 3297/4608/573 3298/4609/572 3296/4607/574
f 3297/4608/573 3299/4610/585 3300/4611/570 3298/4609/572
f 3299/4610/585 3301/4612/569 3302/4613/581 3300/4611/570
f 3305/4614/7 3298/4609/572 3300/4611/570 3302/4613/581
f 3301/4612/569 3303/4615/567 3304/4616/566 3302/4613/581
f 3303/4615/567 3289/4600/564 3290/4603/565 3304/4616/566
f 3294/4605/576 3296/4607/574 3298/4609/572 3305/4614/7
f 3290/4603/565 3305/4614/7 3302/4613/581 3304/4616/566
f 3292/4602/578 3294/4605/576 3305/4614/7 3290/4603/565
f 3306/4617/589 3308/4618/582 3309/4619/578 3307/4620/565
f 3308/4618/582 3310/4621/577 3311/4622/576 3309/4619/578
f 3310/4621/577 3312/4623/575 3313/4624/574 3311/4622/576
f 3312/4623/575 3314/4625/573 3315/4626/572 3313/4624/574
f 3314/4625/573 3316/4627/571 3317/4628/570 3315/4626/572
f 3316/4627/571 3318/4629/584 3319/4630/581 3317/4628/570
f 3322/4631/7 3315/4626/572 3317/4628/570 3319/4630/581
f 3318/4629/584 3320/4632/583 3321/4633/566 3319/4630/581
f 3320/4632/583 3306/4617/589 3307/4620/565 3321/4633/566
f 3311/4622/576 3313/4624/574 3315/4626/572 3322/4631/7
f 3307/4620/565 3322/4631/7 3319/4630/581 3321/4633/566
f 3309/4619/578 3311/4622/576 3322/4631/7 3307/4620/565
f 3323/4634/564 3325/4635/582 3326/4636/578 3324/4637/565
f 3325/4635/582 3327/4638/577 3328/4639/576 3326/4636/578
f 3327/4638/577 3329/4640/575 3330/4641/574 3328/4639/576
f 3329/4640/575 3331/4642/573 3332/4643/572 3330/4641/574
f 3331/4642/573 3333/4644/571 3334/4645/570 3332/4643/572
f 3333/4644/571 3335/4646/584 3336/4647/568 3334/4645/570
f 3339/4648/7 3332/4643/572 3334/4645/570 3336/4647/568
f 3335/4646/584 3337/4649/567 3338/4650/566 3336/4647/568
f 3337/4649/567 3323/4634/564 3324/4637/565 3338/4650/566
f 3328/4639/576 3330/4641/574 3332/4643/572 3339/4648/7
f 3324/4637/565 3339/4648/7 3336/4647/568 3338/4650/566
f 3326/4636/578 3328/4639/576 3339/4648/7 3324/4637/565
f 3340/4651/510 3341/4652/511 3343/4653/592 3342/4654/513
f 3342/4654/513 3343/4653/592 3345/4655/514 3344/4656/537
f 3344/4656/537 3345/4655/514 3347/4657/516 3346/4658/526
f 3346/4658/526 3347/4657/516 3349/4659/532 3348/4660/533
f 3348/4660/533 3349/4659/532 3351/4661/520 3350/4662/527
f 3350/4662/527 3351/4661/520 3353/4663/522 3352/4664/538
f 3356/4665/21 3353/4663/522 3351/4661/520 3349/4659/532
f 3352/4664/538 3353/4663/522 3355/4666/524 3354/4667/528
f 3354/4667/528 3355/4666/524 3341/4652/511 3340/4651/510
f 3345/4655/514 3356/4665/21 3349/4659/532 3347/4657/516
f 3341/4652/511 3355/4666/524 3353/4663/522 3356/4665/21
f 3343/4653/592 3341/4652/511 3356/4665/21 3345/4655/514
f 3357/4668/535 3358/4669/529 3360/4670/512 3359/4671/530
f 3359/4671/530 3360/4670/512 3362/4672/514 3361/4673/515
f 3361/4673/515 3362/4672/514 3364/4674/516 3363/4675/526
f 3363/4675/526 3364/4674/516 3366/4676/532 3365/4677/533
f 3365/4677/533 3366/4676/532 3368/4678/520 3367/4679/527
f 3367/4679/527 3368/4678/520 3370/4680/522 3369/4681/523
f 3373/4682/21 3370/4680/522 3368/4678/520 3366/4676/532
f 3369/4681/523 3370/4680/522 3372/4683/524 3371/4684/525
f 3371/4684/525 3372/4683/524 3358/4669/529 3357/4668/535
f 3362/4672/514 3373/4682/21 3366/4676/532 3364/4674/516
f 3358/4669/529 3372/4683/524 3370/4680/522 3373/4682/21
f 3360/4670/512 3358/4669/529 3373/4682/21 3362/4672/514
f 3374/4685/535 3375/4686/529 3377/4687/512 3376/4688/530
f 3376/4688/530 3377/4687/512 3379/4689/514 3378/4690/515
f 3378/4690/515 3379/4689/514 3381/4691/516 3380/4692/526
f 3380/4692/526 3381/4691/516 3383/4693/532 3382/4694/533
f 3382/4694/533 3383/4693/532 3385/4695/520 3384/4696/527
f 3384/4696/527 3385/4695/520 3387/4697/534 3386/4698/523
f 3390/4699/21 3387/4697/534 3385/4695/520 3383/4693/532
f 3386/4698/523 3387/4697/534 3389/4700/524 3388/4701/525
f 3388/4701/525 3389/4700/524 3375/4686/529 3374/4685/535
f 3379/4689/514 3390/4699/21 3383/4693/532 3381/4691/516
f 3375/4686/529 3389/4700/524 3387/4697/534 3390/4699/21
f 3377/4687/512 3375/4686/529 3390/4699/21 3379/4689/514
f 3391/4702/539 3393/4703/555 3394/4704/541 3392/4705/556
f 3393/4703/555 3395/4706/560 3396/4707/557 3394/4704/541
f 3395/4706/560 3397/4708/562 3398/4709/546 3396/4707/557
f 3397/4708/562 3399/4710/593 3400/4711/594 3398/4709/546
f 3399/4710/593 3401/4712/563 3402/4713/550 3400/4711/594
f 3401/4712/563 3403/4714/561 3404/4715/558 3402/4713/550
f 3407/4716/12 3400/4711/594 3402/4713/550 3404/4715/558
f 3403/4714/561 3405/4717/559 3406/4718/554 3404/4715/558
f 3405/4717/559 3391/4702/539 3392/4705/556 3406/4718/554
f 3396/4707/557 3398/4709/546 3400/4711/594 3407/4716/12
f 3392/4705/556 3407/4716/12 3404/4715/558 3406/4718/554
f 3394/4704/541 3396/4707/557 3407/4716/12 3392/4705/556
f 3408/4719/595 3410/4720/540 3411/4721/541 3409/4722/556
f 3410/4720/540 3412/4723/543 3413/4724/557 3411/4721/541
f 3412/4723/543 3414/4725/545 3415/4726/546 3413/4724/557
f 3414/4725/545 3416/4727/547 3417/4728/548 3415/4726/546
f 3416/4727/547 3418/4729/549 3419/4730/550 3417/4728/548
f 3418/4729/549 3420/4731/551 3421/4732/558 3419/4730/550
f 3424/4733/12 3417/4728/548 3419/4730/550 3421/4732/558
f 3420/4731/551 3422/4734/553 3423/4735/554 3421/4732/558
f 3422/4734/553 3408/4719/595 3409/4722/556 3423/4735/554
f 3413/4724/557 3415/4726/546 3417/4728/548 3424/4733/12
f 3409/4722/556 3424/4733/12 3421/4732/558 3423/4735/554
f 3411/4721/541 3413/4724/557 3424/4733/12 3409/4722/556
f 3425/4736/595 3427/4737/540 3428/4738/541 3426/4739/556
f 3427/4737/540 3429/4740/543 3430/4741/557 3428/4738/541
f 3429/4740/543 3431/4742/545 3432/4743/546 3430/4741/557
f 3431/4742/545 3433/4744/547 3434/4745/548 3432/4743/546
f 3433/4744/547 3435/4746/549 3436/4747/550 3434/4745/548
f 3435/4746/549 3437/4748/551 3438/4749/558 3436/4747/550
f 3441/4750/12 3434/4745/548 3436/4747/550 3438/4749/558
f 3437/4748/551 3439/4751/553 3440/4752/554 3438/4749/558
f 3439/4751/553 3425/4736/595 3426/4739/556 3440/4752/554
f 3430/4741/557 3432/4743/546 3434/4745/548 3441/4750/12
f 3426/4739/556 3441/4750/12 3438/4749/558 3440/4752/554
f 3428/4738/541 3430/4741/557 3441/4750/12 3426/4739/556
f 3442/4753/510 3443/4754/511 3445/4755/512 3444/4756/513
f 3444/4756/513 3445/4755/512 3447/4757/531 3446/4758/515
f 3446/4758/515 3447/4757/531 3449/4759/516 3448/4760/517
f 3448/4760/517 3449/4759/516 3451/4761/518 3450/4762/519
f 3450/4762/519 3451/4761/518 3453/4763/520 3452/4764/521
f 3452/4764/521 3453/4763/520 3455/4765/534 3454/4766/523
f 3458/4767/21 3455/4765/534 3453/4763/520 3451/4761/518
f 3454/4766/523 3455/4765/534 3457/4768/524 3456/4769/528
f 3456/4769/528 3457/4768/524 3443/4754/511 3442/4753/510
f 3447/4757/531 3458/4767/21 3451/4761/518 3449/4759/516
f 3443/4754/511 3457/4768/524 3455/4765/534 3458/4767/21
f 3445/4755/512 3443/4754/511 3458/4767/21 3447/4757/531
f 3459/4770/510 3460/4771/511 3462/4772/512 3461/4773/530
f 3461/4773/530 3462/4772/512 3464/4774/531 3463/4775/515
f 3463/4775/515 3464/4774/531 3466/4776/516 3465/4777/526
f 3465/4777/526 3466/4776/516 3468/4778/518 3467/4779/519
f 3467/4779/519 3468/4778/518 3470/4780/520 3469/4781/527
f 3469/4781/527 3470/4780/520 3472/4782/534 3471/4783/523
f 3475/4784/21 3472/4782/534 3470/4780/520 3468/4778/518
f 3471/4783/523 3472/4782/534 3474/4785/524 3473/4786/525
f 3473/4786/525 3474/4785/524 3460/4771/511 3459/4770/510
f 3464/4774/531 3475/4784/21 3468/4778/518 3466/4776/516
f 3460/4771/511 3474/4785/524 3472/4782/534 3475/4784/21
f 3462/4772/512 3460/4771/511 3475/4784/21 3464/4774/531
f 3476/4787/510 3477/4788/511 3479/4789/512 3478/4790/513
f 3478/4790/513 3479/4789/512 3481/4791/531 3480/4792/515
f 3480/4792/515 3481/4791/531 3483/4793/516 3482/4794/517
f 3482/4794/517 3483/4793/516 3485/4795/518 3484/4796/519
f 3484/4796/519 3485/4795/518 3487/4797/520 3486/4798/521
f 3486/4798/521 3487/4797/520 3489/4799/522 3488/4800/523
f 3492/4801/21 3489/4799/522 3487/4797/520 3485/4795/518
f 3488/4800/523 3489/4799/522 3491/4802/524 3490/4803/528
f 3490/4803/528 3491/4802/524 3477/4788/511 3476/4787/510
f 3481/4791/531 3492/4801/21 3485/4795/518 3483/4793/516
f 3477/4788/511 3491/4802/524 3489/4799/522 3492/4801/21
f 3479/4789/512 3477/4788/511 3492/4801/21 3481/4791/531
f 3493/4804/510 3494/4805/511 3496/4806/512 3495/4807/530
f 3495/4807/530 3496/4806/512 3498/4808/531 3497/4809/515
f 3497/4809/515 3498/4808/531 3500/4810/516 3499/4811/526
f 3499/4811/526 3500/4810/516 3502/4812/518 3501/4813/519
f 3501/4813/519 3502/4812/518 3504/4814/520 3503/4815/527
f 3503/4815/527 3504/4814/520 3506/4816/534 3505/4817/523
f 3509/4818/21 3506/4816/534 3504/4814/520 3502/4812/518
f 3505/4817/523 3506/4816/534 3508/4819/524 3507/4820/525
f 3507/4820/525 3508/4819/524 3494/4805/511 3493/4804/510
f 3498/4808/531 3509/4818/21 3502/4812/518 3500/4810/516
f 3494/4805/511 3508/4819/524 3506/4816/534 3509/4818/21
f 3496/4806/512 3494/4805/511 3509/4818/21 3498/4808/531
f 3510/4821/539 3512/4822/555 3513/4823/541 3511/4824/556
f 3512/4822/555 3514/4825/560 3515/4826/544 3513/4823/541
f 3514/4825/560 3516/4827/545 3517/4828/546 3515/4826/544
f 3516/4827/545 3518/4829/547 3519/4830/548 3517/4828/546
f 3518/4829/547 3520/4831/549 3521/4832/550 3519/4830/548
f 3520/4831/549 3522/4833/551 3523/4834/558 3521/4832/550
f 3526/4835/12 3519/4830/548 3521/4832/550 3523/4834/558
f 3522/4833/551 3524/4836/559 3525/4837/554 3523/4834/558
f 3524/4836/559 3510/4821/539 3511/4824/556 3525/4837/554
f 3515/4826/544 3517/4828/546 3519/4830/548 3526/4835/12
f 3511/4824/556 3526/4835/12 3523/4834/558 3525/4837/554
f 3513/4823/541 3515/4826/544 3526/4835/12 3511/4824/556
f 3527/4838/539 3529/4839/540 3530/4840/541 3528/4841/556
f 3529/4839/540 3531/4842/543 3532/4843/557 3530/4840/541
f 3531/4842/543 3533/4844/562 3534/4845/546 3532/4843/557
f 3533/4844/562 3535/4846/547 3536/4847/548 3534/4845/546
f 3535/4846/547 3537/4848/563 3538/4849/550 3536/4847/548
f 3537/4848/563 3539/4850/551 3540/4851/558 3538/4849/550
f 3543/4852/12 3536/4847/548 3538/4849/550 3540/4851/558
f 3539/4850/551 3541/4853/553 3542/4854/554 3540/4851/558
f 3541/4853/553 3527/4838/539 3528/4841/556 3542/4854/554
f 3532/4843/557 3534/4845/546 3536/4847/548 3543/4852/12
f 3528/4841/556 3543/4852/12 3540/4851/558 3542/4854/554
f 3530/4840/541 3532/4843/557 3543/4852/12 3528/4841/556
f 3544/4855/539 3546/4856/555 3547/4857/541 3545/4858/542
f 3546/4856/555 3548/4859/543 3549/4860/544 3547/4857/541
f 3548/4859/543 3550/4861/545 3551/4862/546 3549/4860/544
f 3550/4861/545 3552/4863/547 3553/4864/548 3551/4862/546
f 3552/4863/547 3554/4865/549 3555/4866/550 3553/4864/548
f 3554/4865/549 3556/4867/551 3557/4868/552 3555/4866/550
f 3560/4869/12 3553/4864/548 3555/4866/550 3557/4868/552
f 3556/4867/551 3558/4870/559 3559/4871/554 3557/4868/552
f 3558/4870/559 3544/4855/539 3545/4858/542 3559/4871/554
f 3549/4860/544 3551/4862/546 3553/4864/548 3560/4869/12
f 3545/4858/542 3560/4869/12 3557/4868/552 3559/4871/554
f 3547/4857/541 3549/4860/544 3560/4869/12 3545/4858/542
f 3561/4872/539 3563/4873/540 3564/4874/541 3562/4875/542
f 3563/4873/540 3565/4876/543 3566/4877/544 3564/4874/541
f 3565/4876/543 3567/4878/545 3568/4879/546 3566/4877/544
f 3567/4878/545 3569/4880/547 3570/4881/548 3568/4879/546
f 3569/4880/547 3571/4882/549 3572/4883/550 3570/4881/548
f 3571/4882/549 3573/4884/551 3574/4885/552 3572/4883/550
f 3577/4886/12 3570/4881/548 3572/4883/550 3574/4885/552
f 3573/4884/551 3575/4887/553 3576/4888/554 3574/4885/552
f 3575/4887/553 3561/4872/539 3562/4875/542 3576/4888/554
f 3566/4877/544 3568/4879/546 3570/4881/548 3577/4886/12
f 3562/4875/542 3577/4886/12 3574/4885/552 3576/4888/554
f 3564/4874/541 3566/4877/544 3577/4886/12 3562/4875/542
f 3578/4889/564 3579/4890/565 3581/4891/566 3580/4892/583
f 3580/4892/583 3581/4891/566 3583/4893/581 3582/4894/584
f 3582/4894/584 3583/4893/581 3585/4895/570 3584/4896/571
f 3584/4896/571 3585/4895/570 3587/4897/572 3586/4898/573
f 3586/4898/573 3587/4897/572 3589/4899/574 3588/4900/575
f 3588/4900/575 3589/4899/574 3591/4901/590 3590/4902/577
f 3594/4903/7 3591/4901/590 3589/4899/574 3587/4897/572
f 3590/4902/577 3591/4901/590 3593/4904/578 3592/4905/582
f 3592/4905/582 3593/4904/578 3579/4890/565 3578/4889/564
f 3583/4893/581 3594/4903/7 3587/4897/572 3585/4895/570
f 3579/4890/565 3593/4904/578 3591/4901/590 3594/4903/7
f 3581/4891/566 3579/4890/565 3594/4903/7 3583/4893/581
f 3595/4906/564 3597/4907/579 3598/4908/578 3596/4909/565
f 3597/4907/579 3599/4910/588 3600/4911/576 3598/4908/578
f 3599/4910/588 3601/4912/591 3602/4913/574 3600/4911/576
f 3601/4912/591 3603/4914/573 3604/4915/572 3602/4913/574
f 3603/4914/573 3605/4916/585 3606/4917/570 3604/4915/572
f 3605/4916/585 3607/4918/569 3608/4919/568 3606/4917/570
f 3611/4920/7 3604/4915/572 3606/4917/570 3608/4919/568
f 3607/4918/569 3609/4921/567 3610/4922/566 3608/4919/568
f 3609/4921/567 3595/4906/564 3596/4909/565 3610/4922/566
f 3600/4911/576 3602/4913/574 3604/4915/572 3611/4920/7
f 3596/4909/565 3611/4920/7 3608/4919/568 3610/4922/566
f 3598/4908/578 3600/4911/576 3611/4920/7 3596/4909/565
f 3612/4923/564 3613/4924/565 3615/4925/566 3614/4926/583
f 3614/4926/583 3615/4925/566 3617/4927/581 3616/4928/584
f 3616/4928/584 3617/4927/581 3619/4929/570 3618/4930/571
f 3618/4930/571 3619/4929/570 3621/4931/572 3620/4932/573
f 3620/4932/573 3621/4931/572 3623/4933/574 3622/4934/575
f 3622/4934/575 3623/4933/574 3625/4935/590 3624/4936/577
f 3628/4937/7 3625/4935/590 3623/4933/574 3621/4931/572
f 3624/4936/577 3625/4935/590 3627/4938/578 3626/4939/579
f 3626/4939/579 3627/4938/578 3613/4924/565 3612/4923/564
f 3617/4927/581 3628/4937/7 3621/4931/572 3619/4929/570
f 3613/4924/565 3627/4938/578 3625/4935/590 3628/4937/7
f 3615/4925/566 3613/4924/565 3628/4937/7 3617/4927/581
f 3629/4940/564 3630/4941/565 3632/4942/566 3631/4943/567
f 3631/4943/567 3632/4942/566 3634/4944/568 3633/4945/569
f 3633/4945/569 3634/4944/568 3636/4946/570 3635/4947/571
f 3635/4947/571 3636/4946/570 3638/4948/572 3637/4949/573
f 3637/4949/573 3638/4948/572 3640/4950/574 3639/4951/591
f 3639/4951/591 3640/4950/574 3642/4952/576 3641/4953/588
f 3645/4954/7 3642/4952/576 3640/4950/574 3638/4948/572
f 3641/4953/588 3642/4952/576 3644/4955/578 3643/4956/579
f 3643/4956/579 3644/4955/578 3630/4941/565 3629/4940/564
f 3634/4944/568 3645/4954/7 3638/4948/572 3636/4946/570
f 3630/4941/565 3644/4955/578 3642/4952/576 3645/4954/7
f 3632/4942/566 3630/4941/565 3645/4954/7 3634/4944/568
f 3646/4957/564 3647/4958/565 3649/4959/566 3648/4960/583
f 3648/4960/583 3649/4959/566 3651/4961/581 3650/4962/584
f 3650/4962/584 3651/4961/581 3653/4963/570 3652/4964/571
f 3652/4964/571 3653/4963/570 3655/4965/572 3654/4966/573
f 3654/4966/573 3655/4965/572 3657/4967/574 3656/4968/591
f 3656/4968/591 3657/4967/574 3659/4969/576 3658/4970/588
f 3662/4971/7 3659/4969/576 3657/4967/574 3655/4965/572
f 3658/4970/588 3659/4969/576 3661/4972/578 3660/4973/579
f 3660/4973/579 3661/4972/578 3647/4958/565 3646/4957/564
f 3651/4961/581 3662/4971/7 3655/4965/572 3653/4963/570
f 3647/4958/565 3661/4972/578 3659/4969/576 3662/4971/7
f 3649/4959/566 3647/4958/565 3662/4971/7 3651/4961/581
f 3663/4974/589 3665/4975/582 3666/4976/578 3664/4977/580
f 3665/4975/582 3667/4978/577 3668/4979/590 3666/4976/578
f 3667/4978/577 3669/4980/575 3670/4981/574 3668/4979/590
f 3669/4980/575 3671/4982/587 3672/4983/586 3670/4981/574
f 3671/4982/587 3673/4984/585 3674/4985/570 3672/4983/586
f 3673/4984/585 3675/4986/584 3676/4987/581 3674/4985/570
f 3679/4988/7 3672/4983/586 3674/4985/570 3676/4987/581
f 3675/4986/584 3677/4989/567 3678/4990/566 3676/4987/581
f 3677/4989/567 3663/4974/589 3664/4977/580 3678/4990/566
f 3668/4979/590 3670/4981/574 3672/4983/586 3679/4988/7
f 3664/4977/580 3679/4988/7 3676/4987/581 3678/4990/566
f 3666/4976/578 3668/4979/590 3679/4988/7 3664/4977/580
f 3680/4991/589 3682/4992/582 3683/4993/578 3681/4994/580
f 3682/4992/582 3684/4995/577 3685/4996/590 3683/4993/578
f 3684/4995/577 3686/4997/575 3687/4998/574 3685/4996/590
f 3686/4997/575 3688/4999/587 3689/5000/586 3687/4998/574
f 3688/4999/587 3690/5001/585 3691/5002/570 3689/5000/586
f 3690/5001/585 3692/5003/569 3693/5004/568 3691/5002/570
f 3696/5005/7 3689/5000/586 3691/5002/570 3693/5004/568
f 3692/5003/569 3694/5006/567 3695/5007/566 3693/5004/568
f 3694/5006/567 3680/4991/589 3681/4994/580 3695/5007/566
f 3685/4996/590 3687/4998/574 3689/5000/586 3696/5005/7
f 3681/4994/580 3696/5005/7 3693/5004/568 3695/5007/566
f 3683/4993/578 3685/4996/590 3696/5005/7 3681/4994/580
f 3697/5008/589 3698/5009/565 3700/5010/566 3699/5011/567
f 3699/5011/567 3700/5010/566 3702/5012/581 3701/5013/569
f 3701/5013/569 3702/5012/581 3704/5014/570 3703/5015/585
f 3703/5015/585 3704/5014/570 3706/5016/572 3705/5017/573
f 3705/5017/573 3706/5016/572 3708/5018/574 3707/5019/575
f 3707/5019/575 3708/5018/574 3710/5020/576 3709/5021/577
f 3713/5022/7 3710/5020/576 3708/5018/574 3706/5016/572
f 3709/5021/577 3710/5020/576 3712/5023/578 3711/5024/582
f 3711/5024/582 3712/5023/578 3698/5009/565 3697/5008/589
f 3702/5012/581 3713/5022/7 3706/5016/572 3704/5014/570
f 3698/5009/565 3712/5023/578 3710/5020/576 3713/5022/7
f 3700/5010/566 3698/5009/565 3713/5022/7 3702/5012/581
